label,timestamp,worker,streaming,latency_ms,ttft_ms,http_status,error_code,success,note
candidateB_saturation_hard,2026-09-13T19:06:20.269806+08:00,7,false,26.20,-1.00,429,backpressure,false,
candidateB_saturation_hard,2026-09-13T19:06:20.269809+08:00,0,false,26.34,-1.00,429,backpressure,false,
candidateB_saturation_hard,2026-09-13T19:06:20.269837+08:00,8,true,26.34,-1.00,429,backpressure,false,
candidateB_saturation_hard,2026-09-13T19:06:20.269722+08:00,1,false,26.71,-1.00,429,backpressure,false,
candidateB_saturation_hard,2026-09-13T19:06:20.269609+08:00,2,false,28.48,-1.00,429,backpressure,false,
candidateB_saturation_hard,2026-09-13T19:06:20.269643+08:00,5,false,28.48,-1.00,429,backpressure,false,
candidateB_saturation_hard,2026-09-13T19:06:20.420731+08:00,0,false,0.80,-1.00,429,backpressure,false,
candidateB_saturation_hard,2026-09-13T19:06:20.420687+08:00,5,true,0.94,-1.00,429,backpressure,false,
candidateB_saturation_hard,2026-09-13T19:06:20.420702+08:00,1,true,0.99,-1.00,429,backpressure,false,
candidateB_saturation_hard,2026-09-13T19:06:20.420733+08:00,8,true,1.06,-1.00,429,backpressure,false,
candidateB_saturation_hard,2026-09-13T19:06:20.420762+08:00,7,false,1.05,-1.00,429,backpressure,false,
candidateB_saturation_hard,2026-09-13T19:06:20.420678+08:00,2,false,1.20,-1.00,429,backpressure,false,
candidateB_saturation_hard,2026-09-13T19:06:20.57117+08:00,8,false,0.96,-1.00,429,backpressure,false,
candidateB_saturation_hard,2026-09-13T19:06:20.57095+08:00,0,false,1.25,-1.00,429,backpressure,false,
candidateB_saturation_hard,2026-09-13T19:06:20.570774+08:00,5,true,1.51,-1.00,429,backpressure,false,
candidateB_saturation_hard,2026-09-13T19:06:20.570785+08:00,7,false,1.54,-1.00,429,backpressure,false,
candidateB_saturation_hard,2026-09-13T19:06:20.570903+08:00,1,false,1.45,-1.00,429,backpressure,false,
candidateB_saturation_hard,2026-09-13T19:06:20.570841+08:00,2,false,1.73,-1.00,429,backpressure,false,
candidateB_saturation_hard,2026-09-13T19:06:20.721123+08:00,7,false,0.45,-1.00,429,backpressure,false,
candidateB_saturation_hard,2026-09-13T19:06:20.721082+08:00,0,true,0.59,-1.00,429,backpressure,false,
candidateB_saturation_hard,2026-09-13T19:06:20.721125+08:00,1,false,0.57,-1.00,429,backpressure,false,
candidateB_saturation_hard,2026-09-13T19:06:20.721084+08:00,2,false,0.65,-1.00,429,backpressure,false,
candidateB_saturation_hard,2026-09-13T19:06:20.721157+08:00,5,true,0.63,-1.00,429,backpressure,false,
candidateB_saturation_hard,2026-09-13T19:06:20.721189+08:00,8,false,0.66,-1.00,429,backpressure,false,
candidateB_saturation_hard,2026-09-13T19:06:20.872182+08:00,5,true,1.65,-1.00,429,backpressure,false,
candidateB_saturation_hard,2026-09-13T19:06:20.872268+08:00,1,true,1.67,-1.00,429,backpressure,false,
candidateB_saturation_hard,2026-09-13T19:06:20.872781+08:00,2,true,1.18,-1.00,429,backpressure,false,
candidateB_saturation_hard,2026-09-13T19:06:20.872436+08:00,7,false,2.15,-1.00,429,backpressure,false,
candidateB_saturation_hard,2026-09-13T19:06:20.872182+08:00,8,false,2.48,-1.00,429,backpressure,false,
candidateB_saturation_hard,2026-09-13T19:06:20.872368+08:00,0,false,2.33,-1.00,429,backpressure,false,
candidateB_saturation_hard,2026-09-13T19:06:20.269948+08:00,4,true,613.00,156.06,200,,true,
candidateB_saturation_hard,2026-09-13T19:06:21.023951+08:00,5,true,1.53,-1.00,429,backpressure,false,
candidateB_saturation_hard,2026-09-13T19:06:21.023861+08:00,2,true,1.66,-1.00,429,backpressure,false,
candidateB_saturation_hard,2026-09-13T19:06:21.02351+08:00,8,false,2.03,-1.00,429,backpressure,false,
candidateB_saturation_hard,2026-09-13T19:06:21.024094+08:00,1,true,1.49,-1.00,429,backpressure,false,
candidateB_saturation_hard,2026-09-13T19:06:21.023276+08:00,7,false,2.34,-1.00,429,backpressure,false,
candidateB_saturation_hard,2026-09-13T19:06:21.02367+08:00,0,true,1.99,-1.00,429,backpressure,false,
candidateB_saturation_hard,2026-09-13T19:06:21.173415+08:00,7,false,0.81,-1.00,429,backpressure,false,
candidateB_saturation_hard,2026-09-13T19:06:21.173692+08:00,0,true,1.27,-1.00,429,backpressure,false,
candidateB_saturation_hard,2026-09-13T19:06:21.174267+08:00,2,false,0.72,-1.00,429,backpressure,false,
candidateB_saturation_hard,2026-09-13T19:06:21.173538+08:00,8,true,1.49,-1.00,429,backpressure,false,
candidateB_saturation_hard,2026-09-13T19:06:21.1748+08:00,5,false,0.71,-1.00,429,backpressure,false,
candidateB_saturation_hard,2026-09-13T19:06:21.174634+08:00,1,false,1.10,-1.00,429,backpressure,false,
candidateB_saturation_hard,2026-09-13T19:06:21.324529+08:00,8,false,1.40,-1.00,429,backpressure,false,
candidateB_saturation_hard,2026-09-13T19:06:21.324998+08:00,1,true,0.99,-1.00,429,backpressure,false,
candidateB_saturation_hard,2026-09-13T19:06:21.324709+08:00,2,true,1.35,-1.00,429,backpressure,false,
candidateB_saturation_hard,2026-09-13T19:06:21.324926+08:00,5,true,1.18,-1.00,429,backpressure,false,
candidateB_saturation_hard,2026-09-13T19:06:21.324724+08:00,7,false,1.46,-1.00,429,backpressure,false,
candidateB_saturation_hard,2026-09-13T19:06:21.324522+08:00,0,true,1.86,-1.00,429,backpressure,false,
candidateB_saturation_hard,2026-09-13T19:06:20.269892+08:00,9,true,1133.56,719.96,200,,true,
candidateB_saturation_hard,2026-09-13T19:06:21.476072+08:00,8,false,0.90,-1.00,429,backpressure,false,
candidateB_saturation_hard,2026-09-13T19:06:21.475634+08:00,1,true,1.75,-1.00,429,backpressure,false,
candidateB_saturation_hard,2026-09-13T19:06:21.475669+08:00,7,true,1.76,-1.00,429,backpressure,false,
candidateB_saturation_hard,2026-09-13T19:06:21.475645+08:00,2,false,1.82,-1.00,429,backpressure,false,
candidateB_saturation_hard,2026-09-13T19:06:21.475788+08:00,5,false,1.71,-1.00,429,backpressure,false,
candidateB_saturation_hard,2026-09-13T19:06:21.475691+08:00,0,false,1.95,-1.00,429,backpressure,false,
candidateB_saturation_hard,2026-09-13T19:06:21.626808+08:00,2,true,4.06,-1.00,429,backpressure,false,
candidateB_saturation_hard,2026-09-13T19:06:21.626849+08:00,7,false,4.08,-1.00,429,backpressure,false,
candidateB_saturation_hard,2026-09-13T19:06:21.626903+08:00,0,true,4.60,-1.00,429,backpressure,false,
candidateB_saturation_hard,2026-09-13T19:06:21.626786+08:00,8,false,4.78,-1.00,429,backpressure,false,
candidateB_saturation_hard,2026-09-13T19:06:21.626984+08:00,5,true,4.65,-1.00,429,backpressure,false,
candidateB_saturation_hard,2026-09-13T19:06:21.627274+08:00,1,false,4.43,-1.00,429,backpressure,false,
candidateB_saturation_hard,2026-09-13T19:06:21.77809+08:00,1,true,3.65,-1.00,429,backpressure,false,
candidateB_saturation_hard,2026-09-13T19:06:21.777867+08:00,7,false,3.88,-1.00,429,backpressure,false,
candidateB_saturation_hard,2026-09-13T19:06:21.778158+08:00,5,false,3.67,-1.00,429,backpressure,false,
candidateB_saturation_hard,2026-09-13T19:06:21.77789+08:00,2,false,3.97,-1.00,429,backpressure,false,
candidateB_saturation_hard,2026-09-13T19:06:21.778406+08:00,0,false,3.53,-1.00,429,backpressure,false,
candidateB_saturation_hard,2026-09-13T19:06:21.778737+08:00,8,true,3.54,-1.00,429,backpressure,false,
candidateB_saturation_hard,2026-09-13T19:06:21.928935+08:00,0,true,1.52,-1.00,429,backpressure,false,
candidateB_saturation_hard,2026-09-13T19:06:21.928267+08:00,5,false,2.19,-1.00,429,backpressure,false,
candidateB_saturation_hard,2026-09-13T19:06:21.928372+08:00,8,false,2.14,-1.00,429,backpressure,false,
candidateB_saturation_hard,2026-09-13T19:06:21.92831+08:00,1,true,2.24,-1.00,429,backpressure,false,
candidateB_saturation_hard,2026-09-13T19:06:21.92828+08:00,7,true,2.29,-1.00,429,backpressure,false,
candidateB_saturation_hard,2026-09-13T19:06:21.928736+08:00,2,true,1.89,-1.00,429,backpressure,false,
candidateB_saturation_hard,2026-09-13T19:06:22.080664+08:00,5,true,1.66,-1.00,429,backpressure,false,
candidateB_saturation_hard,2026-09-13T19:06:22.080983+08:00,8,false,1.35,-1.00,429,backpressure,false,
candidateB_saturation_hard,2026-09-13T19:06:22.080692+08:00,0,true,1.72,-1.00,429,backpressure,false,
candidateB_saturation_hard,2026-09-13T19:06:22.079222+08:00,1,false,3.22,-1.00,429,backpressure,false,
candidateB_saturation_hard,2026-09-13T19:06:22.08071+08:00,7,false,2.32,-1.00,429,backpressure,false,
candidateB_saturation_hard,2026-09-13T19:06:22.081443+08:00,2,true,1.73,-1.00,429,backpressure,false,
candidateB_saturation_hard,2026-09-13T19:06:20.269817+08:00,10,true,1881.22,1240.81,200,,true,
candidateB_saturation_hard,2026-09-13T19:06:22.230197+08:00,1,true,0.98,-1.00,429,backpressure,false,
candidateB_saturation_hard,2026-09-13T19:06:22.231256+08:00,0,false,0.86,-1.00,429,backpressure,false,
candidateB_saturation_hard,2026-09-13T19:06:22.230722+08:00,5,false,1.46,-1.00,429,backpressure,false,
candidateB_saturation_hard,2026-09-13T19:06:22.230753+08:00,7,false,1.54,-1.00,429,backpressure,false,
candidateB_saturation_hard,2026-09-13T19:06:22.231231+08:00,8,true,1.11,-1.00,429,backpressure,false,
candidateB_saturation_hard,2026-09-13T19:06:22.23149+08:00,2,false,1.12,-1.00,429,backpressure,false,
candidateB_saturation_hard,2026-09-13T19:06:22.381412+08:00,0,true,6.37,-1.00,429,backpressure,false,
candidateB_saturation_hard,2026-09-13T19:06:22.381329+08:00,8,false,6.45,-1.00,429,backpressure,false,
candidateB_saturation_hard,2026-09-13T19:06:22.38163+08:00,2,false,6.17,-1.00,429,backpressure,false,
candidateB_saturation_hard,2026-09-13T19:06:22.381675+08:00,5,false,6.60,-1.00,429,backpressure,false,
candidateB_saturation_hard,2026-09-13T19:06:22.381924+08:00,7,false,6.36,-1.00,429,backpressure,false,
candidateB_saturation_hard,2026-09-13T19:06:22.387829+08:00,1,false,0.47,-1.00,429,backpressure,false,
candidateB_saturation_hard,2026-09-13T19:06:22.53146+08:00,8,true,2.70,-1.00,429,backpressure,false,
candidateB_saturation_hard,2026-09-13T19:06:22.531847+08:00,5,false,2.94,-1.00,429,backpressure,false,
candidateB_saturation_hard,2026-09-13T19:06:22.533149+08:00,7,true,1.66,-1.00,429,backpressure,false,
candidateB_saturation_hard,2026-09-13T19:06:22.531531+08:00,0,true,3.32,-1.00,429,backpressure,false,
candidateB_saturation_hard,2026-09-13T19:06:22.531804+08:00,2,true,3.06,-1.00,429,backpressure,false,
candidateB_saturation_hard,2026-09-13T19:06:22.537456+08:00,1,false,0.82,-1.00,429,backpressure,false,
candidateB_saturation_hard,2026-09-13T19:06:22.682704+08:00,0,true,2.29,-1.00,429,backpressure,false,
candidateB_saturation_hard,2026-09-13T19:06:22.682662+08:00,2,false,2.48,-1.00,429,backpressure,false,
candidateB_saturation_hard,2026-09-13T19:06:22.68326+08:00,7,false,1.91,-1.00,429,backpressure,false,
candidateB_saturation_hard,2026-09-13T19:06:22.682864+08:00,5,true,2.49,-1.00,429,backpressure,false,
candidateB_saturation_hard,2026-09-13T19:06:22.682811+08:00,8,false,3.67,-1.00,429,backpressure,false,
candidateB_saturation_hard,2026-09-13T19:06:22.687578+08:00,1,false,0.58,-1.00,429,backpressure,false,
candidateB_saturation_hard,2026-09-13T19:06:22.834008+08:00,2,false,1.69,-1.00,429,backpressure,false,
candidateB_saturation_hard,2026-09-13T19:06:22.833833+08:00,7,true,1.91,-1.00,429,backpressure,false,
candidateB_saturation_hard,2026-09-13T19:06:22.834084+08:00,5,false,1.71,-1.00,429,backpressure,false,
candidateB_saturation_hard,2026-09-13T19:06:22.833885+08:00,8,false,1.96,-1.00,429,backpressure,false,
candidateB_saturation_hard,2026-09-13T19:06:22.833851+08:00,0,true,2.01,-1.00,429,backpressure,false,
candidateB_saturation_hard,2026-09-13T19:06:22.837781+08:00,1,true,0.34,-1.00,429,backpressure,false,
candidateB_saturation_hard,2026-09-13T19:06:20.269802+08:00,6,true,2595.16,1988.53,200,,true,
candidateB_saturation_hard,2026-09-13T19:06:22.985938+08:00,7,false,1.17,-1.00,429,backpressure,false,
candidateB_saturation_hard,2026-09-13T19:06:22.984981+08:00,5,true,2.22,-1.00,429,backpressure,false,
candidateB_saturation_hard,2026-09-13T19:06:22.985203+08:00,8,false,2.05,-1.00,429,backpressure,false,
candidateB_saturation_hard,2026-09-13T19:06:22.9858+08:00,0,true,1.47,-1.00,429,backpressure,false,
candidateB_saturation_hard,2026-09-13T19:06:22.985404+08:00,2,true,2.13,-1.00,429,backpressure,false,
candidateB_saturation_hard,2026-09-13T19:06:22.98786+08:00,1,true,0.28,-1.00,429,backpressure,false,
candidateB_saturation_hard,2026-09-13T19:06:23.135904+08:00,0,false,1.89,-1.00,429,backpressure,false,
candidateB_saturation_hard,2026-09-13T19:06:23.136353+08:00,7,true,1.48,-1.00,429,backpressure,false,
candidateB_saturation_hard,2026-09-13T19:06:23.135978+08:00,5,true,2.01,-1.00,429,backpressure,false,
candidateB_saturation_hard,2026-09-13T19:06:23.135904+08:00,2,false,2.13,-1.00,429,backpressure,false,
candidateB_saturation_hard,2026-09-13T19:06:23.136074+08:00,8,false,2.01,-1.00,429,backpressure,false,
candidateB_saturation_hard,2026-09-13T19:06:23.138054+08:00,1,false,0.51,-1.00,429,backpressure,false,
candidateB_saturation_hard,2026-09-13T19:06:23.286788+08:00,7,false,3.62,-1.00,429,backpressure,false,
candidateB_saturation_hard,2026-09-13T19:06:23.287235+08:00,0,true,3.27,-1.00,429,backpressure,false,
candidateB_saturation_hard,2026-09-13T19:06:23.287424+08:00,8,false,3.16,-1.00,429,backpressure,false,
candidateB_saturation_hard,2026-09-13T19:06:23.286854+08:00,2,false,3.74,-1.00,429,backpressure,false,
candidateB_saturation_hard,2026-09-13T19:06:23.287176+08:00,5,true,3.56,-1.00,429,backpressure,false,
candidateB_saturation_hard,2026-09-13T19:06:23.290579+08:00,1,false,0.65,-1.00,429,backpressure,false,
candidateB_saturation_hard,2026-09-13T19:06:23.438025+08:00,7,false,1.07,-1.00,429,backpressure,false,
candidateB_saturation_hard,2026-09-13T19:06:23.438228+08:00,2,false,0.90,-1.00,429,backpressure,false,
candidateB_saturation_hard,2026-09-13T19:06:23.437863+08:00,0,false,1.31,-1.00,429,backpressure,false,
candidateB_saturation_hard,2026-09-13T19:06:23.438084+08:00,8,false,1.12,-1.00,429,backpressure,false,
candidateB_saturation_hard,2026-09-13T19:06:23.437863+08:00,5,false,1.49,-1.00,429,backpressure,false,
candidateB_saturation_hard,2026-09-13T19:06:23.441167+08:00,1,false,0.43,-1.00,429,backpressure,false,
candidateB_saturation_hard,2026-09-13T19:06:23.589322+08:00,8,true,0.99,-1.00,429,backpressure,false,
candidateB_saturation_hard,2026-09-13T19:06:23.589103+08:00,2,false,1.25,-1.00,429,backpressure,false,
candidateB_saturation_hard,2026-09-13T19:06:23.589136+08:00,5,false,1.26,-1.00,429,backpressure,false,
candidateB_saturation_hard,2026-09-13T19:06:23.589107+08:00,0,false,1.45,-1.00,429,backpressure,false,
candidateB_saturation_hard,2026-09-13T19:06:23.589252+08:00,7,false,1.32,-1.00,429,backpressure,false,
candidateB_saturation_hard,2026-09-13T19:06:23.591268+08:00,1,true,0.26,-1.00,429,backpressure,false,
candidateB_saturation_hard,2026-09-13T19:06:20.269908+08:00,12,true,3344.87,2701.10,200,,true,
candidateB_saturation_hard,2026-09-13T19:06:23.740483+08:00,8,false,1.98,-1.00,429,backpressure,false,
candidateB_saturation_hard,2026-09-13T19:06:23.740848+08:00,2,false,1.66,-1.00,429,backpressure,false,
candidateB_saturation_hard,2026-09-13T19:06:23.741355+08:00,1,false,1.20,-1.00,429,backpressure,false,
candidateB_saturation_hard,2026-09-13T19:06:23.740223+08:00,7,false,2.40,-1.00,429,backpressure,false,
candidateB_saturation_hard,2026-09-13T19:06:23.741007+08:00,5,false,1.69,-1.00,429,backpressure,false,
candidateB_saturation_hard,2026-09-13T19:06:23.740386+08:00,0,false,2.32,-1.00,429,backpressure,false,
candidateB_saturation_hard,2026-09-13T19:06:23.890831+08:00,7,true,1.85,-1.00,429,backpressure,false,
candidateB_saturation_hard,2026-09-13T19:06:23.890866+08:00,0,true,1.86,-1.00,429,backpressure,false,
candidateB_saturation_hard,2026-09-13T19:06:23.891032+08:00,2,false,1.76,-1.00,429,backpressure,false,
candidateB_saturation_hard,2026-09-13T19:06:23.891176+08:00,5,true,1.68,-1.00,429,backpressure,false,
candidateB_saturation_hard,2026-09-13T19:06:23.890825+08:00,8,true,2.09,-1.00,429,backpressure,false,
candidateB_saturation_hard,2026-09-13T19:06:23.891366+08:00,1,true,1.60,-1.00,429,backpressure,false,
candidateB_saturation_hard,2026-09-13T19:06:24.041716+08:00,8,false,1.88,-1.00,429,backpressure,false,
candidateB_saturation_hard,2026-09-13T19:06:24.04198+08:00,2,false,1.69,-1.00,429,backpressure,false,
candidateB_saturation_hard,2026-09-13T19:06:24.042327+08:00,0,false,1.39,-1.00,429,backpressure,false,
candidateB_saturation_hard,2026-09-13T19:06:24.042065+08:00,5,true,1.67,-1.00,429,backpressure,false,
candidateB_saturation_hard,2026-09-13T19:06:24.04156+08:00,1,true,2.20,-1.00,429,backpressure,false,
candidateB_saturation_hard,2026-09-13T19:06:24.041775+08:00,7,false,2.04,-1.00,429,backpressure,false,
candidateB_saturation_hard,2026-09-13T19:06:24.192904+08:00,0,false,2.50,-1.00,429,backpressure,false,
candidateB_saturation_hard,2026-09-13T19:06:24.192751+08:00,7,false,2.66,-1.00,429,backpressure,false,
candidateB_saturation_hard,2026-09-13T19:06:24.192632+08:00,5,false,2.84,-1.00,429,backpressure,false,
candidateB_saturation_hard,2026-09-13T19:06:24.193184+08:00,2,false,2.31,-1.00,429,backpressure,false,
candidateB_saturation_hard,2026-09-13T19:06:24.192933+08:00,8,true,2.58,-1.00,429,backpressure,false,
candidateB_saturation_hard,2026-09-13T19:06:24.193288+08:00,1,true,2.27,-1.00,429,backpressure,false,
candidateB_saturation_hard,2026-09-13T19:06:20.269628+08:00,13,false,4059.73,-1.00,200,,true,
candidateB_saturation_hard,2026-09-13T19:06:24.344022+08:00,0,true,1.20,-1.00,429,backpressure,false,
candidateB_saturation_hard,2026-09-13T19:06:24.343706+08:00,1,false,1.57,-1.00,429,backpressure,false,
candidateB_saturation_hard,2026-09-13T19:06:24.343954+08:00,8,false,1.34,-1.00,429,backpressure,false,
candidateB_saturation_hard,2026-09-13T19:06:24.343755+08:00,7,false,3.62,-1.00,429,backpressure,false,
candidateB_saturation_hard,2026-09-13T19:06:24.344009+08:00,5,false,3.51,-1.00,429,backpressure,false,
candidateB_saturation_hard,2026-09-13T19:06:24.343706+08:00,2,true,3.88,-1.00,429,backpressure,false,
candidateB_saturation_hard,2026-09-13T19:06:24.495822+08:00,7,false,1.70,-1.00,429,backpressure,false,
candidateB_saturation_hard,2026-09-13T19:06:24.495595+08:00,1,false,2.01,-1.00,429,backpressure,false,
candidateB_saturation_hard,2026-09-13T19:06:24.494788+08:00,8,false,2.87,-1.00,429,backpressure,false,
candidateB_saturation_hard,2026-09-13T19:06:24.495225+08:00,0,false,2.46,-1.00,429,backpressure,false,
candidateB_saturation_hard,2026-09-13T19:06:24.495983+08:00,5,false,1.72,-1.00,429,backpressure,false,
candidateB_saturation_hard,2026-09-13T19:06:24.495106+08:00,2,false,2.64,-1.00,429,backpressure,false,
candidateB_saturation_hard,2026-09-13T19:06:24.648307+08:00,8,false,1.06,-1.00,429,backpressure,false,
candidateB_saturation_hard,2026-09-13T19:06:24.646029+08:00,0,true,3.45,-1.00,429,backpressure,false,
candidateB_saturation_hard,2026-09-13T19:06:24.649033+08:00,5,true,1.71,-1.00,429,backpressure,false,
candidateB_saturation_hard,2026-09-13T19:06:24.648464+08:00,1,false,2.32,-1.00,429,backpressure,false,
candidateB_saturation_hard,2026-09-13T19:06:24.648839+08:00,7,false,1.95,-1.00,429,backpressure,false,
candidateB_saturation_hard,2026-09-13T19:06:24.64921+08:00,2,true,1.67,-1.00,429,backpressure,false,
candidateB_saturation_hard,2026-09-13T19:06:24.796599+08:00,0,false,0.94,-1.00,429,backpressure,false,
candidateB_saturation_hard,2026-09-13T19:06:24.798401+08:00,8,true,1.31,-1.00,429,backpressure,false,
candidateB_saturation_hard,2026-09-13T19:06:24.798437+08:00,5,false,1.37,-1.00,429,backpressure,false,
candidateB_saturation_hard,2026-09-13T19:06:24.799251+08:00,2,false,1.34,-1.00,429,backpressure,false,
candidateB_saturation_hard,2026-09-13T19:06:24.798976+08:00,7,false,1.67,-1.00,429,backpressure,false,
candidateB_saturation_hard,2026-09-13T19:06:24.798539+08:00,1,true,2.14,-1.00,429,backpressure,false,
candidateB_saturation_hard,2026-09-13T19:06:24.94845+08:00,5,false,1.02,-1.00,429,backpressure,false,
candidateB_saturation_hard,2026-09-13T19:06:24.947882+08:00,0,false,1.65,-1.00,429,backpressure,false,
candidateB_saturation_hard,2026-09-13T19:06:24.949033+08:00,7,true,2.08,-1.00,429,backpressure,false,
candidateB_saturation_hard,2026-09-13T19:06:24.948831+08:00,1,true,2.49,-1.00,429,backpressure,false,
candidateB_saturation_hard,2026-09-13T19:06:24.948513+08:00,8,false,2.87,-1.00,429,backpressure,false,
candidateB_saturation_hard,2026-09-13T19:06:24.949302+08:00,2,false,2.14,-1.00,429,backpressure,false,
candidateB_saturation_hard,2026-09-13T19:06:20.269942+08:00,3,false,4769.32,-1.00,200,,true,
candidateB_saturation_hard,2026-09-13T19:06:25.098966+08:00,1,false,2.65,-1.00,429,backpressure,false,
candidateB_saturation_hard,2026-09-13T19:06:25.09973+08:00,0,true,2.55,-1.00,429,backpressure,false,
candidateB_saturation_hard,2026-09-13T19:06:25.099325+08:00,2,false,3.03,-1.00,429,backpressure,false,
candidateB_saturation_hard,2026-09-13T19:06:25.099045+08:00,5,true,3.38,-1.00,429,backpressure,false,
candidateB_saturation_hard,2026-09-13T19:06:25.098985+08:00,8,true,3.45,-1.00,429,backpressure,false,
candidateB_saturation_hard,2026-09-13T19:06:25.099555+08:00,7,false,3.28,-1.00,429,backpressure,false,
candidateB_saturation_hard,2026-09-13T19:06:25.249213+08:00,1,false,1.53,-1.00,429,backpressure,false,
candidateB_saturation_hard,2026-09-13T19:06:25.249262+08:00,8,true,1.59,-1.00,429,backpressure,false,
candidateB_saturation_hard,2026-09-13T19:06:25.251383+08:00,0,false,1.31,-1.00,429,backpressure,false,
candidateB_saturation_hard,2026-09-13T19:06:25.249221+08:00,5,true,4.18,-1.00,429,backpressure,false,
candidateB_saturation_hard,2026-09-13T19:06:25.249368+08:00,2,true,4.07,-1.00,429,backpressure,false,
candidateB_saturation_hard,2026-09-13T19:06:25.250921+08:00,7,true,2.53,-1.00,429,backpressure,false,
candidateB_saturation_hard,2026-09-13T19:06:25.400444+08:00,8,true,1.17,-1.00,429,backpressure,false,
candidateB_saturation_hard,2026-09-13T19:06:25.400399+08:00,1,true,1.97,-1.00,429,backpressure,false,
candidateB_saturation_hard,2026-09-13T19:06:25.400994+08:00,7,false,1.38,-1.00,429,backpressure,false,
candidateB_saturation_hard,2026-09-13T19:06:25.400398+08:00,2,false,2.03,-1.00,429,backpressure,false,
candidateB_saturation_hard,2026-09-13T19:06:25.400579+08:00,5,false,1.86,-1.00,429,backpressure,false,
candidateB_saturation_hard,2026-09-13T19:06:25.402233+08:00,0,true,2.74,-1.00,429,backpressure,false,
candidateB_saturation_hard,2026-09-13T19:06:25.552377+08:00,0,false,2.20,-1.00,429,backpressure,false,
candidateB_saturation_hard,2026-09-13T19:06:25.554053+08:00,8,true,1.44,-1.00,429,backpressure,false,
candidateB_saturation_hard,2026-09-13T19:06:25.551494+08:00,5,false,4.06,-1.00,429,backpressure,false,
candidateB_saturation_hard,2026-09-13T19:06:25.551849+08:00,2,false,3.75,-1.00,429,backpressure,false,
candidateB_saturation_hard,2026-09-13T19:06:25.551759+08:00,1,true,3.87,-1.00,429,backpressure,false,
candidateB_saturation_hard,2026-09-13T19:06:25.554796+08:00,7,true,0.85,-1.00,429,backpressure,false,
candidateB_saturation_hard,2026-09-13T19:06:25.702781+08:00,0,true,1.63,-1.00,429,backpressure,false,
candidateB_saturation_hard,2026-09-13T19:06:25.702859+08:00,1,false,1.59,-1.00,429,backpressure,false,
candidateB_saturation_hard,2026-09-13T19:06:25.702601+08:00,2,true,1.90,-1.00,429,backpressure,false,
candidateB_saturation_hard,2026-09-13T19:06:25.702614+08:00,5,false,1.98,-1.00,429,backpressure,false,
candidateB_saturation_hard,2026-09-13T19:06:25.704088+08:00,8,true,0.91,-1.00,429,backpressure,false,
candidateB_saturation_hard,2026-09-13T19:06:25.704886+08:00,7,false,0.40,-1.00,429,backpressure,false,
candidateB_saturation_hard,2026-09-13T19:06:25.854037+08:00,0,true,1.36,-1.00,429,backpressure,false,
candidateB_saturation_hard,2026-09-13T19:06:25.855045+08:00,7,true,1.07,-1.00,429,backpressure,false,
candidateB_saturation_hard,2026-09-13T19:06:25.854459+08:00,5,false,1.76,-1.00,429,backpressure,false,
candidateB_saturation_hard,2026-09-13T19:06:25.853863+08:00,2,false,2.41,-1.00,429,backpressure,false,
candidateB_saturation_hard,2026-09-13T19:06:25.854162+08:00,8,false,2.13,-1.00,429,backpressure,false,
candidateB_saturation_hard,2026-09-13T19:06:25.854239+08:00,1,false,2.09,-1.00,429,backpressure,false,
candidateB_saturation_hard,2026-09-13T19:06:20.269958+08:00,11,true,5725.93,4911.43,200,,true,
candidateB_saturation_hard,2026-09-13T19:06:26.004462+08:00,8,false,0.87,-1.00,429,backpressure,false,
candidateB_saturation_hard,2026-09-13T19:06:26.005379+08:00,1,true,0.82,-1.00,429,backpressure,false,
candidateB_saturation_hard,2026-09-13T19:06:26.004981+08:00,5,true,1.22,-1.00,429,backpressure,false,
candidateB_saturation_hard,2026-09-13T19:06:26.004672+08:00,0,false,1.58,-1.00,429,backpressure,false,
candidateB_saturation_hard,2026-09-13T19:06:26.005393+08:00,7,false,0.88,-1.00,429,backpressure,false,
candidateB_saturation_hard,2026-09-13T19:06:26.005106+08:00,2,true,1.21,-1.00,429,backpressure,false,
candidateB_saturation_hard,2026-09-13T19:06:26.154568+08:00,8,false,0.98,-1.00,429,backpressure,false,
candidateB_saturation_hard,2026-09-13T19:06:26.154771+08:00,0,true,0.84,-1.00,429,backpressure,false,
candidateB_saturation_hard,2026-09-13T19:06:26.155501+08:00,1,true,0.88,-1.00,429,backpressure,false,
candidateB_saturation_hard,2026-09-13T19:06:26.155631+08:00,2,false,0.82,-1.00,429,backpressure,false,
candidateB_saturation_hard,2026-09-13T19:06:26.155648+08:00,7,false,0.83,-1.00,429,backpressure,false,
candidateB_saturation_hard,2026-09-13T19:06:26.155081+08:00,5,false,1.41,-1.00,429,backpressure,false,
candidateB_saturation_hard,2026-09-13T19:06:26.305622+08:00,1,true,1.55,-1.00,429,backpressure,false,
candidateB_saturation_hard,2026-09-13T19:06:26.305622+08:00,5,false,1.59,-1.00,429,backpressure,false,
candidateB_saturation_hard,2026-09-13T19:06:26.305818+08:00,8,false,1.45,-1.00,429,backpressure,false,
candidateB_saturation_hard,2026-09-13T19:06:26.305964+08:00,2,false,1.36,-1.00,429,backpressure,false,
candidateB_saturation_hard,2026-09-13T19:06:26.305663+08:00,0,false,2.03,-1.00,429,backpressure,false,
candidateB_saturation_hard,2026-09-13T19:06:26.305678+08:00,7,true,2.05,-1.00,429,backpressure,false,
candidateB_saturation_hard,2026-09-13T19:06:26.45688+08:00,5,true,2.44,-1.00,429,backpressure,false,
candidateB_saturation_hard,2026-09-13T19:06:26.456697+08:00,0,false,2.67,-1.00,429,backpressure,false,
candidateB_saturation_hard,2026-09-13T19:06:26.456727+08:00,7,false,2.70,-1.00,429,backpressure,false,
candidateB_saturation_hard,2026-09-13T19:06:26.456686+08:00,2,true,2.79,-1.00,429,backpressure,false,
candidateB_saturation_hard,2026-09-13T19:06:26.457172+08:00,1,false,2.34,-1.00,429,backpressure,false,
candidateB_saturation_hard,2026-09-13T19:06:26.456822+08:00,8,true,3.01,-1.00,429,backpressure,false,
candidateB_saturation_hard,2026-09-13T19:06:26.607553+08:00,2,false,2.49,-1.00,429,backpressure,false,
candidateB_saturation_hard,2026-09-13T19:06:26.608346+08:00,5,true,1.70,-1.00,429,backpressure,false,
candidateB_saturation_hard,2026-09-13T19:06:26.6073+08:00,1,true,2.82,-1.00,429,backpressure,false,
candidateB_saturation_hard,2026-09-13T19:06:26.607967+08:00,0,false,2.16,-1.00,429,backpressure,false,
candidateB_saturation_hard,2026-09-13T19:06:26.60719+08:00,8,false,2.98,-1.00,429,backpressure,false,
candidateB_saturation_hard,2026-09-13T19:06:26.608132+08:00,7,true,2.08,-1.00,429,backpressure,false,
candidateB_saturation_hard,2026-09-13T19:06:26.758512+08:00,1,true,1.75,-1.00,429,backpressure,false,
candidateB_saturation_hard,2026-09-13T19:06:26.758755+08:00,7,false,1.73,-1.00,429,backpressure,false,
candidateB_saturation_hard,2026-09-13T19:06:26.758265+08:00,2,true,2.37,-1.00,429,backpressure,false,
candidateB_saturation_hard,2026-09-13T19:06:26.758303+08:00,8,false,2.88,-1.00,429,backpressure,false,
candidateB_saturation_hard,2026-09-13T19:06:26.758676+08:00,5,true,2.59,-1.00,429,backpressure,false,
candidateB_saturation_hard,2026-09-13T19:06:26.758265+08:00,0,false,3.07,-1.00,429,backpressure,false,
candidateB_saturation_hard,2026-09-13T19:06:20.883001+08:00,4,false,5952.42,-1.00,200,,true,
candidateB_saturation_hard,2026-09-13T19:06:26.908482+08:00,8,true,1.65,-1.00,429,backpressure,false,
candidateB_saturation_hard,2026-09-13T19:06:26.909378+08:00,1,false,0.89,-1.00,429,backpressure,false,
candidateB_saturation_hard,2026-09-13T19:06:26.908816+08:00,0,false,2.16,-1.00,429,backpressure,false,
candidateB_saturation_hard,2026-09-13T19:06:26.909096+08:00,7,false,1.93,-1.00,429,backpressure,false,
candidateB_saturation_hard,2026-09-13T19:06:26.908846+08:00,2,false,2.31,-1.00,429,backpressure,false,
candidateB_saturation_hard,2026-09-13T19:06:26.90966+08:00,5,false,1.63,-1.00,429,backpressure,false,
candidateB_saturation_hard,2026-09-13T19:06:27.058776+08:00,8,true,1.16,-1.00,429,backpressure,false,
candidateB_saturation_hard,2026-09-13T19:06:27.058879+08:00,2,false,1.10,-1.00,429,backpressure,false,
candidateB_saturation_hard,2026-09-13T19:06:27.059232+08:00,7,false,1.48,-1.00,429,backpressure,false,
candidateB_saturation_hard,2026-09-13T19:06:27.058973+08:00,0,false,1.81,-1.00,429,backpressure,false,
candidateB_saturation_hard,2026-09-13T19:06:27.060079+08:00,5,false,0.76,-1.00,429,backpressure,false,
candidateB_saturation_hard,2026-09-13T19:06:27.059999+08:00,1,true,0.87,-1.00,429,backpressure,false,
candidateB_saturation_hard,2026-09-13T19:06:27.210447+08:00,1,true,3.55,-1.00,429,backpressure,false,
candidateB_saturation_hard,2026-09-13T19:06:27.209856+08:00,7,false,4.18,-1.00,429,backpressure,false,
candidateB_saturation_hard,2026-09-13T19:06:27.210106+08:00,5,true,3.99,-1.00,429,backpressure,false,
candidateB_saturation_hard,2026-09-13T19:06:27.209938+08:00,8,false,4.18,-1.00,429,backpressure,false,
candidateB_saturation_hard,2026-09-13T19:06:27.210026+08:00,0,true,4.11,-1.00,429,backpressure,false,
candidateB_saturation_hard,2026-09-13T19:06:27.209878+08:00,2,true,4.31,-1.00,429,backpressure,false,
candidateB_saturation_hard,2026-09-13T19:06:27.361747+08:00,2,false,3.96,-1.00,429,backpressure,false,
candidateB_saturation_hard,2026-09-13T19:06:27.361405+08:00,5,true,4.35,-1.00,429,backpressure,false,
candidateB_saturation_hard,2026-09-13T19:06:27.360945+08:00,8,false,4.86,-1.00,429,backpressure,false,
candidateB_saturation_hard,2026-09-13T19:06:27.361156+08:00,0,false,4.74,-1.00,429,backpressure,false,
candidateB_saturation_hard,2026-09-13T19:06:27.361049+08:00,1,true,4.91,-1.00,429,backpressure,false,
candidateB_saturation_hard,2026-09-13T19:06:27.360947+08:00,7,false,5.03,-1.00,429,backpressure,false,
candidateB_saturation_hard,2026-09-13T19:06:27.512045+08:00,2,false,1.98,-1.00,429,backpressure,false,
candidateB_saturation_hard,2026-09-13T19:06:27.512082+08:00,8,false,2.01,-1.00,429,backpressure,false,
candidateB_saturation_hard,2026-09-13T19:06:27.512569+08:00,5,false,1.56,-1.00,429,backpressure,false,
candidateB_saturation_hard,2026-09-13T19:06:27.512283+08:00,7,true,1.88,-1.00,429,backpressure,false,
candidateB_saturation_hard,2026-09-13T19:06:27.512029+08:00,1,false,2.15,-1.00,429,backpressure,false,
candidateB_saturation_hard,2026-09-13T19:06:27.512453+08:00,0,false,1.75,-1.00,429,backpressure,false,
candidateB_saturation_hard,2026-09-13T19:06:27.663426+08:00,2,true,1.57,-1.00,429,backpressure,false,
candidateB_saturation_hard,2026-09-13T19:06:27.662902+08:00,0,false,2.18,-1.00,429,backpressure,false,
candidateB_saturation_hard,2026-09-13T19:06:27.663119+08:00,1,true,2.01,-1.00,429,backpressure,false,
candidateB_saturation_hard,2026-09-13T19:06:27.663215+08:00,7,false,1.93,-1.00,429,backpressure,false,
candidateB_saturation_hard,2026-09-13T19:06:27.663706+08:00,8,false,1.47,-1.00,429,backpressure,false,
candidateB_saturation_hard,2026-09-13T19:06:27.662981+08:00,5,true,2.47,-1.00,429,backpressure,false,
candidateB_saturation_hard,2026-09-13T19:06:27.814612+08:00,5,false,2.00,-1.00,429,backpressure,false,
candidateB_saturation_hard,2026-09-13T19:06:27.814904+08:00,8,false,1.83,-1.00,429,backpressure,false,
candidateB_saturation_hard,2026-09-13T19:06:27.815174+08:00,2,true,1.65,-1.00,429,backpressure,false,
candidateB_saturation_hard,2026-09-13T19:06:27.814527+08:00,7,true,2.33,-1.00,429,backpressure,false,
candidateB_saturation_hard,2026-09-13T19:06:27.814934+08:00,1,false,3.33,-1.00,429,backpressure,false,
candidateB_saturation_hard,2026-09-13T19:06:27.815488+08:00,0,false,2.86,-1.00,429,backpressure,false,
candidateB_saturation_hard,2026-09-13T19:06:21.403518+08:00,9,true,6506.52,5573.46,200,,true,
candidateB_saturation_hard,2026-09-13T19:06:27.964999+08:00,1,false,2.10,-1.00,429,backpressure,false,
candidateB_saturation_hard,2026-09-13T19:06:27.965492+08:00,0,true,1.67,-1.00,429,backpressure,false,
candidateB_saturation_hard,2026-09-13T19:06:27.964812+08:00,5,true,2.43,-1.00,429,backpressure,false,
candidateB_saturation_hard,2026-09-13T19:06:27.965236+08:00,2,false,2.07,-1.00,429,backpressure,false,
candidateB_saturation_hard,2026-09-13T19:06:27.965338+08:00,8,true,2.07,-1.00,429,backpressure,false,
candidateB_saturation_hard,2026-09-13T19:06:27.964869+08:00,7,false,2.59,-1.00,429,backpressure,false,
candidateB_saturation_hard,2026-09-13T19:06:28.115481+08:00,7,false,3.32,-1.00,429,backpressure,false,
candidateB_saturation_hard,2026-09-13T19:06:28.115614+08:00,0,true,3.80,-1.00,429,backpressure,false,
candidateB_saturation_hard,2026-09-13T19:06:28.115968+08:00,8,false,3.60,-1.00,429,backpressure,false,
candidateB_saturation_hard,2026-09-13T19:06:28.115688+08:00,5,true,3.95,-1.00,429,backpressure,false,
candidateB_saturation_hard,2026-09-13T19:06:28.115754+08:00,2,false,3.96,-1.00,429,backpressure,false,
candidateB_saturation_hard,2026-09-13T19:06:28.11606+08:00,1,true,3.82,-1.00,429,backpressure,false,
candidateB_saturation_hard,2026-09-13T19:06:28.268201+08:00,7,false,1.01,-1.00,429,backpressure,false,
candidateB_saturation_hard,2026-09-13T19:06:28.268357+08:00,8,false,0.87,-1.00,429,backpressure,false,
candidateB_saturation_hard,2026-09-13T19:06:28.268147+08:00,1,true,1.10,-1.00,429,backpressure,false,
candidateB_saturation_hard,2026-09-13T19:06:28.268237+08:00,2,false,1.01,-1.00,429,backpressure,false,
candidateB_saturation_hard,2026-09-13T19:06:28.268175+08:00,5,true,1.10,-1.00,429,backpressure,false,
candidateB_saturation_hard,2026-09-13T19:06:28.268826+08:00,0,true,0.47,-1.00,429,backpressure,false,
candidateB_saturation_hard,2026-09-13T19:06:28.419581+08:00,2,false,3.00,-1.00,429,backpressure,false,
candidateB_saturation_hard,2026-09-13T19:06:28.420209+08:00,8,false,3.51,-1.00,429,backpressure,false,
candidateB_saturation_hard,2026-09-13T19:06:28.420887+08:00,5,false,3.17,-1.00,429,backpressure,false,
candidateB_saturation_hard,2026-09-13T19:06:28.422626+08:00,7,false,1.47,-1.00,429,backpressure,false,
candidateB_saturation_hard,2026-09-13T19:06:28.419358+08:00,0,false,4.93,-1.00,429,backpressure,false,
candidateB_saturation_hard,2026-09-13T19:06:28.42268+08:00,1,false,1.77,-1.00,429,backpressure,false,
candidateB_saturation_hard,2026-09-13T19:06:28.570388+08:00,0,true,1.65,-1.00,429,backpressure,false,
candidateB_saturation_hard,2026-09-13T19:06:28.570098+08:00,2,true,1.94,-1.00,429,backpressure,false,
candidateB_saturation_hard,2026-09-13T19:06:28.571601+08:00,5,false,0.95,-1.00,429,backpressure,false,
candidateB_saturation_hard,2026-09-13T19:06:28.57191+08:00,8,false,0.70,-1.00,429,backpressure,false,
candidateB_saturation_hard,2026-09-13T19:06:28.572706+08:00,1,false,0.39,-1.00,429,backpressure,false,
candidateB_saturation_hard,2026-09-13T19:06:28.572644+08:00,7,false,0.69,-1.00,429,backpressure,false,
candidateB_saturation_hard,2026-09-13T19:06:28.720419+08:00,0,true,0.53,-1.00,429,backpressure,false,
candidateB_saturation_hard,2026-09-13T19:06:28.720178+08:00,2,false,0.81,-1.00,429,backpressure,false,
candidateB_saturation_hard,2026-09-13T19:06:28.722221+08:00,8,false,0.43,-1.00,429,backpressure,false,
candidateB_saturation_hard,2026-09-13T19:06:28.722201+08:00,5,true,0.48,-1.00,429,backpressure,false,
candidateB_saturation_hard,2026-09-13T19:06:28.722734+08:00,1,false,0.35,-1.00,429,backpressure,false,
candidateB_saturation_hard,2026-09-13T19:06:28.722698+08:00,7,false,0.41,-1.00,429,backpressure,false,
candidateB_saturation_hard,2026-09-13T19:06:22.151125+08:00,10,true,6573.48,5883.64,200,,true,
candidateB_saturation_hard,2026-09-13T19:06:28.871094+08:00,0,true,1.04,-1.00,429,backpressure,false,
candidateB_saturation_hard,2026-09-13T19:06:28.871095+08:00,2,true,1.09,-1.00,429,backpressure,false,
candidateB_saturation_hard,2026-09-13T19:06:28.872236+08:00,5,false,0.56,-1.00,429,backpressure,false,
candidateB_saturation_hard,2026-09-13T19:06:28.872267+08:00,8,false,0.56,-1.00,429,backpressure,false,
candidateB_saturation_hard,2026-09-13T19:06:28.872827+08:00,1,true,0.40,-1.00,429,backpressure,false,
candidateB_saturation_hard,2026-09-13T19:06:28.872858+08:00,7,false,0.42,-1.00,429,backpressure,false,
candidateB_saturation_hard,2026-09-13T19:06:29.022025+08:00,2,true,0.58,-1.00,429,backpressure,false,
candidateB_saturation_hard,2026-09-13T19:06:29.022041+08:00,0,false,0.59,-1.00,429,backpressure,false,
candidateB_saturation_hard,2026-09-13T19:06:29.022286+08:00,8,false,0.65,-1.00,429,backpressure,false,
candidateB_saturation_hard,2026-09-13T19:06:29.022276+08:00,5,false,0.67,-1.00,429,backpressure,false,
candidateB_saturation_hard,2026-09-13T19:06:29.022959+08:00,7,false,0.18,-1.00,429,backpressure,false,
candidateB_saturation_hard,2026-09-13T19:06:29.022996+08:00,1,false,0.50,-1.00,429,backpressure,false,
candidateB_saturation_hard,2026-09-13T19:06:29.173102+08:00,1,false,1.63,-1.00,429,backpressure,false,
candidateB_saturation_hard,2026-09-13T19:06:29.173094+08:00,8,false,1.70,-1.00,429,backpressure,false,
candidateB_saturation_hard,2026-09-13T19:06:29.173139+08:00,0,false,1.69,-1.00,429,backpressure,false,
candidateB_saturation_hard,2026-09-13T19:06:29.17358+08:00,2,true,1.28,-1.00,429,backpressure,false,
candidateB_saturation_hard,2026-09-13T19:06:29.173161+08:00,5,false,1.71,-1.00,429,backpressure,false,
candidateB_saturation_hard,2026-09-13T19:06:29.173333+08:00,7,false,1.56,-1.00,429,backpressure,false,
candidateB_saturation_hard,2026-09-13T19:06:29.325523+08:00,0,false,1.66,-1.00,429,backpressure,false,
candidateB_saturation_hard,2026-09-13T19:06:29.32609+08:00,2,true,1.14,-1.00,429,backpressure,false,
candidateB_saturation_hard,2026-09-13T19:06:29.325057+08:00,7,false,2.24,-1.00,429,backpressure,false,
candidateB_saturation_hard,2026-09-13T19:06:29.325316+08:00,8,true,2.03,-1.00,429,backpressure,false,
candidateB_saturation_hard,2026-09-13T19:06:29.325269+08:00,1,false,2.13,-1.00,429,backpressure,false,
candidateB_saturation_hard,2026-09-13T19:06:29.325592+08:00,5,false,1.86,-1.00,429,backpressure,false,
candidateB_saturation_hard,2026-09-13T19:06:29.476203+08:00,8,false,1.46,-1.00,429,backpressure,false,
candidateB_saturation_hard,2026-09-13T19:06:29.47628+08:00,7,false,1.43,-1.00,429,backpressure,false,
candidateB_saturation_hard,2026-09-13T19:06:29.476165+08:00,2,true,1.60,-1.00,429,backpressure,false,
candidateB_saturation_hard,2026-09-13T19:06:29.476311+08:00,0,false,1.48,-1.00,429,backpressure,false,
candidateB_saturation_hard,2026-09-13T19:06:29.476631+08:00,5,false,1.20,-1.00,429,backpressure,false,
candidateB_saturation_hard,2026-09-13T19:06:29.476494+08:00,1,false,1.35,-1.00,429,backpressure,false,
candidateB_saturation_hard,2026-09-13T19:06:22.865064+08:00,6,true,6622.89,5998.48,200,,true,
candidateB_saturation_hard,2026-09-13T19:06:29.627573+08:00,8,true,1.90,-1.00,429,backpressure,false,
candidateB_saturation_hard,2026-09-13T19:06:29.627488+08:00,1,true,2.04,-1.00,429,backpressure,false,
candidateB_saturation_hard,2026-09-13T19:06:29.627654+08:00,7,true,1.97,-1.00,429,backpressure,false,
candidateB_saturation_hard,2026-09-13T19:06:29.627245+08:00,5,false,2.44,-1.00,429,backpressure,false,
candidateB_saturation_hard,2026-09-13T19:06:29.627254+08:00,0,true,2.48,-1.00,429,backpressure,false,
candidateB_saturation_hard,2026-09-13T19:06:29.627711+08:00,2,false,2.06,-1.00,429,backpressure,false,
candidateB_saturation_hard,2026-09-13T19:06:29.77913+08:00,8,true,3.33,-1.00,429,backpressure,false,
candidateB_saturation_hard,2026-09-13T19:06:29.778436+08:00,7,true,4.08,-1.00,429,backpressure,false,
candidateB_saturation_hard,2026-09-13T19:06:29.778488+08:00,5,false,4.12,-1.00,429,backpressure,false,
candidateB_saturation_hard,2026-09-13T19:06:29.778894+08:00,1,true,3.73,-1.00,429,backpressure,false,
candidateB_saturation_hard,2026-09-13T19:06:29.778718+08:00,0,false,3.94,-1.00,429,backpressure,false,
candidateB_saturation_hard,2026-09-13T19:06:29.778428+08:00,2,false,4.26,-1.00,429,backpressure,false,
candidateB_saturation_hard,2026-09-13T19:06:29.930237+08:00,7,false,1.80,-1.00,429,backpressure,false,
candidateB_saturation_hard,2026-09-13T19:06:29.930123+08:00,8,false,1.96,-1.00,429,backpressure,false,
candidateB_saturation_hard,2026-09-13T19:06:29.929918+08:00,2,false,2.22,-1.00,429,backpressure,false,
candidateB_saturation_hard,2026-09-13T19:06:29.929747+08:00,5,false,2.43,-1.00,429,backpressure,false,
candidateB_saturation_hard,2026-09-13T19:06:29.929572+08:00,1,false,2.65,-1.00,429,backpressure,false,
candidateB_saturation_hard,2026-09-13T19:06:29.929806+08:00,0,false,2.45,-1.00,429,backpressure,false,
candidateB_saturation_hard,2026-09-13T19:06:30.081077+08:00,1,false,1.71,-1.00,429,backpressure,false,
candidateB_saturation_hard,2026-09-13T19:06:30.081643+08:00,8,false,1.34,-1.00,429,backpressure,false,
candidateB_saturation_hard,2026-09-13T19:06:30.081361+08:00,2,false,1.68,-1.00,429,backpressure,false,
candidateB_saturation_hard,2026-09-13T19:06:30.081905+08:00,5,true,2.00,-1.00,429,backpressure,false,
candidateB_saturation_hard,2026-09-13T19:06:30.081332+08:00,0,false,2.66,-1.00,429,backpressure,false,
candidateB_saturation_hard,2026-09-13T19:06:30.081285+08:00,7,true,2.76,-1.00,429,backpressure,false,
candidateB_saturation_hard,2026-09-13T19:06:30.232956+08:00,7,false,2.22,-1.00,429,backpressure,false,
candidateB_saturation_hard,2026-09-13T19:06:30.232686+08:00,5,true,2.53,-1.00,429,backpressure,false,
candidateB_saturation_hard,2026-09-13T19:06:30.233177+08:00,0,true,2.10,-1.00,429,backpressure,false,
candidateB_saturation_hard,2026-09-13T19:06:30.232374+08:00,8,false,2.91,-1.00,429,backpressure,false,
candidateB_saturation_hard,2026-09-13T19:06:30.232433+08:00,2,false,2.88,-1.00,429,backpressure,false,
candidateB_saturation_hard,2026-09-13T19:06:30.232387+08:00,1,true,2.95,-1.00,429,backpressure,false,
candidateB_saturation_hard,2026-09-13T19:06:23.614902+08:00,12,true,6677.11,5986.51,200,,true,
candidateB_saturation_hard,2026-09-13T19:06:30.385304+08:00,8,false,2.26,-1.00,429,backpressure,false,
candidateB_saturation_hard,2026-09-13T19:06:30.38701+08:00,7,false,1.22,-1.00,429,backpressure,false,
candidateB_saturation_hard,2026-09-13T19:06:30.385843+08:00,0,false,2.72,-1.00,429,backpressure,false,
candidateB_saturation_hard,2026-09-13T19:06:30.387023+08:00,5,false,1.58,-1.00,429,backpressure,false,
candidateB_saturation_hard,2026-09-13T19:06:30.386646+08:00,2,false,2.04,-1.00,429,backpressure,false,
candidateB_saturation_hard,2026-09-13T19:06:30.387129+08:00,1,false,1.59,-1.00,429,backpressure,false,
candidateB_saturation_hard,2026-09-13T19:06:30.536367+08:00,8,false,0.54,-1.00,429,backpressure,false,
candidateB_saturation_hard,2026-09-13T19:06:30.536335+08:00,0,false,0.58,-1.00,429,backpressure,false,
candidateB_saturation_hard,2026-09-13T19:06:30.536414+08:00,2,true,0.55,-1.00,429,backpressure,false,
candidateB_saturation_hard,2026-09-13T19:06:30.536921+08:00,5,false,0.23,-1.00,429,backpressure,false,
candidateB_saturation_hard,2026-09-13T19:06:30.537055+08:00,7,true,0.24,-1.00,429,backpressure,false,
candidateB_saturation_hard,2026-09-13T19:06:30.537202+08:00,1,true,0.31,-1.00,429,backpressure,false,
candidateB_saturation_hard,2026-09-13T19:06:30.688036+08:00,8,false,1.95,-1.00,429,backpressure,false,
candidateB_saturation_hard,2026-09-13T19:06:30.687436+08:00,5,true,2.60,-1.00,429,backpressure,false,
candidateB_saturation_hard,2026-09-13T19:06:30.688067+08:00,2,true,1.92,-1.00,429,backpressure,false,
candidateB_saturation_hard,2026-09-13T19:06:30.687629+08:00,7,false,2.46,-1.00,429,backpressure,false,
candidateB_saturation_hard,2026-09-13T19:06:30.687436+08:00,1,true,2.67,-1.00,429,backpressure,false,
candidateB_saturation_hard,2026-09-13T19:06:30.688183+08:00,0,false,1.96,-1.00,429,backpressure,false,
candidateB_saturation_hard,2026-09-13T19:06:30.838376+08:00,2,false,2.06,-1.00,429,backpressure,false,
candidateB_saturation_hard,2026-09-13T19:06:30.838064+08:00,1,false,2.43,-1.00,429,backpressure,false,
candidateB_saturation_hard,2026-09-13T19:06:30.841364+08:00,0,false,0.62,-1.00,429,backpressure,false,
candidateB_saturation_hard,2026-09-13T19:06:30.841259+08:00,5,true,0.80,-1.00,429,backpressure,false,
candidateB_saturation_hard,2026-09-13T19:06:30.838049+08:00,7,false,4.07,-1.00,429,backpressure,false,
candidateB_saturation_hard,2026-09-13T19:06:30.839029+08:00,8,true,3.13,-1.00,429,backpressure,false,
candidateB_saturation_hard,2026-09-13T19:06:30.989488+08:00,5,false,0.97,-1.00,429,backpressure,false,
candidateB_saturation_hard,2026-09-13T19:06:30.989407+08:00,0,false,1.21,-1.00,429,backpressure,false,
candidateB_saturation_hard,2026-09-13T19:06:30.988955+08:00,1,true,1.73,-1.00,429,backpressure,false,
candidateB_saturation_hard,2026-09-13T19:06:30.989193+08:00,8,false,1.53,-1.00,429,backpressure,false,
candidateB_saturation_hard,2026-09-13T19:06:30.988952+08:00,2,true,1.81,-1.00,429,backpressure,false,
candidateB_saturation_hard,2026-09-13T19:06:30.988989+08:00,7,true,1.79,-1.00,429,backpressure,false,
candidateB_saturation_hard,2026-09-13T19:06:24.329507+08:00,13,false,6702.61,-1.00,200,,true,
candidateB_saturation_hard,2026-09-13T19:06:31.140452+08:00,8,false,1.81,-1.00,429,backpressure,false,
candidateB_saturation_hard,2026-09-13T19:06:31.140033+08:00,1,false,2.29,-1.00,429,backpressure,false,
candidateB_saturation_hard,2026-09-13T19:06:31.140015+08:00,5,true,2.33,-1.00,429,backpressure,false,
candidateB_saturation_hard,2026-09-13T19:06:31.140061+08:00,2,false,2.34,-1.00,429,backpressure,false,
candidateB_saturation_hard,2026-09-13T19:06:31.140281+08:00,0,false,2.16,-1.00,429,backpressure,false,
candidateB_saturation_hard,2026-09-13T19:06:31.140555+08:00,7,false,1.91,-1.00,429,backpressure,false,
candidateB_saturation_hard,2026-09-13T19:06:31.291566+08:00,2,true,1.86,-1.00,429,backpressure,false,
candidateB_saturation_hard,2026-09-13T19:06:31.291463+08:00,0,false,2.01,-1.00,429,backpressure,false,
candidateB_saturation_hard,2026-09-13T19:06:31.291385+08:00,8,false,2.15,-1.00,429,backpressure,false,
candidateB_saturation_hard,2026-09-13T19:06:31.291398+08:00,5,false,2.18,-1.00,429,backpressure,false,
candidateB_saturation_hard,2026-09-13T19:06:31.291883+08:00,7,true,1.89,-1.00,429,backpressure,false,
candidateB_saturation_hard,2026-09-13T19:06:31.291986+08:00,1,false,2.05,-1.00,429,backpressure,false,
candidateB_saturation_hard,2026-09-13T19:06:31.442045+08:00,1,false,1.67,-1.00,429,backpressure,false,
candidateB_saturation_hard,2026-09-13T19:06:31.442442+08:00,0,false,1.36,-1.00,429,backpressure,false,
candidateB_saturation_hard,2026-09-13T19:06:31.442076+08:00,8,false,1.87,-1.00,429,backpressure,false,
candidateB_saturation_hard,2026-09-13T19:06:31.442154+08:00,5,true,1.81,-1.00,429,backpressure,false,
candidateB_saturation_hard,2026-09-13T19:06:31.442027+08:00,2,true,2.46,-1.00,429,backpressure,false,
candidateB_saturation_hard,2026-09-13T19:06:31.442707+08:00,7,false,1.79,-1.00,429,backpressure,false,
candidateB_saturation_hard,2026-09-13T19:06:31.593146+08:00,0,true,2.02,-1.00,429,backpressure,false,
candidateB_saturation_hard,2026-09-13T19:06:31.593553+08:00,5,true,1.68,-1.00,429,backpressure,false,
candidateB_saturation_hard,2026-09-13T19:06:31.593073+08:00,7,false,2.22,-1.00,429,backpressure,false,
candidateB_saturation_hard,2026-09-13T19:06:31.593679+08:00,8,false,1.67,-1.00,429,backpressure,false,
candidateB_saturation_hard,2026-09-13T19:06:31.593075+08:00,2,false,2.54,-1.00,429,backpressure,false,
candidateB_saturation_hard,2026-09-13T19:06:31.593255+08:00,1,false,2.40,-1.00,429,backpressure,false,
candidateB_saturation_hard,2026-09-13T19:06:31.743495+08:00,2,false,1.82,-1.00,429,backpressure,false,
candidateB_saturation_hard,2026-09-13T19:06:31.743788+08:00,1,false,1.61,-1.00,429,backpressure,false,
candidateB_saturation_hard,2026-09-13T19:06:31.744682+08:00,0,false,5.46,-1.00,429,backpressure,false,
candidateB_saturation_hard,2026-09-13T19:06:31.744374+08:00,7,false,5.79,-1.00,429,backpressure,false,
candidateB_saturation_hard,2026-09-13T19:06:31.74395+08:00,8,true,6.22,-1.00,429,backpressure,false,
candidateB_saturation_hard,2026-09-13T19:06:31.745044+08:00,5,false,5.14,-1.00,429,backpressure,false,
candidateB_saturation_hard,2026-09-13T19:06:25.039423+08:00,3,false,6761.41,-1.00,200,,true,
candidateB_saturation_hard,2026-09-13T19:06:31.894489+08:00,7,true,2.12,-1.00,429,backpressure,false,
candidateB_saturation_hard,2026-09-13T19:06:31.894184+08:00,1,false,2.44,-1.00,429,backpressure,false,
candidateB_saturation_hard,2026-09-13T19:06:31.894722+08:00,0,false,1.96,-1.00,429,backpressure,false,
candidateB_saturation_hard,2026-09-13T19:06:31.894555+08:00,8,false,2.17,-1.00,429,backpressure,false,
candidateB_saturation_hard,2026-09-13T19:06:31.89427+08:00,2,false,2.52,-1.00,429,backpressure,false,
candidateB_saturation_hard,2026-09-13T19:06:31.895055+08:00,5,true,1.76,-1.00,429,backpressure,false,
candidateB_saturation_hard,2026-09-13T19:06:32.045259+08:00,8,true,4.40,-1.00,429,backpressure,false,
candidateB_saturation_hard,2026-09-13T19:06:32.048509+08:00,0,true,1.20,-1.00,429,backpressure,false,
candidateB_saturation_hard,2026-09-13T19:06:32.047986+08:00,5,true,1.77,-1.00,429,backpressure,false,
candidateB_saturation_hard,2026-09-13T19:06:32.048373+08:00,7,false,1.69,-1.00,429,backpressure,false,
candidateB_saturation_hard,2026-09-13T19:06:32.045313+08:00,1,false,4.83,-1.00,429,backpressure,false,
candidateB_saturation_hard,2026-09-13T19:06:32.047761+08:00,2,true,2.45,-1.00,429,backpressure,false,
candidateB_saturation_hard,2026-09-13T19:06:32.196263+08:00,1,false,1.33,-1.00,429,backpressure,false,
candidateB_saturation_hard,2026-09-13T19:06:32.19665+08:00,8,true,0.94,-1.00,429,backpressure,false,
candidateB_saturation_hard,2026-09-13T19:06:32.197777+08:00,2,true,0.32,-1.00,429,backpressure,false,
candidateB_saturation_hard,2026-09-13T19:06:32.198063+08:00,5,false,0.25,-1.00,429,backpressure,false,
candidateB_saturation_hard,2026-09-13T19:06:32.198422+08:00,7,false,0.22,-1.00,429,backpressure,false,
candidateB_saturation_hard,2026-09-13T19:06:32.198561+08:00,0,false,0.25,-1.00,429,backpressure,false,
candidateB_saturation_hard,2026-09-13T19:06:32.348413+08:00,5,false,1.18,-1.00,429,backpressure,false,
candidateB_saturation_hard,2026-09-13T19:06:32.348473+08:00,7,true,1.19,-1.00,429,backpressure,false,
candidateB_saturation_hard,2026-09-13T19:06:32.348678+08:00,1,false,1.70,-1.00,429,backpressure,false,
candidateB_saturation_hard,2026-09-13T19:06:32.348967+08:00,2,true,1.48,-1.00,429,backpressure,false,
candidateB_saturation_hard,2026-09-13T19:06:32.348644+08:00,0,false,1.85,-1.00,429,backpressure,false,
candidateB_saturation_hard,2026-09-13T19:06:32.349095+08:00,8,false,1.45,-1.00,429,backpressure,false,
candidateB_saturation_hard,2026-09-13T19:06:32.499219+08:00,8,false,2.16,-1.00,429,backpressure,false,
candidateB_saturation_hard,2026-09-13T19:06:32.499428+08:00,0,true,2.05,-1.00,429,backpressure,false,
candidateB_saturation_hard,2026-09-13T19:06:32.499936+08:00,5,false,1.60,-1.00,429,backpressure,false,
candidateB_saturation_hard,2026-09-13T19:06:32.500121+08:00,2,false,1.44,-1.00,429,backpressure,false,
candidateB_saturation_hard,2026-09-13T19:06:32.499502+08:00,1,false,2.08,-1.00,429,backpressure,false,
candidateB_saturation_hard,2026-09-13T19:06:32.499434+08:00,7,true,2.24,-1.00,429,backpressure,false,
candidateB_saturation_hard,2026-09-13T19:06:25.996065+08:00,11,true,6543.88,5924.74,200,,true,
candidateB_saturation_hard,2026-09-13T19:06:32.650231+08:00,8,true,4.18,-1.00,429,backpressure,false,
candidateB_saturation_hard,2026-09-13T19:06:32.650626+08:00,0,false,3.78,-1.00,429,backpressure,false,
candidateB_saturation_hard,2026-09-13T19:06:32.65154+08:00,7,true,2.91,-1.00,429,backpressure,false,
candidateB_saturation_hard,2026-09-13T19:06:32.651069+08:00,5,false,3.38,-1.00,429,backpressure,false,
candidateB_saturation_hard,2026-09-13T19:06:32.649932+08:00,1,false,4.52,-1.00,429,backpressure,false,
candidateB_saturation_hard,2026-09-13T19:06:32.651387+08:00,2,true,3.07,-1.00,429,backpressure,false,
candidateB_saturation_hard,2026-09-13T19:06:32.800148+08:00,1,true,1.06,-1.00,429,backpressure,false,
candidateB_saturation_hard,2026-09-13T19:06:32.800255+08:00,8,true,1.04,-1.00,429,backpressure,false,
candidateB_saturation_hard,2026-09-13T19:06:32.800858+08:00,0,false,1.08,-1.00,429,backpressure,false,
candidateB_saturation_hard,2026-09-13T19:06:32.801334+08:00,5,false,0.66,-1.00,429,backpressure,false,
candidateB_saturation_hard,2026-09-13T19:06:32.80141+08:00,2,true,0.66,-1.00,429,backpressure,false,
candidateB_saturation_hard,2026-09-13T19:06:32.80204+08:00,7,false,0.35,-1.00,429,backpressure,false,
candidateB_saturation_hard,2026-09-13T19:06:32.952103+08:00,5,true,1.88,-1.00,429,backpressure,false,
candidateB_saturation_hard,2026-09-13T19:06:32.951973+08:00,2,true,2.05,-1.00,429,backpressure,false,
candidateB_saturation_hard,2026-09-13T19:06:32.952424+08:00,7,false,1.67,-1.00,429,backpressure,false,
candidateB_saturation_hard,2026-09-13T19:06:32.951541+08:00,8,true,2.60,-1.00,429,backpressure,false,
candidateB_saturation_hard,2026-09-13T19:06:32.951261+08:00,0,false,2.93,-1.00,429,backpressure,false,
candidateB_saturation_hard,2026-09-13T19:06:32.951483+08:00,1,false,2.75,-1.00,429,backpressure,false,
candidateB_saturation_hard,2026-09-13T19:06:33.10253+08:00,2,false,2.05,-1.00,429,backpressure,false,
candidateB_saturation_hard,2026-09-13T19:06:33.102836+08:00,7,true,1.79,-1.00,429,backpressure,false,
candidateB_saturation_hard,2026-09-13T19:06:33.10235+08:00,5,true,2.40,-1.00,429,backpressure,false,
candidateB_saturation_hard,2026-09-13T19:06:33.102371+08:00,8,false,2.46,-1.00,429,backpressure,false,
candidateB_saturation_hard,2026-09-13T19:06:33.103006+08:00,1,false,1.89,-1.00,429,backpressure,false,
candidateB_saturation_hard,2026-09-13T19:06:33.102402+08:00,0,false,2.56,-1.00,429,backpressure,false,
candidateB_saturation_hard,2026-09-13T19:06:26.835631+08:00,4,false,6316.22,-1.00,200,,true,
candidateB_saturation_hard,2026-09-13T19:06:33.254367+08:00,1,false,1.85,-1.00,429,backpressure,false,
candidateB_saturation_hard,2026-09-13T19:06:33.254328+08:00,5,false,1.97,-1.00,429,backpressure,false,
candidateB_saturation_hard,2026-09-13T19:06:33.254998+08:00,0,true,1.37,-1.00,429,backpressure,false,
candidateB_saturation_hard,2026-09-13T19:06:33.254604+08:00,8,true,1.82,-1.00,429,backpressure,false,
candidateB_saturation_hard,2026-09-13T19:06:33.25466+08:00,2,true,1.79,-1.00,429,backpressure,false,
candidateB_saturation_hard,2026-09-13T19:06:33.25485+08:00,7,false,1.62,-1.00,429,backpressure,false,
candidateB_saturation_hard,2026-09-13T19:06:33.405016+08:00,0,false,1.89,-1.00,429,backpressure,false,
candidateB_saturation_hard,2026-09-13T19:06:33.405486+08:00,1,false,2.24,-1.00,429,backpressure,false,
candidateB_saturation_hard,2026-09-13T19:06:33.404984+08:00,5,false,3.31,-1.00,429,backpressure,false,
candidateB_saturation_hard,2026-09-13T19:06:33.404939+08:00,7,false,3.42,-1.00,429,backpressure,false,
candidateB_saturation_hard,2026-09-13T19:06:33.405184+08:00,8,false,3.20,-1.00,429,backpressure,false,
candidateB_saturation_hard,2026-09-13T19:06:33.405584+08:00,2,false,3.17,-1.00,429,backpressure,false,
candidateB_saturation_hard,2026-09-13T19:06:33.555343+08:00,5,false,1.45,-1.00,429,backpressure,false,
candidateB_saturation_hard,2026-09-13T19:06:33.555505+08:00,0,true,1.32,-1.00,429,backpressure,false,
candidateB_saturation_hard,2026-09-13T19:06:33.555406+08:00,8,false,1.46,-1.00,429,backpressure,false,
candidateB_saturation_hard,2026-09-13T19:06:33.555342+08:00,7,true,1.57,-1.00,429,backpressure,false,
candidateB_saturation_hard,2026-09-13T19:06:33.555691+08:00,1,false,1.25,-1.00,429,backpressure,false,
candidateB_saturation_hard,2026-09-13T19:06:33.55576+08:00,2,false,1.42,-1.00,429,backpressure,false,
candidateB_saturation_hard,2026-09-13T19:06:33.70671+08:00,1,true,1.99,-1.00,429,backpressure,false,
candidateB_saturation_hard,2026-09-13T19:06:33.70703+08:00,5,false,1.72,-1.00,429,backpressure,false,
candidateB_saturation_hard,2026-09-13T19:06:33.706471+08:00,2,false,2.30,-1.00,429,backpressure,false,
candidateB_saturation_hard,2026-09-13T19:06:33.706747+08:00,8,false,2.09,-1.00,429,backpressure,false,
candidateB_saturation_hard,2026-09-13T19:06:33.707129+08:00,7,false,1.72,-1.00,429,backpressure,false,
candidateB_saturation_hard,2026-09-13T19:06:33.706653+08:00,0,false,2.23,-1.00,429,backpressure,false,
candidateB_saturation_hard,2026-09-13T19:06:33.857608+08:00,7,true,2.11,-1.00,429,backpressure,false,
candidateB_saturation_hard,2026-09-13T19:06:33.857683+08:00,1,true,2.09,-1.00,429,backpressure,false,
candidateB_saturation_hard,2026-09-13T19:06:33.85771+08:00,2,false,2.10,-1.00,429,backpressure,false,
candidateB_saturation_hard,2026-09-13T19:06:33.857621+08:00,5,false,2.26,-1.00,429,backpressure,false,
candidateB_saturation_hard,2026-09-13T19:06:33.858079+08:00,8,false,1.91,-1.00,429,backpressure,false,
candidateB_saturation_hard,2026-09-13T19:06:33.858238+08:00,0,true,1.81,-1.00,429,backpressure,false,
candidateB_saturation_hard,2026-09-13T19:06:27.910238+08:00,9,true,6092.54,5363.29,200,,true,
candidateB_saturation_hard,2026-09-13T19:06:34.00778+08:00,2,false,1.82,-1.00,429,backpressure,false,
candidateB_saturation_hard,2026-09-13T19:06:34.008185+08:00,8,true,1.45,-1.00,429,backpressure,false,
candidateB_saturation_hard,2026-09-13T19:06:34.008233+08:00,0,false,2.98,-1.00,429,backpressure,false,
candidateB_saturation_hard,2026-09-13T19:06:34.007738+08:00,7,false,3.59,-1.00,429,backpressure,false,
candidateB_saturation_hard,2026-09-13T19:06:34.008111+08:00,5,false,3.28,-1.00,429,backpressure,false,
candidateB_saturation_hard,2026-09-13T19:06:34.008021+08:00,1,true,3.40,-1.00,429,backpressure,false,
candidateB_saturation_hard,2026-09-13T19:06:34.158886+08:00,1,false,2.24,-1.00,429,backpressure,false,
candidateB_saturation_hard,2026-09-13T19:06:34.158886+08:00,0,true,2.26,-1.00,429,backpressure,false,
candidateB_saturation_hard,2026-09-13T19:06:34.159379+08:00,2,false,1.82,-1.00,429,backpressure,false,
candidateB_saturation_hard,2026-09-13T19:06:34.159821+08:00,5,true,1.42,-1.00,429,backpressure,false,
candidateB_saturation_hard,2026-09-13T19:06:34.159441+08:00,7,true,1.84,-1.00,429,backpressure,false,
candidateB_saturation_hard,2026-09-13T19:06:34.159987+08:00,8,false,1.32,-1.00,429,backpressure,false,
candidateB_saturation_hard,2026-09-13T19:06:34.310553+08:00,5,true,1.51,-1.00,429,backpressure,false,
candidateB_saturation_hard,2026-09-13T19:06:34.310452+08:00,7,false,1.67,-1.00,429,backpressure,false,
candidateB_saturation_hard,2026-09-13T19:06:34.310193+08:00,1,false,2.20,-1.00,429,backpressure,false,
candidateB_saturation_hard,2026-09-13T19:06:34.309926+08:00,2,false,3.58,-1.00,429,backpressure,false,
candidateB_saturation_hard,2026-09-13T19:06:34.310217+08:00,8,false,3.79,-1.00,429,backpressure,false,
candidateB_saturation_hard,2026-09-13T19:06:34.310149+08:00,0,false,3.87,-1.00,429,backpressure,false,
candidateB_saturation_hard,2026-09-13T19:06:34.461499+08:00,2,false,1.53,-1.00,429,backpressure,false,
candidateB_saturation_hard,2026-09-13T19:06:34.461026+08:00,8,true,2.08,-1.00,429,backpressure,false,
candidateB_saturation_hard,2026-09-13T19:06:34.461211+08:00,5,false,2.04,-1.00,429,backpressure,false,
candidateB_saturation_hard,2026-09-13T19:06:34.461046+08:00,0,false,2.24,-1.00,429,backpressure,false,
candidateB_saturation_hard,2026-09-13T19:06:34.46186+08:00,7,false,1.78,-1.00,429,backpressure,false,
candidateB_saturation_hard,2026-09-13T19:06:34.461289+08:00,1,false,2.36,-1.00,429,backpressure,false,
candidateB_saturation_hard,2026-09-13T19:06:34.612175+08:00,7,true,3.80,-1.00,429,backpressure,false,
candidateB_saturation_hard,2026-09-13T19:06:34.614393+08:00,0,true,1.61,-1.00,429,backpressure,false,
candidateB_saturation_hard,2026-09-13T19:06:34.614064+08:00,8,true,2.02,-1.00,429,backpressure,false,
candidateB_saturation_hard,2026-09-13T19:06:34.614534+08:00,1,false,1.56,-1.00,429,backpressure,false,
candidateB_saturation_hard,2026-09-13T19:06:34.612221+08:00,2,false,3.92,-1.00,429,backpressure,false,
candidateB_saturation_hard,2026-09-13T19:06:34.6142+08:00,5,true,1.96,-1.00,429,backpressure,false,
candidateB_saturation_hard,2026-09-13T19:06:34.763252+08:00,7,true,0.88,-1.00,429,backpressure,false,
candidateB_saturation_hard,2026-09-13T19:06:34.763246+08:00,2,true,0.93,-1.00,429,backpressure,false,
candidateB_saturation_hard,2026-09-13T19:06:34.764231+08:00,5,false,0.37,-1.00,429,backpressure,false,
candidateB_saturation_hard,2026-09-13T19:06:34.764194+08:00,8,false,0.43,-1.00,429,backpressure,false,
candidateB_saturation_hard,2026-09-13T19:06:34.764658+08:00,1,false,0.32,-1.00,429,backpressure,false,
candidateB_saturation_hard,2026-09-13T19:06:34.764669+08:00,0,true,0.32,-1.00,429,backpressure,false,
candidateB_saturation_hard,2026-09-13T19:06:34.914676+08:00,7,false,1.87,-1.00,429,backpressure,false,
candidateB_saturation_hard,2026-09-13T19:06:34.915169+08:00,8,false,1.42,-1.00,429,backpressure,false,
candidateB_saturation_hard,2026-09-13T19:06:34.914749+08:00,1,true,1.91,-1.00,429,backpressure,false,
candidateB_saturation_hard,2026-09-13T19:06:34.914683+08:00,2,true,2.44,-1.00,429,backpressure,false,
candidateB_saturation_hard,2026-09-13T19:06:34.91473+08:00,0,false,2.47,-1.00,429,backpressure,false,
candidateB_saturation_hard,2026-09-13T19:06:34.914972+08:00,5,true,2.39,-1.00,429,backpressure,false,
candidateB_saturation_hard,2026-09-13T19:06:28.724793+08:00,10,false,6201.11,-1.00,200,,true,
candidateB_saturation_hard,2026-09-13T19:06:35.065863+08:00,2,false,1.80,-1.00,429,backpressure,false,
candidateB_saturation_hard,2026-09-13T19:06:35.065726+08:00,8,false,2.13,-1.00,429,backpressure,false,
candidateB_saturation_hard,2026-09-13T19:06:35.065726+08:00,5,true,2.21,-1.00,429,backpressure,false,
candidateB_saturation_hard,2026-09-13T19:06:35.06615+08:00,0,true,1.89,-1.00,429,backpressure,false,
candidateB_saturation_hard,2026-09-13T19:06:35.066674+08:00,1,true,1.41,-1.00,429,backpressure,false,
candidateB_saturation_hard,2026-09-13T19:06:35.065759+08:00,7,false,2.55,-1.00,429,backpressure,false,
candidateB_saturation_hard,2026-09-13T19:06:35.216652+08:00,0,false,3.61,-1.00,429,backpressure,false,
candidateB_saturation_hard,2026-09-13T19:06:35.217456+08:00,2,false,2.86,-1.00,429,backpressure,false,
candidateB_saturation_hard,2026-09-13T19:06:35.216893+08:00,5,false,3.52,-1.00,429,backpressure,false,
candidateB_saturation_hard,2026-09-13T19:06:35.217321+08:00,7,false,3.25,-1.00,429,backpressure,false,
candidateB_saturation_hard,2026-09-13T19:06:35.216978+08:00,8,false,3.72,-1.00,429,backpressure,false,
candidateB_saturation_hard,2026-09-13T19:06:35.217851+08:00,1,true,2.95,-1.00,429,backpressure,false,
candidateB_saturation_hard,2026-09-13T19:06:35.367773+08:00,2,false,1.99,-1.00,429,backpressure,false,
candidateB_saturation_hard,2026-09-13T19:06:35.368354+08:00,5,true,1.43,-1.00,429,backpressure,false,
candidateB_saturation_hard,2026-09-13T19:06:35.368085+08:00,8,false,1.75,-1.00,429,backpressure,false,
candidateB_saturation_hard,2026-09-13T19:06:35.368697+08:00,1,false,1.21,-1.00,429,backpressure,false,
candidateB_saturation_hard,2026-09-13T19:06:35.368021+08:00,0,false,1.90,-1.00,429,backpressure,false,
candidateB_saturation_hard,2026-09-13T19:06:35.368113+08:00,7,false,2.20,-1.00,429,backpressure,false,
candidateB_saturation_hard,2026-09-13T19:06:35.519159+08:00,2,false,1.13,-1.00,429,backpressure,false,
candidateB_saturation_hard,2026-09-13T19:06:35.51922+08:00,5,false,1.86,-1.00,429,backpressure,false,
candidateB_saturation_hard,2026-09-13T19:06:35.519194+08:00,7,false,1.89,-1.00,429,backpressure,false,
candidateB_saturation_hard,2026-09-13T19:06:35.519534+08:00,0,true,1.59,-1.00,429,backpressure,false,
candidateB_saturation_hard,2026-09-13T19:06:35.520394+08:00,8,true,0.76,-1.00,429,backpressure,false,
candidateB_saturation_hard,2026-09-13T19:06:35.518835+08:00,1,false,2.33,-1.00,429,backpressure,false,
candidateB_saturation_hard,2026-09-13T19:06:35.670067+08:00,5,false,1.64,-1.00,429,backpressure,false,
candidateB_saturation_hard,2026-09-13T19:06:35.670604+08:00,7,false,1.25,-1.00,429,backpressure,false,
candidateB_saturation_hard,2026-09-13T19:06:35.670499+08:00,1,true,1.42,-1.00,429,backpressure,false,
candidateB_saturation_hard,2026-09-13T19:06:35.670355+08:00,0,false,1.67,-1.00,429,backpressure,false,
candidateB_saturation_hard,2026-09-13T19:06:35.669919+08:00,2,true,5.41,-1.00,429,backpressure,false,
candidateB_saturation_hard,2026-09-13T19:06:35.669919+08:00,8,false,5.41,-1.00,429,backpressure,false,
candidateB_saturation_hard,2026-09-13T19:06:29.488161+08:00,6,true,6187.44,5567.57,200,,true,
candidateB_saturation_hard,2026-09-13T19:06:35.821276+08:00,8,true,2.43,-1.00,429,backpressure,false,
candidateB_saturation_hard,2026-09-13T19:06:35.821471+08:00,5,false,2.29,-1.00,429,backpressure,false,
candidateB_saturation_hard,2026-09-13T19:06:35.821376+08:00,1,true,2.53,-1.00,429,backpressure,false,
candidateB_saturation_hard,2026-09-13T19:06:35.821276+08:00,7,false,2.69,-1.00,429,backpressure,false,
candidateB_saturation_hard,2026-09-13T19:06:35.821332+08:00,0,false,2.70,-1.00,429,backpressure,false,
candidateB_saturation_hard,2026-09-13T19:06:35.821857+08:00,2,true,2.24,-1.00,429,backpressure,false,
candidateB_saturation_hard,2026-09-13T19:06:35.972061+08:00,1,true,0.55,-1.00,429,backpressure,false,
candidateB_saturation_hard,2026-09-13T19:06:35.971959+08:00,8,true,0.66,-1.00,429,backpressure,false,
candidateB_saturation_hard,2026-09-13T19:06:35.97195+08:00,2,true,0.69,-1.00,429,backpressure,false,
candidateB_saturation_hard,2026-09-13T19:06:35.972035+08:00,0,false,0.61,-1.00,429,backpressure,false,
candidateB_saturation_hard,2026-09-13T19:06:35.972161+08:00,7,true,0.49,-1.00,429,backpressure,false,
candidateB_saturation_hard,2026-09-13T19:06:35.972082+08:00,5,false,0.69,-1.00,429,backpressure,false,
candidateB_saturation_hard,2026-09-13T19:06:36.122964+08:00,1,true,0.49,-1.00,429,backpressure,false,
candidateB_saturation_hard,2026-09-13T19:06:36.122991+08:00,2,false,0.48,-1.00,429,backpressure,false,
candidateB_saturation_hard,2026-09-13T19:06:36.123081+08:00,7,false,0.59,-1.00,429,backpressure,false,
candidateB_saturation_hard,2026-09-13T19:06:36.123065+08:00,5,true,0.62,-1.00,429,backpressure,false,
candidateB_saturation_hard,2026-09-13T19:06:36.12303+08:00,0,false,0.78,-1.00,429,backpressure,false,
candidateB_saturation_hard,2026-09-13T19:06:36.123026+08:00,8,false,0.80,-1.00,429,backpressure,false,
candidateB_saturation_hard,2026-09-13T19:06:36.273539+08:00,1,false,0.68,-1.00,429,backpressure,false,
candidateB_saturation_hard,2026-09-13T19:06:36.273509+08:00,8,false,0.77,-1.00,429,backpressure,false,
candidateB_saturation_hard,2026-09-13T19:06:36.273498+08:00,5,true,0.88,-1.00,429,backpressure,false,
candidateB_saturation_hard,2026-09-13T19:06:36.273607+08:00,2,false,0.91,-1.00,429,backpressure,false,
candidateB_saturation_hard,2026-09-13T19:06:36.273544+08:00,7,false,1.05,-1.00,429,backpressure,false,
candidateB_saturation_hard,2026-09-13T19:06:36.273642+08:00,0,false,1.01,-1.00,429,backpressure,false,
candidateB_saturation_hard,2026-09-13T19:06:36.424525+08:00,0,true,1.92,-1.00,429,backpressure,false,
candidateB_saturation_hard,2026-09-13T19:06:36.425079+08:00,1,true,1.40,-1.00,429,backpressure,false,
candidateB_saturation_hard,2026-09-13T19:06:36.424576+08:00,8,false,1.96,-1.00,429,backpressure,false,
candidateB_saturation_hard,2026-09-13T19:06:36.424693+08:00,5,true,1.92,-1.00,429,backpressure,false,
candidateB_saturation_hard,2026-09-13T19:06:36.424525+08:00,2,true,2.10,-1.00,429,backpressure,false,
candidateB_saturation_hard,2026-09-13T19:06:36.424786+08:00,7,false,2.16,-1.00,429,backpressure,false,
candidateB_saturation_hard,2026-09-13T19:06:30.29222+08:00,12,true,6237.47,5505.01,200,,true,
candidateB_saturation_hard,2026-09-13T19:06:36.575287+08:00,2,false,1.58,-1.00,429,backpressure,false,
candidateB_saturation_hard,2026-09-13T19:06:36.574974+08:00,7,true,1.96,-1.00,429,backpressure,false,
candidateB_saturation_hard,2026-09-13T19:06:36.575012+08:00,0,false,1.98,-1.00,429,backpressure,false,
candidateB_saturation_hard,2026-09-13T19:06:36.575494+08:00,5,true,1.52,-1.00,429,backpressure,false,
candidateB_saturation_hard,2026-09-13T19:06:36.574974+08:00,8,false,2.06,-1.00,429,backpressure,false,
candidateB_saturation_hard,2026-09-13T19:06:36.575205+08:00,1,false,1.89,-1.00,429,backpressure,false,
candidateB_saturation_hard,2026-09-13T19:06:36.72608+08:00,0,false,1.34,-1.00,429,backpressure,false,
candidateB_saturation_hard,2026-09-13T19:06:36.726044+08:00,2,false,1.41,-1.00,429,backpressure,false,
candidateB_saturation_hard,2026-09-13T19:06:36.7262+08:00,8,false,1.30,-1.00,429,backpressure,false,
candidateB_saturation_hard,2026-09-13T19:06:36.726408+08:00,1,false,1.12,-1.00,429,backpressure,false,
candidateB_saturation_hard,2026-09-13T19:06:36.726057+08:00,7,true,1.65,-1.00,429,backpressure,false,
candidateB_saturation_hard,2026-09-13T19:06:36.726478+08:00,5,false,1.24,-1.00,429,backpressure,false,
candidateB_saturation_hard,2026-09-13T19:06:36.877612+08:00,7,false,1.00,-1.00,429,backpressure,false,
candidateB_saturation_hard,2026-09-13T19:06:36.877542+08:00,5,true,1.10,-1.00,429,backpressure,false,
candidateB_saturation_hard,2026-09-13T19:06:36.877302+08:00,0,false,1.38,-1.00,429,backpressure,false,
candidateB_saturation_hard,2026-09-13T19:06:36.877322+08:00,8,true,1.40,-1.00,429,backpressure,false,
candidateB_saturation_hard,2026-09-13T19:06:36.87712+08:00,1,true,1.64,-1.00,429,backpressure,false,
candidateB_saturation_hard,2026-09-13T19:06:36.877274+08:00,2,false,1.52,-1.00,429,backpressure,false,
candidateB_saturation_hard,2026-09-13T19:06:37.028201+08:00,0,true,2.14,-1.00,429,backpressure,false,
candidateB_saturation_hard,2026-09-13T19:06:37.028618+08:00,2,false,1.81,-1.00,429,backpressure,false,
candidateB_saturation_hard,2026-09-13T19:06:37.028232+08:00,8,true,2.22,-1.00,429,backpressure,false,
candidateB_saturation_hard,2026-09-13T19:06:37.0282+08:00,7,true,2.34,-1.00,429,backpressure,false,
candidateB_saturation_hard,2026-09-13T19:06:37.02833+08:00,5,false,2.25,-1.00,429,backpressure,false,
candidateB_saturation_hard,2026-09-13T19:06:37.028395+08:00,1,false,2.34,-1.00,429,backpressure,false,
candidateB_saturation_hard,2026-09-13T19:06:37.178709+08:00,2,true,8.02,-1.00,429,backpressure,false,
candidateB_saturation_hard,2026-09-13T19:06:37.182292+08:00,1,true,4.47,-1.00,429,backpressure,false,
candidateB_saturation_hard,2026-09-13T19:06:37.178963+08:00,0,false,7.81,-1.00,429,backpressure,false,
candidateB_saturation_hard,2026-09-13T19:06:37.179373+08:00,5,false,7.41,-1.00,429,backpressure,false,
candidateB_saturation_hard,2026-09-13T19:06:37.178907+08:00,7,false,7.92,-1.00,429,backpressure,false,
candidateB_saturation_hard,2026-09-13T19:06:37.17925+08:00,8,false,7.61,-1.00,429,backpressure,false,
candidateB_saturation_hard,2026-09-13T19:06:31.032366+08:00,13,false,6256.21,-1.00,200,,true,
candidateB_saturation_hard,2026-09-13T19:06:37.330496+08:00,7,false,1.59,-1.00,429,backpressure,false,
candidateB_saturation_hard,2026-09-13T19:06:37.330205+08:00,8,true,1.93,-1.00,429,backpressure,false,
candidateB_saturation_hard,2026-09-13T19:06:37.329763+08:00,0,true,2.46,-1.00,429,backpressure,false,
candidateB_saturation_hard,2026-09-13T19:06:37.329898+08:00,5,true,2.35,-1.00,429,backpressure,false,
candidateB_saturation_hard,2026-09-13T19:06:37.330519+08:00,2,false,1.76,-1.00,429,backpressure,false,
candidateB_saturation_hard,2026-09-13T19:06:37.332326+08:00,1,true,0.38,-1.00,429,backpressure,false,
candidateB_saturation_hard,2026-09-13T19:06:37.481291+08:00,7,true,1.58,-1.00,429,backpressure,false,
candidateB_saturation_hard,2026-09-13T19:06:37.481035+08:00,2,true,2.02,-1.00,429,backpressure,false,
candidateB_saturation_hard,2026-09-13T19:06:37.481096+08:00,5,false,2.04,-1.00,429,backpressure,false,
candidateB_saturation_hard,2026-09-13T19:06:37.481486+08:00,8,false,7.35,-1.00,429,backpressure,false,
candidateB_saturation_hard,2026-09-13T19:06:37.481223+08:00,0,true,7.70,-1.00,429,backpressure,false,
candidateB_saturation_hard,2026-09-13T19:06:37.488474+08:00,1,true,1.28,-1.00,429,backpressure,false,
candidateB_saturation_hard,2026-09-13T19:06:37.632436+08:00,5,false,1.19,-1.00,429,backpressure,false,
candidateB_saturation_hard,2026-09-13T19:06:37.632162+08:00,7,false,1.50,-1.00,429,backpressure,false,
candidateB_saturation_hard,2026-09-13T19:06:37.6321+08:00,8,true,1.61,-1.00,429,backpressure,false,
candidateB_saturation_hard,2026-09-13T19:06:37.632232+08:00,2,false,1.67,-1.00,429,backpressure,false,
candidateB_saturation_hard,2026-09-13T19:06:37.632104+08:00,0,false,1.81,-1.00,429,backpressure,false,
candidateB_saturation_hard,2026-09-13T19:06:37.639082+08:00,1,false,0.77,-1.00,429,backpressure,false,
candidateB_saturation_hard,2026-09-13T19:06:37.783095+08:00,8,false,4.49,-1.00,429,backpressure,false,
candidateB_saturation_hard,2026-09-13T19:06:37.783059+08:00,0,true,4.58,-1.00,429,backpressure,false,
candidateB_saturation_hard,2026-09-13T19:06:37.783223+08:00,7,false,4.48,-1.00,429,backpressure,false,
candidateB_saturation_hard,2026-09-13T19:06:37.783143+08:00,2,true,5.07,-1.00,429,backpressure,false,
candidateB_saturation_hard,2026-09-13T19:06:37.783059+08:00,5,true,5.16,-1.00,429,backpressure,false,
candidateB_saturation_hard,2026-09-13T19:06:37.789244+08:00,1,true,0.74,-1.00,429,backpressure,false,
candidateB_saturation_hard,2026-09-13T19:06:37.934417+08:00,7,true,2.47,-1.00,429,backpressure,false,
candidateB_saturation_hard,2026-09-13T19:06:37.934493+08:00,5,true,2.40,-1.00,429,backpressure,false,
candidateB_saturation_hard,2026-09-13T19:06:37.934189+08:00,2,true,2.86,-1.00,429,backpressure,false,
candidateB_saturation_hard,2026-09-13T19:06:37.934935+08:00,8,true,3.10,-1.00,429,backpressure,false,
candidateB_saturation_hard,2026-09-13T19:06:37.934789+08:00,0,false,3.31,-1.00,429,backpressure,false,
candidateB_saturation_hard,2026-09-13T19:06:37.939418+08:00,1,true,0.45,-1.00,429,backpressure,false,
candidateB_saturation_hard,2026-09-13T19:06:38.086541+08:00,8,false,1.57,-1.00,429,backpressure,false,
candidateB_saturation_hard,2026-09-13T19:06:38.086579+08:00,5,false,1.60,-1.00,429,backpressure,false,
candidateB_saturation_hard,2026-09-13T19:06:38.086666+08:00,0,true,1.58,-1.00,429,backpressure,false,
candidateB_saturation_hard,2026-09-13T19:06:38.087227+08:00,2,false,1.09,-1.00,429,backpressure,false,
candidateB_saturation_hard,2026-09-13T19:06:38.087138+08:00,7,false,1.17,-1.00,429,backpressure,false,
candidateB_saturation_hard,2026-09-13T19:06:38.08958+08:00,1,false,0.27,-1.00,429,backpressure,false,
candidateB_saturation_hard,2026-09-13T19:06:31.80104+08:00,3,false,6343.39,-1.00,200,,true,
candidateB_saturation_hard,2026-09-13T19:06:38.237132+08:00,8,true,1.81,-1.00,429,backpressure,false,
candidateB_saturation_hard,2026-09-13T19:06:38.237561+08:00,7,true,1.44,-1.00,429,backpressure,false,
candidateB_saturation_hard,2026-09-13T19:06:38.237053+08:00,0,false,2.08,-1.00,429,backpressure,false,
candidateB_saturation_hard,2026-09-13T19:06:38.237446+08:00,2,true,1.77,-1.00,429,backpressure,false,
candidateB_saturation_hard,2026-09-13T19:06:38.237358+08:00,5,true,1.87,-1.00,429,backpressure,false,
candidateB_saturation_hard,2026-09-13T19:06:38.23967+08:00,1,false,0.59,-1.00,429,backpressure,false,
candidateB_saturation_hard,2026-09-13T19:06:38.388051+08:00,8,false,1.16,-1.00,429,backpressure,false,
candidateB_saturation_hard,2026-09-13T19:06:38.388169+08:00,2,true,1.08,-1.00,429,backpressure,false,
candidateB_saturation_hard,2026-09-13T19:06:38.388018+08:00,5,false,1.40,-1.00,429,backpressure,false,
candidateB_saturation_hard,2026-09-13T19:06:38.388064+08:00,7,false,1.39,-1.00,429,backpressure,false,
candidateB_saturation_hard,2026-09-13T19:06:38.388018+08:00,0,true,1.45,-1.00,429,backpressure,false,
candidateB_saturation_hard,2026-09-13T19:06:38.389726+08:00,1,false,0.26,-1.00,429,backpressure,false,
candidateB_saturation_hard,2026-09-13T19:06:38.539026+08:00,0,true,1.33,-1.00,429,backpressure,false,
candidateB_saturation_hard,2026-09-13T19:06:38.539049+08:00,7,false,1.37,-1.00,429,backpressure,false,
candidateB_saturation_hard,2026-09-13T19:06:38.53913+08:00,8,false,1.32,-1.00,429,backpressure,false,
candidateB_saturation_hard,2026-09-13T19:06:38.538991+08:00,2,true,1.49,-1.00,429,backpressure,false,
candidateB_saturation_hard,2026-09-13T19:06:38.538991+08:00,5,true,1.54,-1.00,429,backpressure,false,
candidateB_saturation_hard,2026-09-13T19:06:38.540273+08:00,1,false,0.54,-1.00,429,backpressure,false,
candidateB_saturation_hard,2026-09-13T19:06:38.690243+08:00,5,false,1.36,-1.00,429,backpressure,false,
candidateB_saturation_hard,2026-09-13T19:06:38.690094+08:00,0,true,1.71,-1.00,429,backpressure,false,
candidateB_saturation_hard,2026-09-13T19:06:38.690383+08:00,1,false,1.46,-1.00,429,backpressure,false,
candidateB_saturation_hard,2026-09-13T19:06:38.690583+08:00,2,false,1.27,-1.00,429,backpressure,false,
candidateB_saturation_hard,2026-09-13T19:06:38.690749+08:00,8,false,1.18,-1.00,429,backpressure,false,
candidateB_saturation_hard,2026-09-13T19:06:38.690675+08:00,7,false,1.27,-1.00,429,backpressure,false,
candidateB_saturation_hard,2026-09-13T19:06:38.841985+08:00,0,false,1.06,-1.00,429,backpressure,false,
candidateB_saturation_hard,2026-09-13T19:06:38.841606+08:00,8,false,1.55,-1.00,429,backpressure,false,
candidateB_saturation_hard,2026-09-13T19:06:38.841823+08:00,7,false,1.41,-1.00,429,backpressure,false,
candidateB_saturation_hard,2026-09-13T19:06:38.842481+08:00,5,true,0.96,-1.00,429,backpressure,false,
candidateB_saturation_hard,2026-09-13T19:06:38.842887+08:00,1,false,0.57,-1.00,429,backpressure,false,
candidateB_saturation_hard,2026-09-13T19:06:38.842758+08:00,2,false,0.74,-1.00,429,backpressure,false,
candidateB_saturation_hard,2026-09-13T19:06:32.540146+08:00,11,false,6391.53,-1.00,200,,true,
candidateB_saturation_hard,2026-09-13T19:06:38.99299+08:00,5,true,0.99,-1.00,429,backpressure,false,
candidateB_saturation_hard,2026-09-13T19:06:38.993066+08:00,1,true,1.07,-1.00,429,backpressure,false,
candidateB_saturation_hard,2026-09-13T19:06:38.993433+08:00,7,false,0.93,-1.00,429,backpressure,false,
candidateB_saturation_hard,2026-09-13T19:06:38.993332+08:00,2,true,1.15,-1.00,429,backpressure,false,
candidateB_saturation_hard,2026-09-13T19:06:38.993403+08:00,8,true,1.13,-1.00,429,backpressure,false,
candidateB_saturation_hard,2026-09-13T19:06:38.993431+08:00,0,true,1.10,-1.00,429,backpressure,false,
candidateB_saturation_hard,2026-09-13T19:06:39.144254+08:00,1,true,3.26,-1.00,429,backpressure,false,
candidateB_saturation_hard,2026-09-13T19:06:39.144521+08:00,7,false,3.08,-1.00,429,backpressure,false,
candidateB_saturation_hard,2026-09-13T19:06:39.144083+08:00,5,true,4.03,-1.00,429,backpressure,false,
candidateB_saturation_hard,2026-09-13T19:06:39.144065+08:00,0,false,4.13,-1.00,429,backpressure,false,
candidateB_saturation_hard,2026-09-13T19:06:39.144155+08:00,8,false,4.10,-1.00,429,backpressure,false,
candidateB_saturation_hard,2026-09-13T19:06:39.144622+08:00,2,false,3.66,-1.00,429,backpressure,false,
candidateB_saturation_hard,2026-09-13T19:06:39.295153+08:00,5,false,2.64,-1.00,429,backpressure,false,
candidateB_saturation_hard,2026-09-13T19:06:39.29533+08:00,1,true,2.50,-1.00,429,backpressure,false,
candidateB_saturation_hard,2026-09-13T19:06:39.295129+08:00,7,false,3.10,-1.00,429,backpressure,false,
candidateB_saturation_hard,2026-09-13T19:06:39.295185+08:00,0,true,3.10,-1.00,429,backpressure,false,
candidateB_saturation_hard,2026-09-13T19:06:39.295424+08:00,8,true,3.42,-1.00,429,backpressure,false,
candidateB_saturation_hard,2026-09-13T19:06:39.29569+08:00,2,false,3.22,-1.00,429,backpressure,false,
candidateB_saturation_hard,2026-09-13T19:06:39.445486+08:00,0,false,3.46,-1.00,429,backpressure,false,
candidateB_saturation_hard,2026-09-13T19:06:39.445858+08:00,7,true,3.15,-1.00,429,backpressure,false,
candidateB_saturation_hard,2026-09-13T19:06:39.448467+08:00,8,false,1.19,-1.00,429,backpressure,false,
candidateB_saturation_hard,2026-09-13T19:06:39.447888+08:00,1,false,1.81,-1.00,429,backpressure,false,
candidateB_saturation_hard,2026-09-13T19:06:39.447951+08:00,2,true,1.82,-1.00,429,backpressure,false,
candidateB_saturation_hard,2026-09-13T19:06:39.448654+08:00,5,false,1.18,-1.00,429,backpressure,false,
candidateB_saturation_hard,2026-09-13T19:06:39.596533+08:00,0,false,1.07,-1.00,429,backpressure,false,
candidateB_saturation_hard,2026-09-13T19:06:39.59652+08:00,7,false,1.10,-1.00,429,backpressure,false,
candidateB_saturation_hard,2026-09-13T19:06:39.597928+08:00,1,false,0.52,-1.00,429,backpressure,false,
candidateB_saturation_hard,2026-09-13T19:06:39.597964+08:00,2,true,0.50,-1.00,429,backpressure,false,
candidateB_saturation_hard,2026-09-13T19:06:39.598484+08:00,8,false,0.37,-1.00,429,backpressure,false,
candidateB_saturation_hard,2026-09-13T19:06:39.598702+08:00,5,false,0.41,-1.00,429,backpressure,false,
candidateB_saturation_hard,2026-09-13T19:06:39.747588+08:00,7,false,4.43,-1.00,429,backpressure,false,
candidateB_saturation_hard,2026-09-13T19:06:39.7481+08:00,2,false,3.96,-1.00,429,backpressure,false,
candidateB_saturation_hard,2026-09-13T19:06:39.748954+08:00,5,true,3.18,-1.00,429,backpressure,false,
candidateB_saturation_hard,2026-09-13T19:06:39.748234+08:00,0,false,4.02,-1.00,429,backpressure,false,
candidateB_saturation_hard,2026-09-13T19:06:39.74914+08:00,8,true,3.17,-1.00,429,backpressure,false,
candidateB_saturation_hard,2026-09-13T19:06:39.748204+08:00,1,true,4.89,-1.00,429,backpressure,false,
candidateB_saturation_hard,2026-09-13T19:06:39.898956+08:00,0,true,1.52,-1.00,429,backpressure,false,
candidateB_saturation_hard,2026-09-13T19:06:39.899721+08:00,5,true,1.41,-1.00,429,backpressure,false,
candidateB_saturation_hard,2026-09-13T19:06:39.899334+08:00,2,false,1.83,-1.00,429,backpressure,false,
candidateB_saturation_hard,2026-09-13T19:06:39.899536+08:00,8,true,1.66,-1.00,429,backpressure,false,
candidateB_saturation_hard,2026-09-13T19:06:39.899046+08:00,7,true,2.16,-1.00,429,backpressure,false,
candidateB_saturation_hard,2026-09-13T19:06:39.898682+08:00,1,true,2.58,-1.00,429,backpressure,false,
candidateB_saturation_hard,2026-09-13T19:06:33.152045+08:00,4,false,6834.17,-1.00,200,,true,
candidateB_saturation_hard,2026-09-13T19:06:40.049781+08:00,1,true,3.25,-1.00,429,backpressure,false,
candidateB_saturation_hard,2026-09-13T19:06:40.050641+08:00,8,false,2.48,-1.00,429,backpressure,false,
candidateB_saturation_hard,2026-09-13T19:06:40.0505+08:00,7,false,2.72,-1.00,429,backpressure,false,
candidateB_saturation_hard,2026-09-13T19:06:40.050012+08:00,5,true,3.32,-1.00,429,backpressure,false,
candidateB_saturation_hard,2026-09-13T19:06:40.049746+08:00,0,false,4.45,-1.00,429,backpressure,false,
candidateB_saturation_hard,2026-09-13T19:06:40.049746+08:00,2,true,4.48,-1.00,429,backpressure,false,
candidateB_saturation_hard,2026-09-13T19:06:40.201462+08:00,7,true,1.47,-1.00,429,backpressure,false,
candidateB_saturation_hard,2026-09-13T19:06:40.200905+08:00,1,true,2.09,-1.00,429,backpressure,false,
candidateB_saturation_hard,2026-09-13T19:06:40.200919+08:00,2,false,2.13,-1.00,429,backpressure,false,
candidateB_saturation_hard,2026-09-13T19:06:40.201085+08:00,0,true,1.99,-1.00,429,backpressure,false,
candidateB_saturation_hard,2026-09-13T19:06:40.201163+08:00,8,true,1.93,-1.00,429,backpressure,false,
candidateB_saturation_hard,2026-09-13T19:06:40.201357+08:00,5,true,1.80,-1.00,429,backpressure,false,
candidateB_saturation_hard,2026-09-13T19:06:40.352007+08:00,0,false,1.96,-1.00,429,backpressure,false,
candidateB_saturation_hard,2026-09-13T19:06:40.352368+08:00,7,false,1.60,-1.00,429,backpressure,false,
candidateB_saturation_hard,2026-09-13T19:06:40.352532+08:00,1,false,2.03,-1.00,429,backpressure,false,
candidateB_saturation_hard,2026-09-13T19:06:40.353561+08:00,8,false,1.04,-1.00,429,backpressure,false,
candidateB_saturation_hard,2026-09-13T19:06:40.353609+08:00,5,true,1.03,-1.00,429,backpressure,false,
candidateB_saturation_hard,2026-09-13T19:06:40.353069+08:00,2,false,1.63,-1.00,429,backpressure,false,
candidateB_saturation_hard,2026-09-13T19:06:40.503228+08:00,2,false,1.39,-1.00,429,backpressure,false,
candidateB_saturation_hard,2026-09-13T19:06:40.503784+08:00,8,true,1.83,-1.00,429,backpressure,false,
candidateB_saturation_hard,2026-09-13T19:06:40.503432+08:00,0,false,2.27,-1.00,429,backpressure,false,
candidateB_saturation_hard,2026-09-13T19:06:40.503697+08:00,5,false,2.02,-1.00,429,backpressure,false,
candidateB_saturation_hard,2026-09-13T19:06:40.50315+08:00,1,false,2.61,-1.00,429,backpressure,false,
candidateB_saturation_hard,2026-09-13T19:06:40.503158+08:00,7,false,2.66,-1.00,429,backpressure,false,
candidateB_saturation_hard,2026-09-13T19:06:40.654122+08:00,2,false,1.41,-1.00,429,backpressure,false,
candidateB_saturation_hard,2026-09-13T19:06:40.653759+08:00,7,false,1.85,-1.00,429,backpressure,false,
candidateB_saturation_hard,2026-09-13T19:06:40.653783+08:00,5,false,1.85,-1.00,429,backpressure,false,
candidateB_saturation_hard,2026-09-13T19:06:40.653747+08:00,0,false,1.97,-1.00,429,backpressure,false,
candidateB_saturation_hard,2026-09-13T19:06:40.653805+08:00,8,false,1.90,-1.00,429,backpressure,false,
candidateB_saturation_hard,2026-09-13T19:06:40.654056+08:00,1,false,1.99,-1.00,429,backpressure,false,
candidateB_saturation_hard,2026-09-13T19:06:40.804074+08:00,1,false,1.46,-1.00,429,backpressure,false,
candidateB_saturation_hard,2026-09-13T19:06:40.804145+08:00,2,false,1.39,-1.00,429,backpressure,false,
candidateB_saturation_hard,2026-09-13T19:06:40.80411+08:00,5,false,1.46,-1.00,429,backpressure,false,
candidateB_saturation_hard,2026-09-13T19:06:40.804436+08:00,8,true,1.17,-1.00,429,backpressure,false,
candidateB_saturation_hard,2026-09-13T19:06:40.804083+08:00,0,true,1.54,-1.00,429,backpressure,false,
candidateB_saturation_hard,2026-09-13T19:06:40.804136+08:00,7,false,1.50,-1.00,429,backpressure,false,
candidateB_saturation_hard,2026-09-13T19:06:34.002979+08:00,9,true,6898.23,6100.19,200,,true,
candidateB_saturation_hard,2026-09-13T19:06:40.955451+08:00,7,false,0.99,-1.00,429,backpressure,false,
candidateB_saturation_hard,2026-09-13T19:06:40.955144+08:00,1,false,1.38,-1.00,429,backpressure,false,
candidateB_saturation_hard,2026-09-13T19:06:40.955522+08:00,2,false,1.17,-1.00,429,backpressure,false,
candidateB_saturation_hard,2026-09-13T19:06:40.955305+08:00,0,true,2.63,-1.00,429,backpressure,false,
candidateB_saturation_hard,2026-09-13T19:06:40.955144+08:00,8,false,2.84,-1.00,429,backpressure,false,
candidateB_saturation_hard,2026-09-13T19:06:40.955188+08:00,5,true,2.83,-1.00,429,backpressure,false,
candidateB_saturation_hard,2026-09-13T19:06:41.106246+08:00,2,false,2.23,-1.00,429,backpressure,false,
candidateB_saturation_hard,2026-09-13T19:06:41.106443+08:00,7,false,2.04,-1.00,429,backpressure,false,
candidateB_saturation_hard,2026-09-13T19:06:41.106529+08:00,8,false,2.01,-1.00,429,backpressure,false,
candidateB_saturation_hard,2026-09-13T19:06:41.107071+08:00,1,false,1.50,-1.00,429,backpressure,false,
candidateB_saturation_hard,2026-09-13T19:06:41.106289+08:00,0,true,2.28,-1.00,429,backpressure,false,
candidateB_saturation_hard,2026-09-13T19:06:41.10626+08:00,5,false,2.36,-1.00,429,backpressure,false,
candidateB_saturation_hard,2026-09-13T19:06:41.257403+08:00,7,true,2.44,-1.00,429,backpressure,false,
candidateB_saturation_hard,2026-09-13T19:06:41.257644+08:00,5,false,2.25,-1.00,429,backpressure,false,
candidateB_saturation_hard,2026-09-13T19:06:41.257477+08:00,0,false,2.37,-1.00,429,backpressure,false,
candidateB_saturation_hard,2026-09-13T19:06:41.258+08:00,2,true,1.94,-1.00,429,backpressure,false,
candidateB_saturation_hard,2026-09-13T19:06:41.257914+08:00,8,true,2.07,-1.00,429,backpressure,false,
candidateB_saturation_hard,2026-09-13T19:06:41.257591+08:00,1,false,2.41,-1.00,429,backpressure,false,
candidateB_saturation_hard,2026-09-13T19:06:41.407962+08:00,8,false,1.84,-1.00,429,backpressure,false,
candidateB_saturation_hard,2026-09-13T19:06:41.408114+08:00,2,false,1.79,-1.00,429,backpressure,false,
candidateB_saturation_hard,2026-09-13T19:06:41.407911+08:00,5,false,2.13,-1.00,429,backpressure,false,
candidateB_saturation_hard,2026-09-13T19:06:41.407926+08:00,1,true,2.15,-1.00,429,backpressure,false,
candidateB_saturation_hard,2026-09-13T19:06:41.40835+08:00,0,false,1.77,-1.00,429,backpressure,false,
candidateB_saturation_hard,2026-09-13T19:06:41.408055+08:00,7,false,2.11,-1.00,429,backpressure,false,
candidateB_saturation_hard,2026-09-13T19:06:41.559879+08:00,8,true,1.92,-1.00,429,backpressure,false,
candidateB_saturation_hard,2026-09-13T19:06:41.559864+08:00,1,false,1.98,-1.00,429,backpressure,false,
candidateB_saturation_hard,2026-09-13T19:06:41.559398+08:00,0,false,2.78,-1.00,429,backpressure,false,
candidateB_saturation_hard,2026-09-13T19:06:41.559527+08:00,5,true,3.00,-1.00,429,backpressure,false,
candidateB_saturation_hard,2026-09-13T19:06:41.559033+08:00,7,false,3.56,-1.00,429,backpressure,false,
candidateB_saturation_hard,2026-09-13T19:06:41.560173+08:00,2,true,2.55,-1.00,429,backpressure,false,
candidateB_saturation_hard,2026-09-13T19:06:34.926094+08:00,10,true,6766.89,6097.16,200,,true,
candidateB_saturation_hard,2026-09-13T19:06:41.710179+08:00,1,false,4.95,-1.00,429,backpressure,false,
candidateB_saturation_hard,2026-09-13T19:06:41.710123+08:00,8,true,5.05,-1.00,429,backpressure,false,
candidateB_saturation_hard,2026-09-13T19:06:41.71026+08:00,0,false,5.08,-1.00,429,backpressure,false,
candidateB_saturation_hard,2026-09-13T19:06:41.710144+08:00,5,false,5.24,-1.00,429,backpressure,false,
candidateB_saturation_hard,2026-09-13T19:06:41.710716+08:00,2,false,5.03,-1.00,429,backpressure,false,
candidateB_saturation_hard,2026-09-13T19:06:41.710697+08:00,7,true,5.05,-1.00,429,backpressure,false,
candidateB_saturation_hard,2026-09-13T19:06:41.860563+08:00,0,true,2.15,-1.00,429,backpressure,false,
candidateB_saturation_hard,2026-09-13T19:06:41.86079+08:00,2,true,1.97,-1.00,429,backpressure,false,
candidateB_saturation_hard,2026-09-13T19:06:41.861162+08:00,5,false,1.64,-1.00,429,backpressure,false,
candidateB_saturation_hard,2026-09-13T19:06:41.860857+08:00,8,false,1.98,-1.00,429,backpressure,false,
candidateB_saturation_hard,2026-09-13T19:06:41.861613+08:00,7,false,1.47,-1.00,429,backpressure,false,
candidateB_saturation_hard,2026-09-13T19:06:41.861302+08:00,1,true,1.80,-1.00,429,backpressure,false,
candidateB_saturation_hard,2026-09-13T19:06:42.011723+08:00,0,true,2.83,-1.00,429,backpressure,false,
candidateB_saturation_hard,2026-09-13T19:06:42.011736+08:00,7,false,2.81,-1.00,429,backpressure,false,
candidateB_saturation_hard,2026-09-13T19:06:42.01167+08:00,1,false,2.95,-1.00,429,backpressure,false,
candidateB_saturation_hard,2026-09-13T19:06:42.011918+08:00,5,false,2.78,-1.00,429,backpressure,false,
candidateB_saturation_hard,2026-09-13T19:06:42.011697+08:00,2,false,3.34,-1.00,429,backpressure,false,
candidateB_saturation_hard,2026-09-13T19:06:42.013524+08:00,8,false,1.52,-1.00,429,backpressure,false,
candidateB_saturation_hard,2026-09-13T19:06:42.162915+08:00,2,false,1.62,-1.00,429,backpressure,false,
candidateB_saturation_hard,2026-09-13T19:06:42.163158+08:00,1,true,1.45,-1.00,429,backpressure,false,
candidateB_saturation_hard,2026-09-13T19:06:42.163006+08:00,5,false,1.69,-1.00,429,backpressure,false,
candidateB_saturation_hard,2026-09-13T19:06:42.163373+08:00,0,false,1.36,-1.00,429,backpressure,false,
candidateB_saturation_hard,2026-09-13T19:06:42.162915+08:00,8,true,1.87,-1.00,429,backpressure,false,
candidateB_saturation_hard,2026-09-13T19:06:42.163303+08:00,7,false,1.51,-1.00,429,backpressure,false,
candidateB_saturation_hard,2026-09-13T19:06:42.314579+08:00,8,true,1.13,-1.00,429,backpressure,false,
candidateB_saturation_hard,2026-09-13T19:06:42.314144+08:00,2,false,1.57,-1.00,429,backpressure,false,
candidateB_saturation_hard,2026-09-13T19:06:42.313148+08:00,5,false,2.59,-1.00,429,backpressure,false,
candidateB_saturation_hard,2026-09-13T19:06:42.314678+08:00,1,false,1.12,-1.00,429,backpressure,false,
candidateB_saturation_hard,2026-09-13T19:06:42.313948+08:00,0,true,1.89,-1.00,429,backpressure,false,
candidateB_saturation_hard,2026-09-13T19:06:42.314839+08:00,7,false,1.25,-1.00,429,backpressure,false,
candidateB_saturation_hard,2026-09-13T19:06:42.464175+08:00,2,true,1.57,-1.00,429,backpressure,false,
candidateB_saturation_hard,2026-09-13T19:06:42.463936+08:00,5,false,1.90,-1.00,429,backpressure,false,
candidateB_saturation_hard,2026-09-13T19:06:42.464017+08:00,0,false,1.99,-1.00,429,backpressure,false,
candidateB_saturation_hard,2026-09-13T19:06:42.464725+08:00,1,true,2.29,-1.00,429,backpressure,false,
candidateB_saturation_hard,2026-09-13T19:06:42.464936+08:00,8,false,2.13,-1.00,429,backpressure,false,
candidateB_saturation_hard,2026-09-13T19:06:42.465537+08:00,7,false,1.58,-1.00,429,backpressure,false,
candidateB_saturation_hard,2026-09-13T19:06:35.675771+08:00,6,true,6878.97,6141.43,200,,true,
candidateB_saturation_hard,2026-09-13T19:06:42.615169+08:00,8,true,3.91,-1.00,429,backpressure,false,
candidateB_saturation_hard,2026-09-13T19:06:42.615169+08:00,5,true,3.97,-1.00,429,backpressure,false,
candidateB_saturation_hard,2026-09-13T19:06:42.615584+08:00,7,true,3.64,-1.00,429,backpressure,false,
candidateB_saturation_hard,2026-09-13T19:06:42.615212+08:00,0,true,4.07,-1.00,429,backpressure,false,
candidateB_saturation_hard,2026-09-13T19:06:42.615815+08:00,2,false,3.53,-1.00,429,backpressure,false,
candidateB_saturation_hard,2026-09-13T19:06:42.615859+08:00,1,false,3.63,-1.00,429,backpressure,false,
candidateB_saturation_hard,2026-09-13T19:06:42.765859+08:00,8,true,2.31,-1.00,429,backpressure,false,
candidateB_saturation_hard,2026-09-13T19:06:42.766108+08:00,0,true,2.07,-1.00,429,backpressure,false,
candidateB_saturation_hard,2026-09-13T19:06:42.765695+08:00,7,false,2.54,-1.00,429,backpressure,false,
candidateB_saturation_hard,2026-09-13T19:06:42.76635+08:00,2,true,1.90,-1.00,429,backpressure,false,
candidateB_saturation_hard,2026-09-13T19:06:42.76572+08:00,5,true,2.56,-1.00,429,backpressure,false,
candidateB_saturation_hard,2026-09-13T19:06:42.765907+08:00,1,true,2.40,-1.00,429,backpressure,false,
candidateB_saturation_hard,2026-09-13T19:06:42.916392+08:00,5,false,3.83,-1.00,429,backpressure,false,
candidateB_saturation_hard,2026-09-13T19:06:42.917167+08:00,0,true,3.05,-1.00,429,backpressure,false,
candidateB_saturation_hard,2026-09-13T19:06:42.917007+08:00,2,false,3.29,-1.00,429,backpressure,false,
candidateB_saturation_hard,2026-09-13T19:06:42.916605+08:00,1,true,3.72,-1.00,429,backpressure,false,
candidateB_saturation_hard,2026-09-13T19:06:42.916318+08:00,8,false,4.03,-1.00,429,backpressure,false,
candidateB_saturation_hard,2026-09-13T19:06:42.916332+08:00,7,true,5.08,-1.00,429,backpressure,false,
candidateB_saturation_hard,2026-09-13T19:06:43.067739+08:00,1,false,1.07,-1.00,429,backpressure,false,
candidateB_saturation_hard,2026-09-13T19:06:43.067418+08:00,0,true,1.44,-1.00,429,backpressure,false,
candidateB_saturation_hard,2026-09-13T19:06:43.06736+08:00,2,false,1.53,-1.00,429,backpressure,false,
candidateB_saturation_hard,2026-09-13T19:06:43.067509+08:00,8,true,1.39,-1.00,429,backpressure,false,
candidateB_saturation_hard,2026-09-13T19:06:43.067805+08:00,5,false,1.13,-1.00,429,backpressure,false,
candidateB_saturation_hard,2026-09-13T19:06:43.067564+08:00,7,true,1.39,-1.00,429,backpressure,false,
candidateB_saturation_hard,2026-09-13T19:06:43.218649+08:00,2,false,2.48,-1.00,429,backpressure,false,
candidateB_saturation_hard,2026-09-13T19:06:43.21871+08:00,0,false,2.53,-1.00,429,backpressure,false,
candidateB_saturation_hard,2026-09-13T19:06:43.219636+08:00,8,false,3.39,-1.00,429,backpressure,false,
candidateB_saturation_hard,2026-09-13T19:06:43.218432+08:00,5,false,4.66,-1.00,429,backpressure,false,
candidateB_saturation_hard,2026-09-13T19:06:43.219033+08:00,1,false,4.10,-1.00,429,backpressure,false,
candidateB_saturation_hard,2026-09-13T19:06:43.219316+08:00,7,false,3.85,-1.00,429,backpressure,false,
candidateB_saturation_hard,2026-09-13T19:06:43.369509+08:00,7,false,4.01,-1.00,429,backpressure,false,
candidateB_saturation_hard,2026-09-13T19:06:43.369644+08:00,1,false,4.07,-1.00,429,backpressure,false,
candidateB_saturation_hard,2026-09-13T19:06:43.369551+08:00,2,false,4.23,-1.00,429,backpressure,false,
candidateB_saturation_hard,2026-09-13T19:06:43.369704+08:00,5,true,4.12,-1.00,429,backpressure,false,
candidateB_saturation_hard,2026-09-13T19:06:43.36951+08:00,0,false,4.31,-1.00,429,backpressure,false,
candidateB_saturation_hard,2026-09-13T19:06:43.370207+08:00,8,false,3.63,-1.00,429,backpressure,false,
candidateB_saturation_hard,2026-09-13T19:06:36.529894+08:00,12,false,6900.00,-1.00,200,,true,
candidateB_saturation_hard,2026-09-13T19:06:43.52065+08:00,7,false,1.84,-1.00,429,backpressure,false,
candidateB_saturation_hard,2026-09-13T19:06:43.520968+08:00,0,false,1.56,-1.00,429,backpressure,false,
candidateB_saturation_hard,2026-09-13T19:06:43.520735+08:00,2,false,1.82,-1.00,429,backpressure,false,
candidateB_saturation_hard,2026-09-13T19:06:43.521172+08:00,5,true,1.44,-1.00,429,backpressure,false,
candidateB_saturation_hard,2026-09-13T19:06:43.520577+08:00,1,true,2.06,-1.00,429,backpressure,false,
candidateB_saturation_hard,2026-09-13T19:06:43.521089+08:00,8,false,1.56,-1.00,429,backpressure,false,
candidateB_saturation_hard,2026-09-13T19:06:43.671472+08:00,1,false,1.50,-1.00,429,backpressure,false,
candidateB_saturation_hard,2026-09-13T19:06:43.671608+08:00,7,true,1.42,-1.00,429,backpressure,false,
candidateB_saturation_hard,2026-09-13T19:06:43.671472+08:00,0,false,1.58,-1.00,429,backpressure,false,
candidateB_saturation_hard,2026-09-13T19:06:43.671812+08:00,2,true,1.28,-1.00,429,backpressure,false,
candidateB_saturation_hard,2026-09-13T19:06:43.671889+08:00,8,true,1.24,-1.00,429,backpressure,false,
candidateB_saturation_hard,2026-09-13T19:06:43.671535+08:00,5,false,1.61,-1.00,429,backpressure,false,
candidateB_saturation_hard,2026-09-13T19:06:43.822585+08:00,7,false,3.22,-1.00,429,backpressure,false,
candidateB_saturation_hard,2026-09-13T19:06:43.822545+08:00,8,false,3.26,-1.00,429,backpressure,false,
candidateB_saturation_hard,2026-09-13T19:06:43.822732+08:00,2,true,3.13,-1.00,429,backpressure,false,
candidateB_saturation_hard,2026-09-13T19:06:43.823638+08:00,1,false,2.30,-1.00,429,backpressure,false,
candidateB_saturation_hard,2026-09-13T19:06:43.823019+08:00,0,true,2.98,-1.00,429,backpressure,false,
candidateB_saturation_hard,2026-09-13T19:06:43.822835+08:00,5,true,3.52,-1.00,429,backpressure,false,
candidateB_saturation_hard,2026-09-13T19:06:43.974947+08:00,0,true,1.39,-1.00,429,backpressure,false,
candidateB_saturation_hard,2026-09-13T19:06:43.974674+08:00,5,true,1.70,-1.00,429,backpressure,false,
candidateB_saturation_hard,2026-09-13T19:06:43.975259+08:00,2,true,1.16,-1.00,429,backpressure,false,
candidateB_saturation_hard,2026-09-13T19:06:43.974428+08:00,8,false,2.04,-1.00,429,backpressure,false,
candidateB_saturation_hard,2026-09-13T19:06:43.974428+08:00,1,false,2.08,-1.00,429,backpressure,false,
candidateB_saturation_hard,2026-09-13T19:06:43.974469+08:00,7,false,2.15,-1.00,429,backpressure,false,
candidateB_saturation_hard,2026-09-13T19:06:44.124756+08:00,8,true,1.30,-1.00,429,backpressure,false,
candidateB_saturation_hard,2026-09-13T19:06:44.124705+08:00,7,false,1.40,-1.00,429,backpressure,false,
candidateB_saturation_hard,2026-09-13T19:06:44.125124+08:00,0,false,1.59,-1.00,429,backpressure,false,
candidateB_saturation_hard,2026-09-13T19:06:44.124952+08:00,5,true,1.85,-1.00,429,backpressure,false,
candidateB_saturation_hard,2026-09-13T19:06:44.125397+08:00,2,false,1.44,-1.00,429,backpressure,false,
candidateB_saturation_hard,2026-09-13T19:06:44.124722+08:00,1,false,2.17,-1.00,429,backpressure,false,
candidateB_saturation_hard,2026-09-13T19:06:44.275802+08:00,0,false,1.54,-1.00,429,backpressure,false,
candidateB_saturation_hard,2026-09-13T19:06:44.276057+08:00,5,true,1.40,-1.00,429,backpressure,false,
candidateB_saturation_hard,2026-09-13T19:06:44.276108+08:00,2,false,1.95,-1.00,429,backpressure,false,
candidateB_saturation_hard,2026-09-13T19:06:44.276774+08:00,1,true,1.34,-1.00,429,backpressure,false,
candidateB_saturation_hard,2026-09-13T19:06:44.276148+08:00,8,false,2.00,-1.00,429,backpressure,false,
candidateB_saturation_hard,2026-09-13T19:06:44.276524+08:00,7,false,1.72,-1.00,429,backpressure,false,
candidateB_saturation_hard,2026-09-13T19:06:44.426885+08:00,8,true,2.09,-1.00,429,backpressure,false,
candidateB_saturation_hard,2026-09-13T19:06:44.426931+08:00,2,false,2.09,-1.00,429,backpressure,false,
candidateB_saturation_hard,2026-09-13T19:06:44.427389+08:00,0,true,1.69,-1.00,429,backpressure,false,
candidateB_saturation_hard,2026-09-13T19:06:44.426886+08:00,1,true,2.25,-1.00,429,backpressure,false,
candidateB_saturation_hard,2026-09-13T19:06:44.427281+08:00,5,true,1.90,-1.00,429,backpressure,false,
candidateB_saturation_hard,2026-09-13T19:06:44.426952+08:00,7,true,2.22,-1.00,429,backpressure,false,
candidateB_saturation_hard,2026-09-13T19:06:37.288782+08:00,13,false,7271.31,-1.00,200,,true,
candidateB_saturation_hard,2026-09-13T19:06:44.577958+08:00,7,false,4.97,-1.00,429,backpressure,false,
candidateB_saturation_hard,2026-09-13T19:06:44.578009+08:00,8,false,5.08,-1.00,429,backpressure,false,
candidateB_saturation_hard,2026-09-13T19:06:44.578333+08:00,2,false,5.45,-1.00,429,backpressure,false,
candidateB_saturation_hard,2026-09-13T19:06:44.578229+08:00,1,false,5.91,-1.00,429,backpressure,false,
candidateB_saturation_hard,2026-09-13T19:06:44.577958+08:00,0,false,6.50,-1.00,429,backpressure,false,
candidateB_saturation_hard,2026-09-13T19:06:44.57845+08:00,5,true,6.12,-1.00,429,backpressure,false,
candidateB_saturation_hard,2026-09-13T19:06:44.729357+08:00,7,false,1.95,-1.00,429,backpressure,false,
candidateB_saturation_hard,2026-09-13T19:06:44.729203+08:00,5,false,2.16,-1.00,429,backpressure,false,
candidateB_saturation_hard,2026-09-13T19:06:44.729457+08:00,0,false,1.96,-1.00,429,backpressure,false,
candidateB_saturation_hard,2026-09-13T19:06:44.729269+08:00,8,false,2.21,-1.00,429,backpressure,false,
candidateB_saturation_hard,2026-09-13T19:06:44.729215+08:00,1,true,2.32,-1.00,429,backpressure,false,
candidateB_saturation_hard,2026-09-13T19:06:44.729253+08:00,2,false,2.32,-1.00,429,backpressure,false,
candidateB_saturation_hard,2026-09-13T19:06:44.88196+08:00,5,false,1.37,-1.00,429,backpressure,false,
candidateB_saturation_hard,2026-09-13T19:06:44.882304+08:00,2,false,1.10,-1.00,429,backpressure,false,
candidateB_saturation_hard,2026-09-13T19:06:44.879893+08:00,1,true,3.54,-1.00,429,backpressure,false,
candidateB_saturation_hard,2026-09-13T19:06:44.881889+08:00,0,false,1.70,-1.00,429,backpressure,false,
candidateB_saturation_hard,2026-09-13T19:06:44.881894+08:00,7,false,1.73,-1.00,429,backpressure,false,
candidateB_saturation_hard,2026-09-13T19:06:44.881915+08:00,8,false,2.35,-1.00,429,backpressure,false,
candidateB_saturation_hard,2026-09-13T19:06:45.030959+08:00,1,false,0.93,-1.00,429,backpressure,false,
candidateB_saturation_hard,2026-09-13T19:06:45.031979+08:00,5,false,1.17,-1.00,429,backpressure,false,
candidateB_saturation_hard,2026-09-13T19:06:45.032375+08:00,2,true,0.80,-1.00,429,backpressure,false,
candidateB_saturation_hard,2026-09-13T19:06:45.031956+08:00,8,true,1.26,-1.00,429,backpressure,false,
candidateB_saturation_hard,2026-09-13T19:06:45.032278+08:00,0,true,1.22,-1.00,429,backpressure,false,
candidateB_saturation_hard,2026-09-13T19:06:45.032074+08:00,7,true,1.46,-1.00,429,backpressure,false,
candidateB_saturation_hard,2026-09-13T19:06:45.182687+08:00,0,false,2.45,-1.00,429,backpressure,false,
candidateB_saturation_hard,2026-09-13T19:06:45.182584+08:00,2,false,2.61,-1.00,429,backpressure,false,
candidateB_saturation_hard,2026-09-13T19:06:45.182338+08:00,7,true,2.95,-1.00,429,backpressure,false,
candidateB_saturation_hard,2026-09-13T19:06:45.182257+08:00,8,false,3.11,-1.00,429,backpressure,false,
candidateB_saturation_hard,2026-09-13T19:06:45.18211+08:00,5,true,3.34,-1.00,429,backpressure,false,
candidateB_saturation_hard,2026-09-13T19:06:45.182053+08:00,1,true,3.93,-1.00,429,backpressure,false,
candidateB_saturation_hard,2026-09-13T19:06:45.333048+08:00,0,false,1.73,-1.00,429,backpressure,false,
candidateB_saturation_hard,2026-09-13T19:06:45.333051+08:00,8,false,1.77,-1.00,429,backpressure,false,
candidateB_saturation_hard,2026-09-13T19:06:45.33311+08:00,7,true,1.73,-1.00,429,backpressure,false,
candidateB_saturation_hard,2026-09-13T19:06:45.333161+08:00,2,false,1.71,-1.00,429,backpressure,false,
candidateB_saturation_hard,2026-09-13T19:06:45.333083+08:00,5,false,1.82,-1.00,429,backpressure,false,
candidateB_saturation_hard,2026-09-13T19:06:45.333555+08:00,1,true,1.36,-1.00,429,backpressure,false,
candidateB_saturation_hard,2026-09-13T19:06:38.144646+08:00,3,false,7281.72,-1.00,200,,true,
candidateB_saturation_hard,2026-09-13T19:06:45.485517+08:00,1,false,3.45,-1.00,429,backpressure,false,
candidateB_saturation_hard,2026-09-13T19:06:45.484267+08:00,2,false,4.72,-1.00,429,backpressure,false,
candidateB_saturation_hard,2026-09-13T19:06:45.485676+08:00,8,false,3.36,-1.00,429,backpressure,false,
candidateB_saturation_hard,2026-09-13T19:06:45.485265+08:00,7,false,3.78,-1.00,429,backpressure,false,
candidateB_saturation_hard,2026-09-13T19:06:45.484937+08:00,5,false,4.37,-1.00,429,backpressure,false,
candidateB_saturation_hard,2026-09-13T19:06:45.484514+08:00,0,false,4.92,-1.00,429,backpressure,false,
candidateB_saturation_hard,2026-09-13T19:06:45.635668+08:00,1,true,3.15,-1.00,429,backpressure,false,
candidateB_saturation_hard,2026-09-13T19:06:45.635383+08:00,5,false,3.43,-1.00,429,backpressure,false,
candidateB_saturation_hard,2026-09-13T19:06:45.635846+08:00,8,true,3.02,-1.00,429,backpressure,false,
candidateB_saturation_hard,2026-09-13T19:06:45.635424+08:00,0,false,3.47,-1.00,429,backpressure,false,
candidateB_saturation_hard,2026-09-13T19:06:45.635383+08:00,7,true,3.51,-1.00,429,backpressure,false,
candidateB_saturation_hard,2026-09-13T19:06:45.635951+08:00,2,true,2.95,-1.00,429,backpressure,false,
candidateB_saturation_hard,2026-09-13T19:06:45.786443+08:00,5,false,1.38,-1.00,429,backpressure,false,
candidateB_saturation_hard,2026-09-13T19:06:45.787411+08:00,2,false,0.79,-1.00,429,backpressure,false,
candidateB_saturation_hard,2026-09-13T19:06:45.787306+08:00,0,false,0.94,-1.00,429,backpressure,false,
candidateB_saturation_hard,2026-09-13T19:06:45.787922+08:00,8,true,0.38,-1.00,429,backpressure,false,
candidateB_saturation_hard,2026-09-13T19:06:45.787993+08:00,1,true,0.43,-1.00,429,backpressure,false,
candidateB_saturation_hard,2026-09-13T19:06:45.788337+08:00,7,false,0.28,-1.00,429,backpressure,false,
candidateB_saturation_hard,2026-09-13T19:06:45.937588+08:00,0,true,1.09,-1.00,429,backpressure,false,
candidateB_saturation_hard,2026-09-13T19:06:45.937619+08:00,5,false,1.29,-1.00,429,backpressure,false,
candidateB_saturation_hard,2026-09-13T19:06:45.937975+08:00,8,true,1.72,-1.00,429,backpressure,false,
candidateB_saturation_hard,2026-09-13T19:06:45.938964+08:00,1,false,0.79,-1.00,429,backpressure,false,
candidateB_saturation_hard,2026-09-13T19:06:45.938504+08:00,7,false,1.30,-1.00,429,backpressure,false,
candidateB_saturation_hard,2026-09-13T19:06:45.937589+08:00,2,false,2.27,-1.00,429,backpressure,false,
candidateB_saturation_hard,2026-09-13T19:06:46.088121+08:00,8,false,0.53,-1.00,429,backpressure,false,
candidateB_saturation_hard,2026-09-13T19:06:46.088173+08:00,5,false,0.50,-1.00,429,backpressure,false,
candidateB_saturation_hard,2026-09-13T19:06:46.088195+08:00,0,true,0.54,-1.00,429,backpressure,false,
candidateB_saturation_hard,2026-09-13T19:06:46.088199+08:00,2,false,0.56,-1.00,429,backpressure,false,
candidateB_saturation_hard,2026-09-13T19:06:46.088602+08:00,7,false,0.23,-1.00,429,backpressure,false,
candidateB_saturation_hard,2026-09-13T19:06:46.088986+08:00,1,true,0.15,-1.00,429,backpressure,false,
candidateB_saturation_hard,2026-09-13T19:06:38.931893+08:00,11,false,7240.33,-1.00,200,,true,
candidateB_saturation_hard,2026-09-13T19:06:46.23957+08:00,0,false,1.74,-1.00,429,backpressure,false,
candidateB_saturation_hard,2026-09-13T19:06:46.239284+08:00,1,false,2.13,-1.00,429,backpressure,false,
candidateB_saturation_hard,2026-09-13T19:06:46.239258+08:00,8,true,2.22,-1.00,429,backpressure,false,
candidateB_saturation_hard,2026-09-13T19:06:46.239219+08:00,7,false,2.31,-1.00,429,backpressure,false,
candidateB_saturation_hard,2026-09-13T19:06:46.239773+08:00,5,false,2.07,-1.00,429,backpressure,false,
candidateB_saturation_hard,2026-09-13T19:06:46.239219+08:00,2,false,2.67,-1.00,429,backpressure,false,
candidateB_saturation_hard,2026-09-13T19:06:46.390629+08:00,5,true,1.47,-1.00,429,backpressure,false,
candidateB_saturation_hard,2026-09-13T19:06:46.390376+08:00,8,true,1.77,-1.00,429,backpressure,false,
candidateB_saturation_hard,2026-09-13T19:06:46.390351+08:00,0,false,1.85,-1.00,429,backpressure,false,
candidateB_saturation_hard,2026-09-13T19:06:46.390401+08:00,7,true,1.84,-1.00,429,backpressure,false,
candidateB_saturation_hard,2026-09-13T19:06:46.390778+08:00,2,false,1.50,-1.00,429,backpressure,false,
candidateB_saturation_hard,2026-09-13T19:06:46.39047+08:00,1,false,1.85,-1.00,429,backpressure,false,
candidateB_saturation_hard,2026-09-13T19:06:46.540433+08:00,8,true,2.04,-1.00,429,backpressure,false,
candidateB_saturation_hard,2026-09-13T19:06:46.540856+08:00,7,false,1.61,-1.00,429,backpressure,false,
candidateB_saturation_hard,2026-09-13T19:06:46.540674+08:00,5,false,1.86,-1.00,429,backpressure,false,
candidateB_saturation_hard,2026-09-13T19:06:46.540485+08:00,1,false,2.09,-1.00,429,backpressure,false,
candidateB_saturation_hard,2026-09-13T19:06:46.540442+08:00,0,true,2.15,-1.00,429,backpressure,false,
candidateB_saturation_hard,2026-09-13T19:06:46.541013+08:00,2,true,1.62,-1.00,429,backpressure,false,
candidateB_saturation_hard,2026-09-13T19:06:46.691663+08:00,0,true,1.33,-1.00,429,backpressure,false,
candidateB_saturation_hard,2026-09-13T19:06:46.691434+08:00,8,false,1.56,-1.00,429,backpressure,false,
candidateB_saturation_hard,2026-09-13T19:06:46.691604+08:00,7,true,1.43,-1.00,429,backpressure,false,
candidateB_saturation_hard,2026-09-13T19:06:46.691434+08:00,2,false,1.63,-1.00,429,backpressure,false,
candidateB_saturation_hard,2026-09-13T19:06:46.69186+08:00,5,true,1.21,-1.00,429,backpressure,false,
candidateB_saturation_hard,2026-09-13T19:06:46.691917+08:00,1,false,1.19,-1.00,429,backpressure,false,
candidateB_saturation_hard,2026-09-13T19:06:46.841703+08:00,0,false,1.53,-1.00,429,backpressure,false,
candidateB_saturation_hard,2026-09-13T19:06:46.841625+08:00,2,false,1.75,-1.00,429,backpressure,false,
candidateB_saturation_hard,2026-09-13T19:06:46.842827+08:00,7,true,1.42,-1.00,429,backpressure,false,
candidateB_saturation_hard,2026-09-13T19:06:46.84206+08:00,1,false,2.28,-1.00,429,backpressure,false,
candidateB_saturation_hard,2026-09-13T19:06:46.842631+08:00,8,false,1.77,-1.00,429,backpressure,false,
candidateB_saturation_hard,2026-09-13T19:06:46.842448+08:00,5,true,2.02,-1.00,429,backpressure,false,
candidateB_saturation_hard,2026-09-13T19:06:39.986572+08:00,4,false,6989.31,-1.00,200,,true,
candidateB_saturation_hard,2026-09-13T19:06:46.993339+08:00,7,true,1.48,-1.00,429,backpressure,false,
candidateB_saturation_hard,2026-09-13T19:06:46.992825+08:00,2,true,2.05,-1.00,429,backpressure,false,
candidateB_saturation_hard,2026-09-13T19:06:46.992784+08:00,8,false,2.16,-1.00,429,backpressure,false,
candidateB_saturation_hard,2026-09-13T19:06:46.992936+08:00,1,true,2.06,-1.00,429,backpressure,false,
candidateB_saturation_hard,2026-09-13T19:06:46.993132+08:00,5,false,1.91,-1.00,429,backpressure,false,
candidateB_saturation_hard,2026-09-13T19:06:46.992778+08:00,0,false,2.33,-1.00,429,backpressure,false,
candidateB_saturation_hard,2026-09-13T19:06:47.144274+08:00,1,false,4.01,-1.00,429,backpressure,false,
candidateB_saturation_hard,2026-09-13T19:06:47.144127+08:00,2,false,4.31,-1.00,429,backpressure,false,
candidateB_saturation_hard,2026-09-13T19:06:47.14476+08:00,0,true,4.36,-1.00,429,backpressure,false,
candidateB_saturation_hard,2026-09-13T19:06:47.144088+08:00,8,true,5.09,-1.00,429,backpressure,false,
candidateB_saturation_hard,2026-09-13T19:06:47.144376+08:00,5,false,4.87,-1.00,429,backpressure,false,
candidateB_saturation_hard,2026-09-13T19:06:47.144063+08:00,7,false,5.23,-1.00,429,backpressure,false,
candidateB_saturation_hard,2026-09-13T19:06:47.29513+08:00,0,false,3.29,-1.00,429,backpressure,false,
candidateB_saturation_hard,2026-09-13T19:06:47.295173+08:00,7,false,3.30,-1.00,429,backpressure,false,
candidateB_saturation_hard,2026-09-13T19:06:47.295405+08:00,8,false,3.18,-1.00,429,backpressure,false,
candidateB_saturation_hard,2026-09-13T19:06:47.295313+08:00,2,false,3.35,-1.00,429,backpressure,false,
candidateB_saturation_hard,2026-09-13T19:06:47.295134+08:00,1,false,3.60,-1.00,429,backpressure,false,
candidateB_saturation_hard,2026-09-13T19:06:47.295666+08:00,5,false,3.12,-1.00,429,backpressure,false,
candidateB_saturation_hard,2026-09-13T19:06:47.447645+08:00,7,true,2.09,-1.00,429,backpressure,false,
candidateB_saturation_hard,2026-09-13T19:06:47.447817+08:00,0,false,4.04,-1.00,429,backpressure,false,
candidateB_saturation_hard,2026-09-13T19:06:47.448072+08:00,8,false,4.02,-1.00,429,backpressure,false,
candidateB_saturation_hard,2026-09-13T19:06:47.447746+08:00,2,false,4.42,-1.00,429,backpressure,false,
candidateB_saturation_hard,2026-09-13T19:06:47.447536+08:00,5,true,5.49,-1.00,429,backpressure,false,
candidateB_saturation_hard,2026-09-13T19:06:47.448227+08:00,1,true,4.84,-1.00,429,backpressure,false,
candidateB_saturation_hard,2026-09-13T19:06:47.596717+08:00,5,true,0.90,-1.00,429,backpressure,false,
candidateB_saturation_hard,2026-09-13T19:06:47.597783+08:00,2,false,0.62,-1.00,429,backpressure,false,
candidateB_saturation_hard,2026-09-13T19:06:47.597669+08:00,7,false,0.89,-1.00,429,backpressure,false,
candidateB_saturation_hard,2026-09-13T19:06:47.597897+08:00,0,false,1.24,-1.00,429,backpressure,false,
candidateB_saturation_hard,2026-09-13T19:06:47.598632+08:00,8,true,0.54,-1.00,429,backpressure,false,
candidateB_saturation_hard,2026-09-13T19:06:47.598584+08:00,1,false,0.64,-1.00,429,backpressure,false,
candidateB_saturation_hard,2026-09-13T19:06:47.74941+08:00,1,false,2.14,-1.00,429,backpressure,false,
candidateB_saturation_hard,2026-09-13T19:06:47.749229+08:00,8,true,2.44,-1.00,429,backpressure,false,
candidateB_saturation_hard,2026-09-13T19:06:47.748503+08:00,5,false,3.20,-1.00,429,backpressure,false,
candidateB_saturation_hard,2026-09-13T19:06:47.748204+08:00,7,false,3.94,-1.00,429,backpressure,false,
candidateB_saturation_hard,2026-09-13T19:06:47.748416+08:00,2,false,3.85,-1.00,429,backpressure,false,
candidateB_saturation_hard,2026-09-13T19:06:47.74828+08:00,0,true,3.99,-1.00,429,backpressure,false,
candidateB_saturation_hard,2026-09-13T19:06:47.898909+08:00,2,false,1.48,-1.00,429,backpressure,false,
candidateB_saturation_hard,2026-09-13T19:06:47.899179+08:00,5,true,1.31,-1.00,429,backpressure,false,
candidateB_saturation_hard,2026-09-13T19:06:47.89996+08:00,1,false,0.92,-1.00,429,backpressure,false,
candidateB_saturation_hard,2026-09-13T19:06:47.899272+08:00,8,true,1.65,-1.00,429,backpressure,false,
candidateB_saturation_hard,2026-09-13T19:06:47.899659+08:00,0,true,1.29,-1.00,429,backpressure,false,
candidateB_saturation_hard,2026-09-13T19:06:47.899801+08:00,7,false,1.16,-1.00,429,backpressure,false,
candidateB_saturation_hard,2026-09-13T19:06:40.901423+08:00,9,false,7091.86,-1.00,200,,true,
candidateB_saturation_hard,2026-09-13T19:06:48.050626+08:00,5,false,2.92,-1.00,429,backpressure,false,
candidateB_saturation_hard,2026-09-13T19:06:48.050749+08:00,8,false,2.85,-1.00,429,backpressure,false,
candidateB_saturation_hard,2026-09-13T19:06:48.050456+08:00,2,false,3.22,-1.00,429,backpressure,false,
candidateB_saturation_hard,2026-09-13T19:06:48.049983+08:00,0,true,3.98,-1.00,429,backpressure,false,
candidateB_saturation_hard,2026-09-13T19:06:48.051252+08:00,7,false,2.74,-1.00,429,backpressure,false,
candidateB_saturation_hard,2026-09-13T19:06:48.050042+08:00,1,true,3.97,-1.00,429,backpressure,false,
candidateB_saturation_hard,2026-09-13T19:06:48.201045+08:00,2,false,1.46,-1.00,429,backpressure,false,
candidateB_saturation_hard,2026-09-13T19:06:48.200589+08:00,0,false,1.96,-1.00,429,backpressure,false,
candidateB_saturation_hard,2026-09-13T19:06:48.20084+08:00,8,true,1.78,-1.00,429,backpressure,false,
candidateB_saturation_hard,2026-09-13T19:06:48.201334+08:00,7,false,1.34,-1.00,429,backpressure,false,
candidateB_saturation_hard,2026-09-13T19:06:48.200522+08:00,1,false,2.49,-1.00,429,backpressure,false,
candidateB_saturation_hard,2026-09-13T19:06:48.200726+08:00,5,false,2.36,-1.00,429,backpressure,false,
candidateB_saturation_hard,2026-09-13T19:06:48.353133+08:00,2,true,1.27,-1.00,429,backpressure,false,
candidateB_saturation_hard,2026-09-13T19:06:48.352755+08:00,0,false,1.69,-1.00,429,backpressure,false,
candidateB_saturation_hard,2026-09-13T19:06:48.352049+08:00,5,false,2.45,-1.00,429,backpressure,false,
candidateB_saturation_hard,2026-09-13T19:06:48.352296+08:00,7,false,2.24,-1.00,429,backpressure,false,
candidateB_saturation_hard,2026-09-13T19:06:48.353016+08:00,8,true,1.55,-1.00,429,backpressure,false,
candidateB_saturation_hard,2026-09-13T19:06:48.352361+08:00,1,false,2.24,-1.00,429,backpressure,false,
candidateB_saturation_hard,2026-09-13T19:06:48.503517+08:00,0,true,1.49,-1.00,429,backpressure,false,
candidateB_saturation_hard,2026-09-13T19:06:48.503308+08:00,5,false,1.70,-1.00,429,backpressure,false,
candidateB_saturation_hard,2026-09-13T19:06:48.50321+08:00,2,false,1.83,-1.00,429,backpressure,false,
candidateB_saturation_hard,2026-09-13T19:06:48.503163+08:00,7,true,1.92,-1.00,429,backpressure,false,
candidateB_saturation_hard,2026-09-13T19:06:48.503154+08:00,8,false,1.97,-1.00,429,backpressure,false,
candidateB_saturation_hard,2026-09-13T19:06:48.503741+08:00,1,true,1.40,-1.00,429,backpressure,false,
candidateB_saturation_hard,2026-09-13T19:06:48.654559+08:00,8,true,1.27,-1.00,429,backpressure,false,
candidateB_saturation_hard,2026-09-13T19:06:48.654702+08:00,7,false,1.20,-1.00,429,backpressure,false,
candidateB_saturation_hard,2026-09-13T19:06:48.654228+08:00,1,true,1.73,-1.00,429,backpressure,false,
candidateB_saturation_hard,2026-09-13T19:06:48.654337+08:00,2,true,1.66,-1.00,429,backpressure,false,
candidateB_saturation_hard,2026-09-13T19:06:48.654469+08:00,0,false,1.54,-1.00,429,backpressure,false,
candidateB_saturation_hard,2026-09-13T19:06:48.654234+08:00,5,false,1.79,-1.00,429,backpressure,false,
candidateB_saturation_hard,2026-09-13T19:06:41.693198+08:00,10,true,7078.16,6422.75,200,,true,
candidateB_saturation_hard,2026-09-13T19:06:48.805337+08:00,7,true,1.86,-1.00,429,backpressure,false,
candidateB_saturation_hard,2026-09-13T19:06:48.805322+08:00,0,false,1.97,-1.00,429,backpressure,false,
candidateB_saturation_hard,2026-09-13T19:06:48.805741+08:00,8,false,1.65,-1.00,429,backpressure,false,
candidateB_saturation_hard,2026-09-13T19:06:48.805659+08:00,1,true,1.75,-1.00,429,backpressure,false,
candidateB_saturation_hard,2026-09-13T19:06:48.805556+08:00,2,false,1.88,-1.00,429,backpressure,false,
candidateB_saturation_hard,2026-09-13T19:06:48.805388+08:00,5,true,2.09,-1.00,429,backpressure,false,
candidateB_saturation_hard,2026-09-13T19:06:48.956392+08:00,7,false,1.18,-1.00,429,backpressure,false,
candidateB_saturation_hard,2026-09-13T19:06:48.956536+08:00,0,true,1.43,-1.00,429,backpressure,false,
candidateB_saturation_hard,2026-09-13T19:06:48.956427+08:00,2,true,1.61,-1.00,429,backpressure,false,
candidateB_saturation_hard,2026-09-13T19:06:48.956771+08:00,5,false,1.32,-1.00,429,backpressure,false,
candidateB_saturation_hard,2026-09-13T19:06:48.956386+08:00,8,false,1.74,-1.00,429,backpressure,false,
candidateB_saturation_hard,2026-09-13T19:06:48.956638+08:00,1,false,1.50,-1.00,429,backpressure,false,
candidateB_saturation_hard,2026-09-13T19:06:49.107628+08:00,8,true,1.23,-1.00,429,backpressure,false,
candidateB_saturation_hard,2026-09-13T19:06:49.108372+08:00,1,true,0.86,-1.00,429,backpressure,false,
candidateB_saturation_hard,2026-09-13T19:06:49.107459+08:00,0,false,1.81,-1.00,429,backpressure,false,
candidateB_saturation_hard,2026-09-13T19:06:49.107686+08:00,2,false,2.13,-1.00,429,backpressure,false,
candidateB_saturation_hard,2026-09-13T19:06:49.107766+08:00,7,true,2.10,-1.00,429,backpressure,false,
candidateB_saturation_hard,2026-09-13T19:06:49.108123+08:00,5,false,1.80,-1.00,429,backpressure,false,
candidateB_saturation_hard,2026-09-13T19:06:49.25851+08:00,2,false,0.94,-1.00,429,backpressure,false,
candidateB_saturation_hard,2026-09-13T19:06:49.258206+08:00,7,true,1.43,-1.00,429,backpressure,false,
candidateB_saturation_hard,2026-09-13T19:06:49.258848+08:00,5,false,2.54,-1.00,429,backpressure,false,
candidateB_saturation_hard,2026-09-13T19:06:49.259608+08:00,1,false,1.83,-1.00,429,backpressure,false,
candidateB_saturation_hard,2026-09-13T19:06:49.259768+08:00,0,true,1.75,-1.00,429,backpressure,false,
candidateB_saturation_hard,2026-09-13T19:06:49.260044+08:00,8,false,1.57,-1.00,429,backpressure,false,
candidateB_saturation_hard,2026-09-13T19:06:49.409403+08:00,7,false,0.58,-1.00,429,backpressure,false,
candidateB_saturation_hard,2026-09-13T19:06:49.410094+08:00,8,true,0.49,-1.00,429,backpressure,false,
candidateB_saturation_hard,2026-09-13T19:06:49.409466+08:00,2,false,1.19,-1.00,429,backpressure,false,
candidateB_saturation_hard,2026-09-13T19:06:49.4093+08:00,5,true,1.40,-1.00,429,backpressure,false,
candidateB_saturation_hard,2026-09-13T19:06:49.410327+08:00,0,false,1.58,-1.00,429,backpressure,false,
candidateB_saturation_hard,2026-09-13T19:06:49.410171+08:00,1,false,1.92,-1.00,429,backpressure,false,
candidateB_saturation_hard,2026-09-13T19:06:49.560399+08:00,7,false,1.55,-1.00,429,backpressure,false,
candidateB_saturation_hard,2026-09-13T19:06:49.560875+08:00,2,false,1.67,-1.00,429,backpressure,false,
candidateB_saturation_hard,2026-09-13T19:06:49.560786+08:00,5,false,1.90,-1.00,429,backpressure,false,
candidateB_saturation_hard,2026-09-13T19:06:49.560644+08:00,8,true,2.10,-1.00,429,backpressure,false,
candidateB_saturation_hard,2026-09-13T19:06:49.56044+08:00,1,false,2.36,-1.00,429,backpressure,false,
candidateB_saturation_hard,2026-09-13T19:06:49.560398+08:00,0,true,2.45,-1.00,429,backpressure,false,
candidateB_saturation_hard,2026-09-13T19:06:42.55497+08:00,6,false,7011.09,-1.00,200,,true,
candidateB_saturation_hard,2026-09-13T19:06:49.712471+08:00,0,true,3.56,-1.00,429,backpressure,false,
candidateB_saturation_hard,2026-09-13T19:06:49.711477+08:00,2,false,4.55,-1.00,429,backpressure,false,
candidateB_saturation_hard,2026-09-13T19:06:49.712905+08:00,5,false,3.16,-1.00,429,backpressure,false,
candidateB_saturation_hard,2026-09-13T19:06:49.711937+08:00,1,true,6.18,-1.00,429,backpressure,false,
candidateB_saturation_hard,2026-09-13T19:06:49.712782+08:00,8,false,5.34,-1.00,429,backpressure,false,
candidateB_saturation_hard,2026-09-13T19:06:49.712623+08:00,7,false,5.63,-1.00,429,backpressure,false,
candidateB_saturation_hard,2026-09-13T19:06:49.862557+08:00,0,false,1.67,-1.00,429,backpressure,false,
candidateB_saturation_hard,2026-09-13T19:06:49.86266+08:00,7,true,1.60,-1.00,429,backpressure,false,
candidateB_saturation_hard,2026-09-13T19:06:49.862378+08:00,1,true,1.85,-1.00,429,backpressure,false,
candidateB_saturation_hard,2026-09-13T19:06:49.8624+08:00,2,false,1.90,-1.00,429,backpressure,false,
candidateB_saturation_hard,2026-09-13T19:06:49.863198+08:00,5,true,1.15,-1.00,429,backpressure,false,
candidateB_saturation_hard,2026-09-13T19:06:49.862809+08:00,8,false,1.53,-1.00,429,backpressure,false,
candidateB_saturation_hard,2026-09-13T19:06:50.013359+08:00,5,false,2.67,-1.00,429,backpressure,false,
candidateB_saturation_hard,2026-09-13T19:06:50.014887+08:00,7,true,10.08,-1.00,429,backpressure,false,
candidateB_saturation_hard,2026-09-13T19:06:50.014861+08:00,2,true,10.31,-1.00,429,backpressure,false,
candidateB_saturation_hard,2026-09-13T19:06:50.015321+08:00,1,false,10.52,-1.00,429,backpressure,false,
candidateB_saturation_hard,2026-09-13T19:06:50.015221+08:00,8,true,10.62,-1.00,429,backpressure,false,
candidateB_saturation_hard,2026-09-13T19:06:50.015385+08:00,0,true,10.47,-1.00,429,backpressure,false,
candidateB_saturation_hard,2026-09-13T19:06:50.164199+08:00,5,false,0.92,-1.00,429,backpressure,false,
candidateB_saturation_hard,2026-09-13T19:06:50.164914+08:00,2,false,1.25,-1.00,429,backpressure,false,
candidateB_saturation_hard,2026-09-13T19:06:50.165136+08:00,7,true,1.07,-1.00,429,backpressure,false,
candidateB_saturation_hard,2026-09-13T19:06:50.16564+08:00,0,false,1.57,-1.00,429,backpressure,false,
candidateB_saturation_hard,2026-09-13T19:06:50.165326+08:00,1,false,1.92,-1.00,429,backpressure,false,
candidateB_saturation_hard,2026-09-13T19:06:50.165253+08:00,8,false,2.02,-1.00,429,backpressure,false,
candidateB_saturation_hard,2026-09-13T19:06:50.315881+08:00,2,false,5.57,-1.00,429,backpressure,false,
candidateB_saturation_hard,2026-09-13T19:06:50.315454+08:00,1,true,6.05,-1.00,429,backpressure,false,
candidateB_saturation_hard,2026-09-13T19:06:50.316047+08:00,0,true,6.16,-1.00,429,backpressure,false,
candidateB_saturation_hard,2026-09-13T19:06:50.316131+08:00,8,true,6.12,-1.00,429,backpressure,false,
candidateB_saturation_hard,2026-09-13T19:06:50.31538+08:00,7,true,6.89,-1.00,429,backpressure,false,
candidateB_saturation_hard,2026-09-13T19:06:50.315592+08:00,5,false,6.70,-1.00,429,backpressure,false,
candidateB_saturation_hard,2026-09-13T19:06:50.466631+08:00,8,false,2.19,-1.00,429,backpressure,false,
candidateB_saturation_hard,2026-09-13T19:06:50.466581+08:00,2,true,2.32,-1.00,429,backpressure,false,
candidateB_saturation_hard,2026-09-13T19:06:50.467394+08:00,7,false,1.61,-1.00,429,backpressure,false,
candidateB_saturation_hard,2026-09-13T19:06:50.46671+08:00,0,false,2.31,-1.00,429,backpressure,false,
candidateB_saturation_hard,2026-09-13T19:06:50.466616+08:00,5,false,2.42,-1.00,429,backpressure,false,
candidateB_saturation_hard,2026-09-13T19:06:50.466581+08:00,1,true,2.47,-1.00,429,backpressure,false,
candidateB_saturation_hard,2026-09-13T19:06:43.430113+08:00,12,true,7095.59,6256.66,200,,true,
candidateB_saturation_hard,2026-09-13T19:06:50.617785+08:00,5,false,2.61,-1.00,429,backpressure,false,
candidateB_saturation_hard,2026-09-13T19:06:50.618547+08:00,8,false,2.30,-1.00,429,backpressure,false,
candidateB_saturation_hard,2026-09-13T19:06:50.618924+08:00,0,false,2.02,-1.00,429,backpressure,false,
candidateB_saturation_hard,2026-09-13T19:06:50.618683+08:00,1,false,2.28,-1.00,429,backpressure,false,
candidateB_saturation_hard,2026-09-13T19:06:50.618809+08:00,2,false,2.16,-1.00,429,backpressure,false,
candidateB_saturation_hard,2026-09-13T19:06:50.618222+08:00,7,false,2.79,-1.00,429,backpressure,false,
candidateB_saturation_hard,2026-09-13T19:06:50.767974+08:00,5,true,0.92,-1.00,429,backpressure,false,
candidateB_saturation_hard,2026-09-13T19:06:50.768272+08:00,7,false,0.68,-1.00,429,backpressure,false,
candidateB_saturation_hard,2026-09-13T19:06:50.768898+08:00,2,false,0.68,-1.00,429,backpressure,false,
candidateB_saturation_hard,2026-09-13T19:06:50.769057+08:00,0,false,0.53,-1.00,429,backpressure,false,
candidateB_saturation_hard,2026-09-13T19:06:50.768814+08:00,1,true,0.86,-1.00,429,backpressure,false,
candidateB_saturation_hard,2026-09-13T19:06:50.768605+08:00,8,false,1.09,-1.00,429,backpressure,false,
candidateB_saturation_hard,2026-09-13T19:06:50.919448+08:00,8,true,3.78,-1.00,429,backpressure,false,
candidateB_saturation_hard,2026-09-13T19:06:50.920351+08:00,2,false,2.98,-1.00,429,backpressure,false,
candidateB_saturation_hard,2026-09-13T19:06:50.920997+08:00,1,false,2.34,-1.00,429,backpressure,false,
candidateB_saturation_hard,2026-09-13T19:06:50.919758+08:00,5,false,3.66,-1.00,429,backpressure,false,
candidateB_saturation_hard,2026-09-13T19:06:50.92207+08:00,0,true,1.37,-1.00,429,backpressure,false,
candidateB_saturation_hard,2026-09-13T19:06:50.919841+08:00,7,true,3.95,-1.00,429,backpressure,false,
candidateB_saturation_hard,2026-09-13T19:06:51.069812+08:00,5,false,1.04,-1.00,429,backpressure,false,
candidateB_saturation_hard,2026-09-13T19:06:51.069764+08:00,8,false,1.91,-1.00,429,backpressure,false,
candidateB_saturation_hard,2026-09-13T19:06:51.070446+08:00,2,true,1.26,-1.00,429,backpressure,false,
candidateB_saturation_hard,2026-09-13T19:06:51.069854+08:00,7,false,1.92,-1.00,429,backpressure,false,
candidateB_saturation_hard,2026-09-13T19:06:51.071383+08:00,1,false,0.43,-1.00,429,backpressure,false,
candidateB_saturation_hard,2026-09-13T19:06:51.072132+08:00,0,false,0.30,-1.00,429,backpressure,false,
candidateB_saturation_hard,2026-09-13T19:06:51.22106+08:00,5,true,1.07,-1.00,429,backpressure,false,
candidateB_saturation_hard,2026-09-13T19:06:51.220892+08:00,7,false,1.24,-1.00,429,backpressure,false,
candidateB_saturation_hard,2026-09-13T19:06:51.220851+08:00,2,false,1.37,-1.00,429,backpressure,false,
candidateB_saturation_hard,2026-09-13T19:06:51.220851+08:00,8,true,1.42,-1.00,429,backpressure,false,
candidateB_saturation_hard,2026-09-13T19:06:51.22214+08:00,0,false,0.38,-1.00,429,backpressure,false,
candidateB_saturation_hard,2026-09-13T19:06:51.221572+08:00,1,false,1.03,-1.00,429,backpressure,false,
candidateB_saturation_hard,2026-09-13T19:06:51.371165+08:00,5,true,1.61,-1.00,429,backpressure,false,
candidateB_saturation_hard,2026-09-13T19:06:51.370986+08:00,7,true,1.88,-1.00,429,backpressure,false,
candidateB_saturation_hard,2026-09-13T19:06:51.371253+08:00,8,true,1.63,-1.00,429,backpressure,false,
candidateB_saturation_hard,2026-09-13T19:06:51.371017+08:00,2,false,1.91,-1.00,429,backpressure,false,
candidateB_saturation_hard,2026-09-13T19:06:51.371972+08:00,1,false,1.54,-1.00,429,backpressure,false,
candidateB_saturation_hard,2026-09-13T19:06:51.372563+08:00,0,true,0.96,-1.00,429,backpressure,false,
candidateB_saturation_hard,2026-09-13T19:06:44.560317+08:00,13,false,6883.85,-1.00,200,,true,
candidateB_saturation_hard,2026-09-13T19:06:51.521952+08:00,2,false,1.78,-1.00,429,backpressure,false,
candidateB_saturation_hard,2026-09-13T19:06:51.522582+08:00,0,false,1.27,-1.00,429,backpressure,false,
candidateB_saturation_hard,2026-09-13T19:06:51.521875+08:00,5,true,2.00,-1.00,429,backpressure,false,
candidateB_saturation_hard,2026-09-13T19:06:51.522404+08:00,8,false,1.53,-1.00,429,backpressure,false,
candidateB_saturation_hard,2026-09-13T19:06:51.521887+08:00,7,true,2.08,-1.00,429,backpressure,false,
candidateB_saturation_hard,2026-09-13T19:06:51.522009+08:00,1,false,2.27,-1.00,429,backpressure,false,
candidateB_saturation_hard,2026-09-13T19:06:51.673136+08:00,7,true,2.94,-1.00,429,backpressure,false,
candidateB_saturation_hard,2026-09-13T19:06:51.673568+08:00,8,true,3.54,-1.00,429,backpressure,false,
candidateB_saturation_hard,2026-09-13T19:06:51.673387+08:00,2,false,3.77,-1.00,429,backpressure,false,
candidateB_saturation_hard,2026-09-13T19:06:51.672964+08:00,1,true,4.22,-1.00,429,backpressure,false,
candidateB_saturation_hard,2026-09-13T19:06:51.672995+08:00,5,false,4.22,-1.00,429,backpressure,false,
candidateB_saturation_hard,2026-09-13T19:06:51.672945+08:00,0,true,4.35,-1.00,429,backpressure,false,
candidateB_saturation_hard,2026-09-13T19:06:51.824226+08:00,5,false,1.44,-1.00,429,backpressure,false,
candidateB_saturation_hard,2026-09-13T19:06:51.824284+08:00,7,false,1.39,-1.00,429,backpressure,false,
candidateB_saturation_hard,2026-09-13T19:06:51.824007+08:00,2,true,1.73,-1.00,429,backpressure,false,
candidateB_saturation_hard,2026-09-13T19:06:51.825056+08:00,1,true,1.39,-1.00,429,backpressure,false,
candidateB_saturation_hard,2026-09-13T19:06:51.824743+08:00,8,true,1.76,-1.00,429,backpressure,false,
candidateB_saturation_hard,2026-09-13T19:06:51.824951+08:00,0,false,1.58,-1.00,429,backpressure,false,
candidateB_saturation_hard,2026-09-13T19:06:51.975553+08:00,5,false,1.50,-1.00,429,backpressure,false,
candidateB_saturation_hard,2026-09-13T19:06:51.975417+08:00,7,false,1.69,-1.00,429,backpressure,false,
candidateB_saturation_hard,2026-09-13T19:06:51.975623+08:00,2,false,1.54,-1.00,429,backpressure,false,
candidateB_saturation_hard,2026-09-13T19:06:51.975069+08:00,8,true,2.15,-1.00,429,backpressure,false,
candidateB_saturation_hard,2026-09-13T19:06:51.975184+08:00,1,true,2.08,-1.00,429,backpressure,false,
candidateB_saturation_hard,2026-09-13T19:06:51.975069+08:00,0,true,2.46,-1.00,429,backpressure,false,
candidateB_saturation_hard,2026-09-13T19:06:52.126622+08:00,0,true,1.58,-1.00,429,backpressure,false,
candidateB_saturation_hard,2026-09-13T19:06:52.126304+08:00,5,false,1.93,-1.00,429,backpressure,false,
candidateB_saturation_hard,2026-09-13T19:06:52.126205+08:00,8,false,2.08,-1.00,429,backpressure,false,
candidateB_saturation_hard,2026-09-13T19:06:52.12679+08:00,7,false,1.54,-1.00,429,backpressure,false,
candidateB_saturation_hard,2026-09-13T19:06:52.126149+08:00,2,false,2.20,-1.00,429,backpressure,false,
candidateB_saturation_hard,2026-09-13T19:06:52.126177+08:00,1,false,2.21,-1.00,429,backpressure,false,
candidateB_saturation_hard,2026-09-13T19:06:52.277214+08:00,5,false,1.64,-1.00,429,backpressure,false,
candidateB_saturation_hard,2026-09-13T19:06:52.277234+08:00,2,true,1.69,-1.00,429,backpressure,false,
candidateB_saturation_hard,2026-09-13T19:06:52.277391+08:00,7,false,3.46,-1.00,429,backpressure,false,
candidateB_saturation_hard,2026-09-13T19:06:52.277738+08:00,1,false,3.59,-1.00,429,backpressure,false,
candidateB_saturation_hard,2026-09-13T19:06:52.277461+08:00,8,true,3.88,-1.00,429,backpressure,false,
candidateB_saturation_hard,2026-09-13T19:06:52.278049+08:00,0,true,3.63,-1.00,429,backpressure,false,
candidateB_saturation_hard,2026-09-13T19:06:45.426616+08:00,3,false,6975.12,-1.00,200,,true,
candidateB_saturation_hard,2026-09-13T19:06:52.428343+08:00,0,true,3.00,-1.00,429,backpressure,false,
candidateB_saturation_hard,2026-09-13T19:06:52.428613+08:00,2,true,2.78,-1.00,429,backpressure,false,
candidateB_saturation_hard,2026-09-13T19:06:52.428281+08:00,7,false,3.19,-1.00,429,backpressure,false,
candidateB_saturation_hard,2026-09-13T19:06:52.428473+08:00,8,true,3.05,-1.00,429,backpressure,false,
candidateB_saturation_hard,2026-09-13T19:06:52.428669+08:00,5,false,2.99,-1.00,429,backpressure,false,
candidateB_saturation_hard,2026-09-13T19:06:52.42828+08:00,1,true,4.47,-1.00,429,backpressure,false,
candidateB_saturation_hard,2026-09-13T19:06:52.579361+08:00,2,true,1.96,-1.00,429,backpressure,false,
candidateB_saturation_hard,2026-09-13T19:06:52.579102+08:00,0,false,2.27,-1.00,429,backpressure,false,
candidateB_saturation_hard,2026-09-13T19:06:52.57954+08:00,8,false,1.94,-1.00,429,backpressure,false,
candidateB_saturation_hard,2026-09-13T19:06:52.579138+08:00,1,false,2.40,-1.00,429,backpressure,false,
candidateB_saturation_hard,2026-09-13T19:06:52.579085+08:00,5,false,2.50,-1.00,429,backpressure,false,
candidateB_saturation_hard,2026-09-13T19:06:52.579241+08:00,7,true,2.40,-1.00,429,backpressure,false,
candidateB_saturation_hard,2026-09-13T19:06:52.730231+08:00,1,false,2.12,-1.00,429,backpressure,false,
candidateB_saturation_hard,2026-09-13T19:06:52.730171+08:00,8,false,2.26,-1.00,429,backpressure,false,
candidateB_saturation_hard,2026-09-13T19:06:52.730438+08:00,5,false,2.03,-1.00,429,backpressure,false,
candidateB_saturation_hard,2026-09-13T19:06:52.73071+08:00,7,false,1.77,-1.00,429,backpressure,false,
candidateB_saturation_hard,2026-09-13T19:06:52.730183+08:00,0,true,2.36,-1.00,429,backpressure,false,
candidateB_saturation_hard,2026-09-13T19:06:52.730355+08:00,2,false,2.00,-1.00,429,backpressure,false,
candidateB_saturation_hard,2026-09-13T19:06:52.881583+08:00,8,true,1.36,-1.00,429,backpressure,false,
candidateB_saturation_hard,2026-09-13T19:06:52.882595+08:00,2,false,1.87,-1.00,429,backpressure,false,
candidateB_saturation_hard,2026-09-13T19:06:52.882971+08:00,0,false,1.54,-1.00,429,backpressure,false,
candidateB_saturation_hard,2026-09-13T19:06:52.881927+08:00,5,true,2.68,-1.00,429,backpressure,false,
candidateB_saturation_hard,2026-09-13T19:06:52.88204+08:00,1,false,2.64,-1.00,429,backpressure,false,
candidateB_saturation_hard,2026-09-13T19:06:52.881275+08:00,7,false,3.48,-1.00,429,backpressure,false,
candidateB_saturation_hard,2026-09-13T19:06:53.0326+08:00,2,false,1.66,-1.00,429,backpressure,false,
candidateB_saturation_hard,2026-09-13T19:06:53.032577+08:00,8,false,1.75,-1.00,429,backpressure,false,
candidateB_saturation_hard,2026-09-13T19:06:53.032488+08:00,7,false,2.02,-1.00,429,backpressure,false,
candidateB_saturation_hard,2026-09-13T19:06:53.032323+08:00,1,true,2.19,-1.00,429,backpressure,false,
candidateB_saturation_hard,2026-09-13T19:06:53.034551+08:00,0,false,0.75,-1.00,429,backpressure,false,
candidateB_saturation_hard,2026-09-13T19:06:53.032551+08:00,5,false,2.79,-1.00,429,backpressure,false,
candidateB_saturation_hard,2026-09-13T19:06:46.172453+08:00,11,false,6946.45,-1.00,200,,true,
candidateB_saturation_hard,2026-09-13T19:06:53.183224+08:00,5,false,2.94,-1.00,429,backpressure,false,
candidateB_saturation_hard,2026-09-13T19:06:53.183528+08:00,8,true,2.80,-1.00,429,backpressure,false,
candidateB_saturation_hard,2026-09-13T19:06:53.183259+08:00,2,true,3.11,-1.00,429,backpressure,false,
candidateB_saturation_hard,2026-09-13T19:06:53.183804+08:00,1,true,2.95,-1.00,429,backpressure,false,
candidateB_saturation_hard,2026-09-13T19:06:53.183466+08:00,7,false,4.44,-1.00,429,backpressure,false,
candidateB_saturation_hard,2026-09-13T19:06:53.186947+08:00,0,true,1.03,-1.00,429,backpressure,false,
candidateB_saturation_hard,2026-09-13T19:06:53.334458+08:00,2,false,1.65,-1.00,429,backpressure,false,
candidateB_saturation_hard,2026-09-13T19:06:53.334558+08:00,8,true,1.58,-1.00,429,backpressure,false,
candidateB_saturation_hard,2026-09-13T19:06:53.334104+08:00,1,false,2.08,-1.00,429,backpressure,false,
candidateB_saturation_hard,2026-09-13T19:06:53.334195+08:00,5,false,2.04,-1.00,429,backpressure,false,
candidateB_saturation_hard,2026-09-13T19:06:53.333757+08:00,7,true,2.51,-1.00,429,backpressure,false,
candidateB_saturation_hard,2026-09-13T19:06:53.337086+08:00,0,true,0.50,-1.00,429,backpressure,false,
candidateB_saturation_hard,2026-09-13T19:06:53.484847+08:00,8,false,4.07,-1.00,429,backpressure,false,
candidateB_saturation_hard,2026-09-13T19:06:53.485125+08:00,7,true,3.79,-1.00,429,backpressure,false,
candidateB_saturation_hard,2026-09-13T19:06:53.485788+08:00,5,false,3.43,-1.00,429,backpressure,false,
candidateB_saturation_hard,2026-09-13T19:06:53.487108+08:00,0,true,2.13,-1.00,429,backpressure,false,
candidateB_saturation_hard,2026-09-13T19:06:53.485615+08:00,1,true,3.63,-1.00,429,backpressure,false,
candidateB_saturation_hard,2026-09-13T19:06:53.485237+08:00,2,false,4.04,-1.00,429,backpressure,false,
candidateB_saturation_hard,2026-09-13T19:06:53.636066+08:00,2,true,3.01,-1.00,429,backpressure,false,
candidateB_saturation_hard,2026-09-13T19:06:53.635917+08:00,7,false,3.30,-1.00,429,backpressure,false,
candidateB_saturation_hard,2026-09-13T19:06:53.635978+08:00,1,true,3.29,-1.00,429,backpressure,false,
candidateB_saturation_hard,2026-09-13T19:06:53.636342+08:00,8,false,2.99,-1.00,429,backpressure,false,
candidateB_saturation_hard,2026-09-13T19:06:53.635903+08:00,5,false,3.47,-1.00,429,backpressure,false,
candidateB_saturation_hard,2026-09-13T19:06:53.638902+08:00,0,true,1.11,-1.00,429,backpressure,false,
candidateB_saturation_hard,2026-09-13T19:06:53.787305+08:00,5,false,0.96,-1.00,429,backpressure,false,
candidateB_saturation_hard,2026-09-13T19:06:53.786681+08:00,2,true,1.72,-1.00,429,backpressure,false,
candidateB_saturation_hard,2026-09-13T19:06:53.787488+08:00,7,true,1.39,-1.00,429,backpressure,false,
candidateB_saturation_hard,2026-09-13T19:06:53.787739+08:00,1,true,1.19,-1.00,429,backpressure,false,
candidateB_saturation_hard,2026-09-13T19:06:53.787477+08:00,8,true,1.49,-1.00,429,backpressure,false,
candidateB_saturation_hard,2026-09-13T19:06:53.788982+08:00,0,true,0.27,-1.00,429,backpressure,false,
candidateB_saturation_hard,2026-09-13T19:06:53.937753+08:00,8,true,1.52,-1.00,429,backpressure,false,
candidateB_saturation_hard,2026-09-13T19:06:53.937799+08:00,1,true,1.54,-1.00,429,backpressure,false,
candidateB_saturation_hard,2026-09-13T19:06:53.938082+08:00,2,true,1.34,-1.00,429,backpressure,false,
candidateB_saturation_hard,2026-09-13T19:06:53.937807+08:00,5,true,1.67,-1.00,429,backpressure,false,
candidateB_saturation_hard,2026-09-13T19:06:53.937743+08:00,7,false,1.89,-1.00,429,backpressure,false,
candidateB_saturation_hard,2026-09-13T19:06:53.9396+08:00,0,true,0.35,-1.00,429,backpressure,false,
candidateB_saturation_hard,2026-09-13T19:06:54.088401+08:00,1,false,1.19,-1.00,429,backpressure,false,
candidateB_saturation_hard,2026-09-13T19:06:54.088527+08:00,8,true,1.20,-1.00,429,backpressure,false,
candidateB_saturation_hard,2026-09-13T19:06:54.088427+08:00,5,false,1.34,-1.00,429,backpressure,false,
candidateB_saturation_hard,2026-09-13T19:06:54.088742+08:00,7,true,1.06,-1.00,429,backpressure,false,
candidateB_saturation_hard,2026-09-13T19:06:54.08839+08:00,2,false,1.68,-1.00,429,backpressure,false,
candidateB_saturation_hard,2026-09-13T19:06:54.089828+08:00,0,false,0.35,-1.00,429,backpressure,false,
candidateB_saturation_hard,2026-09-13T19:06:46.9761+08:00,4,false,7205.71,-1.00,200,,true,
candidateB_saturation_hard,2026-09-13T19:06:54.239516+08:00,1,false,2.13,-1.00,429,backpressure,false,
candidateB_saturation_hard,2026-09-13T19:06:54.239494+08:00,7,false,2.23,-1.00,429,backpressure,false,
candidateB_saturation_hard,2026-09-13T19:06:54.239549+08:00,2,true,2.27,-1.00,429,backpressure,false,
candidateB_saturation_hard,2026-09-13T19:06:54.239753+08:00,5,true,2.19,-1.00,429,backpressure,false,
candidateB_saturation_hard,2026-09-13T19:06:54.240061+08:00,8,false,2.83,-1.00,429,backpressure,false,
candidateB_saturation_hard,2026-09-13T19:06:54.239857+08:00,0,true,3.05,-1.00,429,backpressure,false,
candidateB_saturation_hard,2026-09-13T19:06:54.391114+08:00,7,false,1.27,-1.00,429,backpressure,false,
candidateB_saturation_hard,2026-09-13T19:06:54.390667+08:00,8,false,1.77,-1.00,429,backpressure,false,
candidateB_saturation_hard,2026-09-13T19:06:54.390791+08:00,5,false,1.70,-1.00,429,backpressure,false,
candidateB_saturation_hard,2026-09-13T19:06:54.390916+08:00,1,false,1.63,-1.00,429,backpressure,false,
candidateB_saturation_hard,2026-09-13T19:06:54.391035+08:00,2,false,1.55,-1.00,429,backpressure,false,
candidateB_saturation_hard,2026-09-13T19:06:54.390619+08:00,0,false,2.06,-1.00,429,backpressure,false,
candidateB_saturation_hard,2026-09-13T19:06:54.541638+08:00,5,false,2.04,-1.00,429,backpressure,false,
candidateB_saturation_hard,2026-09-13T19:06:54.541678+08:00,8,false,2.00,-1.00,429,backpressure,false,
candidateB_saturation_hard,2026-09-13T19:06:54.541624+08:00,7,true,2.12,-1.00,429,backpressure,false,
candidateB_saturation_hard,2026-09-13T19:06:54.541792+08:00,1,true,1.98,-1.00,429,backpressure,false,
candidateB_saturation_hard,2026-09-13T19:06:54.541859+08:00,0,false,1.93,-1.00,429,backpressure,false,
candidateB_saturation_hard,2026-09-13T19:06:54.542069+08:00,2,true,1.77,-1.00,429,backpressure,false,
candidateB_saturation_hard,2026-09-13T19:06:54.693176+08:00,1,false,1.17,-1.00,429,backpressure,false,
candidateB_saturation_hard,2026-09-13T19:06:54.692913+08:00,2,false,1.67,-1.00,429,backpressure,false,
candidateB_saturation_hard,2026-09-13T19:06:54.692866+08:00,5,false,1.81,-1.00,429,backpressure,false,
candidateB_saturation_hard,2026-09-13T19:06:54.69309+08:00,8,false,1.59,-1.00,429,backpressure,false,
candidateB_saturation_hard,2026-09-13T19:06:54.692702+08:00,0,false,2.02,-1.00,429,backpressure,false,
candidateB_saturation_hard,2026-09-13T19:06:54.692771+08:00,7,true,1.97,-1.00,429,backpressure,false,
candidateB_saturation_hard,2026-09-13T19:06:54.843756+08:00,5,false,2.80,-1.00,429,backpressure,false,
candidateB_saturation_hard,2026-09-13T19:06:54.843771+08:00,0,false,2.84,-1.00,429,backpressure,false,
candidateB_saturation_hard,2026-09-13T19:06:54.844286+08:00,7,true,4.02,-1.00,429,backpressure,false,
candidateB_saturation_hard,2026-09-13T19:06:54.843892+08:00,1,true,4.48,-1.00,429,backpressure,false,
candidateB_saturation_hard,2026-09-13T19:06:54.843932+08:00,2,false,4.48,-1.00,429,backpressure,false,
candidateB_saturation_hard,2026-09-13T19:06:54.844182+08:00,8,true,4.28,-1.00,429,backpressure,false,
candidateB_saturation_hard,2026-09-13T19:06:54.994969+08:00,0,true,1.65,-1.00,429,backpressure,false,
candidateB_saturation_hard,2026-09-13T19:06:54.994855+08:00,5,true,1.82,-1.00,429,backpressure,false,
candidateB_saturation_hard,2026-09-13T19:06:54.995024+08:00,8,true,1.71,-1.00,429,backpressure,false,
candidateB_saturation_hard,2026-09-13T19:06:54.994825+08:00,1,false,1.96,-1.00,429,backpressure,false,
candidateB_saturation_hard,2026-09-13T19:06:54.994814+08:00,7,false,1.99,-1.00,429,backpressure,false,
candidateB_saturation_hard,2026-09-13T19:06:54.995182+08:00,2,false,1.65,-1.00,429,backpressure,false,
candidateB_saturation_hard,2026-09-13T19:06:47.993519+08:00,9,false,7031.24,-1.00,200,,true,
candidateB_saturation_hard,2026-09-13T19:06:55.148144+08:00,5,true,1.67,-1.00,429,backpressure,false,
candidateB_saturation_hard,2026-09-13T19:06:55.147764+08:00,7,false,2.09,-1.00,429,backpressure,false,
candidateB_saturation_hard,2026-09-13T19:06:55.145989+08:00,2,true,3.92,-1.00,429,backpressure,false,
candidateB_saturation_hard,2026-09-13T19:06:55.148199+08:00,0,false,1.79,-1.00,429,backpressure,false,
candidateB_saturation_hard,2026-09-13T19:06:55.147812+08:00,1,false,2.20,-1.00,429,backpressure,false,
candidateB_saturation_hard,2026-09-13T19:06:55.148248+08:00,8,true,1.79,-1.00,429,backpressure,false,
candidateB_saturation_hard,2026-09-13T19:06:55.297071+08:00,2,false,0.99,-1.00,429,backpressure,false,
candidateB_saturation_hard,2026-09-13T19:06:55.298116+08:00,1,true,0.71,-1.00,429,backpressure,false,
candidateB_saturation_hard,2026-09-13T19:06:55.298088+08:00,7,true,0.79,-1.00,429,backpressure,false,
candidateB_saturation_hard,2026-09-13T19:06:55.298249+08:00,0,true,1.03,-1.00,429,backpressure,false,
candidateB_saturation_hard,2026-09-13T19:06:55.298189+08:00,5,false,1.16,-1.00,429,backpressure,false,
candidateB_saturation_hard,2026-09-13T19:06:55.299166+08:00,8,false,0.32,-1.00,429,backpressure,false,
candidateB_saturation_hard,2026-09-13T19:06:55.448611+08:00,1,false,3.72,-1.00,429,backpressure,false,
candidateB_saturation_hard,2026-09-13T19:06:55.448517+08:00,7,false,3.81,-1.00,429,backpressure,false,
candidateB_saturation_hard,2026-09-13T19:06:55.448404+08:00,0,false,3.93,-1.00,429,backpressure,false,
candidateB_saturation_hard,2026-09-13T19:06:55.448807+08:00,5,false,3.54,-1.00,429,backpressure,false,
candidateB_saturation_hard,2026-09-13T19:06:55.448314+08:00,2,false,4.03,-1.00,429,backpressure,false,
candidateB_saturation_hard,2026-09-13T19:06:55.449982+08:00,8,false,2.66,-1.00,429,backpressure,false,
candidateB_saturation_hard,2026-09-13T19:06:55.598498+08:00,2,true,3.31,-1.00,429,backpressure,false,
candidateB_saturation_hard,2026-09-13T19:06:55.598763+08:00,1,false,3.05,-1.00,429,backpressure,false,
candidateB_saturation_hard,2026-09-13T19:06:55.598808+08:00,0,false,3.05,-1.00,429,backpressure,false,
candidateB_saturation_hard,2026-09-13T19:06:55.598868+08:00,7,false,3.03,-1.00,429,backpressure,false,
candidateB_saturation_hard,2026-09-13T19:06:55.599139+08:00,5,false,2.80,-1.00,429,backpressure,false,
candidateB_saturation_hard,2026-09-13T19:06:55.601184+08:00,8,true,1.18,-1.00,429,backpressure,false,
candidateB_saturation_hard,2026-09-13T19:06:55.749502+08:00,1,false,2.67,-1.00,429,backpressure,false,
candidateB_saturation_hard,2026-09-13T19:06:55.749795+08:00,5,false,2.52,-1.00,429,backpressure,false,
candidateB_saturation_hard,2026-09-13T19:06:55.751719+08:00,8,true,2.11,-1.00,429,backpressure,false,
candidateB_saturation_hard,2026-09-13T19:06:55.752507+08:00,2,false,1.39,-1.00,429,backpressure,false,
candidateB_saturation_hard,2026-09-13T19:06:55.750303+08:00,7,false,3.82,-1.00,429,backpressure,false,
candidateB_saturation_hard,2026-09-13T19:06:55.749887+08:00,0,false,5.10,-1.00,429,backpressure,false,
candidateB_saturation_hard,2026-09-13T19:06:48.771594+08:00,10,false,7083.44,-1.00,200,,true,
candidateB_saturation_hard,2026-09-13T19:06:55.90048+08:00,5,false,1.82,-1.00,429,backpressure,false,
candidateB_saturation_hard,2026-09-13T19:06:55.900647+08:00,1,false,1.66,-1.00,429,backpressure,false,
candidateB_saturation_hard,2026-09-13T19:06:55.900913+08:00,0,false,1.45,-1.00,429,backpressure,false,
candidateB_saturation_hard,2026-09-13T19:06:55.900724+08:00,7,false,1.66,-1.00,429,backpressure,false,
candidateB_saturation_hard,2026-09-13T19:06:55.902405+08:00,8,false,0.50,-1.00,429,backpressure,false,
candidateB_saturation_hard,2026-09-13T19:06:55.90255+08:00,2,false,0.40,-1.00,429,backpressure,false,
candidateB_saturation_hard,2026-09-13T19:06:56.051846+08:00,1,false,2.49,-1.00,429,backpressure,false,
candidateB_saturation_hard,2026-09-13T19:06:56.052652+08:00,2,true,2.88,-1.00,429,backpressure,false,
candidateB_saturation_hard,2026-09-13T19:06:56.052334+08:00,5,false,3.24,-1.00,429,backpressure,false,
candidateB_saturation_hard,2026-09-13T19:06:56.051602+08:00,0,false,4.02,-1.00,429,backpressure,false,
candidateB_saturation_hard,2026-09-13T19:06:56.051965+08:00,7,false,3.67,-1.00,429,backpressure,false,
candidateB_saturation_hard,2026-09-13T19:06:56.052505+08:00,8,true,3.16,-1.00,429,backpressure,false,
candidateB_saturation_hard,2026-09-13T19:06:56.202748+08:00,7,false,3.15,-1.00,429,backpressure,false,
candidateB_saturation_hard,2026-09-13T19:06:56.203867+08:00,5,true,2.13,-1.00,429,backpressure,false,
candidateB_saturation_hard,2026-09-13T19:06:56.20275+08:00,2,false,3.27,-1.00,429,backpressure,false,
candidateB_saturation_hard,2026-09-13T19:06:56.203323+08:00,0,false,2.83,-1.00,429,backpressure,false,
candidateB_saturation_hard,2026-09-13T19:06:56.204482+08:00,8,false,2.27,-1.00,429,backpressure,false,
candidateB_saturation_hard,2026-09-13T19:06:56.206222+08:00,1,true,0.59,-1.00,429,backpressure,false,
candidateB_saturation_hard,2026-09-13T19:06:56.354462+08:00,8,false,1.93,-1.00,429,backpressure,false,
candidateB_saturation_hard,2026-09-13T19:06:56.354059+08:00,0,true,2.36,-1.00,429,backpressure,false,
candidateB_saturation_hard,2026-09-13T19:06:56.354869+08:00,1,false,1.60,-1.00,429,backpressure,false,
candidateB_saturation_hard,2026-09-13T19:06:56.354368+08:00,5,false,2.14,-1.00,429,backpressure,false,
candidateB_saturation_hard,2026-09-13T19:06:56.353977+08:00,2,true,2.56,-1.00,429,backpressure,false,
candidateB_saturation_hard,2026-09-13T19:06:56.354527+08:00,7,false,2.03,-1.00,429,backpressure,false,
candidateB_saturation_hard,2026-09-13T19:06:56.504738+08:00,8,false,0.96,-1.00,429,backpressure,false,
candidateB_saturation_hard,2026-09-13T19:06:56.504662+08:00,7,false,1.07,-1.00,429,backpressure,false,
candidateB_saturation_hard,2026-09-13T19:06:56.50425+08:00,2,false,1.52,-1.00,429,backpressure,false,
candidateB_saturation_hard,2026-09-13T19:06:56.504172+08:00,0,false,1.62,-1.00,429,backpressure,false,
candidateB_saturation_hard,2026-09-13T19:06:56.504876+08:00,1,false,0.93,-1.00,429,backpressure,false,
candidateB_saturation_hard,2026-09-13T19:06:56.504389+08:00,5,false,1.44,-1.00,429,backpressure,false,
candidateB_saturation_hard,2026-09-13T19:06:49.566261+08:00,6,true,7038.17,6406.23,200,,true,
candidateB_saturation_hard,2026-09-13T19:06:56.655169+08:00,2,true,1.47,-1.00,429,backpressure,false,
candidateB_saturation_hard,2026-09-13T19:06:56.655134+08:00,1,true,1.57,-1.00,429,backpressure,false,
candidateB_saturation_hard,2026-09-13T19:06:56.655198+08:00,0,false,1.54,-1.00,429,backpressure,false,
candidateB_saturation_hard,2026-09-13T19:06:56.655134+08:00,7,true,1.62,-1.00,429,backpressure,false,
candidateB_saturation_hard,2026-09-13T19:06:56.655351+08:00,8,false,1.42,-1.00,429,backpressure,false,
candidateB_saturation_hard,2026-09-13T19:06:56.655534+08:00,5,true,1.29,-1.00,429,backpressure,false,
candidateB_saturation_hard,2026-09-13T19:06:56.806227+08:00,8,false,2.38,-1.00,429,backpressure,false,
candidateB_saturation_hard,2026-09-13T19:06:56.806399+08:00,2,false,2.29,-1.00,429,backpressure,false,
candidateB_saturation_hard,2026-09-13T19:06:56.806683+08:00,0,false,2.07,-1.00,429,backpressure,false,
candidateB_saturation_hard,2026-09-13T19:06:56.806285+08:00,1,true,2.51,-1.00,429,backpressure,false,
candidateB_saturation_hard,2026-09-13T19:06:56.806936+08:00,7,false,1.87,-1.00,429,backpressure,false,
candidateB_saturation_hard,2026-09-13T19:06:56.806225+08:00,5,false,2.63,-1.00,429,backpressure,false,
candidateB_saturation_hard,2026-09-13T19:06:56.957517+08:00,2,true,1.45,-1.00,429,backpressure,false,
candidateB_saturation_hard,2026-09-13T19:06:56.957474+08:00,5,false,1.51,-1.00,429,backpressure,false,
candidateB_saturation_hard,2026-09-13T19:06:56.957405+08:00,7,false,1.60,-1.00,429,backpressure,false,
candidateB_saturation_hard,2026-09-13T19:06:56.957742+08:00,0,false,1.36,-1.00,429,backpressure,false,
candidateB_saturation_hard,2026-09-13T19:06:56.957272+08:00,1,false,1.85,-1.00,429,backpressure,false,
candidateB_saturation_hard,2026-09-13T19:06:56.958053+08:00,8,false,1.42,-1.00,429,backpressure,false,
candidateB_saturation_hard,2026-09-13T19:06:57.108418+08:00,0,false,2.02,-1.00,429,backpressure,false,
candidateB_saturation_hard,2026-09-13T19:06:57.108595+08:00,5,true,1.88,-1.00,429,backpressure,false,
candidateB_saturation_hard,2026-09-13T19:06:57.10846+08:00,7,true,2.06,-1.00,429,backpressure,false,
candidateB_saturation_hard,2026-09-13T19:06:57.108418+08:00,8,false,2.15,-1.00,429,backpressure,false,
candidateB_saturation_hard,2026-09-13T19:06:57.108683+08:00,1,false,1.91,-1.00,429,backpressure,false,
candidateB_saturation_hard,2026-09-13T19:06:57.108865+08:00,2,false,1.77,-1.00,429,backpressure,false,
candidateB_saturation_hard,2026-09-13T19:06:57.259475+08:00,1,false,2.34,-1.00,429,backpressure,false,
candidateB_saturation_hard,2026-09-13T19:06:57.26015+08:00,8,false,1.69,-1.00,429,backpressure,false,
candidateB_saturation_hard,2026-09-13T19:06:57.260066+08:00,0,false,1.82,-1.00,429,backpressure,false,
candidateB_saturation_hard,2026-09-13T19:06:57.260228+08:00,2,false,1.70,-1.00,429,backpressure,false,
candidateB_saturation_hard,2026-09-13T19:06:57.259781+08:00,7,false,2.13,-1.00,429,backpressure,false,
candidateB_saturation_hard,2026-09-13T19:06:57.259662+08:00,5,true,2.31,-1.00,429,backpressure,false,
candidateB_saturation_hard,2026-09-13T19:06:57.410526+08:00,2,false,1.79,-1.00,429,backpressure,false,
candidateB_saturation_hard,2026-09-13T19:06:57.410597+08:00,5,false,1.73,-1.00,429,backpressure,false,
candidateB_saturation_hard,2026-09-13T19:06:57.410526+08:00,8,true,1.87,-1.00,429,backpressure,false,
candidateB_saturation_hard,2026-09-13T19:06:57.410561+08:00,7,false,1.85,-1.00,429,backpressure,false,
candidateB_saturation_hard,2026-09-13T19:06:57.410585+08:00,1,true,1.93,-1.00,429,backpressure,false,
candidateB_saturation_hard,2026-09-13T19:06:57.410606+08:00,0,false,1.94,-1.00,429,backpressure,false,
candidateB_saturation_hard,2026-09-13T19:06:50.525925+08:00,12,false,6964.28,-1.00,200,,true,
candidateB_saturation_hard,2026-09-13T19:06:57.562087+08:00,2,false,2.64,-1.00,429,backpressure,false,
candidateB_saturation_hard,2026-09-13T19:06:57.561678+08:00,1,true,3.12,-1.00,429,backpressure,false,
candidateB_saturation_hard,2026-09-13T19:06:57.561636+08:00,8,true,3.21,-1.00,429,backpressure,false,
candidateB_saturation_hard,2026-09-13T19:06:57.561626+08:00,5,true,3.24,-1.00,429,backpressure,false,
candidateB_saturation_hard,2026-09-13T19:06:57.562202+08:00,7,false,2.68,-1.00,429,backpressure,false,
candidateB_saturation_hard,2026-09-13T19:06:57.561978+08:00,0,true,2.96,-1.00,429,backpressure,false,
candidateB_saturation_hard,2026-09-13T19:06:57.712888+08:00,8,false,3.64,-1.00,429,backpressure,false,
candidateB_saturation_hard,2026-09-13T19:06:57.716082+08:00,5,true,0.80,-1.00,429,backpressure,false,
candidateB_saturation_hard,2026-09-13T19:06:57.712575+08:00,7,false,4.38,-1.00,429,backpressure,false,
candidateB_saturation_hard,2026-09-13T19:06:57.712979+08:00,1,false,4.80,-1.00,429,backpressure,false,
candidateB_saturation_hard,2026-09-13T19:06:57.71585+08:00,0,false,2.00,-1.00,429,backpressure,false,
candidateB_saturation_hard,2026-09-13T19:06:57.713326+08:00,2,false,4.58,-1.00,429,backpressure,false,
candidateB_saturation_hard,2026-09-13T19:06:57.863607+08:00,2,false,1.30,-1.00,429,backpressure,false,
candidateB_saturation_hard,2026-09-13T19:06:57.86374+08:00,1,true,1.23,-1.00,429,backpressure,false,
candidateB_saturation_hard,2026-09-13T19:06:57.863834+08:00,8,true,1.50,-1.00,429,backpressure,false,
candidateB_saturation_hard,2026-09-13T19:06:57.863882+08:00,7,true,1.49,-1.00,429,backpressure,false,
candidateB_saturation_hard,2026-09-13T19:06:57.865963+08:00,0,true,2.00,-1.00,429,backpressure,false,
candidateB_saturation_hard,2026-09-13T19:06:57.866147+08:00,5,true,1.87,-1.00,429,backpressure,false,
candidateB_saturation_hard,2026-09-13T19:06:58.016533+08:00,7,false,2.57,-1.00,429,backpressure,false,
candidateB_saturation_hard,2026-09-13T19:06:58.015809+08:00,2,false,3.36,-1.00,429,backpressure,false,
candidateB_saturation_hard,2026-09-13T19:06:58.015773+08:00,8,true,3.54,-1.00,429,backpressure,false,
candidateB_saturation_hard,2026-09-13T19:06:58.015766+08:00,1,false,3.60,-1.00,429,backpressure,false,
candidateB_saturation_hard,2026-09-13T19:06:58.015967+08:00,0,false,3.47,-1.00,429,backpressure,false,
candidateB_saturation_hard,2026-09-13T19:06:58.016171+08:00,5,false,4.97,-1.00,429,backpressure,false,
candidateB_saturation_hard,2026-09-13T19:06:58.166907+08:00,1,false,2.78,-1.00,429,backpressure,false,
candidateB_saturation_hard,2026-09-13T19:06:58.167245+08:00,2,false,2.55,-1.00,429,backpressure,false,
candidateB_saturation_hard,2026-09-13T19:06:58.167437+08:00,7,false,2.41,-1.00,429,backpressure,false,
candidateB_saturation_hard,2026-09-13T19:06:58.166858+08:00,8,true,3.33,-1.00,429,backpressure,false,
candidateB_saturation_hard,2026-09-13T19:06:58.166869+08:00,5,true,3.33,-1.00,429,backpressure,false,
candidateB_saturation_hard,2026-09-13T19:06:58.167597+08:00,0,false,3.04,-1.00,429,backpressure,false,
candidateB_saturation_hard,2026-09-13T19:06:58.318628+08:00,7,false,3.15,-1.00,429,backpressure,false,
candidateB_saturation_hard,2026-09-13T19:06:58.318367+08:00,0,true,3.64,-1.00,429,backpressure,false,
candidateB_saturation_hard,2026-09-13T19:06:58.319049+08:00,5,true,3.08,-1.00,429,backpressure,false,
candidateB_saturation_hard,2026-09-13T19:06:58.319181+08:00,1,true,3.02,-1.00,429,backpressure,false,
candidateB_saturation_hard,2026-09-13T19:06:58.319746+08:00,2,true,2.53,-1.00,429,backpressure,false,
candidateB_saturation_hard,2026-09-13T19:06:58.318697+08:00,8,true,3.65,-1.00,429,backpressure,false,
candidateB_saturation_hard,2026-09-13T19:06:51.444401+08:00,13,false,6895.40,-1.00,200,,true,
candidateB_saturation_hard,2026-09-13T19:06:58.469715+08:00,5,false,1.36,-1.00,429,backpressure,false,
candidateB_saturation_hard,2026-09-13T19:06:58.469471+08:00,8,false,1.69,-1.00,429,backpressure,false,
candidateB_saturation_hard,2026-09-13T19:06:58.469421+08:00,1,true,1.82,-1.00,429,backpressure,false,
candidateB_saturation_hard,2026-09-13T19:06:58.469568+08:00,0,false,1.81,-1.00,429,backpressure,false,
candidateB_saturation_hard,2026-09-13T19:06:58.469868+08:00,2,false,1.57,-1.00,429,backpressure,false,
candidateB_saturation_hard,2026-09-13T19:06:58.46943+08:00,7,false,2.19,-1.00,429,backpressure,false,
candidateB_saturation_hard,2026-09-13T19:06:58.619837+08:00,0,false,2.69,-1.00,429,backpressure,false,
candidateB_saturation_hard,2026-09-13T19:06:58.620105+08:00,5,false,2.42,-1.00,429,backpressure,false,
candidateB_saturation_hard,2026-09-13T19:06:58.620329+08:00,1,false,2.26,-1.00,429,backpressure,false,
candidateB_saturation_hard,2026-09-13T19:06:58.619944+08:00,2,true,2.68,-1.00,429,backpressure,false,
candidateB_saturation_hard,2026-09-13T19:06:58.620744+08:00,7,true,1.91,-1.00,429,backpressure,false,
candidateB_saturation_hard,2026-09-13T19:06:58.620372+08:00,8,false,2.29,-1.00,429,backpressure,false,
candidateB_saturation_hard,2026-09-13T19:06:58.771068+08:00,8,false,2.09,-1.00,429,backpressure,false,
candidateB_saturation_hard,2026-09-13T19:06:58.77127+08:00,1,false,1.89,-1.00,429,backpressure,false,
candidateB_saturation_hard,2026-09-13T19:06:58.771069+08:00,7,false,2.16,-1.00,429,backpressure,false,
candidateB_saturation_hard,2026-09-13T19:06:58.771647+08:00,0,false,1.62,-1.00,429,backpressure,false,
candidateB_saturation_hard,2026-09-13T19:06:58.771346+08:00,2,true,1.93,-1.00,429,backpressure,false,
candidateB_saturation_hard,2026-09-13T19:06:58.771148+08:00,5,false,2.17,-1.00,429,backpressure,false,
candidateB_saturation_hard,2026-09-13T19:06:58.92253+08:00,5,false,1.56,-1.00,429,backpressure,false,
candidateB_saturation_hard,2026-09-13T19:06:58.92232+08:00,8,true,1.77,-1.00,429,backpressure,false,
candidateB_saturation_hard,2026-09-13T19:06:58.922633+08:00,7,false,1.51,-1.00,429,backpressure,false,
candidateB_saturation_hard,2026-09-13T19:06:58.922262+08:00,2,false,1.89,-1.00,429,backpressure,false,
candidateB_saturation_hard,2026-09-13T19:06:58.922043+08:00,0,false,2.14,-1.00,429,backpressure,false,
candidateB_saturation_hard,2026-09-13T19:06:58.922094+08:00,1,false,2.12,-1.00,429,backpressure,false,
candidateB_saturation_hard,2026-09-13T19:06:59.073753+08:00,5,true,1.68,-1.00,429,backpressure,false,
candidateB_saturation_hard,2026-09-13T19:06:59.073325+08:00,2,true,2.15,-1.00,429,backpressure,false,
candidateB_saturation_hard,2026-09-13T19:06:59.073486+08:00,0,false,2.02,-1.00,429,backpressure,false,
candidateB_saturation_hard,2026-09-13T19:06:59.07338+08:00,7,true,2.18,-1.00,429,backpressure,false,
candidateB_saturation_hard,2026-09-13T19:06:59.073301+08:00,8,false,2.29,-1.00,429,backpressure,false,
candidateB_saturation_hard,2026-09-13T19:06:59.073857+08:00,1,true,1.75,-1.00,429,backpressure,false,
candidateB_saturation_hard,2026-09-13T19:06:59.224385+08:00,0,false,1.51,-1.00,429,backpressure,false,
candidateB_saturation_hard,2026-09-13T19:06:59.22449+08:00,7,false,1.49,-1.00,429,backpressure,false,
candidateB_saturation_hard,2026-09-13T19:06:59.224389+08:00,1,false,1.70,-1.00,429,backpressure,false,
candidateB_saturation_hard,2026-09-13T19:06:59.224768+08:00,2,false,1.37,-1.00,429,backpressure,false,
candidateB_saturation_hard,2026-09-13T19:06:59.224847+08:00,8,true,1.33,-1.00,429,backpressure,false,
candidateB_saturation_hard,2026-09-13T19:06:59.224417+08:00,5,false,1.79,-1.00,429,backpressure,false,
candidateB_saturation_hard,2026-09-13T19:06:52.40195+08:00,3,true,6904.19,6058.62,200,,true,
candidateB_saturation_hard,2026-09-13T19:06:59.375148+08:00,5,true,3.04,-1.00,429,backpressure,false,
candidateB_saturation_hard,2026-09-13T19:06:59.376451+08:00,0,true,1.73,-1.00,429,backpressure,false,
candidateB_saturation_hard,2026-09-13T19:06:59.376841+08:00,2,false,1.41,-1.00,429,backpressure,false,
candidateB_saturation_hard,2026-09-13T19:06:59.375175+08:00,8,true,3.14,-1.00,429,backpressure,false,
candidateB_saturation_hard,2026-09-13T19:06:59.375204+08:00,1,false,3.49,-1.00,429,backpressure,false,
candidateB_saturation_hard,2026-09-13T19:06:59.375512+08:00,7,false,3.26,-1.00,429,backpressure,false,
candidateB_saturation_hard,2026-09-13T19:06:59.526622+08:00,1,false,0.94,-1.00,429,backpressure,false,
candidateB_saturation_hard,2026-09-13T19:06:59.526369+08:00,7,true,1.37,-1.00,429,backpressure,false,
candidateB_saturation_hard,2026-09-13T19:06:59.527158+08:00,2,false,1.35,-1.00,429,backpressure,false,
candidateB_saturation_hard,2026-09-13T19:06:59.52776+08:00,0,false,0.79,-1.00,429,backpressure,false,
candidateB_saturation_hard,2026-09-13T19:06:59.527804+08:00,8,false,0.77,-1.00,429,backpressure,false,
candidateB_saturation_hard,2026-09-13T19:06:59.526738+08:00,5,false,1.90,-1.00,429,backpressure,false,
candidateB_saturation_hard,2026-09-13T19:06:59.678158+08:00,8,true,3.38,-1.00,429,backpressure,false,
candidateB_saturation_hard,2026-09-13T19:06:59.677654+08:00,2,false,3.94,-1.00,429,backpressure,false,
candidateB_saturation_hard,2026-09-13T19:06:59.677805+08:00,1,true,3.85,-1.00,429,backpressure,false,
candidateB_saturation_hard,2026-09-13T19:06:59.677724+08:00,7,true,3.96,-1.00,429,backpressure,false,
candidateB_saturation_hard,2026-09-13T19:06:59.677654+08:00,5,true,4.04,-1.00,429,backpressure,false,
candidateB_saturation_hard,2026-09-13T19:06:59.677874+08:00,0,true,3.87,-1.00,429,backpressure,false,
candidateB_saturation_hard,2026-09-13T19:06:59.828746+08:00,7,false,2.03,-1.00,429,backpressure,false,
candidateB_saturation_hard,2026-09-13T19:06:59.829129+08:00,0,true,1.70,-1.00,429,backpressure,false,
candidateB_saturation_hard,2026-09-13T19:06:59.828953+08:00,1,false,1.90,-1.00,429,backpressure,false,
candidateB_saturation_hard,2026-09-13T19:06:59.828746+08:00,8,false,2.17,-1.00,429,backpressure,false,
candidateB_saturation_hard,2026-09-13T19:06:59.828788+08:00,5,true,2.15,-1.00,429,backpressure,false,
candidateB_saturation_hard,2026-09-13T19:06:59.828892+08:00,2,false,2.06,-1.00,429,backpressure,false,
candidateB_saturation_hard,2026-09-13T19:06:59.979272+08:00,0,false,4.40,-1.00,429,backpressure,false,
candidateB_saturation_hard,2026-09-13T19:06:59.979272+08:00,1,true,4.44,-1.00,429,backpressure,false,
candidateB_saturation_hard,2026-09-13T19:06:59.981461+08:00,2,true,2.32,-1.00,429,backpressure,false,
candidateB_saturation_hard,2026-09-13T19:06:59.979321+08:00,5,false,4.49,-1.00,429,backpressure,false,
candidateB_saturation_hard,2026-09-13T19:06:59.981498+08:00,8,false,2.33,-1.00,429,backpressure,false,
candidateB_saturation_hard,2026-09-13T19:06:59.979523+08:00,7,true,4.34,-1.00,429,backpressure,false,
candidateB_saturation_hard,2026-09-13T19:06:53.119114+08:00,11,true,6917.46,6310.63,200,,true,
candidateB_saturation_hard,2026-09-13T19:07:00.130348+08:00,5,false,1.22,-1.00,429,backpressure,false,
candidateB_saturation_hard,2026-09-13T19:07:00.130623+08:00,1,false,1.02,-1.00,429,backpressure,false,
candidateB_saturation_hard,2026-09-13T19:07:00.130362+08:00,7,true,1.34,-1.00,429,backpressure,false,
candidateB_saturation_hard,2026-09-13T19:07:00.130388+08:00,0,false,1.33,-1.00,429,backpressure,false,
candidateB_saturation_hard,2026-09-13T19:07:00.131739+08:00,8,true,0.35,-1.00,429,backpressure,false,
candidateB_saturation_hard,2026-09-13T19:07:00.131748+08:00,2,false,0.38,-1.00,429,backpressure,false,
candidateB_saturation_hard,2026-09-13T19:07:00.281708+08:00,1,true,1.77,-1.00,429,backpressure,false,
candidateB_saturation_hard,2026-09-13T19:07:00.281801+08:00,2,false,1.75,-1.00,429,backpressure,false,
candidateB_saturation_hard,2026-09-13T19:07:00.28211+08:00,5,true,1.52,-1.00,429,backpressure,false,
candidateB_saturation_hard,2026-09-13T19:07:00.282039+08:00,8,false,1.63,-1.00,429,backpressure,false,
candidateB_saturation_hard,2026-09-13T19:07:00.281637+08:00,7,true,2.15,-1.00,429,backpressure,false,
candidateB_saturation_hard,2026-09-13T19:07:00.281854+08:00,0,false,2.31,-1.00,429,backpressure,false,
candidateB_saturation_hard,2026-09-13T19:07:00.432812+08:00,0,true,2.14,-1.00,429,backpressure,false,
candidateB_saturation_hard,2026-09-13T19:07:00.432506+08:00,5,true,2.49,-1.00,429,backpressure,false,
candidateB_saturation_hard,2026-09-13T19:07:00.432708+08:00,1,false,2.34,-1.00,429,backpressure,false,
candidateB_saturation_hard,2026-09-13T19:07:00.43304+08:00,8,true,2.80,-1.00,429,backpressure,false,
candidateB_saturation_hard,2026-09-13T19:07:00.43313+08:00,7,true,2.74,-1.00,429,backpressure,false,
candidateB_saturation_hard,2026-09-13T19:07:00.43278+08:00,2,true,3.09,-1.00,429,backpressure,false,
candidateB_saturation_hard,2026-09-13T19:07:00.584197+08:00,1,true,2.79,-1.00,429,backpressure,false,
candidateB_saturation_hard,2026-09-13T19:07:00.583851+08:00,8,true,3.19,-1.00,429,backpressure,false,
candidateB_saturation_hard,2026-09-13T19:07:00.58449+08:00,0,false,3.10,-1.00,429,backpressure,false,
candidateB_saturation_hard,2026-09-13T19:07:00.58362+08:00,7,true,4.09,-1.00,429,backpressure,false,
candidateB_saturation_hard,2026-09-13T19:07:00.583761+08:00,2,true,4.01,-1.00,429,backpressure,false,
candidateB_saturation_hard,2026-09-13T19:07:00.584356+08:00,5,false,3.58,-1.00,429,backpressure,false,
candidateB_saturation_hard,2026-09-13T19:06:54.182031+08:00,4,false,6513.13,-1.00,200,,true,
candidateB_saturation_hard,2026-09-13T19:07:00.73492+08:00,8,false,1.81,-1.00,429,backpressure,false,
candidateB_saturation_hard,2026-09-13T19:07:00.735342+08:00,5,false,1.42,-1.00,429,backpressure,false,
candidateB_saturation_hard,2026-09-13T19:07:00.735247+08:00,1,false,1.57,-1.00,429,backpressure,false,
candidateB_saturation_hard,2026-09-13T19:07:00.73501+08:00,7,true,1.84,-1.00,429,backpressure,false,
candidateB_saturation_hard,2026-09-13T19:07:00.734675+08:00,0,false,2.22,-1.00,429,backpressure,false,
candidateB_saturation_hard,2026-09-13T19:07:00.734695+08:00,2,false,2.23,-1.00,429,backpressure,false,
candidateB_saturation_hard,2026-09-13T19:07:00.885802+08:00,5,false,2.55,-1.00,429,backpressure,false,
candidateB_saturation_hard,2026-09-13T19:07:00.886162+08:00,7,false,2.25,-1.00,429,backpressure,false,
candidateB_saturation_hard,2026-09-13T19:07:00.886438+08:00,1,true,2.04,-1.00,429,backpressure,false,
candidateB_saturation_hard,2026-09-13T19:07:00.886131+08:00,8,false,2.40,-1.00,429,backpressure,false,
candidateB_saturation_hard,2026-09-13T19:07:00.886043+08:00,0,true,2.54,-1.00,429,backpressure,false,
candidateB_saturation_hard,2026-09-13T19:07:00.886696+08:00,2,true,2.16,-1.00,429,backpressure,false,
candidateB_saturation_hard,2026-09-13T19:07:01.036461+08:00,1,false,1.55,-1.00,429,backpressure,false,
candidateB_saturation_hard,2026-09-13T19:07:01.036401+08:00,0,false,1.65,-1.00,429,backpressure,false,
candidateB_saturation_hard,2026-09-13T19:07:01.036437+08:00,8,true,1.72,-1.00,429,backpressure,false,
candidateB_saturation_hard,2026-09-13T19:07:01.036717+08:00,2,true,1.50,-1.00,429,backpressure,false,
candidateB_saturation_hard,2026-09-13T19:07:01.036536+08:00,5,true,1.72,-1.00,429,backpressure,false,
candidateB_saturation_hard,2026-09-13T19:07:01.036395+08:00,7,true,1.89,-1.00,429,backpressure,false,
candidateB_saturation_hard,2026-09-13T19:07:01.187967+08:00,8,false,2.94,-1.00,429,backpressure,false,
candidateB_saturation_hard,2026-09-13T19:07:01.187899+08:00,0,false,3.02,-1.00,429,backpressure,false,
candidateB_saturation_hard,2026-09-13T19:07:01.187635+08:00,1,false,3.30,-1.00,429,backpressure,false,
candidateB_saturation_hard,2026-09-13T19:07:01.188702+08:00,5,false,3.04,-1.00,429,backpressure,false,
candidateB_saturation_hard,2026-09-13T19:07:01.188914+08:00,7,true,4.14,-1.00,429,backpressure,false,
candidateB_saturation_hard,2026-09-13T19:07:01.187941+08:00,2,false,5.11,-1.00,429,backpressure,false,
candidateB_saturation_hard,2026-09-13T19:07:01.33931+08:00,1,false,1.36,-1.00,429,backpressure,false,
candidateB_saturation_hard,2026-09-13T19:07:01.339416+08:00,7,true,1.73,-1.00,429,backpressure,false,
candidateB_saturation_hard,2026-09-13T19:07:01.338968+08:00,0,true,2.28,-1.00,429,backpressure,false,
candidateB_saturation_hard,2026-09-13T19:07:01.340171+08:00,8,false,1.11,-1.00,429,backpressure,false,
candidateB_saturation_hard,2026-09-13T19:07:01.341109+08:00,2,true,0.65,-1.00,429,backpressure,false,
candidateB_saturation_hard,2026-09-13T19:07:01.34101+08:00,5,false,0.83,-1.00,429,backpressure,false,
candidateB_saturation_hard,2026-09-13T19:07:01.490264+08:00,8,false,1.08,-1.00,429,backpressure,false,
candidateB_saturation_hard,2026-09-13T19:07:01.490029+08:00,0,true,1.46,-1.00,429,backpressure,false,
candidateB_saturation_hard,2026-09-13T19:07:01.490034+08:00,1,true,1.52,-1.00,429,backpressure,false,
candidateB_saturation_hard,2026-09-13T19:07:01.490088+08:00,7,false,1.48,-1.00,429,backpressure,false,
candidateB_saturation_hard,2026-09-13T19:07:01.491387+08:00,5,true,0.73,-1.00,429,backpressure,false,
candidateB_saturation_hard,2026-09-13T19:07:01.491264+08:00,2,true,0.91,-1.00,429,backpressure,false,
candidateB_saturation_hard,2026-09-13T19:07:01.641228+08:00,0,false,2.22,-1.00,429,backpressure,false,
candidateB_saturation_hard,2026-09-13T19:07:01.641227+08:00,7,false,2.39,-1.00,429,backpressure,false,
candidateB_saturation_hard,2026-09-13T19:07:01.642058+08:00,8,false,2.20,-1.00,429,backpressure,false,
candidateB_saturation_hard,2026-09-13T19:07:01.641288+08:00,2,true,3.03,-1.00,429,backpressure,false,
candidateB_saturation_hard,2026-09-13T19:07:01.641481+08:00,5,true,2.82,-1.00,429,backpressure,false,
candidateB_saturation_hard,2026-09-13T19:07:01.641795+08:00,1,false,2.57,-1.00,429,backpressure,false,
candidateB_saturation_hard,2026-09-13T19:06:55.024967+08:00,9,true,6640.15,5792.22,200,,true,
candidateB_saturation_hard,2026-09-13T19:07:01.792261+08:00,7,true,1.86,-1.00,429,backpressure,false,
candidateB_saturation_hard,2026-09-13T19:07:01.791841+08:00,5,true,2.32,-1.00,429,backpressure,false,
candidateB_saturation_hard,2026-09-13T19:07:01.791935+08:00,1,true,2.27,-1.00,429,backpressure,false,
candidateB_saturation_hard,2026-09-13T19:07:01.792184+08:00,2,true,2.04,-1.00,429,backpressure,false,
candidateB_saturation_hard,2026-09-13T19:07:01.792092+08:00,0,true,2.14,-1.00,429,backpressure,false,
candidateB_saturation_hard,2026-09-13T19:07:01.792332+08:00,8,false,2.30,-1.00,429,backpressure,false,
candidateB_saturation_hard,2026-09-13T19:07:01.942558+08:00,8,false,1.24,-1.00,429,backpressure,false,
candidateB_saturation_hard,2026-09-13T19:07:01.942158+08:00,5,false,1.75,-1.00,429,backpressure,false,
candidateB_saturation_hard,2026-09-13T19:07:01.94266+08:00,0,true,1.40,-1.00,429,backpressure,false,
candidateB_saturation_hard,2026-09-13T19:07:01.942255+08:00,2,false,1.85,-1.00,429,backpressure,false,
candidateB_saturation_hard,2026-09-13T19:07:01.942087+08:00,1,false,2.05,-1.00,429,backpressure,false,
candidateB_saturation_hard,2026-09-13T19:07:01.942279+08:00,7,true,2.16,-1.00,429,backpressure,false,
candidateB_saturation_hard,2026-09-13T19:07:02.093419+08:00,8,true,1.56,-1.00,429,backpressure,false,
candidateB_saturation_hard,2026-09-13T19:07:02.093581+08:00,7,false,1.46,-1.00,429,backpressure,false,
candidateB_saturation_hard,2026-09-13T19:07:02.093339+08:00,5,true,1.73,-1.00,429,backpressure,false,
candidateB_saturation_hard,2026-09-13T19:07:02.093226+08:00,1,true,1.90,-1.00,429,backpressure,false,
candidateB_saturation_hard,2026-09-13T19:07:02.093181+08:00,0,false,1.99,-1.00,429,backpressure,false,
candidateB_saturation_hard,2026-09-13T19:07:02.093191+08:00,2,false,2.00,-1.00,429,backpressure,false,
candidateB_saturation_hard,2026-09-13T19:07:02.244294+08:00,8,false,2.67,-1.00,429,backpressure,false,
candidateB_saturation_hard,2026-09-13T19:07:02.244439+08:00,5,false,2.72,-1.00,429,backpressure,false,
candidateB_saturation_hard,2026-09-13T19:07:02.244309+08:00,1,false,4.09,-1.00,429,backpressure,false,
candidateB_saturation_hard,2026-09-13T19:07:02.244705+08:00,7,true,3.72,-1.00,429,backpressure,false,
candidateB_saturation_hard,2026-09-13T19:07:02.244345+08:00,0,true,4.14,-1.00,429,backpressure,false,
candidateB_saturation_hard,2026-09-13T19:07:02.244806+08:00,2,true,3.68,-1.00,429,backpressure,false,
candidateB_saturation_hard,2026-09-13T19:06:55.855283+08:00,10,true,6453.27,5929.62,200,,true,
candidateB_saturation_hard,2026-09-13T19:07:02.395359+08:00,8,true,1.47,-1.00,429,backpressure,false,
candidateB_saturation_hard,2026-09-13T19:07:02.395358+08:00,5,false,1.60,-1.00,429,backpressure,false,
candidateB_saturation_hard,2026-09-13T19:07:02.395391+08:00,1,true,1.65,-1.00,429,backpressure,false,
candidateB_saturation_hard,2026-09-13T19:07:02.395728+08:00,0,true,1.37,-1.00,429,backpressure,false,
candidateB_saturation_hard,2026-09-13T19:07:02.395794+08:00,7,true,1.36,-1.00,429,backpressure,false,
candidateB_saturation_hard,2026-09-13T19:07:02.395662+08:00,2,false,1.53,-1.00,429,backpressure,false,
candidateB_saturation_hard,2026-09-13T19:07:02.546094+08:00,5,true,3.34,-1.00,429,backpressure,false,
candidateB_saturation_hard,2026-09-13T19:07:02.54607+08:00,1,false,3.37,-1.00,429,backpressure,false,
candidateB_saturation_hard,2026-09-13T19:07:02.546247+08:00,0,true,3.27,-1.00,429,backpressure,false,
candidateB_saturation_hard,2026-09-13T19:07:02.546193+08:00,8,true,3.34,-1.00,429,backpressure,false,
candidateB_saturation_hard,2026-09-13T19:07:02.546052+08:00,7,true,3.49,-1.00,429,backpressure,false,
candidateB_saturation_hard,2026-09-13T19:07:02.546395+08:00,2,true,3.18,-1.00,429,backpressure,false,
candidateB_saturation_hard,2026-09-13T19:07:02.697517+08:00,2,false,1.12,-1.00,429,backpressure,false,
candidateB_saturation_hard,2026-09-13T19:07:02.697351+08:00,5,true,1.32,-1.00,429,backpressure,false,
candidateB_saturation_hard,2026-09-13T19:07:02.69719+08:00,8,false,1.52,-1.00,429,backpressure,false,
candidateB_saturation_hard,2026-09-13T19:07:02.697317+08:00,7,false,1.43,-1.00,429,backpressure,false,
candidateB_saturation_hard,2026-09-13T19:07:02.697584+08:00,0,false,1.19,-1.00,429,backpressure,false,
candidateB_saturation_hard,2026-09-13T19:07:02.697213+08:00,1,true,1.60,-1.00,429,backpressure,false,
candidateB_saturation_hard,2026-09-13T19:07:02.849348+08:00,2,false,1.94,-1.00,429,backpressure,false,
candidateB_saturation_hard,2026-09-13T19:07:02.848855+08:00,0,false,2.54,-1.00,429,backpressure,false,
candidateB_saturation_hard,2026-09-13T19:07:02.849037+08:00,5,true,2.65,-1.00,429,backpressure,false,
candidateB_saturation_hard,2026-09-13T19:07:02.848895+08:00,7,false,2.82,-1.00,429,backpressure,false,
candidateB_saturation_hard,2026-09-13T19:07:02.84962+08:00,1,false,3.13,-1.00,429,backpressure,false,
candidateB_saturation_hard,2026-09-13T19:07:02.849121+08:00,8,false,3.64,-1.00,429,backpressure,false,
candidateB_saturation_hard,2026-09-13T19:07:02.999958+08:00,1,false,2.26,-1.00,429,backpressure,false,
candidateB_saturation_hard,2026-09-13T19:07:02.999961+08:00,2,true,2.28,-1.00,429,backpressure,false,
candidateB_saturation_hard,2026-09-13T19:07:03.000122+08:00,0,false,2.16,-1.00,429,backpressure,false,
candidateB_saturation_hard,2026-09-13T19:07:03.000192+08:00,5,false,2.14,-1.00,429,backpressure,false,
candidateB_saturation_hard,2026-09-13T19:07:03.00002+08:00,7,false,2.34,-1.00,429,backpressure,false,
candidateB_saturation_hard,2026-09-13T19:07:03.000638+08:00,8,false,1.80,-1.00,429,backpressure,false,
candidateB_saturation_hard,2026-09-13T19:06:56.60465+08:00,6,false,6419.19,-1.00,200,,true,
candidateB_saturation_hard,2026-09-13T19:07:03.154082+08:00,0,true,2.16,-1.00,429,backpressure,false,
candidateB_saturation_hard,2026-09-13T19:07:03.154478+08:00,5,false,1.80,-1.00,429,backpressure,false,
candidateB_saturation_hard,2026-09-13T19:07:03.153928+08:00,8,false,2.41,-1.00,429,backpressure,false,
candidateB_saturation_hard,2026-09-13T19:07:03.15369+08:00,7,false,2.69,-1.00,429,backpressure,false,
candidateB_saturation_hard,2026-09-13T19:07:03.153765+08:00,2,false,2.64,-1.00,429,backpressure,false,
candidateB_saturation_hard,2026-09-13T19:07:03.154212+08:00,1,true,2.22,-1.00,429,backpressure,false,
candidateB_saturation_hard,2026-09-13T19:07:03.304711+08:00,2,false,2.32,-1.00,429,backpressure,false,
candidateB_saturation_hard,2026-09-13T19:07:03.305171+08:00,0,true,1.91,-1.00,429,backpressure,false,
candidateB_saturation_hard,2026-09-13T19:07:03.304615+08:00,1,false,2.48,-1.00,429,backpressure,false,
candidateB_saturation_hard,2026-09-13T19:07:03.304884+08:00,5,true,2.25,-1.00,429,backpressure,false,
candidateB_saturation_hard,2026-09-13T19:07:03.305273+08:00,7,true,1.90,-1.00,429,backpressure,false,
candidateB_saturation_hard,2026-09-13T19:07:03.30494+08:00,8,false,2.25,-1.00,429,backpressure,false,
candidateB_saturation_hard,2026-09-13T19:07:03.455517+08:00,7,false,1.54,-1.00,429,backpressure,false,
candidateB_saturation_hard,2026-09-13T19:07:03.455926+08:00,8,false,1.17,-1.00,429,backpressure,false,
candidateB_saturation_hard,2026-09-13T19:07:03.455683+08:00,5,true,1.46,-1.00,429,backpressure,false,
candidateB_saturation_hard,2026-09-13T19:07:03.455532+08:00,2,false,1.64,-1.00,429,backpressure,false,
candidateB_saturation_hard,2026-09-13T19:07:03.455562+08:00,1,false,1.64,-1.00,429,backpressure,false,
candidateB_saturation_hard,2026-09-13T19:07:03.455747+08:00,0,false,1.47,-1.00,429,backpressure,false,
candidateB_saturation_hard,2026-09-13T19:07:03.606591+08:00,8,true,3.86,-1.00,429,backpressure,false,
candidateB_saturation_hard,2026-09-13T19:07:03.606824+08:00,1,false,4.32,-1.00,429,backpressure,false,
candidateB_saturation_hard,2026-09-13T19:07:03.606634+08:00,7,true,4.64,-1.00,429,backpressure,false,
candidateB_saturation_hard,2026-09-13T19:07:03.606605+08:00,2,true,4.77,-1.00,429,backpressure,false,
candidateB_saturation_hard,2026-09-13T19:07:03.607175+08:00,0,false,4.27,-1.00,429,backpressure,false,
candidateB_saturation_hard,2026-09-13T19:07:03.606755+08:00,5,false,4.78,-1.00,429,backpressure,false,
candidateB_saturation_hard,2026-09-13T19:07:03.757834+08:00,7,false,2.55,-1.00,429,backpressure,false,
candidateB_saturation_hard,2026-09-13T19:07:03.757701+08:00,5,false,2.73,-1.00,429,backpressure,false,
candidateB_saturation_hard,2026-09-13T19:07:03.758015+08:00,8,false,2.50,-1.00,429,backpressure,false,
candidateB_saturation_hard,2026-09-13T19:07:03.757722+08:00,1,false,2.87,-1.00,429,backpressure,false,
candidateB_saturation_hard,2026-09-13T19:07:03.75767+08:00,2,true,2.93,-1.00,429,backpressure,false,
candidateB_saturation_hard,2026-09-13T19:07:03.757666+08:00,0,false,2.96,-1.00,429,backpressure,false,
candidateB_saturation_hard,2026-09-13T19:06:57.490437+08:00,12,false,6353.53,-1.00,200,,true,
candidateB_saturation_hard,2026-09-13T19:07:03.908733+08:00,2,true,2.36,-1.00,429,backpressure,false,
candidateB_saturation_hard,2026-09-13T19:07:03.909173+08:00,7,true,1.97,-1.00,429,backpressure,false,
candidateB_saturation_hard,2026-09-13T19:07:03.90911+08:00,1,true,2.09,-1.00,429,backpressure,false,
candidateB_saturation_hard,2026-09-13T19:07:03.909042+08:00,5,true,2.19,-1.00,429,backpressure,false,
candidateB_saturation_hard,2026-09-13T19:07:03.908573+08:00,8,true,2.68,-1.00,429,backpressure,false,
candidateB_saturation_hard,2026-09-13T19:07:03.909678+08:00,0,false,1.65,-1.00,429,backpressure,false,
candidateB_saturation_hard,2026-09-13T19:07:04.059829+08:00,0,false,2.12,-1.00,429,backpressure,false,
candidateB_saturation_hard,2026-09-13T19:07:04.060232+08:00,2,false,1.76,-1.00,429,backpressure,false,
candidateB_saturation_hard,2026-09-13T19:07:04.059829+08:00,1,true,2.21,-1.00,429,backpressure,false,
candidateB_saturation_hard,2026-09-13T19:07:04.059882+08:00,8,false,2.18,-1.00,429,backpressure,false,
candidateB_saturation_hard,2026-09-13T19:07:04.060333+08:00,5,false,1.74,-1.00,429,backpressure,false,
candidateB_saturation_hard,2026-09-13T19:07:04.060079+08:00,7,false,2.04,-1.00,429,backpressure,false,
candidateB_saturation_hard,2026-09-13T19:07:04.211261+08:00,2,true,4.94,-1.00,429,backpressure,false,
candidateB_saturation_hard,2026-09-13T19:07:04.211385+08:00,7,true,4.81,-1.00,429,backpressure,false,
candidateB_saturation_hard,2026-09-13T19:07:04.211115+08:00,1,true,5.11,-1.00,429,backpressure,false,
candidateB_saturation_hard,2026-09-13T19:07:04.21088+08:00,8,false,5.35,-1.00,429,backpressure,false,
candidateB_saturation_hard,2026-09-13T19:07:04.210926+08:00,0,false,5.33,-1.00,429,backpressure,false,
candidateB_saturation_hard,2026-09-13T19:07:04.21088+08:00,5,false,5.61,-1.00,429,backpressure,false,
candidateB_saturation_hard,2026-09-13T19:07:04.362008+08:00,0,false,2.35,-1.00,429,backpressure,false,
candidateB_saturation_hard,2026-09-13T19:07:04.362409+08:00,1,false,2.03,-1.00,429,backpressure,false,
candidateB_saturation_hard,2026-09-13T19:07:04.36224+08:00,7,false,2.28,-1.00,429,backpressure,false,
candidateB_saturation_hard,2026-09-13T19:07:04.362514+08:00,8,true,2.02,-1.00,429,backpressure,false,
candidateB_saturation_hard,2026-09-13T19:07:04.362042+08:00,2,true,2.53,-1.00,429,backpressure,false,
candidateB_saturation_hard,2026-09-13T19:07:04.361997+08:00,5,false,2.63,-1.00,429,backpressure,false,
candidateB_saturation_hard,2026-09-13T19:07:04.512863+08:00,0,false,3.24,-1.00,429,backpressure,false,
candidateB_saturation_hard,2026-09-13T19:07:04.513055+08:00,7,false,3.68,-1.00,429,backpressure,false,
candidateB_saturation_hard,2026-09-13T19:07:04.51331+08:00,8,true,3.46,-1.00,429,backpressure,false,
candidateB_saturation_hard,2026-09-13T19:07:04.512786+08:00,1,false,4.06,-1.00,429,backpressure,false,
candidateB_saturation_hard,2026-09-13T19:07:04.512771+08:00,5,false,4.24,-1.00,429,backpressure,false,
candidateB_saturation_hard,2026-09-13T19:07:04.512973+08:00,2,true,4.08,-1.00,429,backpressure,false,
candidateB_saturation_hard,2026-09-13T19:07:04.663854+08:00,1,true,1.56,-1.00,429,backpressure,false,
candidateB_saturation_hard,2026-09-13T19:07:04.664079+08:00,7,false,1.41,-1.00,429,backpressure,false,
candidateB_saturation_hard,2026-09-13T19:07:04.663961+08:00,0,false,1.64,-1.00,429,backpressure,false,
candidateB_saturation_hard,2026-09-13T19:07:04.663843+08:00,8,false,1.83,-1.00,429,backpressure,false,
candidateB_saturation_hard,2026-09-13T19:07:04.664215+08:00,5,true,1.46,-1.00,429,backpressure,false,
candidateB_saturation_hard,2026-09-13T19:07:04.66388+08:00,2,false,1.84,-1.00,429,backpressure,false,
candidateB_saturation_hard,2026-09-13T19:06:58.340041+08:00,13,false,6328.50,-1.00,200,,true,
candidateB_saturation_hard,2026-09-13T19:07:04.815439+08:00,5,false,3.79,-1.00,429,backpressure,false,
candidateB_saturation_hard,2026-09-13T19:07:04.816656+08:00,7,false,2.60,-1.00,429,backpressure,false,
candidateB_saturation_hard,2026-09-13T19:07:04.81639+08:00,0,false,2.87,-1.00,429,backpressure,false,
candidateB_saturation_hard,2026-09-13T19:07:04.816952+08:00,2,true,2.31,-1.00,429,backpressure,false,
candidateB_saturation_hard,2026-09-13T19:07:04.815473+08:00,8,true,3.80,-1.00,429,backpressure,false,
candidateB_saturation_hard,2026-09-13T19:07:04.8157+08:00,1,false,4.08,-1.00,429,backpressure,false,
candidateB_saturation_hard,2026-09-13T19:07:04.966487+08:00,0,true,1.27,-1.00,429,backpressure,false,
candidateB_saturation_hard,2026-09-13T19:07:04.967517+08:00,5,false,1.52,-1.00,429,backpressure,false,
candidateB_saturation_hard,2026-09-13T19:07:04.967933+08:00,8,false,1.16,-1.00,429,backpressure,false,
candidateB_saturation_hard,2026-09-13T19:07:04.96783+08:00,2,false,1.28,-1.00,429,backpressure,false,
candidateB_saturation_hard,2026-09-13T19:07:04.966981+08:00,7,false,2.15,-1.00,429,backpressure,false,
candidateB_saturation_hard,2026-09-13T19:07:04.9662+08:00,1,true,2.98,-1.00,429,backpressure,false,
candidateB_saturation_hard,2026-09-13T19:07:05.116912+08:00,1,false,1.59,-1.00,429,backpressure,false,
candidateB_saturation_hard,2026-09-13T19:07:05.116928+08:00,0,true,1.62,-1.00,429,backpressure,false,
candidateB_saturation_hard,2026-09-13T19:07:05.117089+08:00,7,false,2.70,-1.00,429,backpressure,false,
candidateB_saturation_hard,2026-09-13T19:07:05.118117+08:00,2,true,1.74,-1.00,429,backpressure,false,
candidateB_saturation_hard,2026-09-13T19:07:05.118564+08:00,8,false,1.36,-1.00,429,backpressure,false,
candidateB_saturation_hard,2026-09-13T19:07:05.118617+08:00,5,false,1.51,-1.00,429,backpressure,false,
candidateB_saturation_hard,2026-09-13T19:07:05.268128+08:00,1,true,2.06,-1.00,429,backpressure,false,
candidateB_saturation_hard,2026-09-13T19:07:05.268369+08:00,7,false,1.86,-1.00,429,backpressure,false,
candidateB_saturation_hard,2026-09-13T19:07:05.268685+08:00,5,false,1.57,-1.00,429,backpressure,false,
candidateB_saturation_hard,2026-09-13T19:07:05.268286+08:00,2,false,2.01,-1.00,429,backpressure,false,
candidateB_saturation_hard,2026-09-13T19:07:05.268579+08:00,8,false,1.75,-1.00,429,backpressure,false,
candidateB_saturation_hard,2026-09-13T19:07:05.26813+08:00,0,false,2.21,-1.00,429,backpressure,false,
candidateB_saturation_hard,2026-09-13T19:07:05.421162+08:00,7,false,0.95,-1.00,429,backpressure,false,
candidateB_saturation_hard,2026-09-13T19:07:05.41994+08:00,5,false,2.21,-1.00,429,backpressure,false,
candidateB_saturation_hard,2026-09-13T19:07:05.42029+08:00,1,false,1.89,-1.00,429,backpressure,false,
candidateB_saturation_hard,2026-09-13T19:07:05.420242+08:00,0,false,1.97,-1.00,429,backpressure,false,
candidateB_saturation_hard,2026-09-13T19:07:05.420604+08:00,2,true,1.62,-1.00,429,backpressure,false,
candidateB_saturation_hard,2026-09-13T19:07:05.420988+08:00,8,true,1.27,-1.00,429,backpressure,false,
candidateB_saturation_hard,2026-09-13T19:07:05.571505+08:00,1,true,1.20,-1.00,429,backpressure,false,
candidateB_saturation_hard,2026-09-13T19:07:05.571264+08:00,0,false,2.15,-1.00,429,backpressure,false,
candidateB_saturation_hard,2026-09-13T19:07:05.571195+08:00,7,false,2.29,-1.00,429,backpressure,false,
candidateB_saturation_hard,2026-09-13T19:07:05.571045+08:00,5,true,2.49,-1.00,429,backpressure,false,
candidateB_saturation_hard,2026-09-13T19:07:05.570986+08:00,2,true,2.60,-1.00,429,backpressure,false,
candidateB_saturation_hard,2026-09-13T19:07:05.571607+08:00,8,false,2.03,-1.00,429,backpressure,false,
candidateB_saturation_hard,2026-09-13T19:06:59.306356+08:00,3,true,6283.29,5478.21,200,,true,
candidateB_saturation_hard,2026-09-13T19:07:05.722087+08:00,8,true,1.78,-1.00,429,backpressure,false,
candidateB_saturation_hard,2026-09-13T19:07:05.722638+08:00,7,true,1.78,-1.00,429,backpressure,false,
candidateB_saturation_hard,2026-09-13T19:07:05.722657+08:00,2,false,1.86,-1.00,429,backpressure,false,
candidateB_saturation_hard,2026-09-13T19:07:05.72183+08:00,1,false,2.74,-1.00,429,backpressure,false,
candidateB_saturation_hard,2026-09-13T19:07:05.722421+08:00,5,false,2.16,-1.00,429,backpressure,false,
candidateB_saturation_hard,2026-09-13T19:07:05.723185+08:00,0,false,1.42,-1.00,429,backpressure,false,
candidateB_saturation_hard,2026-09-13T19:07:05.872136+08:00,8,false,1.03,-1.00,429,backpressure,false,
candidateB_saturation_hard,2026-09-13T19:07:05.872136+08:00,1,false,1.08,-1.00,429,backpressure,false,
candidateB_saturation_hard,2026-09-13T19:07:05.873262+08:00,5,false,1.09,-1.00,429,backpressure,false,
candidateB_saturation_hard,2026-09-13T19:07:05.873284+08:00,0,true,1.17,-1.00,429,backpressure,false,
candidateB_saturation_hard,2026-09-13T19:07:05.873348+08:00,7,false,1.17,-1.00,429,backpressure,false,
candidateB_saturation_hard,2026-09-13T19:07:05.873425+08:00,2,true,1.49,-1.00,429,backpressure,false,
candidateB_saturation_hard,2026-09-13T19:07:06.022185+08:00,8,true,0.41,-1.00,429,backpressure,false,
candidateB_saturation_hard,2026-09-13T19:07:06.022215+08:00,1,false,0.38,-1.00,429,backpressure,false,
candidateB_saturation_hard,2026-09-13T19:07:06.023377+08:00,7,false,0.28,-1.00,429,backpressure,false,
candidateB_saturation_hard,2026-09-13T19:07:06.023371+08:00,0,false,0.32,-1.00,429,backpressure,false,
candidateB_saturation_hard,2026-09-13T19:07:06.023391+08:00,5,false,0.48,-1.00,429,backpressure,false,
candidateB_saturation_hard,2026-09-13T19:07:06.023464+08:00,2,false,0.41,-1.00,429,backpressure,false,
candidateB_saturation_hard,2026-09-13T19:07:06.173463+08:00,5,true,1.93,-1.00,429,backpressure,false,
candidateB_saturation_hard,2026-09-13T19:07:06.173307+08:00,8,true,2.14,-1.00,429,backpressure,false,
candidateB_saturation_hard,2026-09-13T19:07:06.17358+08:00,0,false,1.92,-1.00,429,backpressure,false,
candidateB_saturation_hard,2026-09-13T19:07:06.173313+08:00,1,true,2.25,-1.00,429,backpressure,false,
candidateB_saturation_hard,2026-09-13T19:07:06.173783+08:00,2,false,1.83,-1.00,429,backpressure,false,
candidateB_saturation_hard,2026-09-13T19:07:06.173896+08:00,7,false,1.75,-1.00,429,backpressure,false,
candidateB_saturation_hard,2026-09-13T19:07:06.324913+08:00,0,true,1.20,-1.00,429,backpressure,false,
candidateB_saturation_hard,2026-09-13T19:07:06.32447+08:00,5,false,1.70,-1.00,429,backpressure,false,
candidateB_saturation_hard,2026-09-13T19:07:06.324619+08:00,8,true,1.61,-1.00,429,backpressure,false,
candidateB_saturation_hard,2026-09-13T19:07:06.324682+08:00,2,false,1.57,-1.00,429,backpressure,false,
candidateB_saturation_hard,2026-09-13T19:07:06.324461+08:00,7,false,1.81,-1.00,429,backpressure,false,
candidateB_saturation_hard,2026-09-13T19:07:06.32451+08:00,1,false,1.80,-1.00,429,backpressure,false,
candidateB_saturation_hard,2026-09-13T19:07:00.036783+08:00,11,true,6346.16,5673.89,200,,true,
candidateB_saturation_hard,2026-09-13T19:07:06.475598+08:00,8,true,2.00,-1.00,429,backpressure,false,
candidateB_saturation_hard,2026-09-13T19:07:06.475798+08:00,7,true,1.88,-1.00,429,backpressure,false,
candidateB_saturation_hard,2026-09-13T19:07:06.47556+08:00,5,false,2.19,-1.00,429,backpressure,false,
candidateB_saturation_hard,2026-09-13T19:07:06.475558+08:00,0,false,2.23,-1.00,429,backpressure,false,
candidateB_saturation_hard,2026-09-13T19:07:06.47623+08:00,1,true,1.58,-1.00,429,backpressure,false,
candidateB_saturation_hard,2026-09-13T19:07:06.476114+08:00,2,false,1.74,-1.00,429,backpressure,false,
candidateB_saturation_hard,2026-09-13T19:07:06.627082+08:00,2,true,1.39,-1.00,429,backpressure,false,
candidateB_saturation_hard,2026-09-13T19:07:06.626662+08:00,5,true,1.92,-1.00,429,backpressure,false,
candidateB_saturation_hard,2026-09-13T19:07:06.626788+08:00,8,false,1.81,-1.00,429,backpressure,false,
candidateB_saturation_hard,2026-09-13T19:07:06.62662+08:00,1,true,2.05,-1.00,429,backpressure,false,
candidateB_saturation_hard,2026-09-13T19:07:06.626616+08:00,0,false,2.10,-1.00,429,backpressure,false,
candidateB_saturation_hard,2026-09-13T19:07:06.627281+08:00,7,true,1.83,-1.00,429,backpressure,false,
candidateB_saturation_hard,2026-09-13T19:07:06.778911+08:00,8,true,3.31,-1.00,429,backpressure,false,
candidateB_saturation_hard,2026-09-13T19:07:06.778001+08:00,7,false,4.81,-1.00,429,backpressure,false,
candidateB_saturation_hard,2026-09-13T19:07:06.777739+08:00,2,false,5.44,-1.00,429,backpressure,false,
candidateB_saturation_hard,2026-09-13T19:07:06.777966+08:00,0,true,5.23,-1.00,429,backpressure,false,
candidateB_saturation_hard,2026-09-13T19:07:06.778053+08:00,1,true,5.15,-1.00,429,backpressure,false,
candidateB_saturation_hard,2026-09-13T19:07:06.778254+08:00,5,true,5.02,-1.00,429,backpressure,false,
candidateB_saturation_hard,2026-09-13T19:07:06.929065+08:00,0,false,1.02,-1.00,429,backpressure,false,
candidateB_saturation_hard,2026-09-13T19:07:06.929438+08:00,8,true,1.30,-1.00,429,backpressure,false,
candidateB_saturation_hard,2026-09-13T19:07:06.929681+08:00,1,true,1.10,-1.00,429,backpressure,false,
candidateB_saturation_hard,2026-09-13T19:07:06.929141+08:00,5,false,1.68,-1.00,429,backpressure,false,
candidateB_saturation_hard,2026-09-13T19:07:06.928871+08:00,7,false,1.99,-1.00,429,backpressure,false,
candidateB_saturation_hard,2026-09-13T19:07:06.929565+08:00,2,true,1.34,-1.00,429,backpressure,false,
candidateB_saturation_hard,2026-09-13T19:07:07.081391+08:00,2,false,2.64,-1.00,429,backpressure,false,
candidateB_saturation_hard,2026-09-13T19:07:07.081623+08:00,0,false,2.52,-1.00,429,backpressure,false,
candidateB_saturation_hard,2026-09-13T19:07:07.081546+08:00,1,false,2.66,-1.00,429,backpressure,false,
candidateB_saturation_hard,2026-09-13T19:07:07.079478+08:00,8,false,4.79,-1.00,429,backpressure,false,
candidateB_saturation_hard,2026-09-13T19:07:07.079479+08:00,5,false,4.55,-1.00,429,backpressure,false,
candidateB_saturation_hard,2026-09-13T19:07:07.079518+08:00,7,false,4.81,-1.00,429,backpressure,false,
candidateB_saturation_hard,2026-09-13T19:07:07.230518+08:00,7,false,1.35,-1.00,429,backpressure,false,
candidateB_saturation_hard,2026-09-13T19:07:07.230505+08:00,8,true,1.44,-1.00,429,backpressure,false,
candidateB_saturation_hard,2026-09-13T19:07:07.230553+08:00,5,true,1.46,-1.00,429,backpressure,false,
candidateB_saturation_hard,2026-09-13T19:07:07.232045+08:00,2,true,0.76,-1.00,429,backpressure,false,
candidateB_saturation_hard,2026-09-13T19:07:07.231642+08:00,0,true,1.20,-1.00,429,backpressure,false,
candidateB_saturation_hard,2026-09-13T19:07:07.231611+08:00,1,false,1.25,-1.00,429,backpressure,false,
candidateB_saturation_hard,2026-09-13T19:07:00.69536+08:00,4,false,6648.41,-1.00,200,,true,
candidateB_saturation_hard,2026-09-13T19:07:07.382364+08:00,1,true,1.33,-1.00,429,backpressure,false,
candidateB_saturation_hard,2026-09-13T19:07:07.38311+08:00,8,false,1.74,-1.00,429,backpressure,false,
candidateB_saturation_hard,2026-09-13T19:07:07.383231+08:00,0,false,1.70,-1.00,429,backpressure,false,
candidateB_saturation_hard,2026-09-13T19:07:07.382636+08:00,2,true,2.35,-1.00,429,backpressure,false,
candidateB_saturation_hard,2026-09-13T19:07:07.382969+08:00,7,false,2.08,-1.00,429,backpressure,false,
candidateB_saturation_hard,2026-09-13T19:07:07.38337+08:00,5,false,1.73,-1.00,429,backpressure,false,
candidateB_saturation_hard,2026-09-13T19:07:07.532844+08:00,1,true,0.92,-1.00,429,backpressure,false,
candidateB_saturation_hard,2026-09-13T19:07:07.532757+08:00,2,false,1.12,-1.00,429,backpressure,false,
candidateB_saturation_hard,2026-09-13T19:07:07.533217+08:00,8,true,1.46,-1.00,429,backpressure,false,
candidateB_saturation_hard,2026-09-13T19:07:07.533239+08:00,0,true,1.48,-1.00,429,backpressure,false,
candidateB_saturation_hard,2026-09-13T19:07:07.533515+08:00,7,true,1.33,-1.00,429,backpressure,false,
candidateB_saturation_hard,2026-09-13T19:07:07.533445+08:00,5,false,1.41,-1.00,429,backpressure,false,
candidateB_saturation_hard,2026-09-13T19:07:07.683736+08:00,1,false,3.21,-1.00,429,backpressure,false,
candidateB_saturation_hard,2026-09-13T19:07:07.683734+08:00,0,false,3.25,-1.00,429,backpressure,false,
candidateB_saturation_hard,2026-09-13T19:07:07.684296+08:00,7,true,2.76,-1.00,429,backpressure,false,
candidateB_saturation_hard,2026-09-13T19:07:07.68443+08:00,5,false,2.64,-1.00,429,backpressure,false,
candidateB_saturation_hard,2026-09-13T19:07:07.683926+08:00,2,false,3.90,-1.00,429,backpressure,false,
candidateB_saturation_hard,2026-09-13T19:07:07.683992+08:00,8,true,3.96,-1.00,429,backpressure,false,
candidateB_saturation_hard,2026-09-13T19:07:07.835289+08:00,2,false,0.72,-1.00,429,backpressure,false,
candidateB_saturation_hard,2026-09-13T19:07:07.835178+08:00,5,true,1.17,-1.00,429,backpressure,false,
candidateB_saturation_hard,2026-09-13T19:07:07.835655+08:00,7,true,0.72,-1.00,429,backpressure,false,
candidateB_saturation_hard,2026-09-13T19:07:07.836063+08:00,1,true,0.76,-1.00,429,backpressure,false,
candidateB_saturation_hard,2026-09-13T19:07:07.836134+08:00,0,true,0.73,-1.00,429,backpressure,false,
candidateB_saturation_hard,2026-09-13T19:07:07.835332+08:00,8,false,1.54,-1.00,429,backpressure,false,
candidateB_saturation_hard,2026-09-13T19:07:07.986975+08:00,8,false,2.70,-1.00,429,backpressure,false,
candidateB_saturation_hard,2026-09-13T19:07:07.986741+08:00,0,false,3.09,-1.00,429,backpressure,false,
candidateB_saturation_hard,2026-09-13T19:07:07.987324+08:00,2,true,3.04,-1.00,429,backpressure,false,
candidateB_saturation_hard,2026-09-13T19:07:07.987288+08:00,1,true,3.20,-1.00,429,backpressure,false,
candidateB_saturation_hard,2026-09-13T19:07:07.989495+08:00,5,false,1.41,-1.00,429,backpressure,false,
candidateB_saturation_hard,2026-09-13T19:07:07.989222+08:00,7,false,1.71,-1.00,429,backpressure,false,
candidateB_saturation_hard,2026-09-13T19:07:08.138194+08:00,0,false,1.40,-1.00,429,backpressure,false,
candidateB_saturation_hard,2026-09-13T19:07:08.137902+08:00,1,true,1.79,-1.00,429,backpressure,false,
candidateB_saturation_hard,2026-09-13T19:07:08.137902+08:00,2,false,1.86,-1.00,429,backpressure,false,
candidateB_saturation_hard,2026-09-13T19:07:08.138121+08:00,8,true,1.70,-1.00,429,backpressure,false,
candidateB_saturation_hard,2026-09-13T19:07:08.139632+08:00,5,false,0.73,-1.00,429,backpressure,false,
candidateB_saturation_hard,2026-09-13T19:07:08.139357+08:00,7,true,1.05,-1.00,429,backpressure,false,
candidateB_saturation_hard,2026-09-13T19:07:01.66533+08:00,9,true,6490.31,5798.83,200,,true,
candidateB_saturation_hard,2026-09-13T19:07:08.289169+08:00,8,false,1.27,-1.00,429,backpressure,false,
candidateB_saturation_hard,2026-09-13T19:07:08.288943+08:00,1,true,1.50,-1.00,429,backpressure,false,
candidateB_saturation_hard,2026-09-13T19:07:08.288913+08:00,2,false,1.55,-1.00,429,backpressure,false,
candidateB_saturation_hard,2026-09-13T19:07:08.288909+08:00,0,false,1.60,-1.00,429,backpressure,false,
candidateB_saturation_hard,2026-09-13T19:07:08.289373+08:00,7,true,1.18,-1.00,429,backpressure,false,
candidateB_saturation_hard,2026-09-13T19:07:08.28985+08:00,5,false,1.00,-1.00,429,backpressure,false,
candidateB_saturation_hard,2026-09-13T19:07:08.439267+08:00,8,true,2.07,-1.00,429,backpressure,false,
candidateB_saturation_hard,2026-09-13T19:07:08.439876+08:00,5,false,1.56,-1.00,429,backpressure,false,
candidateB_saturation_hard,2026-09-13T19:07:08.439352+08:00,2,false,2.55,-1.00,429,backpressure,false,
candidateB_saturation_hard,2026-09-13T19:07:08.439433+08:00,0,false,4.03,-1.00,429,backpressure,false,
candidateB_saturation_hard,2026-09-13T19:07:08.439729+08:00,7,true,3.75,-1.00,429,backpressure,false,
candidateB_saturation_hard,2026-09-13T19:07:08.439285+08:00,1,false,4.19,-1.00,429,backpressure,false,
candidateB_saturation_hard,2026-09-13T19:07:08.59037+08:00,8,false,1.53,-1.00,429,backpressure,false,
candidateB_saturation_hard,2026-09-13T19:07:08.590783+08:00,0,false,1.39,-1.00,429,backpressure,false,
candidateB_saturation_hard,2026-09-13T19:07:08.59037+08:00,5,true,1.89,-1.00,429,backpressure,false,
candidateB_saturation_hard,2026-09-13T19:07:08.590612+08:00,2,false,1.70,-1.00,429,backpressure,false,
candidateB_saturation_hard,2026-09-13T19:07:08.59055+08:00,7,false,2.17,-1.00,429,backpressure,false,
candidateB_saturation_hard,2026-09-13T19:07:08.59086+08:00,1,false,1.92,-1.00,429,backpressure,false,
candidateB_saturation_hard,2026-09-13T19:07:08.740739+08:00,7,true,4.31,-1.00,429,backpressure,false,
candidateB_saturation_hard,2026-09-13T19:07:08.742896+08:00,8,false,2.17,-1.00,429,backpressure,false,
candidateB_saturation_hard,2026-09-13T19:07:08.740865+08:00,0,true,4.25,-1.00,429,backpressure,false,
candidateB_saturation_hard,2026-09-13T19:07:08.743243+08:00,2,true,1.89,-1.00,429,backpressure,false,
candidateB_saturation_hard,2026-09-13T19:07:08.740947+08:00,5,true,4.20,-1.00,429,backpressure,false,
candidateB_saturation_hard,2026-09-13T19:07:08.743621+08:00,1,false,1.56,-1.00,429,backpressure,false,
candidateB_saturation_hard,2026-09-13T19:07:08.892012+08:00,7,false,0.80,-1.00,429,backpressure,false,
candidateB_saturation_hard,2026-09-13T19:07:08.891807+08:00,5,false,1.05,-1.00,429,backpressure,false,
candidateB_saturation_hard,2026-09-13T19:07:08.892059+08:00,0,true,1.01,-1.00,429,backpressure,false,
candidateB_saturation_hard,2026-09-13T19:07:08.892944+08:00,8,true,0.47,-1.00,429,backpressure,false,
candidateB_saturation_hard,2026-09-13T19:07:08.893327+08:00,2,false,0.42,-1.00,429,backpressure,false,
candidateB_saturation_hard,2026-09-13T19:07:08.893788+08:00,1,true,0.35,-1.00,429,backpressure,false,
candidateB_saturation_hard,2026-09-13T19:07:09.042636+08:00,7,true,0.86,-1.00,429,backpressure,false,
candidateB_saturation_hard,2026-09-13T19:07:09.042613+08:00,0,true,0.94,-1.00,429,backpressure,false,
candidateB_saturation_hard,2026-09-13T19:07:09.042536+08:00,5,true,1.04,-1.00,429,backpressure,false,
candidateB_saturation_hard,2026-09-13T19:07:09.043569+08:00,2,true,0.33,-1.00,429,backpressure,false,
candidateB_saturation_hard,2026-09-13T19:07:09.043317+08:00,8,true,0.62,-1.00,429,backpressure,false,
candidateB_saturation_hard,2026-09-13T19:07:09.04399+08:00,1,false,0.30,-1.00,429,backpressure,false,
candidateB_saturation_hard,2026-09-13T19:07:02.308754+08:00,10,false,6758.57,-1.00,200,,true,
candidateB_saturation_hard,2026-09-13T19:07:09.193691+08:00,2,true,1.91,-1.00,429,backpressure,false,
candidateB_saturation_hard,2026-09-13T19:07:09.194175+08:00,7,false,1.51,-1.00,429,backpressure,false,
candidateB_saturation_hard,2026-09-13T19:07:09.193714+08:00,8,false,2.12,-1.00,429,backpressure,false,
candidateB_saturation_hard,2026-09-13T19:07:09.193872+08:00,0,false,1.99,-1.00,429,backpressure,false,
candidateB_saturation_hard,2026-09-13T19:07:09.194494+08:00,5,true,2.12,-1.00,429,backpressure,false,
candidateB_saturation_hard,2026-09-13T19:07:09.194726+08:00,1,false,1.94,-1.00,429,backpressure,false,
candidateB_saturation_hard,2026-09-13T19:07:09.344855+08:00,1,true,1.85,-1.00,429,backpressure,false,
candidateB_saturation_hard,2026-09-13T19:07:09.345129+08:00,7,false,1.61,-1.00,429,backpressure,false,
candidateB_saturation_hard,2026-09-13T19:07:09.344781+08:00,5,false,2.01,-1.00,429,backpressure,false,
candidateB_saturation_hard,2026-09-13T19:07:09.34501+08:00,2,false,1.87,-1.00,429,backpressure,false,
candidateB_saturation_hard,2026-09-13T19:07:09.344823+08:00,8,false,2.09,-1.00,429,backpressure,false,
candidateB_saturation_hard,2026-09-13T19:07:09.345452+08:00,0,true,4.31,-1.00,429,backpressure,false,
candidateB_saturation_hard,2026-09-13T19:07:09.496005+08:00,7,false,2.01,-1.00,429,backpressure,false,
candidateB_saturation_hard,2026-09-13T19:07:09.49572+08:00,0,true,4.72,-1.00,429,backpressure,false,
candidateB_saturation_hard,2026-09-13T19:07:09.495895+08:00,2,false,4.68,-1.00,429,backpressure,false,
candidateB_saturation_hard,2026-09-13T19:07:09.496975+08:00,1,false,3.60,-1.00,429,backpressure,false,
candidateB_saturation_hard,2026-09-13T19:07:09.497214+08:00,5,true,3.37,-1.00,429,backpressure,false,
candidateB_saturation_hard,2026-09-13T19:07:09.497413+08:00,8,false,3.30,-1.00,429,backpressure,false,
candidateB_saturation_hard,2026-09-13T19:07:09.646905+08:00,2,false,1.92,-1.00,429,backpressure,false,
candidateB_saturation_hard,2026-09-13T19:07:09.647148+08:00,1,false,1.71,-1.00,429,backpressure,false,
candidateB_saturation_hard,2026-09-13T19:07:09.646919+08:00,0,false,2.00,-1.00,429,backpressure,false,
candidateB_saturation_hard,2026-09-13T19:07:09.646964+08:00,7,true,2.03,-1.00,429,backpressure,false,
candidateB_saturation_hard,2026-09-13T19:07:09.647453+08:00,8,false,1.88,-1.00,429,backpressure,false,
candidateB_saturation_hard,2026-09-13T19:07:09.647309+08:00,5,true,2.06,-1.00,429,backpressure,false,
candidateB_saturation_hard,2026-09-13T19:07:03.024037+08:00,6,false,6771.41,-1.00,200,,true,
candidateB_saturation_hard,2026-09-13T19:07:09.797356+08:00,5,false,1.03,-1.00,429,backpressure,false,
candidateB_saturation_hard,2026-09-13T19:07:09.797063+08:00,2,false,1.35,-1.00,429,backpressure,false,
candidateB_saturation_hard,2026-09-13T19:07:09.797152+08:00,0,true,1.33,-1.00,429,backpressure,false,
candidateB_saturation_hard,2026-09-13T19:07:09.797524+08:00,8,false,1.01,-1.00,429,backpressure,false,
candidateB_saturation_hard,2026-09-13T19:07:09.797097+08:00,7,true,1.48,-1.00,429,backpressure,false,
candidateB_saturation_hard,2026-09-13T19:07:09.797171+08:00,1,false,1.64,-1.00,429,backpressure,false,
candidateB_saturation_hard,2026-09-13T19:07:09.949633+08:00,0,false,1.92,-1.00,429,backpressure,false,
candidateB_saturation_hard,2026-09-13T19:07:09.949777+08:00,5,true,1.88,-1.00,429,backpressure,false,
candidateB_saturation_hard,2026-09-13T19:07:09.949616+08:00,2,false,2.07,-1.00,429,backpressure,false,
candidateB_saturation_hard,2026-09-13T19:07:09.949947+08:00,7,true,1.81,-1.00,429,backpressure,false,
candidateB_saturation_hard,2026-09-13T19:07:09.947729+08:00,8,false,4.09,-1.00,429,backpressure,false,
candidateB_saturation_hard,2026-09-13T19:07:09.950222+08:00,1,true,2.39,-1.00,429,backpressure,false,
candidateB_saturation_hard,2026-09-13T19:07:10.101909+08:00,7,false,0.56,-1.00,429,backpressure,false,
candidateB_saturation_hard,2026-09-13T19:07:10.101892+08:00,1,true,0.60,-1.00,429,backpressure,false,
candidateB_saturation_hard,2026-09-13T19:07:10.102004+08:00,2,true,0.67,-1.00,429,backpressure,false,
candidateB_saturation_hard,2026-09-13T19:07:10.101995+08:00,5,false,0.73,-1.00,429,backpressure,false,
candidateB_saturation_hard,2026-09-13T19:07:10.101922+08:00,8,true,0.94,-1.00,429,backpressure,false,
candidateB_saturation_hard,2026-09-13T19:07:10.101954+08:00,0,true,0.92,-1.00,429,backpressure,false,
candidateB_saturation_hard,2026-09-13T19:07:10.252926+08:00,0,false,0.47,-1.00,429,backpressure,false,
candidateB_saturation_hard,2026-09-13T19:07:10.252921+08:00,2,false,0.52,-1.00,429,backpressure,false,
candidateB_saturation_hard,2026-09-13T19:07:10.252955+08:00,1,false,0.55,-1.00,429,backpressure,false,
candidateB_saturation_hard,2026-09-13T19:07:10.252956+08:00,7,false,0.61,-1.00,429,backpressure,false,
candidateB_saturation_hard,2026-09-13T19:07:10.252946+08:00,5,true,0.65,-1.00,429,backpressure,false,
candidateB_saturation_hard,2026-09-13T19:07:10.252977+08:00,8,true,0.64,-1.00,429,backpressure,false,
candidateB_saturation_hard,2026-09-13T19:07:10.403925+08:00,5,false,1.12,-1.00,429,backpressure,false,
candidateB_saturation_hard,2026-09-13T19:07:10.403855+08:00,0,false,1.23,-1.00,429,backpressure,false,
candidateB_saturation_hard,2026-09-13T19:07:10.403562+08:00,2,true,1.57,-1.00,429,backpressure,false,
candidateB_saturation_hard,2026-09-13T19:07:10.403718+08:00,7,true,1.44,-1.00,429,backpressure,false,
candidateB_saturation_hard,2026-09-13T19:07:10.403522+08:00,1,true,2.21,-1.00,429,backpressure,false,
candidateB_saturation_hard,2026-09-13T19:07:10.403522+08:00,8,false,2.30,-1.00,429,backpressure,false,
candidateB_saturation_hard,2026-09-13T19:07:10.556708+08:00,0,false,1.67,-1.00,429,backpressure,false,
candidateB_saturation_hard,2026-09-13T19:07:10.556403+08:00,8,true,1.97,-1.00,429,backpressure,false,
candidateB_saturation_hard,2026-09-13T19:07:10.556308+08:00,1,true,2.14,-1.00,429,backpressure,false,
candidateB_saturation_hard,2026-09-13T19:07:10.556883+08:00,2,false,1.61,-1.00,429,backpressure,false,
candidateB_saturation_hard,2026-09-13T19:07:10.555931+08:00,5,true,2.62,-1.00,429,backpressure,false,
candidateB_saturation_hard,2026-09-13T19:07:10.556468+08:00,7,false,2.14,-1.00,429,backpressure,false,
candidateB_saturation_hard,2026-09-13T19:07:10.707162+08:00,8,true,1.25,-1.00,429,backpressure,false,
candidateB_saturation_hard,2026-09-13T19:07:10.707042+08:00,5,false,1.43,-1.00,429,backpressure,false,
candidateB_saturation_hard,2026-09-13T19:07:10.707004+08:00,0,false,1.50,-1.00,429,backpressure,false,
candidateB_saturation_hard,2026-09-13T19:07:10.707127+08:00,1,true,1.39,-1.00,429,backpressure,false,
candidateB_saturation_hard,2026-09-13T19:07:10.707393+08:00,7,true,1.16,-1.00,429,backpressure,false,
candidateB_saturation_hard,2026-09-13T19:07:10.707015+08:00,2,false,1.55,-1.00,429,backpressure,false,
candidateB_saturation_hard,2026-09-13T19:07:03.844173+08:00,12,false,6884.82,-1.00,200,,true,
candidateB_saturation_hard,2026-09-13T19:07:10.858084+08:00,1,false,3.03,-1.00,429,backpressure,false,
candidateB_saturation_hard,2026-09-13T19:07:10.858696+08:00,0,false,2.46,-1.00,429,backpressure,false,
candidateB_saturation_hard,2026-09-13T19:07:10.858539+08:00,5,false,2.68,-1.00,429,backpressure,false,
candidateB_saturation_hard,2026-09-13T19:07:10.859265+08:00,8,true,2.01,-1.00,429,backpressure,false,
candidateB_saturation_hard,2026-09-13T19:07:10.85809+08:00,2,false,4.25,-1.00,429,backpressure,false,
candidateB_saturation_hard,2026-09-13T19:07:10.858149+08:00,7,false,4.30,-1.00,429,backpressure,false,
candidateB_saturation_hard,2026-09-13T19:07:11.008993+08:00,2,false,2.36,-1.00,429,backpressure,false,
candidateB_saturation_hard,2026-09-13T19:07:11.009672+08:00,8,true,1.76,-1.00,429,backpressure,false,
candidateB_saturation_hard,2026-09-13T19:07:11.009877+08:00,5,false,1.63,-1.00,429,backpressure,false,
candidateB_saturation_hard,2026-09-13T19:07:11.010021+08:00,0,false,1.57,-1.00,429,backpressure,false,
candidateB_saturation_hard,2026-09-13T19:07:11.009819+08:00,1,false,1.85,-1.00,429,backpressure,false,
candidateB_saturation_hard,2026-09-13T19:07:11.009506+08:00,7,false,2.41,-1.00,429,backpressure,false,
candidateB_saturation_hard,2026-09-13T19:07:11.160093+08:00,8,true,1.63,-1.00,429,backpressure,false,
candidateB_saturation_hard,2026-09-13T19:07:11.160082+08:00,0,false,1.75,-1.00,429,backpressure,false,
candidateB_saturation_hard,2026-09-13T19:07:11.16037+08:00,7,false,1.52,-1.00,429,backpressure,false,
candidateB_saturation_hard,2026-09-13T19:07:11.16064+08:00,5,true,1.27,-1.00,429,backpressure,false,
candidateB_saturation_hard,2026-09-13T19:07:11.16031+08:00,2,false,1.65,-1.00,429,backpressure,false,
candidateB_saturation_hard,2026-09-13T19:07:11.160555+08:00,1,true,1.41,-1.00,429,backpressure,false,
candidateB_saturation_hard,2026-09-13T19:07:11.311724+08:00,7,true,1.73,-1.00,429,backpressure,false,
candidateB_saturation_hard,2026-09-13T19:07:11.311151+08:00,5,false,4.12,-1.00,429,backpressure,false,
candidateB_saturation_hard,2026-09-13T19:07:11.311173+08:00,8,true,4.78,-1.00,429,backpressure,false,
candidateB_saturation_hard,2026-09-13T19:07:11.311624+08:00,1,true,4.42,-1.00,429,backpressure,false,
candidateB_saturation_hard,2026-09-13T19:07:11.311203+08:00,0,false,4.89,-1.00,429,backpressure,false,
candidateB_saturation_hard,2026-09-13T19:07:11.311333+08:00,2,false,4.81,-1.00,429,backpressure,false,
candidateB_saturation_hard,2026-09-13T19:07:11.462215+08:00,0,true,1.35,-1.00,429,backpressure,false,
candidateB_saturation_hard,2026-09-13T19:07:11.46225+08:00,5,true,1.43,-1.00,429,backpressure,false,
candidateB_saturation_hard,2026-09-13T19:07:11.462368+08:00,8,false,1.40,-1.00,429,backpressure,false,
candidateB_saturation_hard,2026-09-13T19:07:11.462657+08:00,2,false,1.20,-1.00,429,backpressure,false,
candidateB_saturation_hard,2026-09-13T19:07:11.462207+08:00,7,false,1.69,-1.00,429,backpressure,false,
candidateB_saturation_hard,2026-09-13T19:07:11.462441+08:00,1,false,1.49,-1.00,429,backpressure,false,
candidateB_saturation_hard,2026-09-13T19:07:11.613711+08:00,2,false,3.67,-1.00,429,backpressure,false,
candidateB_saturation_hard,2026-09-13T19:07:11.615479+08:00,7,false,4.49,-1.00,429,backpressure,false,
candidateB_saturation_hard,2026-09-13T19:07:11.615652+08:00,0,true,4.44,-1.00,429,backpressure,false,
candidateB_saturation_hard,2026-09-13T19:07:11.615335+08:00,8,true,5.38,-1.00,429,backpressure,false,
candidateB_saturation_hard,2026-09-13T19:07:11.615388+08:00,1,false,5.35,-1.00,429,backpressure,false,
candidateB_saturation_hard,2026-09-13T19:07:11.61535+08:00,5,false,5.39,-1.00,429,backpressure,false,
candidateB_saturation_hard,2026-09-13T19:07:04.668723+08:00,13,false,7057.75,-1.00,200,,true,
candidateB_saturation_hard,2026-09-13T19:07:11.764802+08:00,2,true,1.03,-1.00,429,backpressure,false,
candidateB_saturation_hard,2026-09-13T19:07:11.765651+08:00,8,true,0.78,-1.00,429,backpressure,false,
candidateB_saturation_hard,2026-09-13T19:07:11.765549+08:00,7,false,0.93,-1.00,429,backpressure,false,
candidateB_saturation_hard,2026-09-13T19:07:11.765381+08:00,5,true,1.16,-1.00,429,backpressure,false,
candidateB_saturation_hard,2026-09-13T19:07:11.765893+08:00,0,true,0.68,-1.00,429,backpressure,false,
candidateB_saturation_hard,2026-09-13T19:07:11.76593+08:00,1,false,0.93,-1.00,429,backpressure,false,
candidateB_saturation_hard,2026-09-13T19:07:11.917499+08:00,1,true,4.05,-1.00,429,backpressure,false,
candidateB_saturation_hard,2026-09-13T19:07:11.915892+08:00,8,true,5.74,-1.00,429,backpressure,false,
candidateB_saturation_hard,2026-09-13T19:07:11.916161+08:00,2,true,5.55,-1.00,429,backpressure,false,
candidateB_saturation_hard,2026-09-13T19:07:11.915962+08:00,0,false,6.22,-1.00,429,backpressure,false,
candidateB_saturation_hard,2026-09-13T19:07:11.917061+08:00,7,true,5.14,-1.00,429,backpressure,false,
candidateB_saturation_hard,2026-09-13T19:07:11.916852+08:00,5,false,5.37,-1.00,429,backpressure,false,
candidateB_saturation_hard,2026-09-13T19:07:12.067137+08:00,8,false,1.38,-1.00,429,backpressure,false,
candidateB_saturation_hard,2026-09-13T19:07:12.067055+08:00,2,false,1.49,-1.00,429,backpressure,false,
candidateB_saturation_hard,2026-09-13T19:07:12.06701+08:00,0,false,1.59,-1.00,429,backpressure,false,
candidateB_saturation_hard,2026-09-13T19:07:12.067187+08:00,7,false,1.47,-1.00,429,backpressure,false,
candidateB_saturation_hard,2026-09-13T19:07:12.06758+08:00,1,true,1.10,-1.00,429,backpressure,false,
candidateB_saturation_hard,2026-09-13T19:07:12.06701+08:00,5,false,1.82,-1.00,429,backpressure,false,
candidateB_saturation_hard,2026-09-13T19:07:12.222462+08:00,7,false,1.64,-1.00,429,backpressure,false,
candidateB_saturation_hard,2026-09-13T19:07:12.218108+08:00,2,true,5.99,-1.00,429,backpressure,false,
candidateB_saturation_hard,2026-09-13T19:07:12.222966+08:00,5,false,1.18,-1.00,429,backpressure,false,
candidateB_saturation_hard,2026-09-13T19:07:12.217709+08:00,1,false,6.45,-1.00,429,backpressure,false,
candidateB_saturation_hard,2026-09-13T19:07:12.218567+08:00,8,false,5.61,-1.00,429,backpressure,false,
candidateB_saturation_hard,2026-09-13T19:07:12.218001+08:00,0,false,6.22,-1.00,429,backpressure,false,
candidateB_saturation_hard,2026-09-13T19:07:12.367905+08:00,1,true,2.75,-1.00,429,backpressure,false,
candidateB_saturation_hard,2026-09-13T19:07:12.369376+08:00,0,true,1.34,-1.00,429,backpressure,false,
candidateB_saturation_hard,2026-09-13T19:07:12.368586+08:00,8,false,2.14,-1.00,429,backpressure,false,
candidateB_saturation_hard,2026-09-13T19:07:12.368772+08:00,2,true,1.99,-1.00,429,backpressure,false,
candidateB_saturation_hard,2026-09-13T19:07:12.372694+08:00,7,false,0.43,-1.00,429,backpressure,false,
candidateB_saturation_hard,2026-09-13T19:07:12.373047+08:00,5,true,0.36,-1.00,429,backpressure,false,
candidateB_saturation_hard,2026-09-13T19:07:12.519419+08:00,2,false,1.25,-1.00,429,backpressure,false,
candidateB_saturation_hard,2026-09-13T19:07:12.519553+08:00,1,false,1.28,-1.00,429,backpressure,false,
candidateB_saturation_hard,2026-09-13T19:07:12.520236+08:00,0,true,0.80,-1.00,429,backpressure,false,
candidateB_saturation_hard,2026-09-13T19:07:12.519651+08:00,8,false,1.43,-1.00,429,backpressure,false,
candidateB_saturation_hard,2026-09-13T19:07:12.522794+08:00,7,true,0.39,-1.00,429,backpressure,false,
candidateB_saturation_hard,2026-09-13T19:07:12.523108+08:00,5,false,0.33,-1.00,429,backpressure,false,
candidateB_saturation_hard,2026-09-13T19:07:12.670323+08:00,1,true,1.22,-1.00,429,backpressure,false,
candidateB_saturation_hard,2026-09-13T19:07:12.670372+08:00,2,false,1.37,-1.00,429,backpressure,false,
candidateB_saturation_hard,2026-09-13T19:07:12.670343+08:00,8,true,1.48,-1.00,429,backpressure,false,
candidateB_saturation_hard,2026-09-13T19:07:12.670538+08:00,0,true,1.32,-1.00,429,backpressure,false,
candidateB_saturation_hard,2026-09-13T19:07:12.672921+08:00,7,false,0.62,-1.00,429,backpressure,false,
candidateB_saturation_hard,2026-09-13T19:07:12.673251+08:00,5,true,0.38,-1.00,429,backpressure,false,
candidateB_saturation_hard,2026-09-13T19:07:05.589841+08:00,3,true,7106.80,6255.71,200,,true,
candidateB_saturation_hard,2026-09-13T19:07:12.821568+08:00,1,true,1.55,-1.00,429,backpressure,false,
candidateB_saturation_hard,2026-09-13T19:07:12.821145+08:00,2,false,2.04,-1.00,429,backpressure,false,
candidateB_saturation_hard,2026-09-13T19:07:12.820935+08:00,0,true,2.54,-1.00,429,backpressure,false,
candidateB_saturation_hard,2026-09-13T19:07:12.820936+08:00,8,true,2.62,-1.00,429,backpressure,false,
candidateB_saturation_hard,2026-09-13T19:07:12.823593+08:00,5,false,0.52,-1.00,429,backpressure,false,
candidateB_saturation_hard,2026-09-13T19:07:12.823676+08:00,7,false,0.46,-1.00,429,backpressure,false,
candidateB_saturation_hard,2026-09-13T19:07:12.971121+08:00,8,true,0.97,-1.00,429,backpressure,false,
candidateB_saturation_hard,2026-09-13T19:07:12.971251+08:00,2,false,0.92,-1.00,429,backpressure,false,
candidateB_saturation_hard,2026-09-13T19:07:12.971284+08:00,0,true,1.14,-1.00,429,backpressure,false,
candidateB_saturation_hard,2026-09-13T19:07:12.972201+08:00,1,false,0.42,-1.00,429,backpressure,false,
candidateB_saturation_hard,2026-09-13T19:07:12.97378+08:00,7,false,0.39,-1.00,429,backpressure,false,
candidateB_saturation_hard,2026-09-13T19:07:12.973758+08:00,5,false,0.42,-1.00,429,backpressure,false,
candidateB_saturation_hard,2026-09-13T19:07:13.122101+08:00,2,true,0.97,-1.00,429,backpressure,false,
candidateB_saturation_hard,2026-09-13T19:07:13.121925+08:00,0,false,1.24,-1.00,429,backpressure,false,
candidateB_saturation_hard,2026-09-13T19:07:13.122209+08:00,1,true,1.29,-1.00,429,backpressure,false,
candidateB_saturation_hard,2026-09-13T19:07:13.122156+08:00,8,true,1.39,-1.00,429,backpressure,false,
candidateB_saturation_hard,2026-09-13T19:07:13.123812+08:00,7,false,0.47,-1.00,429,backpressure,false,
candidateB_saturation_hard,2026-09-13T19:07:13.123886+08:00,5,true,0.41,-1.00,429,backpressure,false,
candidateB_saturation_hard,2026-09-13T19:07:13.273321+08:00,8,false,1.21,-1.00,429,backpressure,false,
candidateB_saturation_hard,2026-09-13T19:07:13.274213+08:00,5,false,1.29,-1.00,429,backpressure,false,
candidateB_saturation_hard,2026-09-13T19:07:13.273279+08:00,1,false,2.27,-1.00,429,backpressure,false,
candidateB_saturation_hard,2026-09-13T19:07:13.274563+08:00,7,false,1.04,-1.00,429,backpressure,false,
candidateB_saturation_hard,2026-09-13T19:07:13.273282+08:00,2,true,2.38,-1.00,429,backpressure,false,
candidateB_saturation_hard,2026-09-13T19:07:13.273416+08:00,0,false,2.29,-1.00,429,backpressure,false,
candidateB_saturation_hard,2026-09-13T19:07:13.424575+08:00,0,false,2.27,-1.00,429,backpressure,false,
candidateB_saturation_hard,2026-09-13T19:07:13.424659+08:00,8,true,2.23,-1.00,429,backpressure,false,
candidateB_saturation_hard,2026-09-13T19:07:13.424392+08:00,5,false,2.54,-1.00,429,backpressure,false,
candidateB_saturation_hard,2026-09-13T19:07:13.424935+08:00,7,false,2.02,-1.00,429,backpressure,false,
candidateB_saturation_hard,2026-09-13T19:07:13.424445+08:00,1,true,2.53,-1.00,429,backpressure,false,
candidateB_saturation_hard,2026-09-13T19:07:13.424408+08:00,2,true,2.61,-1.00,429,backpressure,false,
candidateB_saturation_hard,2026-09-13T19:07:06.383145+08:00,11,true,7099.62,6431.72,200,,true,
candidateB_saturation_hard,2026-09-13T19:07:13.575963+08:00,1,false,2.54,-1.00,429,backpressure,false,
candidateB_saturation_hard,2026-09-13T19:07:13.575491+08:00,2,false,3.06,-1.00,429,backpressure,false,
candidateB_saturation_hard,2026-09-13T19:07:13.575545+08:00,8,false,3.08,-1.00,429,backpressure,false,
candidateB_saturation_hard,2026-09-13T19:07:13.576074+08:00,0,false,2.70,-1.00,429,backpressure,false,
candidateB_saturation_hard,2026-09-13T19:07:13.575484+08:00,7,true,3.35,-1.00,429,backpressure,false,
candidateB_saturation_hard,2026-09-13T19:07:13.575855+08:00,5,false,3.52,-1.00,429,backpressure,false,
candidateB_saturation_hard,2026-09-13T19:07:13.727527+08:00,7,true,2.02,-1.00,429,backpressure,false,
candidateB_saturation_hard,2026-09-13T19:07:13.727273+08:00,1,true,2.33,-1.00,429,backpressure,false,
candidateB_saturation_hard,2026-09-13T19:07:13.727703+08:00,5,true,1.96,-1.00,429,backpressure,false,
candidateB_saturation_hard,2026-09-13T19:07:13.726925+08:00,2,true,2.75,-1.00,429,backpressure,false,
candidateB_saturation_hard,2026-09-13T19:07:13.726983+08:00,8,false,2.72,-1.00,429,backpressure,false,
candidateB_saturation_hard,2026-09-13T19:07:13.726704+08:00,0,false,3.04,-1.00,429,backpressure,false,
candidateB_saturation_hard,2026-09-13T19:07:13.880597+08:00,2,true,1.32,-1.00,429,backpressure,false,
candidateB_saturation_hard,2026-09-13T19:07:13.879013+08:00,7,true,2.95,-1.00,429,backpressure,false,
candidateB_saturation_hard,2026-09-13T19:07:13.878132+08:00,5,true,3.91,-1.00,429,backpressure,false,
candidateB_saturation_hard,2026-09-13T19:07:13.878418+08:00,8,true,3.64,-1.00,429,backpressure,false,
candidateB_saturation_hard,2026-09-13T19:07:13.878537+08:00,1,false,3.57,-1.00,429,backpressure,false,
candidateB_saturation_hard,2026-09-13T19:07:13.879814+08:00,0,false,2.31,-1.00,429,backpressure,false,
candidateB_saturation_hard,2026-09-13T19:07:14.029522+08:00,8,true,0.90,-1.00,429,backpressure,false,
candidateB_saturation_hard,2026-09-13T19:07:14.029221+08:00,1,true,1.28,-1.00,429,backpressure,false,
candidateB_saturation_hard,2026-09-13T19:07:14.030451+08:00,0,true,0.54,-1.00,429,backpressure,false,
candidateB_saturation_hard,2026-09-13T19:07:14.029744+08:00,7,true,1.50,-1.00,429,backpressure,false,
candidateB_saturation_hard,2026-09-13T19:07:14.029998+08:00,5,true,1.30,-1.00,429,backpressure,false,
candidateB_saturation_hard,2026-09-13T19:07:14.03086+08:00,2,false,0.45,-1.00,429,backpressure,false,
candidateB_saturation_hard,2026-09-13T19:07:14.182645+08:00,2,true,1.55,-1.00,429,backpressure,false,
candidateB_saturation_hard,2026-09-13T19:07:14.180776+08:00,1,false,3.47,-1.00,429,backpressure,false,
candidateB_saturation_hard,2026-09-13T19:07:14.180874+08:00,8,false,3.42,-1.00,429,backpressure,false,
candidateB_saturation_hard,2026-09-13T19:07:14.18056+08:00,5,false,3.76,-1.00,429,backpressure,false,
candidateB_saturation_hard,2026-09-13T19:07:14.181272+08:00,7,false,3.07,-1.00,429,backpressure,false,
candidateB_saturation_hard,2026-09-13T19:07:14.182803+08:00,0,true,1.58,-1.00,429,backpressure,false,
candidateB_saturation_hard,2026-09-13T19:07:14.330809+08:00,1,false,1.44,-1.00,429,backpressure,false,
candidateB_saturation_hard,2026-09-13T19:07:14.330968+08:00,8,true,2.48,-1.00,429,backpressure,false,
candidateB_saturation_hard,2026-09-13T19:07:14.333023+08:00,0,false,0.96,-1.00,429,backpressure,false,
candidateB_saturation_hard,2026-09-13T19:07:14.332003+08:00,7,false,2.03,-1.00,429,backpressure,false,
candidateB_saturation_hard,2026-09-13T19:07:14.330752+08:00,5,false,3.34,-1.00,429,backpressure,false,
candidateB_saturation_hard,2026-09-13T19:07:14.332692+08:00,2,true,2.22,-1.00,429,backpressure,false,
candidateB_saturation_hard,2026-09-13T19:07:07.343979+08:00,4,false,7045.78,-1.00,200,,true,
candidateB_saturation_hard,2026-09-13T19:07:14.482364+08:00,1,false,2.66,-1.00,429,backpressure,false,
candidateB_saturation_hard,2026-09-13T19:07:14.482016+08:00,8,false,3.17,-1.00,429,backpressure,false,
candidateB_saturation_hard,2026-09-13T19:07:14.482257+08:00,7,true,3.05,-1.00,429,backpressure,false,
candidateB_saturation_hard,2026-09-13T19:07:14.481878+08:00,5,false,3.47,-1.00,429,backpressure,false,
candidateB_saturation_hard,2026-09-13T19:07:14.482831+08:00,2,true,3.61,-1.00,429,backpressure,false,
candidateB_saturation_hard,2026-09-13T19:07:14.483055+08:00,0,false,3.46,-1.00,429,backpressure,false,
candidateB_saturation_hard,2026-09-13T19:07:14.634216+08:00,0,false,2.42,-1.00,429,backpressure,false,
candidateB_saturation_hard,2026-09-13T19:07:14.633921+08:00,2,true,2.72,-1.00,429,backpressure,false,
candidateB_saturation_hard,2026-09-13T19:07:14.634971+08:00,5,true,2.44,-1.00,429,backpressure,false,
candidateB_saturation_hard,2026-09-13T19:07:14.635079+08:00,8,false,2.35,-1.00,429,backpressure,false,
candidateB_saturation_hard,2026-09-13T19:07:14.634632+08:00,1,true,2.81,-1.00,429,backpressure,false,
candidateB_saturation_hard,2026-09-13T19:07:14.635186+08:00,7,true,2.34,-1.00,429,backpressure,false,
candidateB_saturation_hard,2026-09-13T19:07:14.785104+08:00,0,true,1.88,-1.00,429,backpressure,false,
candidateB_saturation_hard,2026-09-13T19:07:14.785323+08:00,1,false,1.71,-1.00,429,backpressure,false,
candidateB_saturation_hard,2026-09-13T19:07:14.785638+08:00,8,false,1.46,-1.00,429,backpressure,false,
candidateB_saturation_hard,2026-09-13T19:07:14.785063+08:00,2,true,2.09,-1.00,429,backpressure,false,
candidateB_saturation_hard,2026-09-13T19:07:14.785063+08:00,5,true,2.34,-1.00,429,backpressure,false,
candidateB_saturation_hard,2026-09-13T19:07:14.785517+08:00,7,false,1.93,-1.00,429,backpressure,false,
candidateB_saturation_hard,2026-09-13T19:07:14.936746+08:00,1,true,1.57,-1.00,429,backpressure,false,
candidateB_saturation_hard,2026-09-13T19:07:14.936569+08:00,0,false,1.83,-1.00,429,backpressure,false,
candidateB_saturation_hard,2026-09-13T19:07:14.936843+08:00,2,false,1.64,-1.00,429,backpressure,false,
candidateB_saturation_hard,2026-09-13T19:07:14.936329+08:00,5,true,2.27,-1.00,429,backpressure,false,
candidateB_saturation_hard,2026-09-13T19:07:14.936282+08:00,7,false,2.40,-1.00,429,backpressure,false,
candidateB_saturation_hard,2026-09-13T19:07:14.936501+08:00,8,false,2.19,-1.00,429,backpressure,false,
candidateB_saturation_hard,2026-09-13T19:07:15.087627+08:00,1,false,1.21,-1.00,429,backpressure,false,
candidateB_saturation_hard,2026-09-13T19:07:15.087836+08:00,8,true,1.09,-1.00,429,backpressure,false,
candidateB_saturation_hard,2026-09-13T19:07:15.087485+08:00,7,false,1.61,-1.00,429,backpressure,false,
candidateB_saturation_hard,2026-09-13T19:07:15.087539+08:00,0,false,3.14,-1.00,429,backpressure,false,
candidateB_saturation_hard,2026-09-13T19:07:15.08791+08:00,5,false,3.16,-1.00,429,backpressure,false,
candidateB_saturation_hard,2026-09-13T19:07:15.087485+08:00,2,true,3.64,-1.00,429,backpressure,false,
candidateB_saturation_hard,2026-09-13T19:07:15.237793+08:00,1,false,2.55,-1.00,429,backpressure,false,
candidateB_saturation_hard,2026-09-13T19:07:15.23841+08:00,7,true,1.98,-1.00,429,backpressure,false,
candidateB_saturation_hard,2026-09-13T19:07:15.237991+08:00,5,false,2.46,-1.00,429,backpressure,false,
candidateB_saturation_hard,2026-09-13T19:07:15.238127+08:00,2,true,2.34,-1.00,429,backpressure,false,
candidateB_saturation_hard,2026-09-13T19:07:15.238554+08:00,0,true,1.94,-1.00,429,backpressure,false,
candidateB_saturation_hard,2026-09-13T19:07:15.237859+08:00,8,false,2.68,-1.00,429,backpressure,false,
candidateB_saturation_hard,2026-09-13T19:07:08.155838+08:00,9,true,7127.97,6354.40,200,,true,
candidateB_saturation_hard,2026-09-13T19:07:15.388945+08:00,0,false,1.56,-1.00,429,backpressure,false,
candidateB_saturation_hard,2026-09-13T19:07:15.388899+08:00,7,true,1.64,-1.00,429,backpressure,false,
candidateB_saturation_hard,2026-09-13T19:07:15.389173+08:00,2,true,1.44,-1.00,429,backpressure,false,
candidateB_saturation_hard,2026-09-13T19:07:15.388931+08:00,1,true,1.72,-1.00,429,backpressure,false,
candidateB_saturation_hard,2026-09-13T19:07:15.388899+08:00,5,false,1.78,-1.00,429,backpressure,false,
candidateB_saturation_hard,2026-09-13T19:07:15.38911+08:00,8,false,1.57,-1.00,429,backpressure,false,
candidateB_saturation_hard,2026-09-13T19:07:15.540464+08:00,8,false,1.40,-1.00,429,backpressure,false,
candidateB_saturation_hard,2026-09-13T19:07:15.540185+08:00,0,false,1.80,-1.00,429,backpressure,false,
candidateB_saturation_hard,2026-09-13T19:07:15.540059+08:00,7,true,1.94,-1.00,429,backpressure,false,
candidateB_saturation_hard,2026-09-13T19:07:15.540013+08:00,2,false,2.08,-1.00,429,backpressure,false,
candidateB_saturation_hard,2026-09-13T19:07:15.540264+08:00,1,true,1.91,-1.00,429,backpressure,false,
candidateB_saturation_hard,2026-09-13T19:07:15.540742+08:00,5,true,2.03,-1.00,429,backpressure,false,
candidateB_saturation_hard,2026-09-13T19:07:15.6912+08:00,0,false,2.10,-1.00,429,backpressure,false,
candidateB_saturation_hard,2026-09-13T19:07:15.69124+08:00,8,false,2.10,-1.00,429,backpressure,false,
candidateB_saturation_hard,2026-09-13T19:07:15.691721+08:00,1,false,1.69,-1.00,429,backpressure,false,
candidateB_saturation_hard,2026-09-13T19:07:15.691433+08:00,5,false,2.05,-1.00,429,backpressure,false,
candidateB_saturation_hard,2026-09-13T19:07:15.691202+08:00,2,false,2.34,-1.00,429,backpressure,false,
candidateB_saturation_hard,2026-09-13T19:07:15.691635+08:00,7,false,2.30,-1.00,429,backpressure,false,
candidateB_saturation_hard,2026-09-13T19:07:15.843297+08:00,1,false,2.06,-1.00,429,backpressure,false,
candidateB_saturation_hard,2026-09-13T19:07:15.842659+08:00,8,false,2.79,-1.00,429,backpressure,false,
candidateB_saturation_hard,2026-09-13T19:07:15.843079+08:00,0,false,2.70,-1.00,429,backpressure,false,
candidateB_saturation_hard,2026-09-13T19:07:15.842985+08:00,2,true,2.86,-1.00,429,backpressure,false,
candidateB_saturation_hard,2026-09-13T19:07:15.843637+08:00,7,false,2.27,-1.00,429,backpressure,false,
candidateB_saturation_hard,2026-09-13T19:07:15.843351+08:00,5,false,2.58,-1.00,429,backpressure,false,
candidateB_saturation_hard,2026-09-13T19:07:15.993698+08:00,1,true,3.35,-1.00,429,backpressure,false,
candidateB_saturation_hard,2026-09-13T19:07:15.993775+08:00,7,true,3.87,-1.00,429,backpressure,false,
candidateB_saturation_hard,2026-09-13T19:07:15.993469+08:00,8,true,4.26,-1.00,429,backpressure,false,
candidateB_saturation_hard,2026-09-13T19:07:15.996536+08:00,5,false,1.48,-1.00,429,backpressure,false,
candidateB_saturation_hard,2026-09-13T19:07:15.994072+08:00,2,false,4.01,-1.00,429,backpressure,false,
candidateB_saturation_hard,2026-09-13T19:07:15.994203+08:00,0,false,3.99,-1.00,429,backpressure,false,
candidateB_saturation_hard,2026-09-13T19:07:16.145461+08:00,2,false,0.97,-1.00,429,backpressure,false,
candidateB_saturation_hard,2026-09-13T19:07:16.145326+08:00,0,true,1.16,-1.00,429,backpressure,false,
candidateB_saturation_hard,2026-09-13T19:07:16.144943+08:00,1,false,1.59,-1.00,429,backpressure,false,
candidateB_saturation_hard,2026-09-13T19:07:16.144603+08:00,7,false,2.19,-1.00,429,backpressure,false,
candidateB_saturation_hard,2026-09-13T19:07:16.14477+08:00,8,false,2.04,-1.00,429,backpressure,false,
candidateB_saturation_hard,2026-09-13T19:07:16.146717+08:00,5,true,0.41,-1.00,429,backpressure,false,
candidateB_saturation_hard,2026-09-13T19:07:09.067534+08:00,10,true,7168.28,6337.46,200,,true,
candidateB_saturation_hard,2026-09-13T19:07:16.296693+08:00,0,false,1.68,-1.00,429,backpressure,false,
candidateB_saturation_hard,2026-09-13T19:07:16.297215+08:00,8,false,1.29,-1.00,429,backpressure,false,
candidateB_saturation_hard,2026-09-13T19:07:16.29756+08:00,7,false,1.02,-1.00,429,backpressure,false,
candidateB_saturation_hard,2026-09-13T19:07:16.295918+08:00,2,true,2.88,-1.00,429,backpressure,false,
candidateB_saturation_hard,2026-09-13T19:07:16.296713+08:00,5,false,2.10,-1.00,429,backpressure,false,
candidateB_saturation_hard,2026-09-13T19:07:16.296364+08:00,1,false,2.47,-1.00,429,backpressure,false,
candidateB_saturation_hard,2026-09-13T19:07:16.447375+08:00,8,true,2.90,-1.00,429,backpressure,false,
candidateB_saturation_hard,2026-09-13T19:07:16.447633+08:00,7,false,2.70,-1.00,429,backpressure,false,
candidateB_saturation_hard,2026-09-13T19:07:16.446747+08:00,0,false,3.67,-1.00,429,backpressure,false,
candidateB_saturation_hard,2026-09-13T19:07:16.44667+08:00,2,false,3.87,-1.00,429,backpressure,false,
candidateB_saturation_hard,2026-09-13T19:07:16.446677+08:00,1,false,3.95,-1.00,429,backpressure,false,
candidateB_saturation_hard,2026-09-13T19:07:16.446747+08:00,5,false,3.95,-1.00,429,backpressure,false,
candidateB_saturation_hard,2026-09-13T19:07:16.597226+08:00,5,false,2.35,-1.00,429,backpressure,false,
candidateB_saturation_hard,2026-09-13T19:07:16.597185+08:00,2,true,2.46,-1.00,429,backpressure,false,
candidateB_saturation_hard,2026-09-13T19:07:16.598083+08:00,7,true,2.72,-1.00,429,backpressure,false,
candidateB_saturation_hard,2026-09-13T19:07:16.597841+08:00,0,true,3.01,-1.00,429,backpressure,false,
candidateB_saturation_hard,2026-09-13T19:07:16.597182+08:00,1,false,4.05,-1.00,429,backpressure,false,
candidateB_saturation_hard,2026-09-13T19:07:16.597388+08:00,8,true,3.86,-1.00,429,backpressure,false,
candidateB_saturation_hard,2026-09-13T19:07:16.747999+08:00,5,true,2.17,-1.00,429,backpressure,false,
candidateB_saturation_hard,2026-09-13T19:07:16.748337+08:00,0,false,1.92,-1.00,429,backpressure,false,
candidateB_saturation_hard,2026-09-13T19:07:16.747999+08:00,2,false,2.34,-1.00,429,backpressure,false,
candidateB_saturation_hard,2026-09-13T19:07:16.748653+08:00,7,false,1.75,-1.00,429,backpressure,false,
candidateB_saturation_hard,2026-09-13T19:07:16.74854+08:00,1,false,1.96,-1.00,429,backpressure,false,
candidateB_saturation_hard,2026-09-13T19:07:16.748121+08:00,8,false,2.44,-1.00,429,backpressure,false,
candidateB_saturation_hard,2026-09-13T19:07:16.899117+08:00,7,false,1.85,-1.00,429,backpressure,false,
candidateB_saturation_hard,2026-09-13T19:07:16.899263+08:00,5,false,1.76,-1.00,429,backpressure,false,
candidateB_saturation_hard,2026-09-13T19:07:16.899118+08:00,8,false,1.96,-1.00,429,backpressure,false,
candidateB_saturation_hard,2026-09-13T19:07:16.899151+08:00,1,false,1.99,-1.00,429,backpressure,false,
candidateB_saturation_hard,2026-09-13T19:07:16.899461+08:00,2,true,1.73,-1.00,429,backpressure,false,
candidateB_saturation_hard,2026-09-13T19:07:16.899178+08:00,0,true,2.20,-1.00,429,backpressure,false,
candidateB_saturation_hard,2026-09-13T19:07:09.795653+08:00,6,true,7182.90,6565.10,200,,true,
candidateB_saturation_hard,2026-09-13T19:07:17.050173+08:00,1,true,1.64,-1.00,429,backpressure,false,
candidateB_saturation_hard,2026-09-13T19:07:17.05067+08:00,5,false,1.61,-1.00,429,backpressure,false,
candidateB_saturation_hard,2026-09-13T19:07:17.050913+08:00,8,false,1.44,-1.00,429,backpressure,false,
candidateB_saturation_hard,2026-09-13T19:07:17.050163+08:00,0,true,2.25,-1.00,429,backpressure,false,
candidateB_saturation_hard,2026-09-13T19:07:17.050214+08:00,7,true,2.47,-1.00,429,backpressure,false,
candidateB_saturation_hard,2026-09-13T19:07:17.050567+08:00,2,true,2.17,-1.00,429,backpressure,false,
candidateB_saturation_hard,2026-09-13T19:07:17.200933+08:00,8,false,1.14,-1.00,429,backpressure,false,
candidateB_saturation_hard,2026-09-13T19:07:17.200561+08:00,0,false,1.55,-1.00,429,backpressure,false,
candidateB_saturation_hard,2026-09-13T19:07:17.201003+08:00,5,false,1.15,-1.00,429,backpressure,false,
candidateB_saturation_hard,2026-09-13T19:07:17.200568+08:00,1,true,1.62,-1.00,429,backpressure,false,
candidateB_saturation_hard,2026-09-13T19:07:17.200786+08:00,2,false,1.44,-1.00,429,backpressure,false,
candidateB_saturation_hard,2026-09-13T19:07:17.200623+08:00,7,false,1.64,-1.00,429,backpressure,false,
candidateB_saturation_hard,2026-09-13T19:07:17.351884+08:00,5,false,1.14,-1.00,429,backpressure,false,
candidateB_saturation_hard,2026-09-13T19:07:17.351744+08:00,7,false,1.47,-1.00,429,backpressure,false,
candidateB_saturation_hard,2026-09-13T19:07:17.352053+08:00,2,false,1.74,-1.00,429,backpressure,false,
candidateB_saturation_hard,2026-09-13T19:07:17.352007+08:00,0,false,1.82,-1.00,429,backpressure,false,
candidateB_saturation_hard,2026-09-13T19:07:17.352727+08:00,1,false,1.23,-1.00,429,backpressure,false,
candidateB_saturation_hard,2026-09-13T19:07:17.352434+08:00,8,true,1.68,-1.00,429,backpressure,false,
candidateB_saturation_hard,2026-09-13T19:07:17.503157+08:00,2,true,1.92,-1.00,429,backpressure,false,
candidateB_saturation_hard,2026-09-13T19:07:17.503041+08:00,8,true,2.03,-1.00,429,backpressure,false,
candidateB_saturation_hard,2026-09-13T19:07:17.503247+08:00,7,false,1.89,-1.00,429,backpressure,false,
candidateB_saturation_hard,2026-09-13T19:07:17.503011+08:00,0,false,2.17,-1.00,429,backpressure,false,
candidateB_saturation_hard,2026-09-13T19:07:17.502972+08:00,1,false,2.24,-1.00,429,backpressure,false,
candidateB_saturation_hard,2026-09-13T19:07:17.502972+08:00,5,true,2.26,-1.00,429,backpressure,false,
candidateB_saturation_hard,2026-09-13T19:07:17.654208+08:00,8,true,1.92,-1.00,429,backpressure,false,
candidateB_saturation_hard,2026-09-13T19:07:17.654492+08:00,0,false,1.73,-1.00,429,backpressure,false,
candidateB_saturation_hard,2026-09-13T19:07:17.654077+08:00,2,true,2.23,-1.00,429,backpressure,false,
candidateB_saturation_hard,2026-09-13T19:07:17.654077+08:00,7,true,2.31,-1.00,429,backpressure,false,
candidateB_saturation_hard,2026-09-13T19:07:17.654116+08:00,5,true,2.33,-1.00,429,backpressure,false,
candidateB_saturation_hard,2026-09-13T19:07:17.654262+08:00,1,true,2.24,-1.00,429,backpressure,false,
candidateB_saturation_hard,2026-09-13T19:07:10.729219+08:00,12,true,7043.78,6370.07,200,,true,
candidateB_saturation_hard,2026-09-13T19:07:17.805364+08:00,8,false,2.10,-1.00,429,backpressure,false,
candidateB_saturation_hard,2026-09-13T19:07:17.805984+08:00,2,false,1.55,-1.00,429,backpressure,false,
candidateB_saturation_hard,2026-09-13T19:07:17.805109+08:00,0,false,2.46,-1.00,429,backpressure,false,
candidateB_saturation_hard,2026-09-13T19:07:17.805882+08:00,7,true,1.71,-1.00,429,backpressure,false,
candidateB_saturation_hard,2026-09-13T19:07:17.805624+08:00,1,false,2.00,-1.00,429,backpressure,false,
candidateB_saturation_hard,2026-09-13T19:07:17.805265+08:00,5,true,2.39,-1.00,429,backpressure,false,
candidateB_saturation_hard,2026-09-13T19:07:17.957175+08:00,0,false,2.08,-1.00,429,backpressure,false,
candidateB_saturation_hard,2026-09-13T19:07:17.955992+08:00,1,false,3.27,-1.00,429,backpressure,false,
candidateB_saturation_hard,2026-09-13T19:07:17.958903+08:00,5,false,1.82,-1.00,429,backpressure,false,
candidateB_saturation_hard,2026-09-13T19:07:17.958782+08:00,2,false,2.02,-1.00,429,backpressure,false,
candidateB_saturation_hard,2026-09-13T19:07:17.957284+08:00,8,false,3.58,-1.00,429,backpressure,false,
candidateB_saturation_hard,2026-09-13T19:07:17.958997+08:00,7,false,1.95,-1.00,429,backpressure,false,
candidateB_saturation_hard,2026-09-13T19:07:18.106102+08:00,1,true,0.87,-1.00,429,backpressure,false,
candidateB_saturation_hard,2026-09-13T19:07:18.107216+08:00,0,false,0.85,-1.00,429,backpressure,false,
candidateB_saturation_hard,2026-09-13T19:07:18.10733+08:00,8,false,0.78,-1.00,429,backpressure,false,
candidateB_saturation_hard,2026-09-13T19:07:18.108982+08:00,5,false,0.76,-1.00,429,backpressure,false,
candidateB_saturation_hard,2026-09-13T19:07:18.108939+08:00,2,true,1.22,-1.00,429,backpressure,false,
candidateB_saturation_hard,2026-09-13T19:07:18.109036+08:00,7,true,1.25,-1.00,429,backpressure,false,
candidateB_saturation_hard,2026-09-13T19:07:18.258665+08:00,1,false,1.60,-1.00,429,backpressure,false,
candidateB_saturation_hard,2026-09-13T19:07:18.258713+08:00,8,false,1.69,-1.00,429,backpressure,false,
candidateB_saturation_hard,2026-09-13T19:07:18.259318+08:00,5,true,3.60,-1.00,429,backpressure,false,
candidateB_saturation_hard,2026-09-13T19:07:18.259237+08:00,7,true,3.68,-1.00,429,backpressure,false,
candidateB_saturation_hard,2026-09-13T19:07:18.258957+08:00,2,false,4.12,-1.00,429,backpressure,false,
candidateB_saturation_hard,2026-09-13T19:07:18.258664+08:00,0,false,4.44,-1.00,429,backpressure,false,
candidateB_saturation_hard,2026-09-13T19:07:18.409815+08:00,7,true,1.66,-1.00,429,backpressure,false,
candidateB_saturation_hard,2026-09-13T19:07:18.40957+08:00,5,false,1.90,-1.00,429,backpressure,false,
candidateB_saturation_hard,2026-09-13T19:07:18.408968+08:00,1,true,2.59,-1.00,429,backpressure,false,
candidateB_saturation_hard,2026-09-13T19:07:18.409789+08:00,2,true,1.78,-1.00,429,backpressure,false,
candidateB_saturation_hard,2026-09-13T19:07:18.409049+08:00,8,false,2.52,-1.00,429,backpressure,false,
candidateB_saturation_hard,2026-09-13T19:07:18.408965+08:00,0,false,2.65,-1.00,429,backpressure,false,
candidateB_saturation_hard,2026-09-13T19:07:18.559456+08:00,8,false,2.19,-1.00,429,backpressure,false,
candidateB_saturation_hard,2026-09-13T19:07:18.559751+08:00,0,false,1.98,-1.00,429,backpressure,false,
candidateB_saturation_hard,2026-09-13T19:07:18.562018+08:00,5,false,1.97,-1.00,429,backpressure,false,
candidateB_saturation_hard,2026-09-13T19:07:18.561856+08:00,2,false,2.18,-1.00,429,backpressure,false,
candidateB_saturation_hard,2026-09-13T19:07:18.561033+08:00,7,false,3.21,-1.00,429,backpressure,false,
candidateB_saturation_hard,2026-09-13T19:07:18.561944+08:00,1,false,2.33,-1.00,429,backpressure,false,
candidateB_saturation_hard,2026-09-13T19:07:11.72672+08:00,13,true,6903.83,6165.56,200,,true,
candidateB_saturation_hard,2026-09-13T19:07:18.710085+08:00,0,false,0.87,-1.00,429,backpressure,false,
candidateB_saturation_hard,2026-09-13T19:07:18.710084+08:00,8,true,0.88,-1.00,429,backpressure,false,
candidateB_saturation_hard,2026-09-13T19:07:18.71106+08:00,7,false,0.26,-1.00,429,backpressure,false,
candidateB_saturation_hard,2026-09-13T19:07:18.711838+08:00,2,false,0.24,-1.00,429,backpressure,false,
candidateB_saturation_hard,2026-09-13T19:07:18.712069+08:00,5,true,0.31,-1.00,429,backpressure,false,
candidateB_saturation_hard,2026-09-13T19:07:18.711999+08:00,1,false,0.48,-1.00,429,backpressure,false,
candidateB_saturation_hard,2026-09-13T19:07:18.861297+08:00,7,true,1.89,-1.00,429,backpressure,false,
candidateB_saturation_hard,2026-09-13T19:07:18.86155+08:00,0,true,1.65,-1.00,429,backpressure,false,
candidateB_saturation_hard,2026-09-13T19:07:18.862265+08:00,1,true,1.01,-1.00,429,backpressure,false,
candidateB_saturation_hard,2026-09-13T19:07:18.861635+08:00,8,false,2.13,-1.00,429,backpressure,false,
candidateB_saturation_hard,2026-09-13T19:07:18.863294+08:00,5,true,0.51,-1.00,429,backpressure,false,
candidateB_saturation_hard,2026-09-13T19:07:18.863351+08:00,2,false,0.50,-1.00,429,backpressure,false,
candidateB_saturation_hard,2026-09-13T19:07:19.012357+08:00,8,false,1.41,-1.00,429,backpressure,false,
candidateB_saturation_hard,2026-09-13T19:07:19.012362+08:00,7,true,2.51,-1.00,429,backpressure,false,
candidateB_saturation_hard,2026-09-13T19:07:19.012555+08:00,0,false,2.36,-1.00,429,backpressure,false,
candidateB_saturation_hard,2026-09-13T19:07:19.013288+08:00,5,true,1.66,-1.00,429,backpressure,false,
candidateB_saturation_hard,2026-09-13T19:07:19.01251+08:00,1,true,2.48,-1.00,429,backpressure,false,
candidateB_saturation_hard,2026-09-13T19:07:19.013808+08:00,2,false,1.20,-1.00,429,backpressure,false,
candidateB_saturation_hard,2026-09-13T19:07:19.164277+08:00,7,false,1.46,-1.00,429,backpressure,false,
candidateB_saturation_hard,2026-09-13T19:07:19.164166+08:00,2,false,1.62,-1.00,429,backpressure,false,
candidateB_saturation_hard,2026-09-13T19:07:19.16327+08:00,1,false,2.58,-1.00,429,backpressure,false,
candidateB_saturation_hard,2026-09-13T19:07:19.163427+08:00,5,false,2.44,-1.00,429,backpressure,false,
candidateB_saturation_hard,2026-09-13T19:07:19.164374+08:00,0,false,1.53,-1.00,429,backpressure,false,
candidateB_saturation_hard,2026-09-13T19:07:19.163816+08:00,8,true,2.15,-1.00,429,backpressure,false,
candidateB_saturation_hard,2026-09-13T19:07:19.314722+08:00,7,true,2.26,-1.00,429,backpressure,false,
candidateB_saturation_hard,2026-09-13T19:07:19.314618+08:00,2,false,2.37,-1.00,429,backpressure,false,
candidateB_saturation_hard,2026-09-13T19:07:19.314232+08:00,1,false,2.83,-1.00,429,backpressure,false,
candidateB_saturation_hard,2026-09-13T19:07:19.314194+08:00,8,false,2.89,-1.00,429,backpressure,false,
candidateB_saturation_hard,2026-09-13T19:07:19.314194+08:00,5,true,2.91,-1.00,429,backpressure,false,
candidateB_saturation_hard,2026-09-13T19:07:19.31444+08:00,0,false,2.91,-1.00,429,backpressure,false,
candidateB_saturation_hard,2026-09-13T19:07:12.696852+08:00,3,false,6683.81,-1.00,200,,true,
candidateB_saturation_hard,2026-09-13T19:07:19.465662+08:00,5,false,1.87,-1.00,429,backpressure,false,
candidateB_saturation_hard,2026-09-13T19:07:19.465548+08:00,1,false,2.03,-1.00,429,backpressure,false,
candidateB_saturation_hard,2026-09-13T19:07:19.465208+08:00,8,true,2.44,-1.00,429,backpressure,false,
candidateB_saturation_hard,2026-09-13T19:07:19.465206+08:00,2,true,2.49,-1.00,429,backpressure,false,
candidateB_saturation_hard,2026-09-13T19:07:19.465428+08:00,7,true,2.29,-1.00,429,backpressure,false,
candidateB_saturation_hard,2026-09-13T19:07:19.465766+08:00,0,false,1.98,-1.00,429,backpressure,false,
candidateB_saturation_hard,2026-09-13T19:07:19.615884+08:00,7,false,0.99,-1.00,429,backpressure,false,
candidateB_saturation_hard,2026-09-13T19:07:19.616323+08:00,8,true,1.08,-1.00,429,backpressure,false,
candidateB_saturation_hard,2026-09-13T19:07:19.616397+08:00,1,true,1.07,-1.00,429,backpressure,false,
candidateB_saturation_hard,2026-09-13T19:07:19.616124+08:00,2,false,1.41,-1.00,429,backpressure,false,
candidateB_saturation_hard,2026-09-13T19:07:19.616461+08:00,5,false,1.11,-1.00,429,backpressure,false,
candidateB_saturation_hard,2026-09-13T19:07:19.616081+08:00,0,true,1.53,-1.00,429,backpressure,false,
candidateB_saturation_hard,2026-09-13T19:07:19.766662+08:00,2,false,0.45,-1.00,429,backpressure,false,
candidateB_saturation_hard,2026-09-13T19:07:19.766624+08:00,5,false,0.64,-1.00,429,backpressure,false,
candidateB_saturation_hard,2026-09-13T19:07:19.766711+08:00,0,true,0.58,-1.00,429,backpressure,false,
candidateB_saturation_hard,2026-09-13T19:07:19.7667+08:00,7,true,0.60,-1.00,429,backpressure,false,
candidateB_saturation_hard,2026-09-13T19:07:19.766679+08:00,8,false,0.68,-1.00,429,backpressure,false,
candidateB_saturation_hard,2026-09-13T19:07:19.766732+08:00,1,true,0.71,-1.00,429,backpressure,false,
candidateB_saturation_hard,2026-09-13T19:07:19.918117+08:00,2,true,2.02,-1.00,429,backpressure,false,
candidateB_saturation_hard,2026-09-13T19:07:19.917708+08:00,8,false,2.58,-1.00,429,backpressure,false,
candidateB_saturation_hard,2026-09-13T19:07:19.917713+08:00,1,false,3.92,-1.00,429,backpressure,false,
candidateB_saturation_hard,2026-09-13T19:07:19.917749+08:00,5,false,4.04,-1.00,429,backpressure,false,
candidateB_saturation_hard,2026-09-13T19:07:19.918491+08:00,0,true,3.36,-1.00,429,backpressure,false,
candidateB_saturation_hard,2026-09-13T19:07:19.917837+08:00,7,true,4.05,-1.00,429,backpressure,false,
candidateB_saturation_hard,2026-09-13T19:07:20.069252+08:00,8,true,2.22,-1.00,429,backpressure,false,
candidateB_saturation_hard,2026-09-13T19:07:20.06898+08:00,1,true,2.54,-1.00,429,backpressure,false,
candidateB_saturation_hard,2026-09-13T19:07:20.069479+08:00,7,false,2.10,-1.00,429,backpressure,false,
candidateB_saturation_hard,2026-09-13T19:07:20.068801+08:00,0,true,2.82,-1.00,429,backpressure,false,
candidateB_saturation_hard,2026-09-13T19:07:20.068933+08:00,2,false,2.73,-1.00,429,backpressure,false,
candidateB_saturation_hard,2026-09-13T19:07:20.068823+08:00,5,false,2.91,-1.00,429,backpressure,false,
candidateB_saturation_hard,2026-09-13T19:07:13.482982+08:00,11,true,6633.44,6017.19,200,,true,
candidateB_saturation_hard,2026-09-13T19:07:20.220851+08:00,5,true,3.19,-1.00,429,backpressure,false,
candidateB_saturation_hard,2026-09-13T19:07:20.220713+08:00,8,false,3.32,-1.00,429,backpressure,false,
candidateB_saturation_hard,2026-09-13T19:07:20.219853+08:00,7,false,4.26,-1.00,429,backpressure,false,
candidateB_saturation_hard,2026-09-13T19:07:20.220659+08:00,1,true,3.50,-1.00,429,backpressure,false,
candidateB_saturation_hard,2026-09-13T19:07:20.220096+08:00,0,true,4.09,-1.00,429,backpressure,false,
candidateB_saturation_hard,2026-09-13T19:07:20.220459+08:00,2,false,3.75,-1.00,429,backpressure,false,
candidateB_saturation_hard,2026-09-13T19:07:20.371345+08:00,2,false,11.55,-1.00,429,backpressure,false,
candidateB_saturation_hard,2026-09-13T19:07:20.370933+08:00,0,true,12.65,-1.00,429,backpressure,false,
candidateB_saturation_hard,2026-09-13T19:07:20.370917+08:00,5,false,12.75,-1.00,429,backpressure,false,
candidateB_saturation_hard,2026-09-13T19:07:20.371575+08:00,7,true,12.10,-1.00,429,backpressure,false,
candidateB_saturation_hard,2026-09-13T19:07:20.371154+08:00,1,true,12.55,-1.00,429,backpressure,false,
candidateB_saturation_hard,2026-09-13T19:07:20.370962+08:00,8,true,13.44,-1.00,429,backpressure,false,
candidateB_saturation_hard,2026-09-13T19:07:20.522017+08:00,7,false,3.77,-1.00,429,backpressure,false,
candidateB_saturation_hard,2026-09-13T19:07:20.522015+08:00,5,false,3.91,-1.00,429,backpressure,false,
candidateB_saturation_hard,2026-09-13T19:07:20.524424+08:00,0,false,1.57,-1.00,429,backpressure,false,
candidateB_saturation_hard,2026-09-13T19:07:20.52473+08:00,1,false,1.29,-1.00,429,backpressure,false,
candidateB_saturation_hard,2026-09-13T19:07:20.522062+08:00,8,true,3.98,-1.00,429,backpressure,false,
candidateB_saturation_hard,2026-09-13T19:07:20.522265+08:00,2,true,4.30,-1.00,429,backpressure,false,
candidateB_saturation_hard,2026-09-13T19:07:20.673115+08:00,5,true,1.33,-1.00,429,backpressure,false,
candidateB_saturation_hard,2026-09-13T19:07:20.673087+08:00,8,false,1.40,-1.00,429,backpressure,false,
candidateB_saturation_hard,2026-09-13T19:07:20.673068+08:00,2,true,1.57,-1.00,429,backpressure,false,
candidateB_saturation_hard,2026-09-13T19:07:20.673537+08:00,7,false,1.14,-1.00,429,backpressure,false,
candidateB_saturation_hard,2026-09-13T19:07:20.674595+08:00,0,false,0.35,-1.00,429,backpressure,false,
candidateB_saturation_hard,2026-09-13T19:07:20.674813+08:00,1,false,0.34,-1.00,429,backpressure,false,
candidateB_saturation_hard,2026-09-13T19:07:20.824712+08:00,0,true,1.43,-1.00,429,backpressure,false,
candidateB_saturation_hard,2026-09-13T19:07:20.824515+08:00,2,false,1.67,-1.00,429,backpressure,false,
candidateB_saturation_hard,2026-09-13T19:07:20.824278+08:00,7,false,1.98,-1.00,429,backpressure,false,
candidateB_saturation_hard,2026-09-13T19:07:20.824842+08:00,1,false,1.47,-1.00,429,backpressure,false,
candidateB_saturation_hard,2026-09-13T19:07:20.82444+08:00,5,true,1.94,-1.00,429,backpressure,false,
candidateB_saturation_hard,2026-09-13T19:07:20.824334+08:00,8,true,2.14,-1.00,429,backpressure,false,
candidateB_saturation_hard,2026-09-13T19:07:20.975384+08:00,7,false,2.38,-1.00,429,backpressure,false,
candidateB_saturation_hard,2026-09-13T19:07:20.975719+08:00,8,false,2.13,-1.00,429,backpressure,false,
candidateB_saturation_hard,2026-09-13T19:07:20.975542+08:00,0,false,2.38,-1.00,429,backpressure,false,
candidateB_saturation_hard,2026-09-13T19:07:20.976031+08:00,1,false,1.92,-1.00,429,backpressure,false,
candidateB_saturation_hard,2026-09-13T19:07:20.975424+08:00,2,true,2.55,-1.00,429,backpressure,false,
candidateB_saturation_hard,2026-09-13T19:07:20.975384+08:00,5,false,2.65,-1.00,429,backpressure,false,
candidateB_saturation_hard,2026-09-13T19:07:14.390192+08:00,4,false,6672.51,-1.00,200,,true,
candidateB_saturation_hard,2026-09-13T19:07:21.126194+08:00,1,true,3.22,-1.00,429,backpressure,false,
candidateB_saturation_hard,2026-09-13T19:07:21.128467+08:00,0,true,2.02,-1.00,429,backpressure,false,
candidateB_saturation_hard,2026-09-13T19:07:21.12675+08:00,5,true,4.09,-1.00,429,backpressure,false,
candidateB_saturation_hard,2026-09-13T19:07:21.127977+08:00,8,false,2.89,-1.00,429,backpressure,false,
candidateB_saturation_hard,2026-09-13T19:07:21.128218+08:00,7,true,2.77,-1.00,429,backpressure,false,
candidateB_saturation_hard,2026-09-13T19:07:21.128343+08:00,2,false,2.78,-1.00,429,backpressure,false,
candidateB_saturation_hard,2026-09-13T19:07:21.27733+08:00,5,false,1.52,-1.00,429,backpressure,false,
candidateB_saturation_hard,2026-09-13T19:07:21.277344+08:00,1,true,1.58,-1.00,429,backpressure,false,
candidateB_saturation_hard,2026-09-13T19:07:21.27905+08:00,7,false,0.62,-1.00,429,backpressure,false,
candidateB_saturation_hard,2026-09-13T19:07:21.278528+08:00,0,false,1.23,-1.00,429,backpressure,false,
candidateB_saturation_hard,2026-09-13T19:07:21.278433+08:00,2,true,1.41,-1.00,429,backpressure,false,
candidateB_saturation_hard,2026-09-13T19:07:21.278234+08:00,8,false,1.70,-1.00,429,backpressure,false,
candidateB_saturation_hard,2026-09-13T19:07:21.428761+08:00,0,false,1.26,-1.00,429,backpressure,false,
candidateB_saturation_hard,2026-09-13T19:07:21.428406+08:00,1,false,1.81,-1.00,429,backpressure,false,
candidateB_saturation_hard,2026-09-13T19:07:21.430136+08:00,8,true,0.49,-1.00,429,backpressure,false,
candidateB_saturation_hard,2026-09-13T19:07:21.42915+08:00,7,true,1.51,-1.00,429,backpressure,false,
candidateB_saturation_hard,2026-09-13T19:07:21.42884+08:00,2,false,1.84,-1.00,429,backpressure,false,
candidateB_saturation_hard,2026-09-13T19:07:21.428726+08:00,5,true,1.97,-1.00,429,backpressure,false,
candidateB_saturation_hard,2026-09-13T19:07:21.579509+08:00,0,false,2.69,-1.00,429,backpressure,false,
candidateB_saturation_hard,2026-09-13T19:07:21.579493+08:00,2,false,2.85,-1.00,429,backpressure,false,
candidateB_saturation_hard,2026-09-13T19:07:21.580039+08:00,5,true,2.42,-1.00,429,backpressure,false,
candidateB_saturation_hard,2026-09-13T19:07:21.579673+08:00,1,false,2.90,-1.00,429,backpressure,false,
candidateB_saturation_hard,2026-09-13T19:07:21.579768+08:00,7,false,2.92,-1.00,429,backpressure,false,
candidateB_saturation_hard,2026-09-13T19:07:21.580147+08:00,8,true,2.56,-1.00,429,backpressure,false,
candidateB_saturation_hard,2026-09-13T19:07:21.731112+08:00,2,false,0.92,-1.00,429,backpressure,false,
candidateB_saturation_hard,2026-09-13T19:07:21.730558+08:00,5,false,1.54,-1.00,429,backpressure,false,
candidateB_saturation_hard,2026-09-13T19:07:21.730852+08:00,1,false,1.32,-1.00,429,backpressure,false,
candidateB_saturation_hard,2026-09-13T19:07:21.730645+08:00,0,false,1.56,-1.00,429,backpressure,false,
candidateB_saturation_hard,2026-09-13T19:07:21.730887+08:00,7,false,1.57,-1.00,429,backpressure,false,
candidateB_saturation_hard,2026-09-13T19:07:21.731199+08:00,8,false,1.32,-1.00,429,backpressure,false,
candidateB_saturation_hard,2026-09-13T19:07:21.881088+08:00,7,true,1.70,-1.00,429,backpressure,false,
candidateB_saturation_hard,2026-09-13T19:07:21.881133+08:00,2,false,2.44,-1.00,429,backpressure,false,
candidateB_saturation_hard,2026-09-13T19:07:21.881012+08:00,1,true,2.72,-1.00,429,backpressure,false,
candidateB_saturation_hard,2026-09-13T19:07:21.880876+08:00,0,true,2.95,-1.00,429,backpressure,false,
candidateB_saturation_hard,2026-09-13T19:07:21.880887+08:00,5,true,3.02,-1.00,429,backpressure,false,
candidateB_saturation_hard,2026-09-13T19:07:21.881382+08:00,8,true,2.76,-1.00,429,backpressure,false,
candidateB_saturation_hard,2026-09-13T19:07:15.284026+08:00,9,false,6668.26,-1.00,200,,true,
candidateB_saturation_hard,2026-09-13T19:07:22.033921+08:00,5,true,1.35,-1.00,429,backpressure,false,
candidateB_saturation_hard,2026-09-13T19:07:22.031941+08:00,1,true,3.42,-1.00,429,backpressure,false,
candidateB_saturation_hard,2026-09-13T19:07:22.033453+08:00,2,false,1.93,-1.00,429,backpressure,false,
candidateB_saturation_hard,2026-09-13T19:07:22.031933+08:00,8,false,3.50,-1.00,429,backpressure,false,
candidateB_saturation_hard,2026-09-13T19:07:22.033581+08:00,7,true,1.87,-1.00,429,backpressure,false,
candidateB_saturation_hard,2026-09-13T19:07:22.031973+08:00,0,true,3.97,-1.00,429,backpressure,false,
candidateB_saturation_hard,2026-09-13T19:07:22.183489+08:00,2,true,1.14,-1.00,429,backpressure,false,
candidateB_saturation_hard,2026-09-13T19:07:22.183184+08:00,0,true,1.58,-1.00,429,backpressure,false,
candidateB_saturation_hard,2026-09-13T19:07:22.183556+08:00,8,false,1.89,-1.00,429,backpressure,false,
candidateB_saturation_hard,2026-09-13T19:07:22.184071+08:00,7,false,1.49,-1.00,429,backpressure,false,
candidateB_saturation_hard,2026-09-13T19:07:22.183624+08:00,1,false,1.99,-1.00,429,backpressure,false,
candidateB_saturation_hard,2026-09-13T19:07:22.184318+08:00,5,true,1.44,-1.00,429,backpressure,false,
candidateB_saturation_hard,2026-09-13T19:07:22.33419+08:00,0,true,1.70,-1.00,429,backpressure,false,
candidateB_saturation_hard,2026-09-13T19:07:22.334048+08:00,2,false,1.84,-1.00,429,backpressure,false,
candidateB_saturation_hard,2026-09-13T19:07:22.334049+08:00,1,false,1.88,-1.00,429,backpressure,false,
candidateB_saturation_hard,2026-09-13T19:07:22.334514+08:00,5,false,1.45,-1.00,429,backpressure,false,
candidateB_saturation_hard,2026-09-13T19:07:22.334085+08:00,7,false,1.90,-1.00,429,backpressure,false,
candidateB_saturation_hard,2026-09-13T19:07:22.334221+08:00,8,false,1.78,-1.00,429,backpressure,false,
candidateB_saturation_hard,2026-09-13T19:07:22.485395+08:00,5,true,1.81,-1.00,429,backpressure,false,
candidateB_saturation_hard,2026-09-13T19:07:22.485245+08:00,2,false,2.01,-1.00,429,backpressure,false,
candidateB_saturation_hard,2026-09-13T19:07:22.48511+08:00,0,false,2.21,-1.00,429,backpressure,false,
candidateB_saturation_hard,2026-09-13T19:07:22.485799+08:00,8,true,1.59,-1.00,429,backpressure,false,
candidateB_saturation_hard,2026-09-13T19:07:22.485696+08:00,1,false,1.74,-1.00,429,backpressure,false,
candidateB_saturation_hard,2026-09-13T19:07:22.48527+08:00,7,false,2.46,-1.00,429,backpressure,false,
candidateB_saturation_hard,2026-09-13T19:07:22.636465+08:00,1,true,1.88,-1.00,429,backpressure,false,
candidateB_saturation_hard,2026-09-13T19:07:22.636199+08:00,8,false,2.16,-1.00,429,backpressure,false,
candidateB_saturation_hard,2026-09-13T19:07:22.637858+08:00,5,true,1.12,-1.00,429,backpressure,false,
candidateB_saturation_hard,2026-09-13T19:07:22.638067+08:00,0,true,0.94,-1.00,429,backpressure,false,
candidateB_saturation_hard,2026-09-13T19:07:22.636569+08:00,7,true,2.48,-1.00,429,backpressure,false,
candidateB_saturation_hard,2026-09-13T19:07:22.638427+08:00,2,true,0.66,-1.00,429,backpressure,false,
candidateB_saturation_hard,2026-09-13T19:07:16.236034+08:00,10,false,6478.61,-1.00,200,,true,
candidateB_saturation_hard,2026-09-13T19:07:22.787291+08:00,1,false,3.64,-1.00,429,backpressure,false,
candidateB_saturation_hard,2026-09-13T19:07:22.787489+08:00,8,false,4.20,-1.00,429,backpressure,false,
candidateB_saturation_hard,2026-09-13T19:07:22.790276+08:00,5,true,1.47,-1.00,429,backpressure,false,
candidateB_saturation_hard,2026-09-13T19:07:22.787309+08:00,7,true,4.48,-1.00,429,backpressure,false,
candidateB_saturation_hard,2026-09-13T19:07:22.788284+08:00,0,false,3.63,-1.00,429,backpressure,false,
candidateB_saturation_hard,2026-09-13T19:07:22.790342+08:00,2,false,1.61,-1.00,429,backpressure,false,
candidateB_saturation_hard,2026-09-13T19:07:22.938244+08:00,8,false,1.02,-1.00,429,backpressure,false,
candidateB_saturation_hard,2026-09-13T19:07:22.938252+08:00,7,false,1.51,-1.00,429,backpressure,false,
candidateB_saturation_hard,2026-09-13T19:07:22.938484+08:00,0,false,1.38,-1.00,429,backpressure,false,
candidateB_saturation_hard,2026-09-13T19:07:22.938364+08:00,1,false,1.53,-1.00,429,backpressure,false,
candidateB_saturation_hard,2026-09-13T19:07:22.940389+08:00,2,false,0.53,-1.00,429,backpressure,false,
candidateB_saturation_hard,2026-09-13T19:07:22.94036+08:00,5,false,0.61,-1.00,429,backpressure,false,
candidateB_saturation_hard,2026-09-13T19:07:23.089278+08:00,0,true,2.86,-1.00,429,backpressure,false,
candidateB_saturation_hard,2026-09-13T19:07:23.091239+08:00,1,false,1.13,-1.00,429,backpressure,false,
candidateB_saturation_hard,2026-09-13T19:07:23.091317+08:00,5,true,1.22,-1.00,429,backpressure,false,
candidateB_saturation_hard,2026-09-13T19:07:23.090784+08:00,8,false,1.77,-1.00,429,backpressure,false,
candidateB_saturation_hard,2026-09-13T19:07:23.090954+08:00,7,true,1.67,-1.00,429,backpressure,false,
candidateB_saturation_hard,2026-09-13T19:07:23.090897+08:00,2,false,1.93,-1.00,429,backpressure,false,
candidateB_saturation_hard,2026-09-13T19:07:23.240846+08:00,8,false,0.80,-1.00,429,backpressure,false,
candidateB_saturation_hard,2026-09-13T19:07:23.240376+08:00,0,true,1.38,-1.00,429,backpressure,false,
candidateB_saturation_hard,2026-09-13T19:07:23.241414+08:00,5,false,1.59,-1.00,429,backpressure,false,
candidateB_saturation_hard,2026-09-13T19:07:23.241196+08:00,7,false,1.93,-1.00,429,backpressure,false,
candidateB_saturation_hard,2026-09-13T19:07:23.241492+08:00,1,false,1.69,-1.00,429,backpressure,false,
candidateB_saturation_hard,2026-09-13T19:07:23.240928+08:00,2,false,2.35,-1.00,429,backpressure,false,
candidateB_saturation_hard,2026-09-13T19:07:23.391628+08:00,2,true,2.71,-1.00,429,backpressure,false,
candidateB_saturation_hard,2026-09-13T19:07:23.392018+08:00,5,false,2.37,-1.00,429,backpressure,false,
candidateB_saturation_hard,2026-09-13T19:07:23.391453+08:00,8,true,3.01,-1.00,429,backpressure,false,
candidateB_saturation_hard,2026-09-13T19:07:23.391707+08:00,1,true,2.80,-1.00,429,backpressure,false,
candidateB_saturation_hard,2026-09-13T19:07:23.391439+08:00,7,true,3.12,-1.00,429,backpressure,false,
candidateB_saturation_hard,2026-09-13T19:07:23.391476+08:00,0,false,3.14,-1.00,429,backpressure,false,
candidateB_saturation_hard,2026-09-13T19:07:16.978773+08:00,6,false,6496.07,-1.00,200,,true,
candidateB_saturation_hard,2026-09-13T19:07:23.542513+08:00,8,false,3.24,-1.00,429,backpressure,false,
candidateB_saturation_hard,2026-09-13T19:07:23.542437+08:00,7,false,3.33,-1.00,429,backpressure,false,
candidateB_saturation_hard,2026-09-13T19:07:23.542886+08:00,2,true,2.94,-1.00,429,backpressure,false,
candidateB_saturation_hard,2026-09-13T19:07:23.542112+08:00,1,true,3.79,-1.00,429,backpressure,false,
candidateB_saturation_hard,2026-09-13T19:07:23.542169+08:00,5,false,3.89,-1.00,429,backpressure,false,
candidateB_saturation_hard,2026-09-13T19:07:23.542749+08:00,0,true,3.32,-1.00,429,backpressure,false,
candidateB_saturation_hard,2026-09-13T19:07:23.693601+08:00,5,false,4.25,-1.00,429,backpressure,false,
candidateB_saturation_hard,2026-09-13T19:07:23.693299+08:00,7,true,4.57,-1.00,429,backpressure,false,
candidateB_saturation_hard,2026-09-13T19:07:23.693801+08:00,2,false,4.57,-1.00,429,backpressure,false,
candidateB_saturation_hard,2026-09-13T19:07:23.694481+08:00,8,false,3.89,-1.00,429,backpressure,false,
candidateB_saturation_hard,2026-09-13T19:07:23.694678+08:00,0,false,3.76,-1.00,429,backpressure,false,
candidateB_saturation_hard,2026-09-13T19:07:23.694232+08:00,1,false,4.25,-1.00,429,backpressure,false,
candidateB_saturation_hard,2026-09-13T19:07:23.843553+08:00,7,true,1.60,-1.00,429,backpressure,false,
candidateB_saturation_hard,2026-09-13T19:07:23.843704+08:00,5,true,1.56,-1.00,429,backpressure,false,
candidateB_saturation_hard,2026-09-13T19:07:23.845282+08:00,0,false,2.39,-1.00,429,backpressure,false,
candidateB_saturation_hard,2026-09-13T19:07:23.845346+08:00,2,false,2.33,-1.00,429,backpressure,false,
candidateB_saturation_hard,2026-09-13T19:07:23.845401+08:00,1,false,2.40,-1.00,429,backpressure,false,
candidateB_saturation_hard,2026-09-13T19:07:23.844599+08:00,8,false,3.23,-1.00,429,backpressure,false,
candidateB_saturation_hard,2026-09-13T19:07:23.99732+08:00,7,false,4.02,-1.00,429,backpressure,false,
candidateB_saturation_hard,2026-09-13T19:07:23.996944+08:00,5,true,4.55,-1.00,429,backpressure,false,
candidateB_saturation_hard,2026-09-13T19:07:23.997563+08:00,2,false,4.13,-1.00,429,backpressure,false,
candidateB_saturation_hard,2026-09-13T19:07:24.001299+08:00,8,false,0.46,-1.00,429,backpressure,false,
candidateB_saturation_hard,2026-09-13T19:07:24.001348+08:00,0,false,0.45,-1.00,429,backpressure,false,
candidateB_saturation_hard,2026-09-13T19:07:24.00136+08:00,1,true,0.47,-1.00,429,backpressure,false,
candidateB_saturation_hard,2026-09-13T19:07:24.147255+08:00,5,false,1.44,-1.00,429,backpressure,false,
candidateB_saturation_hard,2026-09-13T19:07:24.147356+08:00,7,false,1.60,-1.00,429,backpressure,false,
candidateB_saturation_hard,2026-09-13T19:07:24.14761+08:00,2,false,1.65,-1.00,429,backpressure,false,
candidateB_saturation_hard,2026-09-13T19:07:24.151673+08:00,0,false,1.71,-1.00,429,backpressure,false,
candidateB_saturation_hard,2026-09-13T19:07:24.15181+08:00,8,true,1.62,-1.00,429,backpressure,false,
candidateB_saturation_hard,2026-09-13T19:07:24.151868+08:00,1,false,1.63,-1.00,429,backpressure,false,
candidateB_saturation_hard,2026-09-13T19:07:24.297702+08:00,2,true,1.06,-1.00,429,backpressure,false,
candidateB_saturation_hard,2026-09-13T19:07:24.29782+08:00,7,false,1.01,-1.00,429,backpressure,false,
candidateB_saturation_hard,2026-09-13T19:07:24.297917+08:00,5,true,1.31,-1.00,429,backpressure,false,
candidateB_saturation_hard,2026-09-13T19:07:24.302031+08:00,8,false,0.57,-1.00,429,backpressure,false,
candidateB_saturation_hard,2026-09-13T19:07:24.302016+08:00,0,false,0.60,-1.00,429,backpressure,false,
candidateB_saturation_hard,2026-09-13T19:07:24.302009+08:00,1,true,0.64,-1.00,429,backpressure,false,
candidateB_saturation_hard,2026-09-13T19:07:17.773216+08:00,12,true,6590.17,5823.61,200,,true,
candidateB_saturation_hard,2026-09-13T19:07:24.448748+08:00,2,true,1.12,-1.00,429,backpressure,false,
candidateB_saturation_hard,2026-09-13T19:07:24.448748+08:00,7,true,1.12,-1.00,429,backpressure,false,
candidateB_saturation_hard,2026-09-13T19:07:24.44881+08:00,5,false,1.09,-1.00,429,backpressure,false,
candidateB_saturation_hard,2026-09-13T19:07:24.452446+08:00,0,false,0.70,-1.00,429,backpressure,false,
candidateB_saturation_hard,2026-09-13T19:07:24.452335+08:00,1,false,0.85,-1.00,429,backpressure,false,
candidateB_saturation_hard,2026-09-13T19:07:24.452512+08:00,8,false,0.86,-1.00,429,backpressure,false,
candidateB_saturation_hard,2026-09-13T19:07:24.599121+08:00,7,true,0.86,-1.00,429,backpressure,false,
candidateB_saturation_hard,2026-09-13T19:07:24.599071+08:00,5,false,0.96,-1.00,429,backpressure,false,
candidateB_saturation_hard,2026-09-13T19:07:24.599069+08:00,2,true,1.00,-1.00,429,backpressure,false,
candidateB_saturation_hard,2026-09-13T19:07:24.603262+08:00,8,true,0.83,-1.00,429,backpressure,false,
candidateB_saturation_hard,2026-09-13T19:07:24.603305+08:00,1,false,0.83,-1.00,429,backpressure,false,
candidateB_saturation_hard,2026-09-13T19:07:24.603372+08:00,0,true,1.00,-1.00,429,backpressure,false,
candidateB_saturation_hard,2026-09-13T19:07:24.750139+08:00,7,true,1.11,-1.00,429,backpressure,false,
candidateB_saturation_hard,2026-09-13T19:07:24.750194+08:00,5,false,1.09,-1.00,429,backpressure,false,
candidateB_saturation_hard,2026-09-13T19:07:24.750139+08:00,2,true,1.54,-1.00,429,backpressure,false,
candidateB_saturation_hard,2026-09-13T19:07:24.753565+08:00,0,false,1.96,-1.00,429,backpressure,false,
candidateB_saturation_hard,2026-09-13T19:07:24.753589+08:00,8,false,1.94,-1.00,429,backpressure,false,
candidateB_saturation_hard,2026-09-13T19:07:24.753805+08:00,1,true,1.79,-1.00,429,backpressure,false,
candidateB_saturation_hard,2026-09-13T19:07:24.902093+08:00,7,false,3.88,-1.00,429,backpressure,false,
candidateB_saturation_hard,2026-09-13T19:07:24.902316+08:00,2,false,3.86,-1.00,429,backpressure,false,
candidateB_saturation_hard,2026-09-13T19:07:24.900888+08:00,5,false,5.34,-1.00,429,backpressure,false,
candidateB_saturation_hard,2026-09-13T19:07:24.905719+08:00,0,true,0.52,-1.00,429,backpressure,false,
candidateB_saturation_hard,2026-09-13T19:07:24.905731+08:00,8,false,0.55,-1.00,429,backpressure,false,
candidateB_saturation_hard,2026-09-13T19:07:24.905831+08:00,1,true,0.52,-1.00,429,backpressure,false,
candidateB_saturation_hard,2026-09-13T19:07:25.052326+08:00,7,false,1.79,-1.00,429,backpressure,false,
candidateB_saturation_hard,2026-09-13T19:07:25.053409+08:00,2,false,2.23,-1.00,429,backpressure,false,
candidateB_saturation_hard,2026-09-13T19:07:25.052006+08:00,5,true,3.68,-1.00,429,backpressure,false,
candidateB_saturation_hard,2026-09-13T19:07:25.055755+08:00,0,true,0.69,-1.00,429,backpressure,false,
candidateB_saturation_hard,2026-09-13T19:07:25.055809+08:00,8,false,0.71,-1.00,429,backpressure,false,
candidateB_saturation_hard,2026-09-13T19:07:25.055851+08:00,1,true,1.21,-1.00,429,backpressure,false,
candidateB_saturation_hard,2026-09-13T19:07:25.20347+08:00,5,true,1.82,-1.00,429,backpressure,false,
candidateB_saturation_hard,2026-09-13T19:07:25.203071+08:00,7,false,2.30,-1.00,429,backpressure,false,
candidateB_saturation_hard,2026-09-13T19:07:25.204409+08:00,2,false,1.26,-1.00,429,backpressure,false,
candidateB_saturation_hard,2026-09-13T19:07:25.205901+08:00,1,false,0.39,-1.00,429,backpressure,false,
candidateB_saturation_hard,2026-09-13T19:07:25.205848+08:00,0,false,0.56,-1.00,429,backpressure,false,
candidateB_saturation_hard,2026-09-13T19:07:25.205854+08:00,8,false,0.80,-1.00,429,backpressure,false,
candidateB_saturation_hard,2026-09-13T19:07:25.354131+08:00,7,true,0.74,-1.00,429,backpressure,false,
candidateB_saturation_hard,2026-09-13T19:07:25.354128+08:00,5,true,1.02,-1.00,429,backpressure,false,
candidateB_saturation_hard,2026-09-13T19:07:25.354435+08:00,2,true,0.78,-1.00,429,backpressure,false,
candidateB_saturation_hard,2026-09-13T19:07:25.355979+08:00,8,true,0.29,-1.00,429,backpressure,false,
candidateB_saturation_hard,2026-09-13T19:07:25.355946+08:00,1,true,0.47,-1.00,429,backpressure,false,
candidateB_saturation_hard,2026-09-13T19:07:25.355945+08:00,0,true,0.60,-1.00,429,backpressure,false,
candidateB_saturation_hard,2026-09-13T19:07:18.630762+08:00,13,false,6748.84,-1.00,200,,true,
candidateB_saturation_hard,2026-09-13T19:07:25.50526+08:00,7,false,1.27,-1.00,429,backpressure,false,
candidateB_saturation_hard,2026-09-13T19:07:25.505306+08:00,5,false,1.35,-1.00,429,backpressure,false,
candidateB_saturation_hard,2026-09-13T19:07:25.50526+08:00,2,false,1.45,-1.00,429,backpressure,false,
candidateB_saturation_hard,2026-09-13T19:07:25.506381+08:00,1,true,0.75,-1.00,429,backpressure,false,
candidateB_saturation_hard,2026-09-13T19:07:25.506733+08:00,8,false,0.44,-1.00,429,backpressure,false,
candidateB_saturation_hard,2026-09-13T19:07:25.506982+08:00,0,false,0.40,-1.00,429,backpressure,false,
candidateB_saturation_hard,2026-09-13T19:07:25.656205+08:00,7,false,3.57,-1.00,429,backpressure,false,
candidateB_saturation_hard,2026-09-13T19:07:25.657294+08:00,1,false,2.53,-1.00,429,backpressure,false,
candidateB_saturation_hard,2026-09-13T19:07:25.656181+08:00,5,false,3.73,-1.00,429,backpressure,false,
candidateB_saturation_hard,2026-09-13T19:07:25.657222+08:00,0,true,2.86,-1.00,429,backpressure,false,
candidateB_saturation_hard,2026-09-13T19:07:25.656518+08:00,2,false,3.62,-1.00,429,backpressure,false,
candidateB_saturation_hard,2026-09-13T19:07:25.657133+08:00,8,true,3.07,-1.00,429,backpressure,false,
candidateB_saturation_hard,2026-09-13T19:07:25.807578+08:00,1,false,2.73,-1.00,429,backpressure,false,
candidateB_saturation_hard,2026-09-13T19:07:25.807131+08:00,2,false,3.25,-1.00,429,backpressure,false,
candidateB_saturation_hard,2026-09-13T19:07:25.807405+08:00,7,false,3.02,-1.00,429,backpressure,false,
candidateB_saturation_hard,2026-09-13T19:07:25.807143+08:00,5,true,3.32,-1.00,429,backpressure,false,
candidateB_saturation_hard,2026-09-13T19:07:25.807182+08:00,8,false,3.31,-1.00,429,backpressure,false,
candidateB_saturation_hard,2026-09-13T19:07:25.807681+08:00,0,false,2.83,-1.00,429,backpressure,false,
candidateB_saturation_hard,2026-09-13T19:07:25.958922+08:00,5,false,1.97,-1.00,429,backpressure,false,
candidateB_saturation_hard,2026-09-13T19:07:25.958538+08:00,0,true,2.38,-1.00,429,backpressure,false,
candidateB_saturation_hard,2026-09-13T19:07:25.959166+08:00,7,true,1.79,-1.00,429,backpressure,false,
candidateB_saturation_hard,2026-09-13T19:07:25.95932+08:00,1,false,1.67,-1.00,429,backpressure,false,
candidateB_saturation_hard,2026-09-13T19:07:25.958176+08:00,8,false,2.84,-1.00,429,backpressure,false,
candidateB_saturation_hard,2026-09-13T19:07:25.958419+08:00,2,false,2.63,-1.00,429,backpressure,false,
candidateB_saturation_hard,2026-09-13T19:07:26.109276+08:00,5,false,1.99,-1.00,429,backpressure,false,
candidateB_saturation_hard,2026-09-13T19:07:26.109702+08:00,1,true,1.58,-1.00,429,backpressure,false,
candidateB_saturation_hard,2026-09-13T19:07:26.10952+08:00,2,true,1.82,-1.00,429,backpressure,false,
candidateB_saturation_hard,2026-09-13T19:07:26.109322+08:00,7,true,2.05,-1.00,429,backpressure,false,
candidateB_saturation_hard,2026-09-13T19:07:26.109276+08:00,8,false,2.12,-1.00,429,backpressure,false,
candidateB_saturation_hard,2026-09-13T19:07:26.109858+08:00,0,false,1.58,-1.00,429,backpressure,false,
candidateB_saturation_hard,2026-09-13T19:07:26.261902+08:00,7,false,1.24,-1.00,429,backpressure,false,
candidateB_saturation_hard,2026-09-13T19:07:26.261663+08:00,1,false,1.50,-1.00,429,backpressure,false,
candidateB_saturation_hard,2026-09-13T19:07:26.262141+08:00,0,false,2.98,-1.00,429,backpressure,false,
candidateB_saturation_hard,2026-09-13T19:07:26.262499+08:00,8,true,2.70,-1.00,429,backpressure,false,
candidateB_saturation_hard,2026-09-13T19:07:26.262743+08:00,2,false,2.49,-1.00,429,backpressure,false,
candidateB_saturation_hard,2026-09-13T19:07:26.262626+08:00,5,false,2.67,-1.00,429,backpressure,false,
candidateB_saturation_hard,2026-09-13T19:07:19.380869+08:00,3,false,6940.45,-1.00,200,,true,
candidateB_saturation_hard,2026-09-13T19:07:26.413301+08:00,8,false,1.88,-1.00,429,backpressure,false,
candidateB_saturation_hard,2026-09-13T19:07:26.41326+08:00,1,true,1.92,-1.00,429,backpressure,false,
candidateB_saturation_hard,2026-09-13T19:07:26.41337+08:00,0,true,1.86,-1.00,429,backpressure,false,
candidateB_saturation_hard,2026-09-13T19:07:26.412766+08:00,2,true,2.48,-1.00,429,backpressure,false,
candidateB_saturation_hard,2026-09-13T19:07:26.413015+08:00,5,true,2.24,-1.00,429,backpressure,false,
candidateB_saturation_hard,2026-09-13T19:07:26.41271+08:00,7,false,2.58,-1.00,429,backpressure,false,
candidateB_saturation_hard,2026-09-13T19:07:26.564956+08:00,0,false,1.68,-1.00,429,backpressure,false,
candidateB_saturation_hard,2026-09-13T19:07:26.565477+08:00,8,false,1.20,-1.00,429,backpressure,false,
candidateB_saturation_hard,2026-09-13T19:07:26.5634+08:00,7,false,3.30,-1.00,429,backpressure,false,
candidateB_saturation_hard,2026-09-13T19:07:26.565261+08:00,1,false,1.50,-1.00,429,backpressure,false,
candidateB_saturation_hard,2026-09-13T19:07:26.565372+08:00,2,false,1.73,-1.00,429,backpressure,false,
candidateB_saturation_hard,2026-09-13T19:07:26.564458+08:00,5,false,3.04,-1.00,429,backpressure,false,
candidateB_saturation_hard,2026-09-13T19:07:26.714489+08:00,7,false,1.11,-1.00,429,backpressure,false,
candidateB_saturation_hard,2026-09-13T19:07:26.714538+08:00,5,true,1.16,-1.00,429,backpressure,false,
candidateB_saturation_hard,2026-09-13T19:07:26.715769+08:00,0,true,0.87,-1.00,429,backpressure,false,
candidateB_saturation_hard,2026-09-13T19:07:26.715389+08:00,1,false,1.34,-1.00,429,backpressure,false,
candidateB_saturation_hard,2026-09-13T19:07:26.715839+08:00,8,true,0.95,-1.00,429,backpressure,false,
candidateB_saturation_hard,2026-09-13T19:07:26.715899+08:00,2,false,1.22,-1.00,429,backpressure,false,
candidateB_saturation_hard,2026-09-13T19:07:26.865997+08:00,2,false,2.75,-1.00,429,backpressure,false,
candidateB_saturation_hard,2026-09-13T19:07:26.866043+08:00,7,true,2.75,-1.00,429,backpressure,false,
candidateB_saturation_hard,2026-09-13T19:07:26.866324+08:00,0,false,2.56,-1.00,429,backpressure,false,
candidateB_saturation_hard,2026-09-13T19:07:26.86617+08:00,1,false,2.78,-1.00,429,backpressure,false,
candidateB_saturation_hard,2026-09-13T19:07:26.865997+08:00,8,false,3.02,-1.00,429,backpressure,false,
candidateB_saturation_hard,2026-09-13T19:07:26.866783+08:00,5,true,2.29,-1.00,429,backpressure,false,
candidateB_saturation_hard,2026-09-13T19:07:27.017067+08:00,7,true,2.32,-1.00,429,backpressure,false,
candidateB_saturation_hard,2026-09-13T19:07:27.017305+08:00,2,false,2.10,-1.00,429,backpressure,false,
candidateB_saturation_hard,2026-09-13T19:07:27.01723+08:00,1,false,2.23,-1.00,429,backpressure,false,
candidateB_saturation_hard,2026-09-13T19:07:27.017052+08:00,5,false,2.45,-1.00,429,backpressure,false,
candidateB_saturation_hard,2026-09-13T19:07:27.017103+08:00,8,true,2.43,-1.00,429,backpressure,false,
candidateB_saturation_hard,2026-09-13T19:07:27.017452+08:00,0,false,2.13,-1.00,429,backpressure,false,
candidateB_saturation_hard,2026-09-13T19:07:20.116631+08:00,11,false,6950.94,-1.00,200,,true,
candidateB_saturation_hard,2026-09-13T19:07:27.168017+08:00,1,true,3.47,-1.00,429,backpressure,false,
candidateB_saturation_hard,2026-09-13T19:07:27.168905+08:00,0,true,2.63,-1.00,429,backpressure,false,
candidateB_saturation_hard,2026-09-13T19:07:27.168606+08:00,8,true,3.20,-1.00,429,backpressure,false,
candidateB_saturation_hard,2026-09-13T19:07:27.168246+08:00,7,false,3.63,-1.00,429,backpressure,false,
candidateB_saturation_hard,2026-09-13T19:07:27.169113+08:00,2,true,2.82,-1.00,429,backpressure,false,
candidateB_saturation_hard,2026-09-13T19:07:27.169016+08:00,5,true,3.08,-1.00,429,backpressure,false,
candidateB_saturation_hard,2026-09-13T19:07:27.319087+08:00,0,true,2.05,-1.00,429,backpressure,false,
candidateB_saturation_hard,2026-09-13T19:07:27.31931+08:00,7,false,1.91,-1.00,429,backpressure,false,
candidateB_saturation_hard,2026-09-13T19:07:27.319563+08:00,1,false,1.69,-1.00,429,backpressure,false,
candidateB_saturation_hard,2026-09-13T19:07:27.319087+08:00,5,false,2.19,-1.00,429,backpressure,false,
candidateB_saturation_hard,2026-09-13T19:07:27.319488+08:00,8,false,1.84,-1.00,429,backpressure,false,
candidateB_saturation_hard,2026-09-13T19:07:27.319128+08:00,2,false,2.22,-1.00,429,backpressure,false,
candidateB_saturation_hard,2026-09-13T19:07:27.471162+08:00,1,false,1.23,-1.00,429,backpressure,false,
candidateB_saturation_hard,2026-09-13T19:07:27.470767+08:00,7,false,1.66,-1.00,429,backpressure,false,
candidateB_saturation_hard,2026-09-13T19:07:27.471307+08:00,2,true,1.19,-1.00,429,backpressure,false,
candidateB_saturation_hard,2026-09-13T19:07:27.470427+08:00,8,true,2.12,-1.00,429,backpressure,false,
candidateB_saturation_hard,2026-09-13T19:07:27.470747+08:00,0,false,2.12,-1.00,429,backpressure,false,
candidateB_saturation_hard,2026-09-13T19:07:27.470434+08:00,5,false,2.49,-1.00,429,backpressure,false,
candidateB_saturation_hard,2026-09-13T19:07:27.621545+08:00,5,true,2.81,-1.00,429,backpressure,false,
candidateB_saturation_hard,2026-09-13T19:07:27.622864+08:00,1,false,1.56,-1.00,429,backpressure,false,
candidateB_saturation_hard,2026-09-13T19:07:27.621506+08:00,0,false,3.01,-1.00,429,backpressure,false,
candidateB_saturation_hard,2026-09-13T19:07:27.621616+08:00,8,false,2.93,-1.00,429,backpressure,false,
candidateB_saturation_hard,2026-09-13T19:07:27.622434+08:00,7,true,2.15,-1.00,429,backpressure,false,
candidateB_saturation_hard,2026-09-13T19:07:27.621506+08:00,2,false,3.39,-1.00,429,backpressure,false,
candidateB_saturation_hard,2026-09-13T19:07:27.773351+08:00,7,true,1.13,-1.00,429,backpressure,false,
candidateB_saturation_hard,2026-09-13T19:07:27.773261+08:00,5,false,1.69,-1.00,429,backpressure,false,
candidateB_saturation_hard,2026-09-13T19:07:27.773038+08:00,1,false,2.02,-1.00,429,backpressure,false,
candidateB_saturation_hard,2026-09-13T19:07:27.772637+08:00,2,true,2.46,-1.00,429,backpressure,false,
candidateB_saturation_hard,2026-09-13T19:07:27.772709+08:00,0,false,2.42,-1.00,429,backpressure,false,
candidateB_saturation_hard,2026-09-13T19:07:27.772416+08:00,8,false,2.77,-1.00,429,backpressure,false,
candidateB_saturation_hard,2026-09-13T19:07:27.922807+08:00,0,true,1.23,-1.00,429,backpressure,false,
candidateB_saturation_hard,2026-09-13T19:07:27.922523+08:00,8,false,1.62,-1.00,429,backpressure,false,
candidateB_saturation_hard,2026-09-13T19:07:27.92273+08:00,2,false,1.56,-1.00,429,backpressure,false,
candidateB_saturation_hard,2026-09-13T19:07:27.924237+08:00,5,false,0.68,-1.00,429,backpressure,false,
candidateB_saturation_hard,2026-09-13T19:07:27.923622+08:00,7,true,1.35,-1.00,429,backpressure,false,
candidateB_saturation_hard,2026-09-13T19:07:27.923233+08:00,1,false,1.76,-1.00,429,backpressure,false,
candidateB_saturation_hard,2026-09-13T19:07:28.072807+08:00,8,true,0.96,-1.00,429,backpressure,false,
candidateB_saturation_hard,2026-09-13T19:07:28.072892+08:00,0,false,0.99,-1.00,429,backpressure,false,
candidateB_saturation_hard,2026-09-13T19:07:28.073796+08:00,7,false,0.43,-1.00,429,backpressure,false,
candidateB_saturation_hard,2026-09-13T19:07:28.072837+08:00,2,false,1.44,-1.00,429,backpressure,false,
candidateB_saturation_hard,2026-09-13T19:07:28.073284+08:00,1,false,1.02,-1.00,429,backpressure,false,
candidateB_saturation_hard,2026-09-13T19:07:28.074308+08:00,5,false,0.27,-1.00,429,backpressure,false,
candidateB_saturation_hard,2026-09-13T19:07:21.062903+08:00,4,false,7027.60,-1.00,200,,true,
candidateB_saturation_hard,2026-09-13T19:07:28.223125+08:00,8,false,1.07,-1.00,429,backpressure,false,
candidateB_saturation_hard,2026-09-13T19:07:28.223081+08:00,2,false,1.15,-1.00,429,backpressure,false,
candidateB_saturation_hard,2026-09-13T19:07:28.223926+08:00,7,true,0.63,-1.00,429,backpressure,false,
candidateB_saturation_hard,2026-09-13T19:07:28.223369+08:00,1,false,1.23,-1.00,429,backpressure,false,
candidateB_saturation_hard,2026-09-13T19:07:28.223068+08:00,0,false,1.56,-1.00,429,backpressure,false,
candidateB_saturation_hard,2026-09-13T19:07:28.224432+08:00,5,false,0.37,-1.00,429,backpressure,false,
candidateB_saturation_hard,2026-09-13T19:07:28.374679+08:00,8,true,1.86,-1.00,429,backpressure,false,
candidateB_saturation_hard,2026-09-13T19:07:28.3745+08:00,1,false,2.09,-1.00,429,backpressure,false,
candidateB_saturation_hard,2026-09-13T19:07:28.374798+08:00,2,true,2.01,-1.00,429,backpressure,false,
candidateB_saturation_hard,2026-09-13T19:07:28.374713+08:00,5,true,2.15,-1.00,429,backpressure,false,
candidateB_saturation_hard,2026-09-13T19:07:28.374166+08:00,7,true,3.03,-1.00,429,backpressure,false,
candidateB_saturation_hard,2026-09-13T19:07:28.374355+08:00,0,false,2.87,-1.00,429,backpressure,false,
candidateB_saturation_hard,2026-09-13T19:07:28.525235+08:00,2,false,1.85,-1.00,429,backpressure,false,
candidateB_saturation_hard,2026-09-13T19:07:28.525543+08:00,1,false,2.22,-1.00,429,backpressure,false,
candidateB_saturation_hard,2026-09-13T19:07:28.525477+08:00,8,false,2.42,-1.00,429,backpressure,false,
candidateB_saturation_hard,2026-09-13T19:07:28.525881+08:00,5,false,2.10,-1.00,429,backpressure,false,
candidateB_saturation_hard,2026-09-13T19:07:28.526158+08:00,0,true,1.93,-1.00,429,backpressure,false,
candidateB_saturation_hard,2026-09-13T19:07:28.525518+08:00,7,true,2.61,-1.00,429,backpressure,false,
candidateB_saturation_hard,2026-09-13T19:07:28.67666+08:00,8,false,2.43,-1.00,429,backpressure,false,
candidateB_saturation_hard,2026-09-13T19:07:28.67657+08:00,1,false,3.02,-1.00,429,backpressure,false,
candidateB_saturation_hard,2026-09-13T19:07:28.677208+08:00,7,false,2.42,-1.00,429,backpressure,false,
candidateB_saturation_hard,2026-09-13T19:07:28.676297+08:00,0,true,3.45,-1.00,429,backpressure,false,
candidateB_saturation_hard,2026-09-13T19:07:28.677328+08:00,2,false,3.35,-1.00,429,backpressure,false,
candidateB_saturation_hard,2026-09-13T19:07:28.67658+08:00,5,false,4.10,-1.00,429,backpressure,false,
candidateB_saturation_hard,2026-09-13T19:07:21.952519+08:00,9,false,6786.54,-1.00,200,,true,
candidateB_saturation_hard,2026-09-13T19:07:28.827464+08:00,7,true,1.54,-1.00,429,backpressure,false,
candidateB_saturation_hard,2026-09-13T19:07:28.827833+08:00,8,false,1.20,-1.00,429,backpressure,false,
candidateB_saturation_hard,2026-09-13T19:07:28.827763+08:00,0,false,1.30,-1.00,429,backpressure,false,
candidateB_saturation_hard,2026-09-13T19:07:28.827524+08:00,1,false,1.57,-1.00,429,backpressure,false,
candidateB_saturation_hard,2026-09-13T19:07:28.827458+08:00,2,false,1.64,-1.00,429,backpressure,false,
candidateB_saturation_hard,2026-09-13T19:07:28.827669+08:00,5,false,1.46,-1.00,429,backpressure,false,
candidateB_saturation_hard,2026-09-13T19:07:28.978783+08:00,5,false,3.39,-1.00,429,backpressure,false,
candidateB_saturation_hard,2026-09-13T19:07:28.978721+08:00,2,true,3.50,-1.00,429,backpressure,false,
candidateB_saturation_hard,2026-09-13T19:07:28.979108+08:00,7,false,3.17,-1.00,429,backpressure,false,
candidateB_saturation_hard,2026-09-13T19:07:28.978631+08:00,8,true,3.69,-1.00,429,backpressure,false,
candidateB_saturation_hard,2026-09-13T19:07:28.978593+08:00,0,false,3.77,-1.00,429,backpressure,false,
candidateB_saturation_hard,2026-09-13T19:07:28.978595+08:00,1,false,3.81,-1.00,429,backpressure,false,
candidateB_saturation_hard,2026-09-13T19:07:29.129538+08:00,2,false,3.28,-1.00,429,backpressure,false,
candidateB_saturation_hard,2026-09-13T19:07:29.12959+08:00,5,false,3.32,-1.00,429,backpressure,false,
candidateB_saturation_hard,2026-09-13T19:07:29.129408+08:00,7,true,3.54,-1.00,429,backpressure,false,
candidateB_saturation_hard,2026-09-13T19:07:29.129878+08:00,8,false,3.59,-1.00,429,backpressure,false,
candidateB_saturation_hard,2026-09-13T19:07:29.13221+08:00,1,false,1.31,-1.00,429,backpressure,false,
candidateB_saturation_hard,2026-09-13T19:07:29.129499+08:00,0,false,4.03,-1.00,429,backpressure,false,
candidateB_saturation_hard,2026-09-13T19:07:29.279568+08:00,0,false,1.34,-1.00,429,backpressure,false,
candidateB_saturation_hard,2026-09-13T19:07:29.279647+08:00,5,false,1.41,-1.00,429,backpressure,false,
candidateB_saturation_hard,2026-09-13T19:07:29.279496+08:00,7,false,1.63,-1.00,429,backpressure,false,
candidateB_saturation_hard,2026-09-13T19:07:29.280039+08:00,8,false,1.53,-1.00,429,backpressure,false,
candidateB_saturation_hard,2026-09-13T19:07:29.27969+08:00,2,false,1.95,-1.00,429,backpressure,false,
candidateB_saturation_hard,2026-09-13T19:07:29.282333+08:00,1,false,0.41,-1.00,429,backpressure,false,
candidateB_saturation_hard,2026-09-13T19:07:29.430656+08:00,8,false,3.82,-1.00,429,backpressure,false,
candidateB_saturation_hard,2026-09-13T19:07:29.430811+08:00,5,true,3.67,-1.00,429,backpressure,false,
candidateB_saturation_hard,2026-09-13T19:07:29.432912+08:00,1,false,1.62,-1.00,429,backpressure,false,
candidateB_saturation_hard,2026-09-13T19:07:29.430886+08:00,0,false,3.65,-1.00,429,backpressure,false,
candidateB_saturation_hard,2026-09-13T19:07:29.430656+08:00,2,true,3.91,-1.00,429,backpressure,false,
candidateB_saturation_hard,2026-09-13T19:07:29.431036+08:00,7,true,3.56,-1.00,429,backpressure,false,
candidateB_saturation_hard,2026-09-13T19:07:29.582092+08:00,7,true,1.68,-1.00,429,backpressure,false,
candidateB_saturation_hard,2026-09-13T19:07:29.581169+08:00,2,false,2.66,-1.00,429,backpressure,false,
candidateB_saturation_hard,2026-09-13T19:07:29.581138+08:00,5,false,4.61,-1.00,429,backpressure,false,
candidateB_saturation_hard,2026-09-13T19:07:29.581377+08:00,8,false,4.55,-1.00,429,backpressure,false,
candidateB_saturation_hard,2026-09-13T19:07:29.581974+08:00,0,false,4.44,-1.00,429,backpressure,false,
candidateB_saturation_hard,2026-09-13T19:07:29.58539+08:00,1,false,1.18,-1.00,429,backpressure,false,
candidateB_saturation_hard,2026-09-13T19:07:22.714873+08:00,10,true,6920.49,6145.11,200,,true,
candidateB_saturation_hard,2026-09-13T19:07:29.73231+08:00,7,false,0.50,-1.00,429,backpressure,false,
candidateB_saturation_hard,2026-09-13T19:07:29.73231+08:00,8,true,0.59,-1.00,429,backpressure,false,
candidateB_saturation_hard,2026-09-13T19:07:29.732333+08:00,5,true,0.63,-1.00,429,backpressure,false,
candidateB_saturation_hard,2026-09-13T19:07:29.732347+08:00,0,false,0.63,-1.00,429,backpressure,false,
candidateB_saturation_hard,2026-09-13T19:07:29.732433+08:00,2,true,0.87,-1.00,429,backpressure,false,
candidateB_saturation_hard,2026-09-13T19:07:29.735672+08:00,1,false,0.47,-1.00,429,backpressure,false,
candidateB_saturation_hard,2026-09-13T19:07:29.883922+08:00,0,true,2.06,-1.00,429,backpressure,false,
candidateB_saturation_hard,2026-09-13T19:07:29.883512+08:00,5,false,2.57,-1.00,429,backpressure,false,
candidateB_saturation_hard,2026-09-13T19:07:29.884384+08:00,7,true,1.75,-1.00,429,backpressure,false,
candidateB_saturation_hard,2026-09-13T19:07:29.883166+08:00,2,false,3.04,-1.00,429,backpressure,false,
candidateB_saturation_hard,2026-09-13T19:07:29.883424+08:00,8,false,2.80,-1.00,429,backpressure,false,
candidateB_saturation_hard,2026-09-13T19:07:29.885936+08:00,1,false,0.67,-1.00,429,backpressure,false,
candidateB_saturation_hard,2026-09-13T19:07:30.03425+08:00,0,false,3.66,-1.00,429,backpressure,false,
candidateB_saturation_hard,2026-09-13T19:07:30.034434+08:00,2,true,4.08,-1.00,429,backpressure,false,
candidateB_saturation_hard,2026-09-13T19:07:30.034511+08:00,7,false,4.10,-1.00,429,backpressure,false,
candidateB_saturation_hard,2026-09-13T19:07:30.035073+08:00,8,true,3.60,-1.00,429,backpressure,false,
candidateB_saturation_hard,2026-09-13T19:07:30.034914+08:00,5,false,3.77,-1.00,429,backpressure,false,
candidateB_saturation_hard,2026-09-13T19:07:30.03871+08:00,1,false,0.53,-1.00,429,backpressure,false,
candidateB_saturation_hard,2026-09-13T19:07:30.185602+08:00,5,true,1.71,-1.00,429,backpressure,false,
candidateB_saturation_hard,2026-09-13T19:07:30.185637+08:00,2,false,2.27,-1.00,429,backpressure,false,
candidateB_saturation_hard,2026-09-13T19:07:30.185606+08:00,0,false,3.30,-1.00,429,backpressure,false,
candidateB_saturation_hard,2026-09-13T19:07:30.186604+08:00,7,false,2.33,-1.00,429,backpressure,false,
candidateB_saturation_hard,2026-09-13T19:07:30.185835+08:00,8,true,3.15,-1.00,429,backpressure,false,
candidateB_saturation_hard,2026-09-13T19:07:30.189473+08:00,1,true,0.47,-1.00,429,backpressure,false,
candidateB_saturation_hard,2026-09-13T19:07:23.475056+08:00,6,true,6842.18,6277.56,200,,true,
candidateB_saturation_hard,2026-09-13T19:07:30.336986+08:00,2,false,2.21,-1.00,429,backpressure,false,
candidateB_saturation_hard,2026-09-13T19:07:30.339336+08:00,1,false,1.36,-1.00,429,backpressure,false,
candidateB_saturation_hard,2026-09-13T19:07:30.339412+08:00,5,true,1.32,-1.00,429,backpressure,false,
candidateB_saturation_hard,2026-09-13T19:07:30.337869+08:00,8,true,2.89,-1.00,429,backpressure,false,
candidateB_saturation_hard,2026-09-13T19:07:30.338755+08:00,0,false,2.03,-1.00,429,backpressure,false,
candidateB_saturation_hard,2026-09-13T19:07:30.337476+08:00,7,true,3.32,-1.00,429,backpressure,false,
candidateB_saturation_hard,2026-09-13T19:07:30.488142+08:00,2,false,1.61,-1.00,429,backpressure,false,
candidateB_saturation_hard,2026-09-13T19:07:30.488091+08:00,7,true,1.66,-1.00,429,backpressure,false,
candidateB_saturation_hard,2026-09-13T19:07:30.490016+08:00,5,true,0.54,-1.00,429,backpressure,false,
candidateB_saturation_hard,2026-09-13T19:07:30.488103+08:00,8,true,2.52,-1.00,429,backpressure,false,
candidateB_saturation_hard,2026-09-13T19:07:30.489923+08:00,1,false,0.78,-1.00,429,backpressure,false,
candidateB_saturation_hard,2026-09-13T19:07:30.488791+08:00,0,false,1.93,-1.00,429,backpressure,false,
candidateB_saturation_hard,2026-09-13T19:07:30.63914+08:00,2,false,1.31,-1.00,429,backpressure,false,
candidateB_saturation_hard,2026-09-13T19:07:30.639183+08:00,8,true,1.33,-1.00,429,backpressure,false,
candidateB_saturation_hard,2026-09-13T19:07:30.63937+08:00,7,true,1.14,-1.00,429,backpressure,false,
candidateB_saturation_hard,2026-09-13T19:07:30.63914+08:00,0,true,1.39,-1.00,429,backpressure,false,
candidateB_saturation_hard,2026-09-13T19:07:30.640268+08:00,5,true,0.79,-1.00,429,backpressure,false,
candidateB_saturation_hard,2026-09-13T19:07:30.640321+08:00,1,true,0.74,-1.00,429,backpressure,false,
candidateB_saturation_hard,2026-09-13T19:07:30.789897+08:00,7,true,1.65,-1.00,429,backpressure,false,
candidateB_saturation_hard,2026-09-13T19:07:30.789481+08:00,8,true,2.13,-1.00,429,backpressure,false,
candidateB_saturation_hard,2026-09-13T19:07:30.78956+08:00,2,false,2.09,-1.00,429,backpressure,false,
candidateB_saturation_hard,2026-09-13T19:07:30.789605+08:00,0,true,2.10,-1.00,429,backpressure,false,
candidateB_saturation_hard,2026-09-13T19:07:30.791044+08:00,5,true,1.26,-1.00,429,backpressure,false,
candidateB_saturation_hard,2026-09-13T19:07:30.791452+08:00,1,true,0.89,-1.00,429,backpressure,false,
candidateB_saturation_hard,2026-09-13T19:07:30.940566+08:00,7,false,1.80,-1.00,429,backpressure,false,
candidateB_saturation_hard,2026-09-13T19:07:30.940789+08:00,2,false,1.66,-1.00,429,backpressure,false,
candidateB_saturation_hard,2026-09-13T19:07:30.940623+08:00,8,false,1.86,-1.00,429,backpressure,false,
candidateB_saturation_hard,2026-09-13T19:07:30.940593+08:00,0,true,2.00,-1.00,429,backpressure,false,
candidateB_saturation_hard,2026-09-13T19:07:30.94106+08:00,5,true,1.87,-1.00,429,backpressure,false,
candidateB_saturation_hard,2026-09-13T19:07:30.94216+08:00,1,false,1.03,-1.00,429,backpressure,false,
candidateB_saturation_hard,2026-09-13T19:07:31.092275+08:00,1,false,1.72,-1.00,429,backpressure,false,
candidateB_saturation_hard,2026-09-13T19:07:31.091713+08:00,7,true,2.33,-1.00,429,backpressure,false,
candidateB_saturation_hard,2026-09-13T19:07:31.092099+08:00,8,true,2.02,-1.00,429,backpressure,false,
candidateB_saturation_hard,2026-09-13T19:07:31.091684+08:00,2,false,2.51,-1.00,429,backpressure,false,
candidateB_saturation_hard,2026-09-13T19:07:31.091819+08:00,0,false,2.44,-1.00,429,backpressure,false,
candidateB_saturation_hard,2026-09-13T19:07:31.091658+08:00,5,false,2.71,-1.00,429,backpressure,false,
candidateB_saturation_hard,2026-09-13T19:07:24.363589+08:00,12,false,6835.80,-1.00,200,,true,
candidateB_saturation_hard,2026-09-13T19:07:31.243058+08:00,0,false,1.73,-1.00,429,backpressure,false,
candidateB_saturation_hard,2026-09-13T19:07:31.242836+08:00,1,false,1.98,-1.00,429,backpressure,false,
candidateB_saturation_hard,2026-09-13T19:07:31.243134+08:00,8,false,1.78,-1.00,429,backpressure,false,
candidateB_saturation_hard,2026-09-13T19:07:31.24246+08:00,5,true,2.49,-1.00,429,backpressure,false,
candidateB_saturation_hard,2026-09-13T19:07:31.242845+08:00,7,false,2.58,-1.00,429,backpressure,false,
candidateB_saturation_hard,2026-09-13T19:07:31.243369+08:00,2,false,2.12,-1.00,429,backpressure,false,
candidateB_saturation_hard,2026-09-13T19:07:31.392936+08:00,1,false,1.33,-1.00,429,backpressure,false,
candidateB_saturation_hard,2026-09-13T19:07:31.392625+08:00,5,true,1.71,-1.00,429,backpressure,false,
candidateB_saturation_hard,2026-09-13T19:07:31.392862+08:00,7,true,1.58,-1.00,429,backpressure,false,
candidateB_saturation_hard,2026-09-13T19:07:31.393909+08:00,8,false,0.89,-1.00,429,backpressure,false,
candidateB_saturation_hard,2026-09-13T19:07:31.393466+08:00,2,false,1.78,-1.00,429,backpressure,false,
candidateB_saturation_hard,2026-09-13T19:07:31.39407+08:00,0,true,1.23,-1.00,429,backpressure,false,
candidateB_saturation_hard,2026-09-13T19:07:31.54371+08:00,7,false,2.04,-1.00,429,backpressure,false,
candidateB_saturation_hard,2026-09-13T19:07:31.5437+08:00,2,true,2.09,-1.00,429,backpressure,false,
candidateB_saturation_hard,2026-09-13T19:07:31.54417+08:00,8,false,1.67,-1.00,429,backpressure,false,
candidateB_saturation_hard,2026-09-13T19:07:31.544423+08:00,0,false,1.45,-1.00,429,backpressure,false,
candidateB_saturation_hard,2026-09-13T19:07:31.543891+08:00,1,false,2.03,-1.00,429,backpressure,false,
candidateB_saturation_hard,2026-09-13T19:07:31.543747+08:00,5,false,2.21,-1.00,429,backpressure,false,
candidateB_saturation_hard,2026-09-13T19:07:31.695179+08:00,8,true,1.24,-1.00,429,backpressure,false,
candidateB_saturation_hard,2026-09-13T19:07:31.694867+08:00,5,true,2.29,-1.00,429,backpressure,false,
candidateB_saturation_hard,2026-09-13T19:07:31.694934+08:00,1,true,2.40,-1.00,429,backpressure,false,
candidateB_saturation_hard,2026-09-13T19:07:31.694853+08:00,2,false,4.84,-1.00,429,backpressure,false,
candidateB_saturation_hard,2026-09-13T19:07:31.694591+08:00,0,false,5.50,-1.00,429,backpressure,false,
candidateB_saturation_hard,2026-09-13T19:07:31.695349+08:00,7,true,4.84,-1.00,429,backpressure,false,
candidateB_saturation_hard,2026-09-13T19:07:31.846256+08:00,1,false,2.31,-1.00,429,backpressure,false,
candidateB_saturation_hard,2026-09-13T19:07:31.845673+08:00,8,false,3.01,-1.00,429,backpressure,false,
candidateB_saturation_hard,2026-09-13T19:07:31.845672+08:00,7,false,3.04,-1.00,429,backpressure,false,
candidateB_saturation_hard,2026-09-13T19:07:31.846845+08:00,0,false,1.98,-1.00,429,backpressure,false,
candidateB_saturation_hard,2026-09-13T19:07:31.845714+08:00,5,true,3.36,-1.00,429,backpressure,false,
candidateB_saturation_hard,2026-09-13T19:07:31.846619+08:00,2,false,2.64,-1.00,429,backpressure,false,
candidateB_saturation_hard,2026-09-13T19:07:31.996973+08:00,7,false,3.25,-1.00,429,backpressure,false,
candidateB_saturation_hard,2026-09-13T19:07:31.996791+08:00,5,false,3.54,-1.00,429,backpressure,false,
candidateB_saturation_hard,2026-09-13T19:07:31.996882+08:00,0,true,3.48,-1.00,429,backpressure,false,
candidateB_saturation_hard,2026-09-13T19:07:31.999689+08:00,8,false,1.10,-1.00,429,backpressure,false,
candidateB_saturation_hard,2026-09-13T19:07:31.997256+08:00,2,true,3.55,-1.00,429,backpressure,false,
candidateB_saturation_hard,2026-09-13T19:07:31.997058+08:00,1,false,3.79,-1.00,429,backpressure,false,
candidateB_saturation_hard,2026-09-13T19:07:25.379826+08:00,13,false,6700.42,-1.00,200,,true,
candidateB_saturation_hard,2026-09-13T19:07:32.14802+08:00,2,false,1.66,-1.00,429,backpressure,false,
candidateB_saturation_hard,2026-09-13T19:07:32.148482+08:00,0,false,1.50,-1.00,429,backpressure,false,
candidateB_saturation_hard,2026-09-13T19:07:32.148207+08:00,7,false,1.97,-1.00,429,backpressure,false,
candidateB_saturation_hard,2026-09-13T19:07:32.148399+08:00,5,false,1.84,-1.00,429,backpressure,false,
candidateB_saturation_hard,2026-09-13T19:07:32.148028+08:00,1,true,2.91,-1.00,429,backpressure,false,
candidateB_saturation_hard,2026-09-13T19:07:32.150496+08:00,8,false,0.97,-1.00,429,backpressure,false,
candidateB_saturation_hard,2026-09-13T19:07:32.300363+08:00,8,true,1.39,-1.00,429,backpressure,false,
candidateB_saturation_hard,2026-09-13T19:07:32.300133+08:00,2,true,1.66,-1.00,429,backpressure,false,
candidateB_saturation_hard,2026-09-13T19:07:32.299898+08:00,5,false,1.97,-1.00,429,backpressure,false,
candidateB_saturation_hard,2026-09-13T19:07:32.299654+08:00,1,true,2.28,-1.00,429,backpressure,false,
candidateB_saturation_hard,2026-09-13T19:07:32.299842+08:00,7,true,2.15,-1.00,429,backpressure,false,
candidateB_saturation_hard,2026-09-13T19:07:32.299684+08:00,0,true,2.36,-1.00,429,backpressure,false,
candidateB_saturation_hard,2026-09-13T19:07:32.449749+08:00,0,false,0.98,-1.00,429,backpressure,false,
candidateB_saturation_hard,2026-09-13T19:07:32.449757+08:00,1,true,0.98,-1.00,429,backpressure,false,
candidateB_saturation_hard,2026-09-13T19:07:32.450593+08:00,8,false,1.11,-1.00,429,backpressure,false,
candidateB_saturation_hard,2026-09-13T19:07:32.449919+08:00,5,false,1.83,-1.00,429,backpressure,false,
candidateB_saturation_hard,2026-09-13T19:07:32.450198+08:00,2,false,1.59,-1.00,429,backpressure,false,
candidateB_saturation_hard,2026-09-13T19:07:32.449868+08:00,7,true,1.98,-1.00,429,backpressure,false,
candidateB_saturation_hard,2026-09-13T19:07:32.600882+08:00,0,false,3.87,-1.00,429,backpressure,false,
candidateB_saturation_hard,2026-09-13T19:07:32.600882+08:00,7,false,3.98,-1.00,429,backpressure,false,
candidateB_saturation_hard,2026-09-13T19:07:32.601615+08:00,1,false,3.28,-1.00,429,backpressure,false,
candidateB_saturation_hard,2026-09-13T19:07:32.601264+08:00,5,true,3.71,-1.00,429,backpressure,false,
candidateB_saturation_hard,2026-09-13T19:07:32.601068+08:00,8,true,4.02,-1.00,429,backpressure,false,
candidateB_saturation_hard,2026-09-13T19:07:32.601363+08:00,2,true,4.01,-1.00,429,backpressure,false,
candidateB_saturation_hard,2026-09-13T19:07:32.752065+08:00,2,true,2.08,-1.00,429,backpressure,false,
candidateB_saturation_hard,2026-09-13T19:07:32.752073+08:00,1,false,2.12,-1.00,429,backpressure,false,
candidateB_saturation_hard,2026-09-13T19:07:32.752108+08:00,0,true,2.14,-1.00,429,backpressure,false,
candidateB_saturation_hard,2026-09-13T19:07:32.752636+08:00,5,false,1.72,-1.00,429,backpressure,false,
candidateB_saturation_hard,2026-09-13T19:07:32.752332+08:00,7,true,2.07,-1.00,429,backpressure,false,
candidateB_saturation_hard,2026-09-13T19:07:32.752138+08:00,8,true,2.29,-1.00,429,backpressure,false,
candidateB_saturation_hard,2026-09-13T19:07:26.321529+08:00,3,true,6537.62,5873.60,200,,true,
candidateB_saturation_hard,2026-09-13T19:07:32.903126+08:00,5,true,3.10,-1.00,429,backpressure,false,
candidateB_saturation_hard,2026-09-13T19:07:32.903376+08:00,7,true,2.85,-1.00,429,backpressure,false,
candidateB_saturation_hard,2026-09-13T19:07:32.904695+08:00,0,false,2.09,-1.00,429,backpressure,false,
candidateB_saturation_hard,2026-09-13T19:07:32.904157+08:00,1,true,2.67,-1.00,429,backpressure,false,
candidateB_saturation_hard,2026-09-13T19:07:32.903886+08:00,8,true,2.98,-1.00,429,backpressure,false,
candidateB_saturation_hard,2026-09-13T19:07:32.904592+08:00,2,false,2.31,-1.00,429,backpressure,false,
candidateB_saturation_hard,2026-09-13T19:07:33.054627+08:00,2,false,2.90,-1.00,429,backpressure,false,
candidateB_saturation_hard,2026-09-13T19:07:33.05419+08:00,8,true,3.41,-1.00,429,backpressure,false,
candidateB_saturation_hard,2026-09-13T19:07:33.054193+08:00,5,false,3.49,-1.00,429,backpressure,false,
candidateB_saturation_hard,2026-09-13T19:07:33.054263+08:00,7,true,3.51,-1.00,429,backpressure,false,
candidateB_saturation_hard,2026-09-13T19:07:33.054735+08:00,0,false,3.10,-1.00,429,backpressure,false,
candidateB_saturation_hard,2026-09-13T19:07:33.054278+08:00,1,true,3.58,-1.00,429,backpressure,false,
candidateB_saturation_hard,2026-09-13T19:07:33.205825+08:00,7,true,1.12,-1.00,429,backpressure,false,
candidateB_saturation_hard,2026-09-13T19:07:33.205251+08:00,5,true,1.69,-1.00,429,backpressure,false,
candidateB_saturation_hard,2026-09-13T19:07:33.205635+08:00,1,true,1.36,-1.00,429,backpressure,false,
candidateB_saturation_hard,2026-09-13T19:07:33.205399+08:00,2,true,1.63,-1.00,429,backpressure,false,
candidateB_saturation_hard,2026-09-13T19:07:33.205289+08:00,8,true,1.77,-1.00,429,backpressure,false,
candidateB_saturation_hard,2026-09-13T19:07:33.205251+08:00,0,false,1.99,-1.00,429,backpressure,false,
candidateB_saturation_hard,2026-09-13T19:07:33.356166+08:00,8,false,2.15,-1.00,429,backpressure,false,
candidateB_saturation_hard,2026-09-13T19:07:33.356292+08:00,2,false,2.03,-1.00,429,backpressure,false,
candidateB_saturation_hard,2026-09-13T19:07:33.356199+08:00,5,false,2.18,-1.00,429,backpressure,false,
candidateB_saturation_hard,2026-09-13T19:07:33.356159+08:00,1,true,2.26,-1.00,429,backpressure,false,
candidateB_saturation_hard,2026-09-13T19:07:33.35658+08:00,0,true,1.86,-1.00,429,backpressure,false,
candidateB_saturation_hard,2026-09-13T19:07:33.35685+08:00,7,true,1.63,-1.00,429,backpressure,false,
candidateB_saturation_hard,2026-09-13T19:07:33.507468+08:00,2,false,1.29,-1.00,429,backpressure,false,
candidateB_saturation_hard,2026-09-13T19:07:33.507738+08:00,5,false,1.02,-1.00,429,backpressure,false,
candidateB_saturation_hard,2026-09-13T19:07:33.507263+08:00,8,true,1.55,-1.00,429,backpressure,false,
candidateB_saturation_hard,2026-09-13T19:07:33.507581+08:00,0,false,1.24,-1.00,429,backpressure,false,
candidateB_saturation_hard,2026-09-13T19:07:33.50727+08:00,1,false,1.58,-1.00,429,backpressure,false,
candidateB_saturation_hard,2026-09-13T19:07:33.507368+08:00,7,false,1.51,-1.00,429,backpressure,false,
candidateB_saturation_hard,2026-09-13T19:07:27.067783+08:00,11,false,6478.49,-1.00,200,,true,
candidateB_saturation_hard,2026-09-13T19:07:33.658919+08:00,7,false,2.28,-1.00,429,backpressure,false,
candidateB_saturation_hard,2026-09-13T19:07:33.658818+08:00,0,false,2.51,-1.00,429,backpressure,false,
candidateB_saturation_hard,2026-09-13T19:07:33.658602+08:00,5,true,2.76,-1.00,429,backpressure,false,
candidateB_saturation_hard,2026-09-13T19:07:33.658368+08:00,1,false,3.08,-1.00,429,backpressure,false,
candidateB_saturation_hard,2026-09-13T19:07:33.658985+08:00,2,true,2.78,-1.00,429,backpressure,false,
candidateB_saturation_hard,2026-09-13T19:07:33.658443+08:00,8,false,3.35,-1.00,429,backpressure,false,
candidateB_saturation_hard,2026-09-13T19:07:33.810668+08:00,8,false,1.52,-1.00,429,backpressure,false,
candidateB_saturation_hard,2026-09-13T19:07:33.809637+08:00,7,false,2.61,-1.00,429,backpressure,false,
candidateB_saturation_hard,2026-09-13T19:07:33.810744+08:00,2,true,1.56,-1.00,429,backpressure,false,
candidateB_saturation_hard,2026-09-13T19:07:33.808601+08:00,1,false,3.75,-1.00,429,backpressure,false,
candidateB_saturation_hard,2026-09-13T19:07:33.808866+08:00,0,false,3.51,-1.00,429,backpressure,false,
candidateB_saturation_hard,2026-09-13T19:07:33.808669+08:00,5,false,3.71,-1.00,429,backpressure,false,
candidateB_saturation_hard,2026-09-13T19:07:33.960083+08:00,0,false,0.87,-1.00,429,backpressure,false,
candidateB_saturation_hard,2026-09-13T19:07:33.959403+08:00,1,false,1.60,-1.00,429,backpressure,false,
candidateB_saturation_hard,2026-09-13T19:07:33.959648+08:00,7,false,1.42,-1.00,429,backpressure,false,
candidateB_saturation_hard,2026-09-13T19:07:33.959811+08:00,5,false,1.43,-1.00,429,backpressure,false,
candidateB_saturation_hard,2026-09-13T19:07:33.961158+08:00,2,true,0.45,-1.00,429,backpressure,false,
candidateB_saturation_hard,2026-09-13T19:07:33.961232+08:00,8,false,0.43,-1.00,429,backpressure,false,
candidateB_saturation_hard,2026-09-13T19:07:34.109712+08:00,7,true,1.00,-1.00,429,backpressure,false,
candidateB_saturation_hard,2026-09-13T19:07:34.109533+08:00,1,false,1.23,-1.00,429,backpressure,false,
candidateB_saturation_hard,2026-09-13T19:07:34.110193+08:00,0,false,0.94,-1.00,429,backpressure,false,
candidateB_saturation_hard,2026-09-13T19:07:34.109819+08:00,5,false,1.43,-1.00,429,backpressure,false,
candidateB_saturation_hard,2026-09-13T19:07:34.111151+08:00,2,true,1.90,-1.00,429,backpressure,false,
candidateB_saturation_hard,2026-09-13T19:07:34.111213+08:00,8,false,1.92,-1.00,429,backpressure,false,
candidateB_saturation_hard,2026-09-13T19:07:28.09071+08:00,4,false,6086.61,-1.00,200,,true,
candidateB_saturation_hard,2026-09-13T19:07:34.260966+08:00,1,true,1.87,-1.00,429,backpressure,false,
candidateB_saturation_hard,2026-09-13T19:07:34.261342+08:00,8,true,9.74,-1.00,429,backpressure,false,
candidateB_saturation_hard,2026-09-13T19:07:34.261214+08:00,2,true,10.15,-1.00,429,backpressure,false,
candidateB_saturation_hard,2026-09-13T19:07:34.260607+08:00,7,false,10.91,-1.00,429,backpressure,false,
candidateB_saturation_hard,2026-09-13T19:07:34.260973+08:00,5,false,10.58,-1.00,429,backpressure,false,
candidateB_saturation_hard,2026-09-13T19:07:34.271395+08:00,0,true,1.22,-1.00,429,backpressure,false,
candidateB_saturation_hard,2026-09-13T19:07:34.412124+08:00,1,false,0.82,-1.00,429,backpressure,false,
candidateB_saturation_hard,2026-09-13T19:07:34.411722+08:00,2,false,1.26,-1.00,429,backpressure,false,
candidateB_saturation_hard,2026-09-13T19:07:34.411869+08:00,7,false,1.15,-1.00,429,backpressure,false,
candidateB_saturation_hard,2026-09-13T19:07:34.411765+08:00,5,false,1.45,-1.00,429,backpressure,false,
candidateB_saturation_hard,2026-09-13T19:07:34.411719+08:00,8,true,1.53,-1.00,429,backpressure,false,
candidateB_saturation_hard,2026-09-13T19:07:34.413268+08:00,0,false,0.38,-1.00,429,backpressure,false,
candidateB_saturation_hard,2026-09-13T19:07:34.562925+08:00,2,false,2.83,-1.00,429,backpressure,false,
candidateB_saturation_hard,2026-09-13T19:07:34.563129+08:00,7,true,2.68,-1.00,429,backpressure,false,
candidateB_saturation_hard,2026-09-13T19:07:34.562798+08:00,1,false,3.09,-1.00,429,backpressure,false,
candidateB_saturation_hard,2026-09-13T19:07:34.563305+08:00,0,false,2.65,-1.00,429,backpressure,false,
candidateB_saturation_hard,2026-09-13T19:07:34.562826+08:00,8,true,3.16,-1.00,429,backpressure,false,
candidateB_saturation_hard,2026-09-13T19:07:34.562784+08:00,5,true,3.37,-1.00,429,backpressure,false,
candidateB_saturation_hard,2026-09-13T19:07:34.713831+08:00,7,false,1.63,-1.00,429,backpressure,false,
candidateB_saturation_hard,2026-09-13T19:07:34.713539+08:00,2,true,1.93,-1.00,429,backpressure,false,
candidateB_saturation_hard,2026-09-13T19:07:34.7134+08:00,8,false,2.11,-1.00,429,backpressure,false,
candidateB_saturation_hard,2026-09-13T19:07:34.713377+08:00,0,true,2.22,-1.00,429,backpressure,false,
candidateB_saturation_hard,2026-09-13T19:07:34.714246+08:00,5,true,1.40,-1.00,429,backpressure,false,
candidateB_saturation_hard,2026-09-13T19:07:34.713568+08:00,1,true,2.43,-1.00,429,backpressure,false,
candidateB_saturation_hard,2026-09-13T19:07:34.865845+08:00,8,true,2.21,-1.00,429,backpressure,false,
candidateB_saturation_hard,2026-09-13T19:07:34.867128+08:00,5,false,1.14,-1.00,429,backpressure,false,
candidateB_saturation_hard,2026-09-13T19:07:34.867841+08:00,7,true,0.53,-1.00,429,backpressure,false,
candidateB_saturation_hard,2026-09-13T19:07:34.867245+08:00,0,true,1.13,-1.00,429,backpressure,false,
candidateB_saturation_hard,2026-09-13T19:07:34.867907+08:00,2,true,0.50,-1.00,429,backpressure,false,
candidateB_saturation_hard,2026-09-13T19:07:34.867689+08:00,1,false,0.71,-1.00,429,backpressure,false,
candidateB_saturation_hard,2026-09-13T19:07:35.016933+08:00,8,false,1.44,-1.00,429,backpressure,false,
candidateB_saturation_hard,2026-09-13T19:07:35.017198+08:00,5,false,1.32,-1.00,429,backpressure,false,
candidateB_saturation_hard,2026-09-13T19:07:35.017709+08:00,1,false,2.20,-1.00,429,backpressure,false,
candidateB_saturation_hard,2026-09-13T19:07:35.018194+08:00,2,true,1.79,-1.00,429,backpressure,false,
candidateB_saturation_hard,2026-09-13T19:07:35.017882+08:00,7,true,2.14,-1.00,429,backpressure,false,
candidateB_saturation_hard,2026-09-13T19:07:35.01728+08:00,0,true,2.76,-1.00,429,backpressure,false,
candidateB_saturation_hard,2026-09-13T19:07:35.1678+08:00,1,false,3.22,-1.00,429,backpressure,false,
candidateB_saturation_hard,2026-09-13T19:07:35.167939+08:00,7,true,3.12,-1.00,429,backpressure,false,
candidateB_saturation_hard,2026-09-13T19:07:35.167821+08:00,8,false,3.34,-1.00,429,backpressure,false,
candidateB_saturation_hard,2026-09-13T19:07:35.167842+08:00,5,true,3.38,-1.00,429,backpressure,false,
candidateB_saturation_hard,2026-09-13T19:07:35.168472+08:00,0,true,2.79,-1.00,429,backpressure,false,
candidateB_saturation_hard,2026-09-13T19:07:35.168354+08:00,2,true,2.98,-1.00,429,backpressure,false,
candidateB_saturation_hard,2026-09-13T19:07:28.739297+08:00,9,true,6452.28,5555.32,200,,true,
candidateB_saturation_hard,2026-09-13T19:07:35.317913+08:00,1,false,0.44,-1.00,429,backpressure,false,
candidateB_saturation_hard,2026-09-13T19:07:35.317942+08:00,8,true,0.51,-1.00,429,backpressure,false,
candidateB_saturation_hard,2026-09-13T19:07:35.318034+08:00,7,false,0.58,-1.00,429,backpressure,false,
candidateB_saturation_hard,2026-09-13T19:07:35.317907+08:00,5,false,0.84,-1.00,429,backpressure,false,
candidateB_saturation_hard,2026-09-13T19:07:35.318368+08:00,2,false,0.43,-1.00,429,backpressure,false,
candidateB_saturation_hard,2026-09-13T19:07:35.318497+08:00,0,false,0.34,-1.00,429,backpressure,false,
candidateB_saturation_hard,2026-09-13T19:07:35.470324+08:00,7,true,1.96,-1.00,429,backpressure,false,
candidateB_saturation_hard,2026-09-13T19:07:35.469584+08:00,5,false,2.74,-1.00,429,backpressure,false,
candidateB_saturation_hard,2026-09-13T19:07:35.469683+08:00,1,true,2.68,-1.00,429,backpressure,false,
candidateB_saturation_hard,2026-09-13T19:07:35.470188+08:00,0,false,2.20,-1.00,429,backpressure,false,
candidateB_saturation_hard,2026-09-13T19:07:35.470429+08:00,2,false,1.98,-1.00,429,backpressure,false,
candidateB_saturation_hard,2026-09-13T19:07:35.469364+08:00,8,true,3.08,-1.00,429,backpressure,false,
candidateB_saturation_hard,2026-09-13T19:07:35.620286+08:00,5,false,1.32,-1.00,429,backpressure,false,
candidateB_saturation_hard,2026-09-13T19:07:35.62041+08:00,7,false,3.71,-1.00,429,backpressure,false,
candidateB_saturation_hard,2026-09-13T19:07:35.620354+08:00,0,false,3.77,-1.00,429,backpressure,false,
candidateB_saturation_hard,2026-09-13T19:07:35.620633+08:00,2,true,3.57,-1.00,429,backpressure,false,
candidateB_saturation_hard,2026-09-13T19:07:35.62033+08:00,8,false,3.89,-1.00,429,backpressure,false,
candidateB_saturation_hard,2026-09-13T19:07:35.620136+08:00,1,false,4.12,-1.00,429,backpressure,false,
candidateB_saturation_hard,2026-09-13T19:07:35.772632+08:00,1,false,1.99,-1.00,429,backpressure,false,
candidateB_saturation_hard,2026-09-13T19:07:35.773104+08:00,7,true,1.53,-1.00,429,backpressure,false,
candidateB_saturation_hard,2026-09-13T19:07:35.773305+08:00,5,true,1.35,-1.00,429,backpressure,false,
candidateB_saturation_hard,2026-09-13T19:07:35.771278+08:00,2,false,3.49,-1.00,429,backpressure,false,
candidateB_saturation_hard,2026-09-13T19:07:35.773+08:00,0,false,1.77,-1.00,429,backpressure,false,
candidateB_saturation_hard,2026-09-13T19:07:35.773576+08:00,8,false,1.53,-1.00,429,backpressure,false,
candidateB_saturation_hard,2026-09-13T19:07:35.92255+08:00,2,false,1.23,-1.00,429,backpressure,false,
candidateB_saturation_hard,2026-09-13T19:07:35.922653+08:00,1,true,1.31,-1.00,429,backpressure,false,
candidateB_saturation_hard,2026-09-13T19:07:35.923634+08:00,8,true,1.08,-1.00,429,backpressure,false,
candidateB_saturation_hard,2026-09-13T19:07:35.92317+08:00,7,false,1.60,-1.00,429,backpressure,false,
candidateB_saturation_hard,2026-09-13T19:07:35.923947+08:00,5,false,0.87,-1.00,429,backpressure,false,
candidateB_saturation_hard,2026-09-13T19:07:35.92278+08:00,0,false,2.03,-1.00,429,backpressure,false,
candidateB_saturation_hard,2026-09-13T19:07:29.635587+08:00,10,true,6304.49,5681.42,200,,true,
candidateB_saturation_hard,2026-09-13T19:07:36.072823+08:00,1,false,1.24,-1.00,429,backpressure,false,
candidateB_saturation_hard,2026-09-13T19:07:36.073363+08:00,7,false,0.75,-1.00,429,backpressure,false,
candidateB_saturation_hard,2026-09-13T19:07:36.072836+08:00,0,true,1.35,-1.00,429,backpressure,false,
candidateB_saturation_hard,2026-09-13T19:07:36.072908+08:00,2,false,1.31,-1.00,429,backpressure,false,
candidateB_saturation_hard,2026-09-13T19:07:36.074012+08:00,5,true,0.51,-1.00,429,backpressure,false,
candidateB_saturation_hard,2026-09-13T19:07:36.073954+08:00,8,false,0.59,-1.00,429,backpressure,false,
candidateB_saturation_hard,2026-09-13T19:07:36.22417+08:00,5,false,1.47,-1.00,429,backpressure,false,
candidateB_saturation_hard,2026-09-13T19:07:36.223591+08:00,2,false,2.11,-1.00,429,backpressure,false,
candidateB_saturation_hard,2026-09-13T19:07:36.22366+08:00,0,false,2.10,-1.00,429,backpressure,false,
candidateB_saturation_hard,2026-09-13T19:07:36.223584+08:00,7,false,2.22,-1.00,429,backpressure,false,
candidateB_saturation_hard,2026-09-13T19:07:36.224048+08:00,8,false,1.77,-1.00,429,backpressure,false,
candidateB_saturation_hard,2026-09-13T19:07:36.223747+08:00,1,false,2.11,-1.00,429,backpressure,false,
candidateB_saturation_hard,2026-09-13T19:07:36.373899+08:00,1,false,1.31,-1.00,429,backpressure,false,
candidateB_saturation_hard,2026-09-13T19:07:36.373759+08:00,0,false,1.49,-1.00,429,backpressure,false,
candidateB_saturation_hard,2026-09-13T19:07:36.37379+08:00,2,false,1.55,-1.00,429,backpressure,false,
candidateB_saturation_hard,2026-09-13T19:07:36.374102+08:00,8,true,1.25,-1.00,429,backpressure,false,
candidateB_saturation_hard,2026-09-13T19:07:36.373757+08:00,7,false,1.62,-1.00,429,backpressure,false,
candidateB_saturation_hard,2026-09-13T19:07:36.374177+08:00,5,false,1.23,-1.00,429,backpressure,false,
candidateB_saturation_hard,2026-09-13T19:07:36.52555+08:00,5,true,2.71,-1.00,429,backpressure,false,
candidateB_saturation_hard,2026-09-13T19:07:36.525029+08:00,0,false,3.46,-1.00,429,backpressure,false,
candidateB_saturation_hard,2026-09-13T19:07:36.525473+08:00,7,false,3.19,-1.00,429,backpressure,false,
candidateB_saturation_hard,2026-09-13T19:07:36.52496+08:00,1,true,3.87,-1.00,429,backpressure,false,
candidateB_saturation_hard,2026-09-13T19:07:36.52496+08:00,8,true,3.92,-1.00,429,backpressure,false,
candidateB_saturation_hard,2026-09-13T19:07:36.525039+08:00,2,true,3.88,-1.00,429,backpressure,false,
candidateB_saturation_hard,2026-09-13T19:07:36.676095+08:00,5,false,3.36,-1.00,429,backpressure,false,
candidateB_saturation_hard,2026-09-13T19:07:36.676337+08:00,2,true,3.16,-1.00,429,backpressure,false,
candidateB_saturation_hard,2026-09-13T19:07:36.676672+08:00,0,false,2.88,-1.00,429,backpressure,false,
candidateB_saturation_hard,2026-09-13T19:07:36.676236+08:00,8,false,3.36,-1.00,429,backpressure,false,
candidateB_saturation_hard,2026-09-13T19:07:36.676997+08:00,7,true,2.62,-1.00,429,backpressure,false,
candidateB_saturation_hard,2026-09-13T19:07:36.676293+08:00,1,false,3.70,-1.00,429,backpressure,false,
candidateB_saturation_hard,2026-09-13T19:07:30.317451+08:00,6,true,6421.78,5743.60,200,,true,
candidateB_saturation_hard,2026-09-13T19:07:36.827213+08:00,8,true,2.14,-1.00,429,backpressure,false,
candidateB_saturation_hard,2026-09-13T19:07:36.827759+08:00,2,false,1.62,-1.00,429,backpressure,false,
candidateB_saturation_hard,2026-09-13T19:07:36.827257+08:00,1,true,2.17,-1.00,429,backpressure,false,
candidateB_saturation_hard,2026-09-13T19:07:36.827558+08:00,0,false,1.91,-1.00,429,backpressure,false,
candidateB_saturation_hard,2026-09-13T19:07:36.827214+08:00,5,true,2.27,-1.00,429,backpressure,false,
candidateB_saturation_hard,2026-09-13T19:07:36.827667+08:00,7,true,1.87,-1.00,429,backpressure,false,
candidateB_saturation_hard,2026-09-13T19:07:36.979972+08:00,7,true,0.97,-1.00,429,backpressure,false,
candidateB_saturation_hard,2026-09-13T19:07:36.979451+08:00,2,false,1.53,-1.00,429,backpressure,false,
candidateB_saturation_hard,2026-09-13T19:07:36.979196+08:00,1,false,1.83,-1.00,429,backpressure,false,
candidateB_saturation_hard,2026-09-13T19:07:36.979529+08:00,0,false,1.77,-1.00,429,backpressure,false,
candidateB_saturation_hard,2026-09-13T19:07:36.979553+08:00,5,false,1.78,-1.00,429,backpressure,false,
candidateB_saturation_hard,2026-09-13T19:07:36.979846+08:00,8,true,1.76,-1.00,429,backpressure,false,
candidateB_saturation_hard,2026-09-13T19:07:37.130386+08:00,8,true,2.72,-1.00,429,backpressure,false,
candidateB_saturation_hard,2026-09-13T19:07:37.13291+08:00,5,true,1.13,-1.00,429,backpressure,false,
candidateB_saturation_hard,2026-09-13T19:07:37.132835+08:00,2,true,1.22,-1.00,429,backpressure,false,
candidateB_saturation_hard,2026-09-13T19:07:37.132261+08:00,1,false,1.82,-1.00,429,backpressure,false,
candidateB_saturation_hard,2026-09-13T19:07:37.13326+08:00,0,true,2.41,-1.00,429,backpressure,false,
candidateB_saturation_hard,2026-09-13T19:07:37.132127+08:00,7,false,3.56,-1.00,429,backpressure,false,
candidateB_saturation_hard,2026-09-13T19:07:37.281477+08:00,8,true,0.72,-1.00,429,backpressure,false,
candidateB_saturation_hard,2026-09-13T19:07:37.282128+08:00,7,false,0.35,-1.00,429,backpressure,false,
candidateB_saturation_hard,2026-09-13T19:07:37.282296+08:00,1,true,0.28,-1.00,429,backpressure,false,
candidateB_saturation_hard,2026-09-13T19:07:37.282894+08:00,2,false,0.29,-1.00,429,backpressure,false,
candidateB_saturation_hard,2026-09-13T19:07:37.282954+08:00,5,false,0.30,-1.00,429,backpressure,false,
candidateB_saturation_hard,2026-09-13T19:07:37.283272+08:00,0,true,0.25,-1.00,429,backpressure,false,
candidateB_saturation_hard,2026-09-13T19:07:37.432231+08:00,8,true,5.00,-1.00,429,backpressure,false,
candidateB_saturation_hard,2026-09-13T19:07:37.433171+08:00,2,false,4.24,-1.00,429,backpressure,false,
candidateB_saturation_hard,2026-09-13T19:07:37.432408+08:00,1,false,5.38,-1.00,429,backpressure,false,
candidateB_saturation_hard,2026-09-13T19:07:37.43298+08:00,5,true,4.84,-1.00,429,backpressure,false,
candidateB_saturation_hard,2026-09-13T19:07:37.432264+08:00,7,true,5.60,-1.00,429,backpressure,false,
candidateB_saturation_hard,2026-09-13T19:07:37.433353+08:00,0,true,4.51,-1.00,429,backpressure,false,
candidateB_saturation_hard,2026-09-13T19:07:37.583315+08:00,8,false,3.61,-1.00,429,backpressure,false,
candidateB_saturation_hard,2026-09-13T19:07:37.58372+08:00,1,true,3.30,-1.00,429,backpressure,false,
candidateB_saturation_hard,2026-09-13T19:07:37.583149+08:00,5,true,3.87,-1.00,429,backpressure,false,
candidateB_saturation_hard,2026-09-13T19:07:37.584168+08:00,0,false,3.04,-1.00,429,backpressure,false,
candidateB_saturation_hard,2026-09-13T19:07:37.584297+08:00,2,false,3.01,-1.00,429,backpressure,false,
candidateB_saturation_hard,2026-09-13T19:07:37.58343+08:00,7,true,3.89,-1.00,429,backpressure,false,
candidateB_saturation_hard,2026-09-13T19:07:31.199599+08:00,12,true,6436.51,5658.40,200,,true,
candidateB_saturation_hard,2026-09-13T19:07:37.735892+08:00,7,false,3.01,-1.00,429,backpressure,false,
candidateB_saturation_hard,2026-09-13T19:07:37.733857+08:00,1,false,5.05,-1.00,429,backpressure,false,
candidateB_saturation_hard,2026-09-13T19:07:37.736839+08:00,5,true,2.09,-1.00,429,backpressure,false,
candidateB_saturation_hard,2026-09-13T19:07:37.734594+08:00,8,true,4.37,-1.00,429,backpressure,false,
candidateB_saturation_hard,2026-09-13T19:07:37.736717+08:00,2,true,2.39,-1.00,429,backpressure,false,
candidateB_saturation_hard,2026-09-13T19:07:37.736443+08:00,0,false,2.74,-1.00,429,backpressure,false,
candidateB_saturation_hard,2026-09-13T19:07:37.885195+08:00,8,true,1.14,-1.00,429,backpressure,false,
candidateB_saturation_hard,2026-09-13T19:07:37.885198+08:00,1,false,1.20,-1.00,429,backpressure,false,
candidateB_saturation_hard,2026-09-13T19:07:37.886088+08:00,7,true,0.98,-1.00,429,backpressure,false,
candidateB_saturation_hard,2026-09-13T19:07:37.886484+08:00,0,true,0.64,-1.00,429,backpressure,false,
candidateB_saturation_hard,2026-09-13T19:07:37.886908+08:00,5,true,0.58,-1.00,429,backpressure,false,
candidateB_saturation_hard,2026-09-13T19:07:37.886802+08:00,2,true,0.74,-1.00,429,backpressure,false,
candidateB_saturation_hard,2026-09-13T19:07:38.037054+08:00,5,true,2.36,-1.00,429,backpressure,false,
candidateB_saturation_hard,2026-09-13T19:07:38.037858+08:00,0,true,1.60,-1.00,429,backpressure,false,
candidateB_saturation_hard,2026-09-13T19:07:38.037602+08:00,2,false,1.88,-1.00,429,backpressure,false,
candidateB_saturation_hard,2026-09-13T19:07:38.037365+08:00,7,false,2.15,-1.00,429,backpressure,false,
candidateB_saturation_hard,2026-09-13T19:07:38.037303+08:00,1,false,2.23,-1.00,429,backpressure,false,
candidateB_saturation_hard,2026-09-13T19:07:38.037958+08:00,8,false,1.59,-1.00,429,backpressure,false,
candidateB_saturation_hard,2026-09-13T19:07:38.187756+08:00,2,false,2.04,-1.00,429,backpressure,false,
candidateB_saturation_hard,2026-09-13T19:07:38.187995+08:00,8,false,1.89,-1.00,429,backpressure,false,
candidateB_saturation_hard,2026-09-13T19:07:38.18769+08:00,5,false,2.28,-1.00,429,backpressure,false,
candidateB_saturation_hard,2026-09-13T19:07:38.187482+08:00,1,false,2.55,-1.00,429,backpressure,false,
candidateB_saturation_hard,2026-09-13T19:07:38.187576+08:00,7,true,2.49,-1.00,429,backpressure,false,
candidateB_saturation_hard,2026-09-13T19:07:38.188103+08:00,0,true,2.20,-1.00,429,backpressure,false,
candidateB_saturation_hard,2026-09-13T19:07:38.338848+08:00,8,true,1.31,-1.00,429,backpressure,false,
candidateB_saturation_hard,2026-09-13T19:07:38.33868+08:00,7,true,1.52,-1.00,429,backpressure,false,
candidateB_saturation_hard,2026-09-13T19:07:38.33869+08:00,0,false,1.59,-1.00,429,backpressure,false,
candidateB_saturation_hard,2026-09-13T19:07:38.339045+08:00,2,false,1.26,-1.00,429,backpressure,false,
candidateB_saturation_hard,2026-09-13T19:07:38.338899+08:00,5,true,1.43,-1.00,429,backpressure,false,
candidateB_saturation_hard,2026-09-13T19:07:38.339117+08:00,1,false,1.23,-1.00,429,backpressure,false,
candidateB_saturation_hard,2026-09-13T19:07:32.080451+08:00,13,false,6338.30,-1.00,200,,true,
candidateB_saturation_hard,2026-09-13T19:07:38.490064+08:00,8,false,1.40,-1.00,429,backpressure,false,
candidateB_saturation_hard,2026-09-13T19:07:38.489858+08:00,1,true,1.69,-1.00,429,backpressure,false,
candidateB_saturation_hard,2026-09-13T19:07:38.489769+08:00,5,false,1.88,-1.00,429,backpressure,false,
candidateB_saturation_hard,2026-09-13T19:07:38.490176+08:00,7,false,1.53,-1.00,429,backpressure,false,
candidateB_saturation_hard,2026-09-13T19:07:38.490134+08:00,2,true,1.62,-1.00,429,backpressure,false,
candidateB_saturation_hard,2026-09-13T19:07:38.48995+08:00,0,true,1.83,-1.00,429,backpressure,false,
candidateB_saturation_hard,2026-09-13T19:07:38.640443+08:00,7,true,1.51,-1.00,429,backpressure,false,
candidateB_saturation_hard,2026-09-13T19:07:38.640642+08:00,2,true,1.37,-1.00,429,backpressure,false,
candidateB_saturation_hard,2026-09-13T19:07:38.640477+08:00,8,false,1.58,-1.00,429,backpressure,false,
candidateB_saturation_hard,2026-09-13T19:07:38.640589+08:00,5,false,1.49,-1.00,429,backpressure,false,
candidateB_saturation_hard,2026-09-13T19:07:38.640445+08:00,1,true,1.65,-1.00,429,backpressure,false,
candidateB_saturation_hard,2026-09-13T19:07:38.64092+08:00,0,false,1.54,-1.00,429,backpressure,false,
candidateB_saturation_hard,2026-09-13T19:07:38.790652+08:00,2,false,1.60,-1.00,429,backpressure,false,
candidateB_saturation_hard,2026-09-13T19:07:38.791048+08:00,1,true,1.91,-1.00,429,backpressure,false,
candidateB_saturation_hard,2026-09-13T19:07:38.790576+08:00,7,false,2.43,-1.00,429,backpressure,false,
candidateB_saturation_hard,2026-09-13T19:07:38.79083+08:00,8,false,2.18,-1.00,429,backpressure,false,
candidateB_saturation_hard,2026-09-13T19:07:38.790638+08:00,5,false,2.41,-1.00,429,backpressure,false,
candidateB_saturation_hard,2026-09-13T19:07:38.79093+08:00,0,false,2.16,-1.00,429,backpressure,false,
candidateB_saturation_hard,2026-09-13T19:07:38.941805+08:00,5,false,2.40,-1.00,429,backpressure,false,
candidateB_saturation_hard,2026-09-13T19:07:38.942396+08:00,2,true,1.86,-1.00,429,backpressure,false,
candidateB_saturation_hard,2026-09-13T19:07:38.941546+08:00,1,false,2.77,-1.00,429,backpressure,false,
candidateB_saturation_hard,2026-09-13T19:07:38.942217+08:00,0,true,2.15,-1.00,429,backpressure,false,
candidateB_saturation_hard,2026-09-13T19:07:38.94175+08:00,7,false,2.66,-1.00,429,backpressure,false,
candidateB_saturation_hard,2026-09-13T19:07:38.94253+08:00,8,false,1.93,-1.00,429,backpressure,false,
candidateB_saturation_hard,2026-09-13T19:07:39.092708+08:00,0,false,1.76,-1.00,429,backpressure,false,
candidateB_saturation_hard,2026-09-13T19:07:39.09313+08:00,7,false,1.49,-1.00,429,backpressure,false,
candidateB_saturation_hard,2026-09-13T19:07:39.09267+08:00,5,false,1.98,-1.00,429,backpressure,false,
candidateB_saturation_hard,2026-09-13T19:07:39.092656+08:00,8,true,2.06,-1.00,429,backpressure,false,
candidateB_saturation_hard,2026-09-13T19:07:39.092847+08:00,2,false,1.90,-1.00,429,backpressure,false,
candidateB_saturation_hard,2026-09-13T19:07:39.092926+08:00,1,false,2.16,-1.00,429,backpressure,false,
candidateB_saturation_hard,2026-09-13T19:07:39.243734+08:00,0,true,1.35,-1.00,429,backpressure,false,
candidateB_saturation_hard,2026-09-13T19:07:39.243656+08:00,8,false,1.65,-1.00,429,backpressure,false,
candidateB_saturation_hard,2026-09-13T19:07:39.244024+08:00,1,false,1.31,-1.00,429,backpressure,false,
candidateB_saturation_hard,2026-09-13T19:07:39.243615+08:00,2,true,1.75,-1.00,429,backpressure,false,
candidateB_saturation_hard,2026-09-13T19:07:39.244291+08:00,5,true,1.51,-1.00,429,backpressure,false,
candidateB_saturation_hard,2026-09-13T19:07:39.243615+08:00,7,false,2.22,-1.00,429,backpressure,false,
candidateB_saturation_hard,2026-09-13T19:07:32.859355+08:00,3,true,6434.92,5674.37,200,,true,
candidateB_saturation_hard,2026-09-13T19:07:39.394679+08:00,1,false,2.06,-1.00,429,backpressure,false,
candidateB_saturation_hard,2026-09-13T19:07:39.394948+08:00,0,true,2.38,-1.00,429,backpressure,false,
candidateB_saturation_hard,2026-09-13T19:07:39.396375+08:00,8,false,1.27,-1.00,429,backpressure,false,
candidateB_saturation_hard,2026-09-13T19:07:39.396236+08:00,7,true,1.45,-1.00,429,backpressure,false,
candidateB_saturation_hard,2026-09-13T19:07:39.395535+08:00,2,false,2.17,-1.00,429,backpressure,false,
candidateB_saturation_hard,2026-09-13T19:07:39.395812+08:00,5,false,1.91,-1.00,429,backpressure,false,
candidateB_saturation_hard,2026-09-13T19:07:39.545913+08:00,0,false,3.42,-1.00,429,backpressure,false,
candidateB_saturation_hard,2026-09-13T19:07:39.54625+08:00,1,false,3.08,-1.00,429,backpressure,false,
candidateB_saturation_hard,2026-09-13T19:07:39.54678+08:00,8,false,2.57,-1.00,429,backpressure,false,
candidateB_saturation_hard,2026-09-13T19:07:39.547056+08:00,7,false,2.29,-1.00,429,backpressure,false,
candidateB_saturation_hard,2026-09-13T19:07:39.545887+08:00,2,false,3.49,-1.00,429,backpressure,false,
candidateB_saturation_hard,2026-09-13T19:07:39.547013+08:00,5,true,2.82,-1.00,429,backpressure,false,
candidateB_saturation_hard,2026-09-13T19:07:39.697182+08:00,5,false,0.62,-1.00,429,backpressure,false,
candidateB_saturation_hard,2026-09-13T19:07:39.697154+08:00,2,false,0.68,-1.00,429,backpressure,false,
candidateB_saturation_hard,2026-09-13T19:07:39.697396+08:00,7,true,0.45,-1.00,429,backpressure,false,
candidateB_saturation_hard,2026-09-13T19:07:39.697258+08:00,8,false,0.62,-1.00,429,backpressure,false,
candidateB_saturation_hard,2026-09-13T19:07:39.697382+08:00,0,true,0.60,-1.00,429,backpressure,false,
candidateB_saturation_hard,2026-09-13T19:07:39.697381+08:00,1,true,0.61,-1.00,429,backpressure,false,
candidateB_saturation_hard,2026-09-13T19:07:39.848816+08:00,1,false,1.50,-1.00,429,backpressure,false,
candidateB_saturation_hard,2026-09-13T19:07:39.848265+08:00,5,false,2.10,-1.00,429,backpressure,false,
candidateB_saturation_hard,2026-09-13T19:07:39.848925+08:00,8,false,1.48,-1.00,429,backpressure,false,
candidateB_saturation_hard,2026-09-13T19:07:39.848248+08:00,0,true,2.21,-1.00,429,backpressure,false,
candidateB_saturation_hard,2026-09-13T19:07:39.848329+08:00,7,false,2.16,-1.00,429,backpressure,false,
candidateB_saturation_hard,2026-09-13T19:07:39.848601+08:00,2,false,1.98,-1.00,429,backpressure,false,
candidateB_saturation_hard,2026-09-13T19:07:39.999399+08:00,2,false,0.85,-1.00,429,backpressure,false,
candidateB_saturation_hard,2026-09-13T19:07:39.998749+08:00,0,false,1.59,-1.00,429,backpressure,false,
candidateB_saturation_hard,2026-09-13T19:07:39.99916+08:00,8,true,1.22,-1.00,429,backpressure,false,
candidateB_saturation_hard,2026-09-13T19:07:39.998906+08:00,1,true,1.81,-1.00,429,backpressure,false,
candidateB_saturation_hard,2026-09-13T19:07:39.998742+08:00,7,false,2.05,-1.00,429,backpressure,false,
candidateB_saturation_hard,2026-09-13T19:07:39.998823+08:00,5,false,2.00,-1.00,429,backpressure,false,
candidateB_saturation_hard,2026-09-13T19:07:33.546473+08:00,11,false,6485.73,-1.00,200,,true,
candidateB_saturation_hard,2026-09-13T19:07:40.149974+08:00,1,false,1.89,-1.00,429,backpressure,false,
candidateB_saturation_hard,2026-09-13T19:07:40.149793+08:00,8,false,2.12,-1.00,429,backpressure,false,
candidateB_saturation_hard,2026-09-13T19:07:40.150039+08:00,7,false,1.98,-1.00,429,backpressure,false,
candidateB_saturation_hard,2026-09-13T19:07:40.149633+08:00,0,false,2.57,-1.00,429,backpressure,false,
candidateB_saturation_hard,2026-09-13T19:07:40.149479+08:00,2,false,2.77,-1.00,429,backpressure,false,
candidateB_saturation_hard,2026-09-13T19:07:40.149504+08:00,5,false,2.80,-1.00,429,backpressure,false,
candidateB_saturation_hard,2026-09-13T19:07:40.300605+08:00,7,false,2.66,-1.00,429,backpressure,false,
candidateB_saturation_hard,2026-09-13T19:07:40.300762+08:00,0,true,2.84,-1.00,429,backpressure,false,
candidateB_saturation_hard,2026-09-13T19:07:40.305127+08:00,1,true,0.79,-1.00,429,backpressure,false,
candidateB_saturation_hard,2026-09-13T19:07:40.30116+08:00,8,false,4.79,-1.00,429,backpressure,false,
candidateB_saturation_hard,2026-09-13T19:07:40.300743+08:00,2,true,5.26,-1.00,429,backpressure,false,
candidateB_saturation_hard,2026-09-13T19:07:40.300811+08:00,5,true,5.20,-1.00,429,backpressure,false,
candidateB_saturation_hard,2026-09-13T19:07:40.452199+08:00,7,false,1.74,-1.00,429,backpressure,false,
candidateB_saturation_hard,2026-09-13T19:07:40.451813+08:00,2,false,2.15,-1.00,429,backpressure,false,
candidateB_saturation_hard,2026-09-13T19:07:40.451876+08:00,0,false,2.12,-1.00,429,backpressure,false,
candidateB_saturation_hard,2026-09-13T19:07:40.451591+08:00,8,false,2.40,-1.00,429,backpressure,false,
candidateB_saturation_hard,2026-09-13T19:07:40.452473+08:00,5,true,1.67,-1.00,429,backpressure,false,
candidateB_saturation_hard,2026-09-13T19:07:40.454945+08:00,1,false,0.74,-1.00,429,backpressure,false,
candidateB_saturation_hard,2026-09-13T19:07:40.603931+08:00,8,true,1.32,-1.00,429,backpressure,false,
candidateB_saturation_hard,2026-09-13T19:07:40.604415+08:00,0,false,0.97,-1.00,429,backpressure,false,
candidateB_saturation_hard,2026-09-13T19:07:40.604922+08:00,2,false,0.58,-1.00,429,backpressure,false,
candidateB_saturation_hard,2026-09-13T19:07:40.60479+08:00,7,true,1.06,-1.00,429,backpressure,false,
candidateB_saturation_hard,2026-09-13T19:07:40.604478+08:00,5,false,1.41,-1.00,429,backpressure,false,
candidateB_saturation_hard,2026-09-13T19:07:40.60544+08:00,1,false,0.58,-1.00,429,backpressure,false,
candidateB_saturation_hard,2026-09-13T19:07:34.177489+08:00,4,true,6464.14,5974.51,200,,true,
candidateB_saturation_hard,2026-09-13T19:07:40.755817+08:00,8,false,2.72,-1.00,429,backpressure,false,
candidateB_saturation_hard,2026-09-13T19:07:40.756735+08:00,2,false,1.81,-1.00,429,backpressure,false,
candidateB_saturation_hard,2026-09-13T19:07:40.756626+08:00,5,false,1.94,-1.00,429,backpressure,false,
candidateB_saturation_hard,2026-09-13T19:07:40.755665+08:00,7,false,2.95,-1.00,429,backpressure,false,
candidateB_saturation_hard,2026-09-13T19:07:40.756038+08:00,1,false,2.61,-1.00,429,backpressure,false,
candidateB_saturation_hard,2026-09-13T19:07:40.756507+08:00,0,false,2.16,-1.00,429,backpressure,false,
candidateB_saturation_hard,2026-09-13T19:07:40.907142+08:00,7,false,1.87,-1.00,429,backpressure,false,
candidateB_saturation_hard,2026-09-13T19:07:40.906783+08:00,5,true,2.27,-1.00,429,backpressure,false,
candidateB_saturation_hard,2026-09-13T19:07:40.907316+08:00,8,false,1.80,-1.00,429,backpressure,false,
candidateB_saturation_hard,2026-09-13T19:07:40.906732+08:00,1,false,2.42,-1.00,429,backpressure,false,
candidateB_saturation_hard,2026-09-13T19:07:40.906698+08:00,0,false,2.50,-1.00,429,backpressure,false,
candidateB_saturation_hard,2026-09-13T19:07:40.906785+08:00,2,false,2.45,-1.00,429,backpressure,false,
candidateB_saturation_hard,2026-09-13T19:07:41.058471+08:00,0,true,2.65,-1.00,429,backpressure,false,
candidateB_saturation_hard,2026-09-13T19:07:41.058095+08:00,7,true,3.03,-1.00,429,backpressure,false,
candidateB_saturation_hard,2026-09-13T19:07:41.058651+08:00,1,false,2.53,-1.00,429,backpressure,false,
candidateB_saturation_hard,2026-09-13T19:07:41.057963+08:00,5,true,3.24,-1.00,429,backpressure,false,
candidateB_saturation_hard,2026-09-13T19:07:41.057802+08:00,8,true,3.43,-1.00,429,backpressure,false,
candidateB_saturation_hard,2026-09-13T19:07:41.057992+08:00,2,true,3.29,-1.00,429,backpressure,false,
candidateB_saturation_hard,2026-09-13T19:07:41.208486+08:00,0,true,1.98,-1.00,429,backpressure,false,
candidateB_saturation_hard,2026-09-13T19:07:41.208422+08:00,2,true,2.12,-1.00,429,backpressure,false,
candidateB_saturation_hard,2026-09-13T19:07:41.208808+08:00,1,true,1.83,-1.00,429,backpressure,false,
candidateB_saturation_hard,2026-09-13T19:07:41.208348+08:00,7,false,2.33,-1.00,429,backpressure,false,
candidateB_saturation_hard,2026-09-13T19:07:41.209161+08:00,5,false,1.91,-1.00,429,backpressure,false,
candidateB_saturation_hard,2026-09-13T19:07:41.208334+08:00,8,true,2.77,-1.00,429,backpressure,false,
candidateB_saturation_hard,2026-09-13T19:07:41.359434+08:00,5,false,3.42,-1.00,429,backpressure,false,
candidateB_saturation_hard,2026-09-13T19:07:41.359667+08:00,7,false,3.27,-1.00,429,backpressure,false,
candidateB_saturation_hard,2026-09-13T19:07:41.360118+08:00,1,false,2.85,-1.00,429,backpressure,false,
candidateB_saturation_hard,2026-09-13T19:07:41.359603+08:00,8,false,3.38,-1.00,429,backpressure,false,
candidateB_saturation_hard,2026-09-13T19:07:41.359464+08:00,2,false,3.58,-1.00,429,backpressure,false,
candidateB_saturation_hard,2026-09-13T19:07:41.359967+08:00,0,false,2.89,-1.00,429,backpressure,false,
candidateB_saturation_hard,2026-09-13T19:07:35.191781+08:00,9,true,6203.30,5571.89,200,,true,
candidateB_saturation_hard,2026-09-13T19:07:41.513033+08:00,0,false,4.52,-1.00,429,backpressure,false,
candidateB_saturation_hard,2026-09-13T19:07:41.516601+08:00,7,false,2.86,-1.00,429,backpressure,false,
candidateB_saturation_hard,2026-09-13T19:07:41.513764+08:00,2,true,5.69,-1.00,429,backpressure,false,
candidateB_saturation_hard,2026-09-13T19:07:41.517775+08:00,5,false,1.73,-1.00,429,backpressure,false,
candidateB_saturation_hard,2026-09-13T19:07:41.517714+08:00,1,false,1.81,-1.00,429,backpressure,false,
candidateB_saturation_hard,2026-09-13T19:07:41.517066+08:00,8,true,2.48,-1.00,429,backpressure,false,
candidateB_saturation_hard,2026-09-13T19:07:41.664302+08:00,0,true,0.76,-1.00,429,backpressure,false,
candidateB_saturation_hard,2026-09-13T19:07:41.663968+08:00,2,false,1.11,-1.00,429,backpressure,false,
candidateB_saturation_hard,2026-09-13T19:07:41.666819+08:00,7,false,0.33,-1.00,429,backpressure,false,
candidateB_saturation_hard,2026-09-13T19:07:41.667162+08:00,8,false,0.32,-1.00,429,backpressure,false,
candidateB_saturation_hard,2026-09-13T19:07:41.667929+08:00,5,false,1.88,-1.00,429,backpressure,false,
candidateB_saturation_hard,2026-09-13T19:07:41.667848+08:00,1,false,2.01,-1.00,429,backpressure,false,
candidateB_saturation_hard,2026-09-13T19:07:41.815253+08:00,0,false,0.78,-1.00,429,backpressure,false,
candidateB_saturation_hard,2026-09-13T19:07:41.815077+08:00,2,false,0.96,-1.00,429,backpressure,false,
candidateB_saturation_hard,2026-09-13T19:07:41.816963+08:00,7,true,0.28,-1.00,429,backpressure,false,
candidateB_saturation_hard,2026-09-13T19:07:41.817261+08:00,8,false,0.25,-1.00,429,backpressure,false,
candidateB_saturation_hard,2026-09-13T19:07:41.817967+08:00,5,true,0.31,-1.00,429,backpressure,false,
candidateB_saturation_hard,2026-09-13T19:07:41.817935+08:00,1,false,0.35,-1.00,429,backpressure,false,
candidateB_saturation_hard,2026-09-13T19:07:41.966104+08:00,2,false,0.77,-1.00,429,backpressure,false,
candidateB_saturation_hard,2026-09-13T19:07:41.966111+08:00,0,false,0.76,-1.00,429,backpressure,false,
candidateB_saturation_hard,2026-09-13T19:07:41.966998+08:00,7,true,0.27,-1.00,429,backpressure,false,
candidateB_saturation_hard,2026-09-13T19:07:41.967306+08:00,8,false,0.25,-1.00,429,backpressure,false,
candidateB_saturation_hard,2026-09-13T19:07:41.968072+08:00,1,true,0.48,-1.00,429,backpressure,false,
candidateB_saturation_hard,2026-09-13T19:07:41.968001+08:00,5,false,0.55,-1.00,429,backpressure,false,
candidateB_saturation_hard,2026-09-13T19:07:42.117193+08:00,0,false,3.98,-1.00,429,backpressure,false,
candidateB_saturation_hard,2026-09-13T19:07:42.117963+08:00,2,false,3.27,-1.00,429,backpressure,false,
candidateB_saturation_hard,2026-09-13T19:07:42.118296+08:00,5,false,3.79,-1.00,429,backpressure,false,
candidateB_saturation_hard,2026-09-13T19:07:42.120607+08:00,8,false,1.52,-1.00,429,backpressure,false,
candidateB_saturation_hard,2026-09-13T19:07:42.120386+08:00,7,true,1.77,-1.00,429,backpressure,false,
candidateB_saturation_hard,2026-09-13T19:07:42.119996+08:00,1,false,2.28,-1.00,429,backpressure,false,
candidateB_saturation_hard,2026-09-13T19:07:35.94027+08:00,10,false,6322.34,-1.00,200,,true,
candidateB_saturation_hard,2026-09-13T19:07:42.267922+08:00,0,false,1.54,-1.00,429,backpressure,false,
candidateB_saturation_hard,2026-09-13T19:07:42.268004+08:00,2,true,5.07,-1.00,429,backpressure,false,
candidateB_saturation_hard,2026-09-13T19:07:42.270685+08:00,8,false,2.44,-1.00,429,backpressure,false,
candidateB_saturation_hard,2026-09-13T19:07:42.271218+08:00,1,true,1.95,-1.00,429,backpressure,false,
candidateB_saturation_hard,2026-09-13T19:07:42.26963+08:00,5,true,3.58,-1.00,429,backpressure,false,
candidateB_saturation_hard,2026-09-13T19:07:42.270853+08:00,7,false,2.43,-1.00,429,backpressure,false,
candidateB_saturation_hard,2026-09-13T19:07:42.418798+08:00,0,false,1.70,-1.00,429,backpressure,false,
candidateB_saturation_hard,2026-09-13T19:07:42.420095+08:00,5,true,2.00,-1.00,429,backpressure,false,
candidateB_saturation_hard,2026-09-13T19:07:42.418554+08:00,2,false,3.73,-1.00,429,backpressure,false,
candidateB_saturation_hard,2026-09-13T19:07:42.422327+08:00,7,true,0.50,-1.00,429,backpressure,false,
candidateB_saturation_hard,2026-09-13T19:07:42.421867+08:00,1,true,1.25,-1.00,429,backpressure,false,
candidateB_saturation_hard,2026-09-13T19:07:42.421981+08:00,8,true,1.14,-1.00,429,backpressure,false,
candidateB_saturation_hard,2026-09-13T19:07:42.569617+08:00,0,true,1.07,-1.00,429,backpressure,false,
candidateB_saturation_hard,2026-09-13T19:07:42.569622+08:00,2,false,1.07,-1.00,429,backpressure,false,
candidateB_saturation_hard,2026-09-13T19:07:42.570273+08:00,5,true,0.71,-1.00,429,backpressure,false,
candidateB_saturation_hard,2026-09-13T19:07:42.572013+08:00,8,false,0.36,-1.00,429,backpressure,false,
candidateB_saturation_hard,2026-09-13T19:07:42.571973+08:00,1,false,0.43,-1.00,429,backpressure,false,
candidateB_saturation_hard,2026-09-13T19:07:42.572427+08:00,7,false,0.25,-1.00,429,backpressure,false,
candidateB_saturation_hard,2026-09-13T19:07:42.721038+08:00,0,false,2.79,-1.00,429,backpressure,false,
candidateB_saturation_hard,2026-09-13T19:07:42.720761+08:00,5,true,3.07,-1.00,429,backpressure,false,
candidateB_saturation_hard,2026-09-13T19:07:42.720962+08:00,2,true,2.89,-1.00,429,backpressure,false,
candidateB_saturation_hard,2026-09-13T19:07:42.723339+08:00,1,false,1.09,-1.00,429,backpressure,false,
candidateB_saturation_hard,2026-09-13T19:07:42.723593+08:00,8,true,0.87,-1.00,429,backpressure,false,
candidateB_saturation_hard,2026-09-13T19:07:42.723328+08:00,7,true,1.17,-1.00,429,backpressure,false,
candidateB_saturation_hard,2026-09-13T19:07:42.871238+08:00,5,true,0.71,-1.00,429,backpressure,false,
candidateB_saturation_hard,2026-09-13T19:07:42.871096+08:00,2,false,0.85,-1.00,429,backpressure,false,
candidateB_saturation_hard,2026-09-13T19:07:42.871223+08:00,0,false,1.05,-1.00,429,backpressure,false,
candidateB_saturation_hard,2026-09-13T19:07:42.873502+08:00,1,false,0.30,-1.00,429,backpressure,false,
candidateB_saturation_hard,2026-09-13T19:07:42.873472+08:00,7,true,0.37,-1.00,429,backpressure,false,
candidateB_saturation_hard,2026-09-13T19:07:42.873865+08:00,8,false,0.28,-1.00,429,backpressure,false,
candidateB_saturation_hard,2026-09-13T19:07:43.022972+08:00,5,true,1.29,-1.00,429,backpressure,false,
candidateB_saturation_hard,2026-09-13T19:07:36.739444+08:00,6,false,6284.74,-1.00,200,,true,
candidateB_saturation_hard,2026-09-13T19:07:43.023097+08:00,2,false,2.02,-1.00,429,backpressure,false,
candidateB_saturation_hard,2026-09-13T19:07:43.024359+08:00,6,true,2.38,-1.00,429,backpressure,false,
candidateB_saturation_hard,2026-09-13T19:07:43.026383+08:00,7,true,0.70,-1.00,429,backpressure,false,
candidateB_saturation_hard,2026-09-13T19:07:43.026382+08:00,8,true,0.70,-1.00,429,backpressure,false,
candidateB_saturation_hard,2026-09-13T19:07:43.026744+08:00,1,false,0.50,-1.00,429,backpressure,false,
candidateB_saturation_hard,2026-09-13T19:07:43.176391+08:00,1,false,1.01,-1.00,429,backpressure,false,
candidateB_saturation_hard,2026-09-13T19:07:43.174107+08:00,5,false,3.46,-1.00,429,backpressure,false,
candidateB_saturation_hard,2026-09-13T19:07:43.177107+08:00,6,true,0.50,-1.00,429,backpressure,false,
candidateB_saturation_hard,2026-09-13T19:07:43.174558+08:00,2,false,3.12,-1.00,429,backpressure,false,
candidateB_saturation_hard,2026-09-13T19:07:43.176948+08:00,8,false,0.89,-1.00,429,backpressure,false,
candidateB_saturation_hard,2026-09-13T19:07:43.176434+08:00,7,false,1.82,-1.00,429,backpressure,false,
candidateB_saturation_hard,2026-09-13T19:07:43.325154+08:00,5,false,0.85,-1.00,429,backpressure,false,
candidateB_saturation_hard,2026-09-13T19:07:43.325161+08:00,2,false,0.92,-1.00,429,backpressure,false,
candidateB_saturation_hard,2026-09-13T19:07:43.326499+08:00,1,false,0.39,-1.00,429,backpressure,false,
candidateB_saturation_hard,2026-09-13T19:07:43.326473+08:00,7,false,0.45,-1.00,429,backpressure,false,
candidateB_saturation_hard,2026-09-13T19:07:43.326982+08:00,8,false,0.41,-1.00,429,backpressure,false,
candidateB_saturation_hard,2026-09-13T19:07:43.327154+08:00,6,true,0.26,-1.00,429,backpressure,false,
candidateB_saturation_hard,2026-09-13T19:07:43.475921+08:00,5,false,0.94,-1.00,429,backpressure,false,
candidateB_saturation_hard,2026-09-13T19:07:43.475921+08:00,2,false,1.15,-1.00,429,backpressure,false,
candidateB_saturation_hard,2026-09-13T19:07:43.477138+08:00,8,true,0.44,-1.00,429,backpressure,false,
candidateB_saturation_hard,2026-09-13T19:07:43.476722+08:00,1,true,0.89,-1.00,429,backpressure,false,
candidateB_saturation_hard,2026-09-13T19:07:43.476965+08:00,7,false,0.76,-1.00,429,backpressure,false,
candidateB_saturation_hard,2026-09-13T19:07:43.477197+08:00,6,false,0.60,-1.00,429,backpressure,false,
candidateB_saturation_hard,2026-09-13T19:07:43.627395+08:00,6,true,2.37,-1.00,429,backpressure,false,
candidateB_saturation_hard,2026-09-13T19:07:43.627182+08:00,8,false,2.62,-1.00,429,backpressure,false,
candidateB_saturation_hard,2026-09-13T19:07:43.627048+08:00,1,true,2.83,-1.00,429,backpressure,false,
candidateB_saturation_hard,2026-09-13T19:07:43.627068+08:00,7,false,2.85,-1.00,429,backpressure,false,
candidateB_saturation_hard,2026-09-13T19:07:43.626994+08:00,5,true,2.96,-1.00,429,backpressure,false,
candidateB_saturation_hard,2026-09-13T19:07:43.626992+08:00,2,false,3.02,-1.00,429,backpressure,false,
candidateB_saturation_hard,2026-09-13T19:07:43.778584+08:00,2,false,1.30,-1.00,429,backpressure,false,
candidateB_saturation_hard,2026-09-13T19:07:43.778056+08:00,6,true,1.87,-1.00,429,backpressure,false,
candidateB_saturation_hard,2026-09-13T19:07:43.778262+08:00,8,false,1.68,-1.00,429,backpressure,false,
candidateB_saturation_hard,2026-09-13T19:07:43.778223+08:00,5,false,1.75,-1.00,429,backpressure,false,
candidateB_saturation_hard,2026-09-13T19:07:43.778079+08:00,7,true,1.94,-1.00,429,backpressure,false,
candidateB_saturation_hard,2026-09-13T19:07:43.778117+08:00,1,false,1.91,-1.00,429,backpressure,false,
candidateB_saturation_hard,2026-09-13T19:07:37.636308+08:00,12,false,6229.51,-1.00,200,,true,
candidateB_saturation_hard,2026-09-13T19:07:43.930128+08:00,5,false,1.41,-1.00,429,backpressure,false,
candidateB_saturation_hard,2026-09-13T19:07:43.930267+08:00,6,true,1.29,-1.00,429,backpressure,false,
candidateB_saturation_hard,2026-09-13T19:07:43.930008+08:00,8,false,1.60,-1.00,429,backpressure,false,
candidateB_saturation_hard,2026-09-13T19:07:43.929701+08:00,7,true,1.94,-1.00,429,backpressure,false,
candidateB_saturation_hard,2026-09-13T19:07:43.929469+08:00,2,false,2.22,-1.00,429,backpressure,false,
candidateB_saturation_hard,2026-09-13T19:07:43.930206+08:00,1,true,1.77,-1.00,429,backpressure,false,
candidateB_saturation_hard,2026-09-13T19:07:44.08055+08:00,6,true,1.54,-1.00,429,backpressure,false,
candidateB_saturation_hard,2026-09-13T19:07:44.080577+08:00,7,false,1.63,-1.00,429,backpressure,false,
candidateB_saturation_hard,2026-09-13T19:07:44.080632+08:00,8,true,2.35,-1.00,429,backpressure,false,
candidateB_saturation_hard,2026-09-13T19:07:44.080599+08:00,1,false,2.40,-1.00,429,backpressure,false,
candidateB_saturation_hard,2026-09-13T19:07:44.080641+08:00,5,true,2.52,-1.00,429,backpressure,false,
candidateB_saturation_hard,2026-09-13T19:07:44.08063+08:00,2,true,2.59,-1.00,429,backpressure,false,
candidateB_saturation_hard,2026-09-13T19:07:44.231547+08:00,8,true,1.43,-1.00,429,backpressure,false,
candidateB_saturation_hard,2026-09-13T19:07:44.231363+08:00,5,false,1.65,-1.00,429,backpressure,false,
candidateB_saturation_hard,2026-09-13T19:07:44.231751+08:00,6,false,1.45,-1.00,429,backpressure,false,
candidateB_saturation_hard,2026-09-13T19:07:44.231682+08:00,7,true,2.02,-1.00,429,backpressure,false,
candidateB_saturation_hard,2026-09-13T19:07:44.23143+08:00,1,false,2.57,-1.00,429,backpressure,false,
candidateB_saturation_hard,2026-09-13T19:07:44.231363+08:00,2,true,2.70,-1.00,429,backpressure,false,
candidateB_saturation_hard,2026-09-13T19:07:44.382151+08:00,7,true,1.04,-1.00,429,backpressure,false,
candidateB_saturation_hard,2026-09-13T19:07:44.382017+08:00,6,false,1.18,-1.00,429,backpressure,false,
candidateB_saturation_hard,2026-09-13T19:07:44.381523+08:00,2,false,1.70,-1.00,429,backpressure,false,
candidateB_saturation_hard,2026-09-13T19:07:44.3817+08:00,8,false,1.67,-1.00,429,backpressure,false,
candidateB_saturation_hard,2026-09-13T19:07:44.381625+08:00,1,false,1.79,-1.00,429,backpressure,false,
candidateB_saturation_hard,2026-09-13T19:07:44.381723+08:00,5,false,2.03,-1.00,429,backpressure,false,
candidateB_saturation_hard,2026-09-13T19:07:44.532895+08:00,5,false,3.34,-1.00,429,backpressure,false,
candidateB_saturation_hard,2026-09-13T19:07:44.532675+08:00,8,true,3.61,-1.00,429,backpressure,false,
candidateB_saturation_hard,2026-09-13T19:07:44.533265+08:00,7,false,3.07,-1.00,429,backpressure,false,
candidateB_saturation_hard,2026-09-13T19:07:44.533462+08:00,1,true,2.90,-1.00,429,backpressure,false,
candidateB_saturation_hard,2026-09-13T19:07:44.532723+08:00,2,false,3.68,-1.00,429,backpressure,false,
candidateB_saturation_hard,2026-09-13T19:07:44.532675+08:00,6,false,3.77,-1.00,429,backpressure,false,
candidateB_saturation_hard,2026-09-13T19:07:38.418947+08:00,13,true,6118.32,5576.02,200,,true,
candidateB_saturation_hard,2026-09-13T19:07:44.684013+08:00,2,true,1.82,-1.00,429,backpressure,false,
candidateB_saturation_hard,2026-09-13T19:07:44.684616+08:00,7,true,1.39,-1.00,429,backpressure,false,
candidateB_saturation_hard,2026-09-13T19:07:44.683747+08:00,1,false,2.33,-1.00,429,backpressure,false,
candidateB_saturation_hard,2026-09-13T19:07:44.684249+08:00,8,false,1.88,-1.00,429,backpressure,false,
candidateB_saturation_hard,2026-09-13T19:07:44.684515+08:00,5,false,1.66,-1.00,429,backpressure,false,
candidateB_saturation_hard,2026-09-13T19:07:44.683976+08:00,6,false,2.53,-1.00,429,backpressure,false,
candidateB_saturation_hard,2026-09-13T19:07:44.83592+08:00,5,false,1.31,-1.00,429,backpressure,false,
candidateB_saturation_hard,2026-09-13T19:07:44.835118+08:00,7,true,2.18,-1.00,429,backpressure,false,
candidateB_saturation_hard,2026-09-13T19:07:44.835559+08:00,6,false,1.84,-1.00,429,backpressure,false,
candidateB_saturation_hard,2026-09-13T19:07:44.835647+08:00,2,false,1.80,-1.00,429,backpressure,false,
candidateB_saturation_hard,2026-09-13T19:07:44.836051+08:00,1,false,1.44,-1.00,429,backpressure,false,
candidateB_saturation_hard,2026-09-13T19:07:44.835679+08:00,8,true,1.84,-1.00,429,backpressure,false,
candidateB_saturation_hard,2026-09-13T19:07:44.991519+08:00,8,true,1.36,-1.00,429,backpressure,false,
candidateB_saturation_hard,2026-09-13T19:07:44.990798+08:00,7,false,2.10,-1.00,429,backpressure,false,
candidateB_saturation_hard,2026-09-13T19:07:44.991886+08:00,5,true,1.04,-1.00,429,backpressure,false,
candidateB_saturation_hard,2026-09-13T19:07:44.990565+08:00,1,true,2.40,-1.00,429,backpressure,false,
candidateB_saturation_hard,2026-09-13T19:07:44.99085+08:00,6,true,2.14,-1.00,429,backpressure,false,
candidateB_saturation_hard,2026-09-13T19:07:44.993147+08:00,2,false,0.19,-1.00,429,backpressure,false,
candidateB_saturation_hard,2026-09-13T19:07:45.141564+08:00,8,true,1.54,-1.00,429,backpressure,false,
candidateB_saturation_hard,2026-09-13T19:07:45.141017+08:00,7,false,2.11,-1.00,429,backpressure,false,
candidateB_saturation_hard,2026-09-13T19:07:45.141956+08:00,5,false,1.21,-1.00,429,backpressure,false,
candidateB_saturation_hard,2026-09-13T19:07:45.14116+08:00,2,false,2.05,-1.00,429,backpressure,false,
candidateB_saturation_hard,2026-09-13T19:07:45.14106+08:00,1,true,2.16,-1.00,429,backpressure,false,
candidateB_saturation_hard,2026-09-13T19:07:45.141143+08:00,6,true,2.10,-1.00,429,backpressure,false,
candidateB_saturation_hard,2026-09-13T19:07:39.294476+08:00,3,false,5939.13,-1.00,200,,true,
candidateB_saturation_hard,2026-09-13T19:07:45.291469+08:00,1,true,2.66,-1.00,429,backpressure,false,
candidateB_saturation_hard,2026-09-13T19:07:45.291459+08:00,2,false,2.79,-1.00,429,backpressure,false,
candidateB_saturation_hard,2026-09-13T19:07:45.292239+08:00,5,false,2.06,-1.00,429,backpressure,false,
candidateB_saturation_hard,2026-09-13T19:07:45.292368+08:00,8,true,2.21,-1.00,429,backpressure,false,
candidateB_saturation_hard,2026-09-13T19:07:45.291658+08:00,7,false,2.94,-1.00,429,backpressure,false,
candidateB_saturation_hard,2026-09-13T19:07:45.291523+08:00,6,false,3.52,-1.00,429,backpressure,false,
candidateB_saturation_hard,2026-09-13T19:07:45.443843+08:00,8,true,1.28,-1.00,429,backpressure,false,
candidateB_saturation_hard,2026-09-13T19:07:45.442735+08:00,5,false,2.52,-1.00,429,backpressure,false,
candidateB_saturation_hard,2026-09-13T19:07:45.443349+08:00,6,false,2.23,-1.00,429,backpressure,false,
candidateB_saturation_hard,2026-09-13T19:07:45.442893+08:00,1,true,2.70,-1.00,429,backpressure,false,
candidateB_saturation_hard,2026-09-13T19:07:45.442855+08:00,2,true,2.74,-1.00,429,backpressure,false,
candidateB_saturation_hard,2026-09-13T19:07:45.44409+08:00,7,true,2.29,-1.00,429,backpressure,false,
candidateB_saturation_hard,2026-09-13T19:07:45.593677+08:00,5,true,2.08,-1.00,429,backpressure,false,
candidateB_saturation_hard,2026-09-13T19:07:45.59379+08:00,1,false,2.91,-1.00,429,backpressure,false,
candidateB_saturation_hard,2026-09-13T19:07:45.594662+08:00,8,false,2.12,-1.00,429,backpressure,false,
candidateB_saturation_hard,2026-09-13T19:07:45.593621+08:00,6,false,3.21,-1.00,429,backpressure,false,
candidateB_saturation_hard,2026-09-13T19:07:45.594153+08:00,7,true,2.70,-1.00,429,backpressure,false,
candidateB_saturation_hard,2026-09-13T19:07:45.593623+08:00,2,false,3.25,-1.00,429,backpressure,false,
candidateB_saturation_hard,2026-09-13T19:07:45.746035+08:00,2,false,2.52,-1.00,429,backpressure,false,
candidateB_saturation_hard,2026-09-13T19:07:45.74479+08:00,5,true,3.80,-1.00,429,backpressure,false,
candidateB_saturation_hard,2026-09-13T19:07:45.745895+08:00,6,true,2.71,-1.00,429,backpressure,false,
candidateB_saturation_hard,2026-09-13T19:07:45.745382+08:00,7,false,3.22,-1.00,429,backpressure,false,
candidateB_saturation_hard,2026-09-13T19:07:45.745723+08:00,1,true,2.93,-1.00,429,backpressure,false,
candidateB_saturation_hard,2026-09-13T19:07:45.745177+08:00,8,false,3.51,-1.00,429,backpressure,false,
candidateB_saturation_hard,2026-09-13T19:07:45.897037+08:00,6,false,1.10,-1.00,429,backpressure,false,
candidateB_saturation_hard,2026-09-13T19:07:45.896126+08:00,7,false,2.08,-1.00,429,backpressure,false,
candidateB_saturation_hard,2026-09-13T19:07:45.896096+08:00,1,false,2.20,-1.00,429,backpressure,false,
candidateB_saturation_hard,2026-09-13T19:07:45.896925+08:00,2,true,1.44,-1.00,429,backpressure,false,
candidateB_saturation_hard,2026-09-13T19:07:45.895784+08:00,8,true,2.62,-1.00,429,backpressure,false,
candidateB_saturation_hard,2026-09-13T19:07:45.896065+08:00,5,true,3.15,-1.00,429,backpressure,false,
candidateB_saturation_hard,2026-09-13T19:07:40.032391+08:00,11,false,5984.81,-1.00,200,,true,
candidateB_saturation_hard,2026-09-13T19:07:46.047293+08:00,8,false,2.40,-1.00,429,backpressure,false,
candidateB_saturation_hard,2026-09-13T19:07:46.047592+08:00,1,true,2.12,-1.00,429,backpressure,false,
candidateB_saturation_hard,2026-09-13T19:07:46.047711+08:00,7,true,2.03,-1.00,429,backpressure,false,
candidateB_saturation_hard,2026-09-13T19:07:46.048215+08:00,5,false,1.54,-1.00,429,backpressure,false,
candidateB_saturation_hard,2026-09-13T19:07:46.047123+08:00,6,false,2.65,-1.00,429,backpressure,false,
candidateB_saturation_hard,2026-09-13T19:07:46.047824+08:00,2,false,2.09,-1.00,429,backpressure,false,
candidateB_saturation_hard,2026-09-13T19:07:46.197843+08:00,8,true,1.55,-1.00,429,backpressure,false,
candidateB_saturation_hard,2026-09-13T19:07:46.197969+08:00,2,false,1.45,-1.00,429,backpressure,false,
candidateB_saturation_hard,2026-09-13T19:07:46.197741+08:00,6,false,1.73,-1.00,429,backpressure,false,
candidateB_saturation_hard,2026-09-13T19:07:46.198322+08:00,5,false,1.18,-1.00,429,backpressure,false,
candidateB_saturation_hard,2026-09-13T19:07:46.197713+08:00,1,false,1.79,-1.00,429,backpressure,false,
candidateB_saturation_hard,2026-09-13T19:07:46.19777+08:00,7,true,1.77,-1.00,429,backpressure,false,
candidateB_saturation_hard,2026-09-13T19:07:46.349143+08:00,8,false,1.81,-1.00,429,backpressure,false,
candidateB_saturation_hard,2026-09-13T19:07:46.349085+08:00,6,true,1.91,-1.00,429,backpressure,false,
candidateB_saturation_hard,2026-09-13T19:07:46.348814+08:00,1,false,2.23,-1.00,429,backpressure,false,
candidateB_saturation_hard,2026-09-13T19:07:46.348871+08:00,7,false,2.19,-1.00,429,backpressure,false,
candidateB_saturation_hard,2026-09-13T19:07:46.348662+08:00,5,false,2.42,-1.00,429,backpressure,false,
candidateB_saturation_hard,2026-09-13T19:07:46.348756+08:00,2,false,2.37,-1.00,429,backpressure,false,
candidateB_saturation_hard,2026-09-13T19:07:46.500302+08:00,2,false,2.09,-1.00,429,backpressure,false,
candidateB_saturation_hard,2026-09-13T19:07:46.500184+08:00,7,false,2.25,-1.00,429,backpressure,false,
candidateB_saturation_hard,2026-09-13T19:07:46.499313+08:00,6,true,3.20,-1.00,429,backpressure,false,
candidateB_saturation_hard,2026-09-13T19:07:46.499508+08:00,5,false,3.06,-1.00,429,backpressure,false,
candidateB_saturation_hard,2026-09-13T19:07:46.499961+08:00,8,false,2.66,-1.00,429,backpressure,false,
candidateB_saturation_hard,2026-09-13T19:07:46.499572+08:00,1,true,3.10,-1.00,429,backpressure,false,
candidateB_saturation_hard,2026-09-13T19:07:46.650064+08:00,8,true,1.34,-1.00,429,backpressure,false,
candidateB_saturation_hard,2026-09-13T19:07:46.649868+08:00,1,false,1.58,-1.00,429,backpressure,false,
candidateB_saturation_hard,2026-09-13T19:07:46.650339+08:00,2,false,1.31,-1.00,429,backpressure,false,
candidateB_saturation_hard,2026-09-13T19:07:46.649872+08:00,6,false,2.19,-1.00,429,backpressure,false,
candidateB_saturation_hard,2026-09-13T19:07:46.65026+08:00,7,false,1.86,-1.00,429,backpressure,false,
candidateB_saturation_hard,2026-09-13T19:07:46.649929+08:00,5,false,2.21,-1.00,429,backpressure,false,
candidateB_saturation_hard,2026-09-13T19:07:46.800274+08:00,7,true,2.74,-1.00,429,backpressure,false,
candidateB_saturation_hard,2026-09-13T19:07:46.800433+08:00,1,true,2.65,-1.00,429,backpressure,false,
candidateB_saturation_hard,2026-09-13T19:07:46.801059+08:00,2,false,2.21,-1.00,429,backpressure,false,
candidateB_saturation_hard,2026-09-13T19:07:46.800219+08:00,8,false,3.09,-1.00,429,backpressure,false,
candidateB_saturation_hard,2026-09-13T19:07:46.800719+08:00,5,true,2.64,-1.00,429,backpressure,false,
candidateB_saturation_hard,2026-09-13T19:07:46.800217+08:00,6,false,3.41,-1.00,429,backpressure,false,
candidateB_saturation_hard,2026-09-13T19:07:40.641831+08:00,4,true,6207.92,5492.20,200,,true,
candidateB_saturation_hard,2026-09-13T19:07:46.950899+08:00,7,true,3.01,-1.00,429,backpressure,false,
candidateB_saturation_hard,2026-09-13T19:07:46.950842+08:00,5,true,3.07,-1.00,429,backpressure,false,
candidateB_saturation_hard,2026-09-13T19:07:46.950859+08:00,8,true,3.09,-1.00,429,backpressure,false,
candidateB_saturation_hard,2026-09-13T19:07:46.951237+08:00,1,false,2.76,-1.00,429,backpressure,false,
candidateB_saturation_hard,2026-09-13T19:07:46.951857+08:00,2,false,2.18,-1.00,429,backpressure,false,
candidateB_saturation_hard,2026-09-13T19:07:46.951115+08:00,6,true,2.94,-1.00,429,backpressure,false,
candidateB_saturation_hard,2026-09-13T19:07:47.103706+08:00,5,false,1.50,-1.00,429,backpressure,false,
candidateB_saturation_hard,2026-09-13T19:07:47.102283+08:00,1,false,2.93,-1.00,429,backpressure,false,
candidateB_saturation_hard,2026-09-13T19:07:47.103433+08:00,6,true,1.83,-1.00,429,backpressure,false,
candidateB_saturation_hard,2026-09-13T19:07:47.101922+08:00,2,true,3.37,-1.00,429,backpressure,false,
candidateB_saturation_hard,2026-09-13T19:07:47.101868+08:00,8,false,3.43,-1.00,429,backpressure,false,
candidateB_saturation_hard,2026-09-13T19:07:47.103843+08:00,7,true,1.50,-1.00,429,backpressure,false,
candidateB_saturation_hard,2026-09-13T19:07:47.25291+08:00,2,false,1.93,-1.00,429,backpressure,false,
candidateB_saturation_hard,2026-09-13T19:07:47.252921+08:00,1,false,2.18,-1.00,429,backpressure,false,
candidateB_saturation_hard,2026-09-13T19:07:47.254614+08:00,7,false,1.55,-1.00,429,backpressure,false,
candidateB_saturation_hard,2026-09-13T19:07:47.253684+08:00,6,true,2.56,-1.00,429,backpressure,false,
candidateB_saturation_hard,2026-09-13T19:07:47.255129+08:00,5,true,1.20,-1.00,429,backpressure,false,
candidateB_saturation_hard,2026-09-13T19:07:47.253207+08:00,8,true,3.13,-1.00,429,backpressure,false,
candidateB_saturation_hard,2026-09-13T19:07:47.40399+08:00,6,true,1.44,-1.00,429,backpressure,false,
candidateB_saturation_hard,2026-09-13T19:07:47.404561+08:00,7,false,0.89,-1.00,429,backpressure,false,
candidateB_saturation_hard,2026-09-13T19:07:47.404202+08:00,1,true,1.27,-1.00,429,backpressure,false,
candidateB_saturation_hard,2026-09-13T19:07:47.403996+08:00,2,true,1.53,-1.00,429,backpressure,false,
candidateB_saturation_hard,2026-09-13T19:07:47.404054+08:00,8,false,1.50,-1.00,429,backpressure,false,
candidateB_saturation_hard,2026-09-13T19:07:47.405273+08:00,5,false,0.62,-1.00,429,backpressure,false,
candidateB_saturation_hard,2026-09-13T19:07:47.55508+08:00,7,false,1.36,-1.00,429,backpressure,false,
candidateB_saturation_hard,2026-09-13T19:07:47.555124+08:00,6,true,1.44,-1.00,429,backpressure,false,
candidateB_saturation_hard,2026-09-13T19:07:47.55508+08:00,2,true,1.53,-1.00,429,backpressure,false,
candidateB_saturation_hard,2026-09-13T19:07:47.555248+08:00,8,false,1.97,-1.00,429,backpressure,false,
candidateB_saturation_hard,2026-09-13T19:07:47.555308+08:00,1,false,1.97,-1.00,429,backpressure,false,
candidateB_saturation_hard,2026-09-13T19:07:47.555573+08:00,5,false,1.77,-1.00,429,backpressure,false,
candidateB_saturation_hard,2026-09-13T19:07:47.705509+08:00,6,false,4.89,-1.00,429,backpressure,false,
candidateB_saturation_hard,2026-09-13T19:07:47.705559+08:00,7,true,4.88,-1.00,429,backpressure,false,
candidateB_saturation_hard,2026-09-13T19:07:47.705893+08:00,1,false,4.64,-1.00,429,backpressure,false,
candidateB_saturation_hard,2026-09-13T19:07:47.70553+08:00,2,true,5.05,-1.00,429,backpressure,false,
candidateB_saturation_hard,2026-09-13T19:07:47.705498+08:00,8,false,5.14,-1.00,429,backpressure,false,
candidateB_saturation_hard,2026-09-13T19:07:47.70581+08:00,5,true,4.88,-1.00,429,backpressure,false,
candidateB_saturation_hard,2026-09-13T19:07:41.395276+08:00,9,false,6419.29,-1.00,200,,true,
candidateB_saturation_hard,2026-09-13T19:07:47.856774+08:00,7,false,1.50,-1.00,429,backpressure,false,
candidateB_saturation_hard,2026-09-13T19:07:47.857369+08:00,8,false,3.49,-1.00,429,backpressure,false,
candidateB_saturation_hard,2026-09-13T19:07:47.856693+08:00,2,true,4.31,-1.00,429,backpressure,false,
candidateB_saturation_hard,2026-09-13T19:07:47.856951+08:00,5,true,4.11,-1.00,429,backpressure,false,
candidateB_saturation_hard,2026-09-13T19:07:47.857502+08:00,6,false,3.62,-1.00,429,backpressure,false,
candidateB_saturation_hard,2026-09-13T19:07:47.856581+08:00,1,false,4.59,-1.00,429,backpressure,false,
candidateB_saturation_hard,2026-09-13T19:07:48.007838+08:00,8,false,1.79,-1.00,429,backpressure,false,
candidateB_saturation_hard,2026-09-13T19:07:48.008367+08:00,7,false,1.31,-1.00,429,backpressure,false,
candidateB_saturation_hard,2026-09-13T19:07:48.007634+08:00,2,true,2.09,-1.00,429,backpressure,false,
candidateB_saturation_hard,2026-09-13T19:07:48.007626+08:00,6,true,2.13,-1.00,429,backpressure,false,
candidateB_saturation_hard,2026-09-13T19:07:48.00766+08:00,5,false,2.13,-1.00,429,backpressure,false,
candidateB_saturation_hard,2026-09-13T19:07:48.007931+08:00,1,true,1.89,-1.00,429,backpressure,false,
candidateB_saturation_hard,2026-09-13T19:07:48.15869+08:00,5,true,2.46,-1.00,429,backpressure,false,
candidateB_saturation_hard,2026-09-13T19:07:48.158902+08:00,6,true,4.81,-1.00,429,backpressure,false,
candidateB_saturation_hard,2026-09-13T19:07:48.158851+08:00,1,false,4.87,-1.00,429,backpressure,false,
candidateB_saturation_hard,2026-09-13T19:07:48.15868+08:00,7,false,5.08,-1.00,429,backpressure,false,
candidateB_saturation_hard,2026-09-13T19:07:48.159089+08:00,8,true,4.99,-1.00,429,backpressure,false,
candidateB_saturation_hard,2026-09-13T19:07:48.159161+08:00,2,false,5.00,-1.00,429,backpressure,false,
candidateB_saturation_hard,2026-09-13T19:07:48.309715+08:00,2,true,6.99,-1.00,429,backpressure,false,
candidateB_saturation_hard,2026-09-13T19:07:48.310398+08:00,1,true,6.35,-1.00,429,backpressure,false,
candidateB_saturation_hard,2026-09-13T19:07:48.310112+08:00,8,true,6.75,-1.00,429,backpressure,false,
candidateB_saturation_hard,2026-09-13T19:07:48.310719+08:00,7,true,6.17,-1.00,429,backpressure,false,
candidateB_saturation_hard,2026-09-13T19:07:48.309798+08:00,5,false,6.91,-1.00,429,backpressure,false,
candidateB_saturation_hard,2026-09-13T19:07:48.309958+08:00,6,false,7.21,-1.00,429,backpressure,false,
candidateB_saturation_hard,2026-09-13T19:07:48.461101+08:00,1,true,3.11,-1.00,429,backpressure,false,
candidateB_saturation_hard,2026-09-13T19:07:48.460815+08:00,6,false,3.42,-1.00,429,backpressure,false,
candidateB_saturation_hard,2026-09-13T19:07:48.464491+08:00,7,false,1.18,-1.00,429,backpressure,false,
candidateB_saturation_hard,2026-09-13T19:07:48.461186+08:00,8,true,4.51,-1.00,429,backpressure,false,
candidateB_saturation_hard,2026-09-13T19:07:48.463926+08:00,5,true,1.81,-1.00,429,backpressure,false,
candidateB_saturation_hard,2026-09-13T19:07:48.463719+08:00,2,false,2.03,-1.00,429,backpressure,false,
candidateB_saturation_hard,2026-09-13T19:07:48.612477+08:00,6,true,1.77,-1.00,429,backpressure,false,
candidateB_saturation_hard,2026-09-13T19:07:48.612732+08:00,8,true,1.63,-1.00,429,backpressure,false,
candidateB_saturation_hard,2026-09-13T19:07:48.613133+08:00,1,true,2.28,-1.00,429,backpressure,false,
candidateB_saturation_hard,2026-09-13T19:07:48.614253+08:00,5,true,1.20,-1.00,429,backpressure,false,
candidateB_saturation_hard,2026-09-13T19:07:48.614567+08:00,7,true,0.96,-1.00,429,backpressure,false,
candidateB_saturation_hard,2026-09-13T19:07:48.614419+08:00,2,false,1.16,-1.00,429,backpressure,false,
candidateB_saturation_hard,2026-09-13T19:07:42.262807+08:00,10,false,6419.34,-1.00,200,,true,
candidateB_saturation_hard,2026-09-13T19:07:48.762729+08:00,6,false,1.26,-1.00,429,backpressure,false,
candidateB_saturation_hard,2026-09-13T19:07:48.763558+08:00,1,true,0.62,-1.00,429,backpressure,false,
candidateB_saturation_hard,2026-09-13T19:07:48.76302+08:00,8,true,1.30,-1.00,429,backpressure,false,
candidateB_saturation_hard,2026-09-13T19:07:48.764261+08:00,5,false,0.33,-1.00,429,backpressure,false,
candidateB_saturation_hard,2026-09-13T19:07:48.764536+08:00,2,true,0.42,-1.00,429,backpressure,false,
candidateB_saturation_hard,2026-09-13T19:07:48.76464+08:00,7,false,0.34,-1.00,429,backpressure,false,
candidateB_saturation_hard,2026-09-13T19:07:48.913797+08:00,8,true,0.98,-1.00,429,backpressure,false,
candidateB_saturation_hard,2026-09-13T19:07:48.913798+08:00,6,true,1.08,-1.00,429,backpressure,false,
candidateB_saturation_hard,2026-09-13T19:07:48.913956+08:00,1,false,1.07,-1.00,429,backpressure,false,
candidateB_saturation_hard,2026-09-13T19:07:48.914507+08:00,5,true,0.57,-1.00,429,backpressure,false,
candidateB_saturation_hard,2026-09-13T19:07:48.914969+08:00,2,false,0.37,-1.00,429,backpressure,false,
candidateB_saturation_hard,2026-09-13T19:07:48.914896+08:00,7,false,0.49,-1.00,429,backpressure,false,
candidateB_saturation_hard,2026-09-13T19:07:49.065245+08:00,7,true,2.55,-1.00,429,backpressure,false,
candidateB_saturation_hard,2026-09-13T19:07:49.064493+08:00,1,true,3.39,-1.00,429,backpressure,false,
candidateB_saturation_hard,2026-09-13T19:07:49.064712+08:00,8,true,3.18,-1.00,429,backpressure,false,
candidateB_saturation_hard,2026-09-13T19:07:49.064535+08:00,6,true,3.44,-1.00,429,backpressure,false,
candidateB_saturation_hard,2026-09-13T19:07:49.065215+08:00,2,false,2.81,-1.00,429,backpressure,false,
candidateB_saturation_hard,2026-09-13T19:07:49.064609+08:00,5,false,3.90,-1.00,429,backpressure,false,
candidateB_saturation_hard,2026-09-13T19:07:49.215827+08:00,7,false,2.83,-1.00,429,backpressure,false,
candidateB_saturation_hard,2026-09-13T19:07:49.215613+08:00,6,false,3.09,-1.00,429,backpressure,false,
candidateB_saturation_hard,2026-09-13T19:07:49.215613+08:00,5,true,3.15,-1.00,429,backpressure,false,
candidateB_saturation_hard,2026-09-13T19:07:49.215668+08:00,8,false,3.15,-1.00,429,backpressure,false,
candidateB_saturation_hard,2026-09-13T19:07:49.216554+08:00,2,false,2.33,-1.00,429,backpressure,false,
candidateB_saturation_hard,2026-09-13T19:07:49.216206+08:00,1,false,2.78,-1.00,429,backpressure,false,
candidateB_saturation_hard,2026-09-13T19:07:49.366748+08:00,8,false,1.44,-1.00,429,backpressure,false,
candidateB_saturation_hard,2026-09-13T19:07:49.367041+08:00,7,false,1.18,-1.00,429,backpressure,false,
candidateB_saturation_hard,2026-09-13T19:07:49.366692+08:00,6,false,1.65,-1.00,429,backpressure,false,
candidateB_saturation_hard,2026-09-13T19:07:49.366777+08:00,5,false,1.63,-1.00,429,backpressure,false,
candidateB_saturation_hard,2026-09-13T19:07:49.366638+08:00,1,true,1.80,-1.00,429,backpressure,false,
candidateB_saturation_hard,2026-09-13T19:07:49.366647+08:00,2,true,1.81,-1.00,429,backpressure,false,
candidateB_saturation_hard,2026-09-13T19:07:43.022684+08:00,0,false,6375.88,-1.00,200,,true,
candidateB_saturation_hard,2026-09-13T19:07:49.51776+08:00,7,false,3.29,-1.00,429,backpressure,false,
candidateB_saturation_hard,2026-09-13T19:07:49.51776+08:00,6,true,3.36,-1.00,429,backpressure,false,
candidateB_saturation_hard,2026-09-13T19:07:49.517819+08:00,8,true,3.36,-1.00,429,backpressure,false,
candidateB_saturation_hard,2026-09-13T19:07:49.518831+08:00,2,false,2.39,-1.00,429,backpressure,false,
candidateB_saturation_hard,2026-09-13T19:07:49.517958+08:00,1,false,3.32,-1.00,429,backpressure,false,
candidateB_saturation_hard,2026-09-13T19:07:49.518149+08:00,5,false,3.17,-1.00,429,backpressure,false,
candidateB_saturation_hard,2026-09-13T19:07:49.668975+08:00,7,true,3.03,-1.00,429,backpressure,false,
candidateB_saturation_hard,2026-09-13T19:07:49.668928+08:00,6,false,3.14,-1.00,429,backpressure,false,
candidateB_saturation_hard,2026-09-13T19:07:49.669137+08:00,8,false,3.01,-1.00,429,backpressure,false,
candidateB_saturation_hard,2026-09-13T19:07:49.669159+08:00,1,false,3.03,-1.00,429,backpressure,false,
candidateB_saturation_hard,2026-09-13T19:07:49.669036+08:00,5,false,3.16,-1.00,429,backpressure,false,
candidateB_saturation_hard,2026-09-13T19:07:49.668928+08:00,2,true,3.31,-1.00,429,backpressure,false,
candidateB_saturation_hard,2026-09-13T19:07:49.820375+08:00,2,true,1.45,-1.00,429,backpressure,false,
candidateB_saturation_hard,2026-09-13T19:07:49.820178+08:00,5,false,1.73,-1.00,429,backpressure,false,
candidateB_saturation_hard,2026-09-13T19:07:49.819586+08:00,7,true,2.41,-1.00,429,backpressure,false,
candidateB_saturation_hard,2026-09-13T19:07:49.819528+08:00,1,false,2.51,-1.00,429,backpressure,false,
candidateB_saturation_hard,2026-09-13T19:07:49.81954+08:00,6,true,2.54,-1.00,429,backpressure,false,
candidateB_saturation_hard,2026-09-13T19:07:49.81979+08:00,8,false,2.58,-1.00,429,backpressure,false,
candidateB_saturation_hard,2026-09-13T19:07:49.970889+08:00,6,true,2.72,-1.00,429,backpressure,false,
candidateB_saturation_hard,2026-09-13T19:07:49.970654+08:00,2,true,3.02,-1.00,429,backpressure,false,
candidateB_saturation_hard,2026-09-13T19:07:49.970676+08:00,1,false,3.11,-1.00,429,backpressure,false,
candidateB_saturation_hard,2026-09-13T19:07:49.971416+08:00,7,false,2.46,-1.00,429,backpressure,false,
candidateB_saturation_hard,2026-09-13T19:07:49.970982+08:00,8,false,2.96,-1.00,429,backpressure,false,
candidateB_saturation_hard,2026-09-13T19:07:49.971781+08:00,5,false,2.58,-1.00,429,backpressure,false,
candidateB_saturation_hard,2026-09-13T19:07:50.121492+08:00,2,false,1.20,-1.00,429,backpressure,false,
candidateB_saturation_hard,2026-09-13T19:07:50.121432+08:00,7,true,1.32,-1.00,429,backpressure,false,
candidateB_saturation_hard,2026-09-13T19:07:50.121393+08:00,1,true,1.54,-1.00,429,backpressure,false,
candidateB_saturation_hard,2026-09-13T19:07:50.121534+08:00,6,true,1.45,-1.00,429,backpressure,false,
candidateB_saturation_hard,2026-09-13T19:07:50.12139+08:00,8,false,1.64,-1.00,429,backpressure,false,
candidateB_saturation_hard,2026-09-13T19:07:50.121797+08:00,5,false,1.62,-1.00,429,backpressure,false,
candidateB_saturation_hard,2026-09-13T19:07:50.271638+08:00,6,false,2.15,-1.00,429,backpressure,false,
candidateB_saturation_hard,2026-09-13T19:07:50.272072+08:00,7,false,1.81,-1.00,429,backpressure,false,
candidateB_saturation_hard,2026-09-13T19:07:50.271981+08:00,5,false,2.00,-1.00,429,backpressure,false,
candidateB_saturation_hard,2026-09-13T19:07:50.271699+08:00,1,false,2.34,-1.00,429,backpressure,false,
candidateB_saturation_hard,2026-09-13T19:07:50.271572+08:00,2,false,2.56,-1.00,429,backpressure,false,
candidateB_saturation_hard,2026-09-13T19:07:50.272168+08:00,8,false,1.97,-1.00,429,backpressure,false,
candidateB_saturation_hard,2026-09-13T19:07:43.866068+08:00,12,true,6448.41,5655.71,200,,true,
candidateB_saturation_hard,2026-09-13T19:07:50.422986+08:00,1,true,11.43,-1.00,429,backpressure,false,
candidateB_saturation_hard,2026-09-13T19:07:50.42381+08:00,7,false,11.51,-1.00,429,backpressure,false,
candidateB_saturation_hard,2026-09-13T19:07:50.422887+08:00,2,false,12.49,-1.00,429,backpressure,false,
candidateB_saturation_hard,2026-09-13T19:07:50.423492+08:00,5,true,16.88,-1.00,429,backpressure,false,
candidateB_saturation_hard,2026-09-13T19:07:50.422678+08:00,8,false,17.69,-1.00,429,backpressure,false,
candidateB_saturation_hard,2026-09-13T19:07:50.423223+08:00,6,false,21.61,-1.00,429,backpressure,false,
candidateB_saturation_hard,2026-09-13T19:07:50.57512+08:00,8,true,2.11,-1.00,429,backpressure,false,
candidateB_saturation_hard,2026-09-13T19:07:50.57452+08:00,6,false,2.82,-1.00,429,backpressure,false,
candidateB_saturation_hard,2026-09-13T19:07:50.574091+08:00,5,false,3.31,-1.00,429,backpressure,false,
candidateB_saturation_hard,2026-09-13T19:07:50.575352+08:00,2,false,2.09,-1.00,429,backpressure,false,
candidateB_saturation_hard,2026-09-13T19:07:50.574677+08:00,7,true,2.78,-1.00,429,backpressure,false,
candidateB_saturation_hard,2026-09-13T19:07:50.575601+08:00,1,false,2.18,-1.00,429,backpressure,false,
candidateB_saturation_hard,2026-09-13T19:07:50.726555+08:00,8,false,1.60,-1.00,429,backpressure,false,
candidateB_saturation_hard,2026-09-13T19:07:50.726723+08:00,2,true,1.56,-1.00,429,backpressure,false,
candidateB_saturation_hard,2026-09-13T19:07:50.726436+08:00,1,true,2.11,-1.00,429,backpressure,false,
candidateB_saturation_hard,2026-09-13T19:07:50.726296+08:00,7,false,2.31,-1.00,429,backpressure,false,
candidateB_saturation_hard,2026-09-13T19:07:50.726505+08:00,5,true,2.15,-1.00,429,backpressure,false,
candidateB_saturation_hard,2026-09-13T19:07:50.72691+08:00,6,false,1.90,-1.00,429,backpressure,false,
candidateB_saturation_hard,2026-09-13T19:07:50.877193+08:00,6,false,2.06,-1.00,429,backpressure,false,
candidateB_saturation_hard,2026-09-13T19:07:50.877193+08:00,5,false,2.14,-1.00,429,backpressure,false,
candidateB_saturation_hard,2026-09-13T19:07:50.877947+08:00,2,false,1.40,-1.00,429,backpressure,false,
candidateB_saturation_hard,2026-09-13T19:07:50.877236+08:00,7,false,2.15,-1.00,429,backpressure,false,
candidateB_saturation_hard,2026-09-13T19:07:50.878071+08:00,8,false,1.36,-1.00,429,backpressure,false,
candidateB_saturation_hard,2026-09-13T19:07:50.877359+08:00,1,true,2.42,-1.00,429,backpressure,false,
candidateB_saturation_hard,2026-09-13T19:07:51.028597+08:00,1,false,1.94,-1.00,429,backpressure,false,
candidateB_saturation_hard,2026-09-13T19:07:51.028189+08:00,2,false,2.46,-1.00,429,backpressure,false,
candidateB_saturation_hard,2026-09-13T19:07:51.028309+08:00,5,false,2.23,-1.00,429,backpressure,false,
candidateB_saturation_hard,2026-09-13T19:07:51.028231+08:00,6,true,2.56,-1.00,429,backpressure,false,
candidateB_saturation_hard,2026-09-13T19:07:51.028189+08:00,8,false,4.96,-1.00,429,backpressure,false,
candidateB_saturation_hard,2026-09-13T19:07:51.028571+08:00,7,false,4.65,-1.00,429,backpressure,false,
candidateB_saturation_hard,2026-09-13T19:07:51.178486+08:00,8,false,2.72,-1.00,429,backpressure,false,
candidateB_saturation_hard,2026-09-13T19:07:51.179218+08:00,2,false,2.04,-1.00,429,backpressure,false,
candidateB_saturation_hard,2026-09-13T19:07:51.179008+08:00,5,true,2.30,-1.00,429,backpressure,false,
candidateB_saturation_hard,2026-09-13T19:07:51.178606+08:00,7,false,2.80,-1.00,429,backpressure,false,
candidateB_saturation_hard,2026-09-13T19:07:51.178486+08:00,6,true,4.15,-1.00,429,backpressure,false,
candidateB_saturation_hard,2026-09-13T19:07:51.178703+08:00,1,true,4.07,-1.00,429,backpressure,false,
candidateB_saturation_hard,2026-09-13T19:07:44.537596+08:00,13,true,6794.71,5895.85,200,,true,
candidateB_saturation_hard,2026-09-13T19:07:51.331182+08:00,8,false,1.66,-1.00,429,backpressure,false,
candidateB_saturation_hard,2026-09-13T19:07:51.332187+08:00,7,true,0.75,-1.00,429,backpressure,false,
candidateB_saturation_hard,2026-09-13T19:07:51.331095+08:00,2,false,1.86,-1.00,429,backpressure,false,
candidateB_saturation_hard,2026-09-13T19:07:51.33254+08:00,5,false,0.57,-1.00,429,backpressure,false,
candidateB_saturation_hard,2026-09-13T19:07:51.332483+08:00,13,false,0.65,-1.00,429,backpressure,false,
candidateB_saturation_hard,2026-09-13T19:07:51.332454+08:00,1,false,0.73,-1.00,429,backpressure,false,
candidateB_saturation_hard,2026-09-13T19:07:51.482727+08:00,5,false,2.40,-1.00,429,backpressure,false,
candidateB_saturation_hard,2026-09-13T19:07:51.482564+08:00,1,false,2.62,-1.00,429,backpressure,false,
candidateB_saturation_hard,2026-09-13T19:07:51.48286+08:00,13,true,2.41,-1.00,429,backpressure,false,
candidateB_saturation_hard,2026-09-13T19:07:51.482231+08:00,2,true,3.10,-1.00,429,backpressure,false,
candidateB_saturation_hard,2026-09-13T19:07:51.48223+08:00,8,false,3.13,-1.00,429,backpressure,false,
candidateB_saturation_hard,2026-09-13T19:07:51.48233+08:00,7,false,3.07,-1.00,429,backpressure,false,
candidateB_saturation_hard,2026-09-13T19:07:51.63327+08:00,8,true,1.57,-1.00,429,backpressure,false,
candidateB_saturation_hard,2026-09-13T19:07:51.633438+08:00,7,true,1.46,-1.00,429,backpressure,false,
candidateB_saturation_hard,2026-09-13T19:07:51.633754+08:00,5,true,1.23,-1.00,429,backpressure,false,
candidateB_saturation_hard,2026-09-13T19:07:51.633283+08:00,13,true,1.75,-1.00,429,backpressure,false,
candidateB_saturation_hard,2026-09-13T19:07:51.633675+08:00,1,false,1.38,-1.00,429,backpressure,false,
candidateB_saturation_hard,2026-09-13T19:07:51.633306+08:00,2,true,1.76,-1.00,429,backpressure,false,
candidateB_saturation_hard,2026-09-13T19:07:51.785304+08:00,2,false,5.06,-1.00,429,backpressure,false,
candidateB_saturation_hard,2026-09-13T19:07:51.784683+08:00,8,true,5.74,-1.00,429,backpressure,false,
candidateB_saturation_hard,2026-09-13T19:07:51.784801+08:00,13,false,5.69,-1.00,429,backpressure,false,
candidateB_saturation_hard,2026-09-13T19:07:51.78437+08:00,5,false,6.16,-1.00,429,backpressure,false,
candidateB_saturation_hard,2026-09-13T19:07:51.785526+08:00,7,true,5.04,-1.00,429,backpressure,false,
candidateB_saturation_hard,2026-09-13T19:07:51.786615+08:00,1,false,3.97,-1.00,429,backpressure,false,
candidateB_saturation_hard,2026-09-13T19:07:51.934875+08:00,5,true,2.09,-1.00,429,backpressure,false,
candidateB_saturation_hard,2026-09-13T19:07:51.934912+08:00,8,true,2.12,-1.00,429,backpressure,false,
candidateB_saturation_hard,2026-09-13T19:07:51.934871+08:00,13,false,2.99,-1.00,429,backpressure,false,
candidateB_saturation_hard,2026-09-13T19:07:51.937059+08:00,2,false,0.83,-1.00,429,backpressure,false,
candidateB_saturation_hard,2026-09-13T19:07:51.937052+08:00,1,false,0.89,-1.00,429,backpressure,false,
candidateB_saturation_hard,2026-09-13T19:07:51.936533+08:00,7,false,1.64,-1.00,429,backpressure,false,
candidateB_saturation_hard,2026-09-13T19:07:45.233793+08:00,3,false,6844.66,-1.00,200,,true,
candidateB_saturation_hard,2026-09-13T19:07:52.085796+08:00,8,true,1.17,-1.00,429,backpressure,false,
candidateB_saturation_hard,2026-09-13T19:07:52.085809+08:00,5,false,1.20,-1.00,429,backpressure,false,
candidateB_saturation_hard,2026-09-13T19:07:52.085668+08:00,13,false,1.59,-1.00,429,backpressure,false,
candidateB_saturation_hard,2026-09-13T19:07:52.087448+08:00,2,false,2.47,-1.00,429,backpressure,false,
candidateB_saturation_hard,2026-09-13T19:07:52.087369+08:00,7,true,2.63,-1.00,429,backpressure,false,
candidateB_saturation_hard,2026-09-13T19:07:52.088111+08:00,1,true,1.81,-1.00,429,backpressure,false,
candidateB_saturation_hard,2026-09-13T19:07:52.237454+08:00,8,false,1.56,-1.00,429,backpressure,false,
candidateB_saturation_hard,2026-09-13T19:07:52.237236+08:00,5,true,1.82,-1.00,429,backpressure,false,
candidateB_saturation_hard,2026-09-13T19:07:52.237693+08:00,1,false,1.40,-1.00,429,backpressure,false,
candidateB_saturation_hard,2026-09-13T19:07:52.237489+08:00,2,true,1.65,-1.00,429,backpressure,false,
candidateB_saturation_hard,2026-09-13T19:07:52.237798+08:00,7,false,1.39,-1.00,429,backpressure,false,
candidateB_saturation_hard,2026-09-13T19:07:52.237411+08:00,13,false,1.79,-1.00,429,backpressure,false,
candidateB_saturation_hard,2026-09-13T19:07:52.388453+08:00,5,false,3.71,-1.00,429,backpressure,false,
candidateB_saturation_hard,2026-09-13T19:07:52.388691+08:00,2,true,3.51,-1.00,429,backpressure,false,
candidateB_saturation_hard,2026-09-13T19:07:52.388523+08:00,8,false,3.76,-1.00,429,backpressure,false,
candidateB_saturation_hard,2026-09-13T19:07:52.388761+08:00,13,true,3.75,-1.00,429,backpressure,false,
candidateB_saturation_hard,2026-09-13T19:07:52.388299+08:00,7,false,4.27,-1.00,429,backpressure,false,
candidateB_saturation_hard,2026-09-13T19:07:52.388352+08:00,1,false,4.27,-1.00,429,backpressure,false,
candidateB_saturation_hard,2026-09-13T19:07:52.539918+08:00,5,true,1.30,-1.00,429,backpressure,false,
candidateB_saturation_hard,2026-09-13T19:07:52.540143+08:00,7,true,1.14,-1.00,429,backpressure,false,
candidateB_saturation_hard,2026-09-13T19:07:52.539443+08:00,13,false,1.93,-1.00,429,backpressure,false,
candidateB_saturation_hard,2026-09-13T19:07:52.540233+08:00,1,false,1.20,-1.00,429,backpressure,false,
candidateB_saturation_hard,2026-09-13T19:07:52.539922+08:00,2,false,1.70,-1.00,429,backpressure,false,
candidateB_saturation_hard,2026-09-13T19:07:52.539676+08:00,8,false,2.09,-1.00,429,backpressure,false,
candidateB_saturation_hard,2026-09-13T19:07:52.69046+08:00,1,false,3.56,-1.00,429,backpressure,false,
candidateB_saturation_hard,2026-09-13T19:07:52.691269+08:00,8,false,2.80,-1.00,429,backpressure,false,
candidateB_saturation_hard,2026-09-13T19:07:52.690721+08:00,5,false,3.38,-1.00,429,backpressure,false,
candidateB_saturation_hard,2026-09-13T19:07:52.691434+08:00,2,false,2.71,-1.00,429,backpressure,false,
candidateB_saturation_hard,2026-09-13T19:07:52.69101+08:00,7,true,3.15,-1.00,429,backpressure,false,
candidateB_saturation_hard,2026-09-13T19:07:52.690664+08:00,13,false,3.53,-1.00,429,backpressure,false,
candidateB_saturation_hard,2026-09-13T19:07:52.840939+08:00,1,false,0.44,-1.00,429,backpressure,false,
candidateB_saturation_hard,2026-09-13T19:07:52.840909+08:00,5,true,0.55,-1.00,429,backpressure,false,
candidateB_saturation_hard,2026-09-13T19:07:52.840988+08:00,13,true,0.50,-1.00,429,backpressure,false,
candidateB_saturation_hard,2026-09-13T19:07:52.841296+08:00,8,false,0.28,-1.00,429,backpressure,false,
candidateB_saturation_hard,2026-09-13T19:07:52.841076+08:00,7,true,0.54,-1.00,429,backpressure,false,
candidateB_saturation_hard,2026-09-13T19:07:52.841473+08:00,2,true,0.23,-1.00,429,backpressure,false,
candidateB_saturation_hard,2026-09-13T19:07:46.017413+08:00,11,false,6827.17,-1.00,200,,true,
candidateB_saturation_hard,2026-09-13T19:07:52.991968+08:00,8,true,0.57,-1.00,429,backpressure,false,
candidateB_saturation_hard,2026-09-13T19:07:52.991969+08:00,2,true,0.94,-1.00,429,backpressure,false,
candidateB_saturation_hard,2026-09-13T19:07:52.992007+08:00,5,true,0.95,-1.00,429,backpressure,false,
candidateB_saturation_hard,2026-09-13T19:07:52.992019+08:00,13,true,1.02,-1.00,429,backpressure,false,
candidateB_saturation_hard,2026-09-13T19:07:52.991983+08:00,1,true,1.15,-1.00,429,backpressure,false,
candidateB_saturation_hard,2026-09-13T19:07:52.992031+08:00,7,true,1.12,-1.00,429,backpressure,false,
candidateB_saturation_hard,2026-09-13T19:07:53.143029+08:00,7,false,1.67,-1.00,429,backpressure,false,
candidateB_saturation_hard,2026-09-13T19:07:53.143189+08:00,2,false,1.57,-1.00,429,backpressure,false,
candidateB_saturation_hard,2026-09-13T19:07:53.143251+08:00,1,false,1.73,-1.00,429,backpressure,false,
candidateB_saturation_hard,2026-09-13T19:07:53.143068+08:00,5,false,2.00,-1.00,429,backpressure,false,
candidateB_saturation_hard,2026-09-13T19:07:53.143087+08:00,13,false,2.02,-1.00,429,backpressure,false,
candidateB_saturation_hard,2026-09-13T19:07:53.143033+08:00,8,true,2.11,-1.00,429,backpressure,false,
candidateB_saturation_hard,2026-09-13T19:07:53.294202+08:00,13,true,1.42,-1.00,429,backpressure,false,
candidateB_saturation_hard,2026-09-13T19:07:53.294176+08:00,8,false,1.48,-1.00,429,backpressure,false,
candidateB_saturation_hard,2026-09-13T19:07:53.294601+08:00,5,true,1.10,-1.00,429,backpressure,false,
candidateB_saturation_hard,2026-09-13T19:07:53.293859+08:00,1,true,1.88,-1.00,429,backpressure,false,
candidateB_saturation_hard,2026-09-13T19:07:53.294117+08:00,7,false,1.65,-1.00,429,backpressure,false,
candidateB_saturation_hard,2026-09-13T19:07:53.294402+08:00,2,true,1.40,-1.00,429,backpressure,false,
candidateB_saturation_hard,2026-09-13T19:07:53.445124+08:00,8,false,2.00,-1.00,429,backpressure,false,
candidateB_saturation_hard,2026-09-13T19:07:53.445502+08:00,5,false,1.62,-1.00,429,backpressure,false,
candidateB_saturation_hard,2026-09-13T19:07:53.444763+08:00,7,false,2.43,-1.00,429,backpressure,false,
candidateB_saturation_hard,2026-09-13T19:07:53.44564+08:00,2,true,1.54,-1.00,429,backpressure,false,
candidateB_saturation_hard,2026-09-13T19:07:53.444568+08:00,13,true,2.67,-1.00,429,backpressure,false,
candidateB_saturation_hard,2026-09-13T19:07:53.444706+08:00,1,false,2.58,-1.00,429,backpressure,false,
candidateB_saturation_hard,2026-09-13T19:07:53.595702+08:00,5,false,1.57,-1.00,429,backpressure,false,
candidateB_saturation_hard,2026-09-13T19:07:53.595813+08:00,8,true,1.48,-1.00,429,backpressure,false,
candidateB_saturation_hard,2026-09-13T19:07:53.596072+08:00,2,false,1.27,-1.00,429,backpressure,false,
candidateB_saturation_hard,2026-09-13T19:07:53.595672+08:00,7,true,1.72,-1.00,429,backpressure,false,
candidateB_saturation_hard,2026-09-13T19:07:53.596122+08:00,1,false,1.30,-1.00,429,backpressure,false,
candidateB_saturation_hard,2026-09-13T19:07:53.595676+08:00,13,false,1.78,-1.00,429,backpressure,false,
candidateB_saturation_hard,2026-09-13T19:07:53.747412+08:00,13,true,5.59,-1.00,429,backpressure,false,
candidateB_saturation_hard,2026-09-13T19:07:53.748914+08:00,7,true,4.55,-1.00,429,backpressure,false,
candidateB_saturation_hard,2026-09-13T19:07:53.749322+08:00,5,false,4.46,-1.00,429,backpressure,false,
candidateB_saturation_hard,2026-09-13T19:07:53.747026+08:00,1,false,7.08,-1.00,429,backpressure,false,
candidateB_saturation_hard,2026-09-13T19:07:53.749453+08:00,8,true,4.68,-1.00,429,backpressure,false,
candidateB_saturation_hard,2026-09-13T19:07:53.747791+08:00,2,false,6.35,-1.00,429,backpressure,false,
candidateB_saturation_hard,2026-09-13T19:07:46.849942+08:00,4,false,6996.97,-1.00,200,,true,
candidateB_saturation_hard,2026-09-13T19:07:53.898113+08:00,13,true,4.86,-1.00,429,backpressure,false,
candidateB_saturation_hard,2026-09-13T19:07:53.898189+08:00,1,false,4.84,-1.00,429,backpressure,false,
candidateB_saturation_hard,2026-09-13T19:07:53.898125+08:00,2,false,5.14,-1.00,429,backpressure,false,
candidateB_saturation_hard,2026-09-13T19:07:53.902761+08:00,7,false,0.66,-1.00,429,backpressure,false,
candidateB_saturation_hard,2026-09-13T19:07:53.902983+08:00,5,true,0.50,-1.00,429,backpressure,false,
candidateB_saturation_hard,2026-09-13T19:07:53.902985+08:00,8,true,0.58,-1.00,429,backpressure,false,
candidateB_saturation_hard,2026-09-13T19:07:54.04928+08:00,1,true,3.41,-1.00,429,backpressure,false,
candidateB_saturation_hard,2026-09-13T19:07:54.049373+08:00,13,true,4.85,-1.00,429,backpressure,false,
candidateB_saturation_hard,2026-09-13T19:07:54.049268+08:00,2,false,4.99,-1.00,429,backpressure,false,
candidateB_saturation_hard,2026-09-13T19:07:54.053853+08:00,7,true,1.64,-1.00,429,backpressure,false,
candidateB_saturation_hard,2026-09-13T19:07:54.053481+08:00,8,true,2.01,-1.00,429,backpressure,false,
candidateB_saturation_hard,2026-09-13T19:07:54.053586+08:00,5,true,2.03,-1.00,429,backpressure,false,
candidateB_saturation_hard,2026-09-13T19:07:54.201713+08:00,13,false,3.52,-1.00,429,backpressure,false,
candidateB_saturation_hard,2026-09-13T19:07:54.201814+08:00,1,false,3.45,-1.00,429,backpressure,false,
candidateB_saturation_hard,2026-09-13T19:07:54.201771+08:00,2,false,3.61,-1.00,429,backpressure,false,
candidateB_saturation_hard,2026-09-13T19:07:54.205004+08:00,7,true,0.52,-1.00,429,backpressure,false,
candidateB_saturation_hard,2026-09-13T19:07:54.204876+08:00,5,true,0.67,-1.00,429,backpressure,false,
candidateB_saturation_hard,2026-09-13T19:07:54.20501+08:00,8,false,0.71,-1.00,429,backpressure,false,
candidateB_saturation_hard,2026-09-13T19:07:54.352899+08:00,1,true,0.65,-1.00,429,backpressure,false,
candidateB_saturation_hard,2026-09-13T19:07:54.352911+08:00,13,true,0.67,-1.00,429,backpressure,false,
candidateB_saturation_hard,2026-09-13T19:07:54.352895+08:00,2,true,0.89,-1.00,429,backpressure,false,
candidateB_saturation_hard,2026-09-13T19:07:54.35497+08:00,5,false,0.47,-1.00,429,backpressure,false,
candidateB_saturation_hard,2026-09-13T19:07:54.35502+08:00,8,true,0.44,-1.00,429,backpressure,false,
candidateB_saturation_hard,2026-09-13T19:07:54.355038+08:00,7,true,0.48,-1.00,429,backpressure,false,
candidateB_saturation_hard,2026-09-13T19:07:54.503951+08:00,13,false,0.46,-1.00,429,backpressure,false,
candidateB_saturation_hard,2026-09-13T19:07:54.503942+08:00,1,true,0.53,-1.00,429,backpressure,false,
candidateB_saturation_hard,2026-09-13T19:07:54.503975+08:00,2,false,0.54,-1.00,429,backpressure,false,
candidateB_saturation_hard,2026-09-13T19:07:54.505047+08:00,8,false,0.21,-1.00,429,backpressure,false,
candidateB_saturation_hard,2026-09-13T19:07:54.505031+08:00,5,false,0.38,-1.00,429,backpressure,false,
candidateB_saturation_hard,2026-09-13T19:07:54.505064+08:00,7,false,0.46,-1.00,429,backpressure,false,
candidateB_saturation_hard,2026-09-13T19:07:54.655054+08:00,5,true,0.57,-1.00,429,backpressure,false,
candidateB_saturation_hard,2026-09-13T19:07:54.654995+08:00,2,true,0.90,-1.00,429,backpressure,false,
candidateB_saturation_hard,2026-09-13T19:07:54.655068+08:00,1,false,0.89,-1.00,429,backpressure,false,
candidateB_saturation_hard,2026-09-13T19:07:54.655034+08:00,13,false,1.04,-1.00,429,backpressure,false,
candidateB_saturation_hard,2026-09-13T19:07:54.655171+08:00,8,false,1.04,-1.00,429,backpressure,false,
candidateB_saturation_hard,2026-09-13T19:07:54.655073+08:00,7,false,1.16,-1.00,429,backpressure,false,
candidateB_saturation_hard,2026-09-13T19:07:54.80651+08:00,13,true,1.08,-1.00,429,backpressure,false,
candidateB_saturation_hard,2026-09-13T19:07:54.806295+08:00,2,false,1.45,-1.00,429,backpressure,false,
candidateB_saturation_hard,2026-09-13T19:07:54.806339+08:00,7,false,1.48,-1.00,429,backpressure,false,
candidateB_saturation_hard,2026-09-13T19:07:54.806592+08:00,5,false,1.29,-1.00,429,backpressure,false,
candidateB_saturation_hard,2026-09-13T19:07:54.80609+08:00,8,false,1.83,-1.00,429,backpressure,false,
candidateB_saturation_hard,2026-09-13T19:07:54.8062+08:00,1,true,1.75,-1.00,429,backpressure,false,
candidateB_saturation_hard,2026-09-13T19:07:47.814767+08:00,9,false,7026.17,-1.00,200,,true,
candidateB_saturation_hard,2026-09-13T19:07:54.958488+08:00,7,true,1.55,-1.00,429,backpressure,false,
candidateB_saturation_hard,2026-09-13T19:07:54.958554+08:00,13,true,1.52,-1.00,429,backpressure,false,
candidateB_saturation_hard,2026-09-13T19:07:54.958265+08:00,1,false,1.85,-1.00,429,backpressure,false,
candidateB_saturation_hard,2026-09-13T19:07:54.957641+08:00,5,false,2.51,-1.00,429,backpressure,false,
candidateB_saturation_hard,2026-09-13T19:07:54.957874+08:00,8,false,2.32,-1.00,429,backpressure,false,
candidateB_saturation_hard,2026-09-13T19:07:54.958402+08:00,2,true,1.82,-1.00,429,backpressure,false,
candidateB_saturation_hard,2026-09-13T19:07:55.108705+08:00,1,true,3.45,-1.00,429,backpressure,false,
candidateB_saturation_hard,2026-09-13T19:07:55.108733+08:00,2,false,3.47,-1.00,429,backpressure,false,
candidateB_saturation_hard,2026-09-13T19:07:55.10885+08:00,7,false,4.83,-1.00,429,backpressure,false,
candidateB_saturation_hard,2026-09-13T19:07:55.10895+08:00,5,false,4.77,-1.00,429,backpressure,false,
candidateB_saturation_hard,2026-09-13T19:07:55.109217+08:00,8,true,4.57,-1.00,429,backpressure,false,
candidateB_saturation_hard,2026-09-13T19:07:55.108698+08:00,13,true,5.15,-1.00,429,backpressure,false,
candidateB_saturation_hard,2026-09-13T19:07:55.259717+08:00,7,false,3.01,-1.00,429,backpressure,false,
candidateB_saturation_hard,2026-09-13T19:07:55.259486+08:00,8,false,3.29,-1.00,429,backpressure,false,
candidateB_saturation_hard,2026-09-13T19:07:55.260243+08:00,5,false,2.59,-1.00,429,backpressure,false,
candidateB_saturation_hard,2026-09-13T19:07:55.25981+08:00,2,false,3.06,-1.00,429,backpressure,false,
candidateB_saturation_hard,2026-09-13T19:07:55.260534+08:00,13,false,2.38,-1.00,429,backpressure,false,
candidateB_saturation_hard,2026-09-13T19:07:55.259993+08:00,1,false,2.96,-1.00,429,backpressure,false,
candidateB_saturation_hard,2026-09-13T19:07:55.410635+08:00,13,false,2.65,-1.00,429,backpressure,false,
candidateB_saturation_hard,2026-09-13T19:07:55.410843+08:00,2,false,2.49,-1.00,429,backpressure,false,
candidateB_saturation_hard,2026-09-13T19:07:55.410587+08:00,7,false,2.84,-1.00,429,backpressure,false,
candidateB_saturation_hard,2026-09-13T19:07:55.411113+08:00,1,false,2.40,-1.00,429,backpressure,false,
candidateB_saturation_hard,2026-09-13T19:07:55.410563+08:00,5,true,3.02,-1.00,429,backpressure,false,
candidateB_saturation_hard,2026-09-13T19:07:55.410758+08:00,8,true,2.88,-1.00,429,backpressure,false,
candidateB_saturation_hard,2026-09-13T19:07:55.560979+08:00,8,false,1.84,-1.00,429,backpressure,false,
candidateB_saturation_hard,2026-09-13T19:07:55.560979+08:00,2,false,1.87,-1.00,429,backpressure,false,
candidateB_saturation_hard,2026-09-13T19:07:55.561414+08:00,1,false,1.47,-1.00,429,backpressure,false,
candidateB_saturation_hard,2026-09-13T19:07:55.561013+08:00,5,false,1.91,-1.00,429,backpressure,false,
candidateB_saturation_hard,2026-09-13T19:07:55.56113+08:00,7,false,1.81,-1.00,429,backpressure,false,
candidateB_saturation_hard,2026-09-13T19:07:55.561344+08:00,13,false,1.61,-1.00,429,backpressure,false,
candidateB_saturation_hard,2026-09-13T19:07:55.712409+08:00,8,true,1.58,-1.00,429,backpressure,false,
candidateB_saturation_hard,2026-09-13T19:07:55.712027+08:00,7,false,2.07,-1.00,429,backpressure,false,
candidateB_saturation_hard,2026-09-13T19:07:55.712091+08:00,1,false,2.08,-1.00,429,backpressure,false,
candidateB_saturation_hard,2026-09-13T19:07:55.712482+08:00,13,false,1.74,-1.00,429,backpressure,false,
candidateB_saturation_hard,2026-09-13T19:07:55.712282+08:00,5,true,1.99,-1.00,429,backpressure,false,
candidateB_saturation_hard,2026-09-13T19:07:55.712034+08:00,2,false,2.29,-1.00,429,backpressure,false,
candidateB_saturation_hard,2026-09-13T19:07:48.68236+08:00,10,false,7093.23,-1.00,200,,true,
candidateB_saturation_hard,2026-09-13T19:07:55.864846+08:00,2,false,2.29,-1.00,429,backpressure,false,
candidateB_saturation_hard,2026-09-13T19:07:55.864422+08:00,13,false,2.76,-1.00,429,backpressure,false,
candidateB_saturation_hard,2026-09-13T19:07:55.864697+08:00,7,false,2.55,-1.00,429,backpressure,false,
candidateB_saturation_hard,2026-09-13T19:07:55.864619+08:00,5,false,2.68,-1.00,429,backpressure,false,
candidateB_saturation_hard,2026-09-13T19:07:55.864449+08:00,1,false,2.90,-1.00,429,backpressure,false,
candidateB_saturation_hard,2026-09-13T19:07:55.864853+08:00,8,false,2.54,-1.00,429,backpressure,false,
candidateB_saturation_hard,2026-09-13T19:07:56.015399+08:00,2,true,1.47,-1.00,429,backpressure,false,
candidateB_saturation_hard,2026-09-13T19:07:56.015456+08:00,13,false,1.45,-1.00,429,backpressure,false,
candidateB_saturation_hard,2026-09-13T19:07:56.015265+08:00,8,false,1.69,-1.00,429,backpressure,false,
candidateB_saturation_hard,2026-09-13T19:07:56.015265+08:00,5,false,1.73,-1.00,429,backpressure,false,
candidateB_saturation_hard,2026-09-13T19:07:56.015637+08:00,1,true,1.39,-1.00,429,backpressure,false,
candidateB_saturation_hard,2026-09-13T19:07:56.015305+08:00,7,false,1.76,-1.00,429,backpressure,false,
candidateB_saturation_hard,2026-09-13T19:07:56.167661+08:00,1,true,1.12,-1.00,429,backpressure,false,
candidateB_saturation_hard,2026-09-13T19:07:56.166242+08:00,5,false,2.60,-1.00,429,backpressure,false,
candidateB_saturation_hard,2026-09-13T19:07:56.167736+08:00,13,true,1.17,-1.00,429,backpressure,false,
candidateB_saturation_hard,2026-09-13T19:07:56.165509+08:00,2,false,3.45,-1.00,429,backpressure,false,
candidateB_saturation_hard,2026-09-13T19:07:56.167323+08:00,7,false,1.66,-1.00,429,backpressure,false,
candidateB_saturation_hard,2026-09-13T19:07:56.16618+08:00,8,true,2.82,-1.00,429,backpressure,false,
candidateB_saturation_hard,2026-09-13T19:07:56.316227+08:00,2,true,2.53,-1.00,429,backpressure,false,
candidateB_saturation_hard,2026-09-13T19:07:56.317736+08:00,8,false,2.12,-1.00,429,backpressure,false,
candidateB_saturation_hard,2026-09-13T19:07:56.316913+08:00,5,true,3.21,-1.00,429,backpressure,false,
candidateB_saturation_hard,2026-09-13T19:07:56.318958+08:00,7,true,1.38,-1.00,429,backpressure,false,
candidateB_saturation_hard,2026-09-13T19:07:56.319003+08:00,13,false,1.34,-1.00,429,backpressure,false,
candidateB_saturation_hard,2026-09-13T19:07:56.319044+08:00,1,false,1.31,-1.00,429,backpressure,false,
candidateB_saturation_hard,2026-09-13T19:07:56.466444+08:00,2,false,1.27,-1.00,429,backpressure,false,
candidateB_saturation_hard,2026-09-13T19:07:56.467303+08:00,5,true,0.54,-1.00,429,backpressure,false,
candidateB_saturation_hard,2026-09-13T19:07:56.467447+08:00,8,true,0.71,-1.00,429,backpressure,false,
candidateB_saturation_hard,2026-09-13T19:07:56.469052+08:00,13,false,1.67,-1.00,429,backpressure,false,
candidateB_saturation_hard,2026-09-13T19:07:56.469068+08:00,7,false,1.70,-1.00,429,backpressure,false,
candidateB_saturation_hard,2026-09-13T19:07:56.469204+08:00,1,true,1.85,-1.00,429,backpressure,false,
candidateB_saturation_hard,2026-09-13T19:07:49.398851+08:00,0,true,7216.24,6498.28,200,,true,
candidateB_saturation_hard,2026-09-13T19:07:56.618135+08:00,5,false,0.86,-1.00,429,backpressure,false,
candidateB_saturation_hard,2026-09-13T19:07:56.61813+08:00,8,false,1.10,-1.00,429,backpressure,false,
candidateB_saturation_hard,2026-09-13T19:07:56.618176+08:00,2,true,1.10,-1.00,429,backpressure,false,
candidateB_saturation_hard,2026-09-13T19:07:56.619053+08:00,13,true,0.24,-1.00,429,backpressure,false,
candidateB_saturation_hard,2026-09-13T19:07:56.619068+08:00,7,false,0.33,-1.00,429,backpressure,false,
candidateB_saturation_hard,2026-09-13T19:07:56.619238+08:00,1,false,0.25,-1.00,429,backpressure,false,
candidateB_saturation_hard,2026-09-13T19:07:56.76938+08:00,1,false,2.05,-1.00,429,backpressure,false,
candidateB_saturation_hard,2026-09-13T19:07:56.769324+08:00,5,false,2.22,-1.00,429,backpressure,false,
candidateB_saturation_hard,2026-09-13T19:07:56.77092+08:00,2,false,1.21,-1.00,429,backpressure,false,
candidateB_saturation_hard,2026-09-13T19:07:56.770351+08:00,13,false,1.82,-1.00,429,backpressure,false,
candidateB_saturation_hard,2026-09-13T19:07:56.769565+08:00,7,false,2.79,-1.00,429,backpressure,false,
candidateB_saturation_hard,2026-09-13T19:07:56.770637+08:00,8,false,1.80,-1.00,429,backpressure,false,
candidateB_saturation_hard,2026-09-13T19:07:56.921184+08:00,8,false,1.29,-1.00,429,backpressure,false,
candidateB_saturation_hard,2026-09-13T19:07:56.920427+08:00,7,false,2.10,-1.00,429,backpressure,false,
candidateB_saturation_hard,2026-09-13T19:07:56.92039+08:00,5,true,2.33,-1.00,429,backpressure,false,
candidateB_saturation_hard,2026-09-13T19:07:56.921015+08:00,2,false,1.77,-1.00,429,backpressure,false,
candidateB_saturation_hard,2026-09-13T19:07:56.921138+08:00,1,false,1.70,-1.00,429,backpressure,false,
candidateB_saturation_hard,2026-09-13T19:07:56.92039+08:00,13,false,2.48,-1.00,429,backpressure,false,
candidateB_saturation_hard,2026-09-13T19:07:57.071464+08:00,7,false,1.75,-1.00,429,backpressure,false,
candidateB_saturation_hard,2026-09-13T19:07:57.071976+08:00,13,true,1.59,-1.00,429,backpressure,false,
candidateB_saturation_hard,2026-09-13T19:07:57.071569+08:00,1,false,2.10,-1.00,429,backpressure,false,
candidateB_saturation_hard,2026-09-13T19:07:57.07187+08:00,2,true,1.92,-1.00,429,backpressure,false,
candidateB_saturation_hard,2026-09-13T19:07:57.071443+08:00,8,false,2.40,-1.00,429,backpressure,false,
candidateB_saturation_hard,2026-09-13T19:07:57.071708+08:00,5,true,2.19,-1.00,429,backpressure,false,
candidateB_saturation_hard,2026-09-13T19:07:57.222689+08:00,7,false,1.07,-1.00,429,backpressure,false,
candidateB_saturation_hard,2026-09-13T19:07:57.222649+08:00,8,true,1.25,-1.00,429,backpressure,false,
candidateB_saturation_hard,2026-09-13T19:07:57.222912+08:00,2,true,1.03,-1.00,429,backpressure,false,
candidateB_saturation_hard,2026-09-13T19:07:57.222491+08:00,13,true,1.57,-1.00,429,backpressure,false,
candidateB_saturation_hard,2026-09-13T19:07:57.223102+08:00,1,true,1.19,-1.00,429,backpressure,false,
candidateB_saturation_hard,2026-09-13T19:07:57.222735+08:00,5,true,1.59,-1.00,429,backpressure,false,
candidateB_saturation_hard,2026-09-13T19:07:57.373869+08:00,7,false,2.55,-1.00,429,backpressure,false,
candidateB_saturation_hard,2026-09-13T19:07:57.375897+08:00,13,false,4.57,-1.00,429,backpressure,false,
candidateB_saturation_hard,2026-09-13T19:07:57.374501+08:00,5,true,6.05,-1.00,429,backpressure,false,
candidateB_saturation_hard,2026-09-13T19:07:57.37356+08:00,2,false,7.03,-1.00,429,backpressure,false,
candidateB_saturation_hard,2026-09-13T19:07:57.373788+08:00,8,true,6.84,-1.00,429,backpressure,false,
candidateB_saturation_hard,2026-09-13T19:07:57.374332+08:00,1,false,6.34,-1.00,429,backpressure,false,
candidateB_saturation_hard,2026-09-13T19:07:50.314669+08:00,12,false,7115.34,-1.00,200,,true,
candidateB_saturation_hard,2026-09-13T19:07:57.524627+08:00,1,false,0.97,-1.00,429,backpressure,false,
candidateB_saturation_hard,2026-09-13T19:07:57.524653+08:00,7,false,1.26,-1.00,429,backpressure,false,
candidateB_saturation_hard,2026-09-13T19:07:57.524694+08:00,2,true,1.28,-1.00,429,backpressure,false,
candidateB_saturation_hard,2026-09-13T19:07:57.524671+08:00,5,true,1.33,-1.00,429,backpressure,false,
candidateB_saturation_hard,2026-09-13T19:07:57.524727+08:00,8,true,1.38,-1.00,429,backpressure,false,
candidateB_saturation_hard,2026-09-13T19:07:57.525953+08:00,13,false,0.48,-1.00,429,backpressure,false,
candidateB_saturation_hard,2026-09-13T19:07:57.675689+08:00,5,true,0.54,-1.00,429,backpressure,false,
candidateB_saturation_hard,2026-09-13T19:07:57.675689+08:00,8,true,0.63,-1.00,429,backpressure,false,
candidateB_saturation_hard,2026-09-13T19:07:57.675725+08:00,2,true,0.67,-1.00,429,backpressure,false,
candidateB_saturation_hard,2026-09-13T19:07:57.675706+08:00,7,true,0.71,-1.00,429,backpressure,false,
candidateB_saturation_hard,2026-09-13T19:07:57.675741+08:00,1,false,0.68,-1.00,429,backpressure,false,
candidateB_saturation_hard,2026-09-13T19:07:57.675968+08:00,13,true,0.46,-1.00,429,backpressure,false,
candidateB_saturation_hard,2026-09-13T19:07:57.827136+08:00,8,false,1.13,-1.00,429,backpressure,false,
candidateB_saturation_hard,2026-09-13T19:07:57.826841+08:00,5,false,1.46,-1.00,429,backpressure,false,
candidateB_saturation_hard,2026-09-13T19:07:57.826921+08:00,7,false,1.40,-1.00,429,backpressure,false,
candidateB_saturation_hard,2026-09-13T19:07:57.827205+08:00,1,true,1.16,-1.00,429,backpressure,false,
candidateB_saturation_hard,2026-09-13T19:07:57.826783+08:00,2,true,1.60,-1.00,429,backpressure,false,
candidateB_saturation_hard,2026-09-13T19:07:57.826983+08:00,13,false,1.41,-1.00,429,backpressure,false,
candidateB_saturation_hard,2026-09-13T19:07:57.97888+08:00,7,false,2.08,-1.00,429,backpressure,false,
candidateB_saturation_hard,2026-09-13T19:07:57.979804+08:00,5,false,1.20,-1.00,429,backpressure,false,
candidateB_saturation_hard,2026-09-13T19:07:57.97934+08:00,8,false,1.70,-1.00,429,backpressure,false,
candidateB_saturation_hard,2026-09-13T19:07:57.979818+08:00,2,true,1.25,-1.00,429,backpressure,false,
candidateB_saturation_hard,2026-09-13T19:07:57.979004+08:00,13,true,2.11,-1.00,429,backpressure,false,
candidateB_saturation_hard,2026-09-13T19:07:57.978578+08:00,1,true,2.57,-1.00,429,backpressure,false,
candidateB_saturation_hard,2026-09-13T19:07:58.129234+08:00,7,false,0.51,-1.00,429,backpressure,false,
candidateB_saturation_hard,2026-09-13T19:07:58.128676+08:00,1,false,1.16,-1.00,429,backpressure,false,
candidateB_saturation_hard,2026-09-13T19:07:58.129828+08:00,2,false,0.48,-1.00,429,backpressure,false,
candidateB_saturation_hard,2026-09-13T19:07:58.129379+08:00,8,false,0.98,-1.00,429,backpressure,false,
candidateB_saturation_hard,2026-09-13T19:07:58.129525+08:00,13,false,0.92,-1.00,429,backpressure,false,
candidateB_saturation_hard,2026-09-13T19:07:58.129879+08:00,5,false,0.72,-1.00,429,backpressure,false,
candidateB_saturation_hard,2026-09-13T19:07:51.330589+08:00,6,false,6899.55,-1.00,200,,true,
candidateB_saturation_hard,2026-09-13T19:07:58.279757+08:00,7,true,1.55,-1.00,429,backpressure,false,
candidateB_saturation_hard,2026-09-13T19:07:58.280678+08:00,8,true,1.99,-1.00,429,backpressure,false,
candidateB_saturation_hard,2026-09-13T19:07:58.280229+08:00,5,false,2.53,-1.00,429,backpressure,false,
candidateB_saturation_hard,2026-09-13T19:07:58.280291+08:00,2,false,2.54,-1.00,429,backpressure,false,
candidateB_saturation_hard,2026-09-13T19:07:58.28024+08:00,1,false,2.66,-1.00,429,backpressure,false,
candidateB_saturation_hard,2026-09-13T19:07:58.280269+08:00,13,true,2.73,-1.00,429,backpressure,false,
candidateB_saturation_hard,2026-09-13T19:07:58.433008+08:00,2,true,2.91,-1.00,429,backpressure,false,
candidateB_saturation_hard,2026-09-13T19:07:58.430891+08:00,8,true,5.19,-1.00,429,backpressure,false,
candidateB_saturation_hard,2026-09-13T19:07:58.431935+08:00,1,false,4.21,-1.00,429,backpressure,false,
candidateB_saturation_hard,2026-09-13T19:07:58.430876+08:00,7,true,5.37,-1.00,429,backpressure,false,
candidateB_saturation_hard,2026-09-13T19:07:58.430916+08:00,5,false,5.39,-1.00,429,backpressure,false,
candidateB_saturation_hard,2026-09-13T19:07:58.435912+08:00,13,false,0.45,-1.00,429,backpressure,false,
candidateB_saturation_hard,2026-09-13T19:07:58.581919+08:00,5,false,2.23,-1.00,429,backpressure,false,
candidateB_saturation_hard,2026-09-13T19:07:58.582151+08:00,8,true,2.13,-1.00,429,backpressure,false,
candidateB_saturation_hard,2026-09-13T19:07:58.584457+08:00,2,false,1.83,-1.00,429,backpressure,false,
candidateB_saturation_hard,2026-09-13T19:07:58.582247+08:00,1,true,4.08,-1.00,429,backpressure,false,
candidateB_saturation_hard,2026-09-13T19:07:58.582532+08:00,7,false,3.93,-1.00,429,backpressure,false,
candidateB_saturation_hard,2026-09-13T19:07:58.585706+08:00,13,true,2.11,-1.00,429,backpressure,false,
candidateB_saturation_hard,2026-09-13T19:07:58.733021+08:00,8,true,2.35,-1.00,429,backpressure,false,
candidateB_saturation_hard,2026-09-13T19:07:58.733148+08:00,1,false,2.32,-1.00,429,backpressure,false,
candidateB_saturation_hard,2026-09-13T19:07:58.733059+08:00,5,false,2.44,-1.00,429,backpressure,false,
candidateB_saturation_hard,2026-09-13T19:07:58.733018+08:00,7,false,2.35,-1.00,429,backpressure,false,
candidateB_saturation_hard,2026-09-13T19:07:58.734753+08:00,2,true,1.34,-1.00,429,backpressure,false,
candidateB_saturation_hard,2026-09-13T19:07:58.735959+08:00,13,false,0.88,-1.00,429,backpressure,false,
candidateB_saturation_hard,2026-09-13T19:07:58.884818+08:00,8,true,2.51,-1.00,429,backpressure,false,
candidateB_saturation_hard,2026-09-13T19:07:58.885623+08:00,5,true,2.44,-1.00,429,backpressure,false,
candidateB_saturation_hard,2026-09-13T19:07:58.884084+08:00,7,false,4.04,-1.00,429,backpressure,false,
candidateB_saturation_hard,2026-09-13T19:07:58.886838+08:00,13,false,1.32,-1.00,429,backpressure,false,
candidateB_saturation_hard,2026-09-13T19:07:58.88472+08:00,1,true,3.48,-1.00,429,backpressure,false,
candidateB_saturation_hard,2026-09-13T19:07:58.884843+08:00,2,true,3.39,-1.00,429,backpressure,false,
candidateB_saturation_hard,2026-09-13T19:07:59.035639+08:00,8,true,2.44,-1.00,429,backpressure,false,
candidateB_saturation_hard,2026-09-13T19:07:59.036296+08:00,5,false,1.87,-1.00,429,backpressure,false,
candidateB_saturation_hard,2026-09-13T19:07:59.036007+08:00,2,true,2.22,-1.00,429,backpressure,false,
candidateB_saturation_hard,2026-09-13T19:07:59.035313+08:00,7,false,3.01,-1.00,429,backpressure,false,
candidateB_saturation_hard,2026-09-13T19:07:59.03552+08:00,1,true,2.86,-1.00,429,backpressure,false,
candidateB_saturation_hard,2026-09-13T19:07:59.037768+08:00,13,true,1.34,-1.00,429,backpressure,false,
candidateB_saturation_hard,2026-09-13T19:07:52.078677+08:00,3,false,7036.03,-1.00,200,,true,
candidateB_saturation_hard,2026-09-13T19:07:59.186686+08:00,1,false,1.72,-1.00,429,backpressure,false,
candidateB_saturation_hard,2026-09-13T19:07:59.187247+08:00,8,false,1.23,-1.00,429,backpressure,false,
candidateB_saturation_hard,2026-09-13T19:07:59.187329+08:00,2,false,1.64,-1.00,429,backpressure,false,
candidateB_saturation_hard,2026-09-13T19:07:59.186454+08:00,5,false,2.58,-1.00,429,backpressure,false,
candidateB_saturation_hard,2026-09-13T19:07:59.188097+08:00,13,false,0.99,-1.00,429,backpressure,false,
candidateB_saturation_hard,2026-09-13T19:07:59.18713+08:00,7,true,1.97,-1.00,429,backpressure,false,
candidateB_saturation_hard,2026-09-13T19:07:59.33759+08:00,1,true,1.11,-1.00,429,backpressure,false,
candidateB_saturation_hard,2026-09-13T19:07:59.337444+08:00,8,false,1.40,-1.00,429,backpressure,false,
candidateB_saturation_hard,2026-09-13T19:07:59.337668+08:00,7,false,1.24,-1.00,429,backpressure,false,
candidateB_saturation_hard,2026-09-13T19:07:59.338565+08:00,2,true,0.60,-1.00,429,backpressure,false,
candidateB_saturation_hard,2026-09-13T19:07:59.338434+08:00,5,false,0.76,-1.00,429,backpressure,false,
candidateB_saturation_hard,2026-09-13T19:07:59.338289+08:00,13,false,0.92,-1.00,429,backpressure,false,
candidateB_saturation_hard,2026-09-13T19:07:59.488888+08:00,13,false,2.43,-1.00,429,backpressure,false,
candidateB_saturation_hard,2026-09-13T19:07:59.488695+08:00,8,false,2.69,-1.00,429,backpressure,false,
candidateB_saturation_hard,2026-09-13T19:07:59.488532+08:00,7,true,2.93,-1.00,429,backpressure,false,
candidateB_saturation_hard,2026-09-13T19:07:59.488586+08:00,2,true,2.93,-1.00,429,backpressure,false,
candidateB_saturation_hard,2026-09-13T19:07:59.489013+08:00,1,false,2.56,-1.00,429,backpressure,false,
candidateB_saturation_hard,2026-09-13T19:07:59.488532+08:00,5,false,3.09,-1.00,429,backpressure,false,
candidateB_saturation_hard,2026-09-13T19:07:59.639508+08:00,1,false,2.79,-1.00,429,backpressure,false,
candidateB_saturation_hard,2026-09-13T19:07:59.640209+08:00,2,false,2.14,-1.00,429,backpressure,false,
candidateB_saturation_hard,2026-09-13T19:07:59.639837+08:00,7,true,2.56,-1.00,429,backpressure,false,
candidateB_saturation_hard,2026-09-13T19:07:59.639755+08:00,5,false,2.69,-1.00,429,backpressure,false,
candidateB_saturation_hard,2026-09-13T19:07:59.640547+08:00,13,true,1.93,-1.00,429,backpressure,false,
candidateB_saturation_hard,2026-09-13T19:07:59.640365+08:00,8,false,2.16,-1.00,429,backpressure,false,
candidateB_saturation_hard,2026-09-13T19:07:59.791211+08:00,8,true,1.50,-1.00,429,backpressure,false,
candidateB_saturation_hard,2026-09-13T19:07:59.791097+08:00,13,false,1.62,-1.00,429,backpressure,false,
candidateB_saturation_hard,2026-09-13T19:07:59.790782+08:00,7,false,1.99,-1.00,429,backpressure,false,
candidateB_saturation_hard,2026-09-13T19:07:59.790633+08:00,1,true,2.19,-1.00,429,backpressure,false,
candidateB_saturation_hard,2026-09-13T19:07:59.790592+08:00,5,false,2.25,-1.00,429,backpressure,false,
candidateB_saturation_hard,2026-09-13T19:07:59.790587+08:00,2,true,2.30,-1.00,429,backpressure,false,
candidateB_saturation_hard,2026-09-13T19:07:52.844772+08:00,11,true,6995.14,6389.30,200,,true,
candidateB_saturation_hard,2026-09-13T19:07:59.941965+08:00,1,false,3.04,-1.00,429,backpressure,false,
candidateB_saturation_hard,2026-09-13T19:07:59.941709+08:00,13,false,3.35,-1.00,429,backpressure,false,
candidateB_saturation_hard,2026-09-13T19:07:59.942076+08:00,7,false,3.08,-1.00,429,backpressure,false,
candidateB_saturation_hard,2026-09-13T19:07:59.942366+08:00,5,false,3.61,-1.00,429,backpressure,false,
candidateB_saturation_hard,2026-09-13T19:07:59.942261+08:00,8,true,3.78,-1.00,429,backpressure,false,
candidateB_saturation_hard,2026-09-13T19:07:59.942461+08:00,2,true,3.68,-1.00,429,backpressure,false,
candidateB_saturation_hard,2026-09-13T19:08:00.0928+08:00,2,false,2.73,-1.00,429,backpressure,false,
candidateB_saturation_hard,2026-09-13T19:08:00.09301+08:00,5,true,2.52,-1.00,429,backpressure,false,
candidateB_saturation_hard,2026-09-13T19:08:00.093437+08:00,13,true,2.15,-1.00,429,backpressure,false,
candidateB_saturation_hard,2026-09-13T19:08:00.093083+08:00,7,true,2.51,-1.00,429,backpressure,false,
candidateB_saturation_hard,2026-09-13T19:08:00.093361+08:00,1,true,2.26,-1.00,429,backpressure,false,
candidateB_saturation_hard,2026-09-13T19:08:00.092855+08:00,8,false,2.79,-1.00,429,backpressure,false,
candidateB_saturation_hard,2026-09-13T19:08:00.246656+08:00,2,false,1.50,-1.00,429,backpressure,false,
candidateB_saturation_hard,2026-09-13T19:08:00.24699+08:00,8,false,1.26,-1.00,429,backpressure,false,
candidateB_saturation_hard,2026-09-13T19:08:00.246458+08:00,7,false,1.83,-1.00,429,backpressure,false,
candidateB_saturation_hard,2026-09-13T19:08:00.246575+08:00,13,false,1.78,-1.00,429,backpressure,false,
candidateB_saturation_hard,2026-09-13T19:08:00.246905+08:00,1,false,1.58,-1.00,429,backpressure,false,
candidateB_saturation_hard,2026-09-13T19:08:00.246695+08:00,5,true,2.27,-1.00,429,backpressure,false,
candidateB_saturation_hard,2026-09-13T19:08:00.398222+08:00,8,true,1.22,-1.00,429,backpressure,false,
candidateB_saturation_hard,2026-09-13T19:08:00.397649+08:00,7,true,1.91,-1.00,429,backpressure,false,
candidateB_saturation_hard,2026-09-13T19:08:00.397915+08:00,1,true,1.70,-1.00,429,backpressure,false,
candidateB_saturation_hard,2026-09-13T19:08:00.397683+08:00,5,false,1.96,-1.00,429,backpressure,false,
candidateB_saturation_hard,2026-09-13T19:08:00.398045+08:00,13,true,1.61,-1.00,429,backpressure,false,
candidateB_saturation_hard,2026-09-13T19:08:00.397649+08:00,2,false,2.05,-1.00,429,backpressure,false,
candidateB_saturation_hard,2026-09-13T19:07:53.847129+08:00,4,true,6660.60,6110.15,200,,true,
candidateB_saturation_hard,2026-09-13T19:08:00.548738+08:00,2,false,2.35,-1.00,429,backpressure,false,
candidateB_saturation_hard,2026-09-13T19:08:00.549011+08:00,5,false,2.96,-1.00,429,backpressure,false,
candidateB_saturation_hard,2026-09-13T19:08:00.550383+08:00,8,true,2.52,-1.00,429,backpressure,false,
candidateB_saturation_hard,2026-09-13T19:08:00.550532+08:00,1,false,2.39,-1.00,429,backpressure,false,
candidateB_saturation_hard,2026-09-13T19:08:00.550261+08:00,7,true,2.69,-1.00,429,backpressure,false,
candidateB_saturation_hard,2026-09-13T19:08:00.550038+08:00,13,false,3.27,-1.00,429,backpressure,false,
candidateB_saturation_hard,2026-09-13T19:08:00.699834+08:00,2,false,0.93,-1.00,429,backpressure,false,
candidateB_saturation_hard,2026-09-13T19:08:00.699814+08:00,5,true,1.03,-1.00,429,backpressure,false,
candidateB_saturation_hard,2026-09-13T19:08:00.700973+08:00,8,false,0.59,-1.00,429,backpressure,false,
candidateB_saturation_hard,2026-09-13T19:08:00.70042+08:00,13,true,1.47,-1.00,429,backpressure,false,
candidateB_saturation_hard,2026-09-13T19:08:00.700915+08:00,1,true,1.06,-1.00,429,backpressure,false,
candidateB_saturation_hard,2026-09-13T19:08:00.701022+08:00,7,false,1.38,-1.00,429,backpressure,false,
candidateB_saturation_hard,2026-09-13T19:08:00.850976+08:00,1,true,1.67,-1.00,429,backpressure,false,
candidateB_saturation_hard,2026-09-13T19:08:00.850912+08:00,2,false,1.77,-1.00,429,backpressure,false,
candidateB_saturation_hard,2026-09-13T19:08:00.850918+08:00,5,false,1.81,-1.00,429,backpressure,false,
candidateB_saturation_hard,2026-09-13T19:08:00.851607+08:00,7,true,1.16,-1.00,429,backpressure,false,
candidateB_saturation_hard,2026-09-13T19:08:00.851052+08:00,13,false,1.74,-1.00,429,backpressure,false,
candidateB_saturation_hard,2026-09-13T19:08:00.851491+08:00,8,true,1.38,-1.00,429,backpressure,false,
candidateB_saturation_hard,2026-09-13T19:08:01.002601+08:00,8,true,2.34,-1.00,429,backpressure,false,
candidateB_saturation_hard,2026-09-13T19:08:01.001781+08:00,7,false,3.28,-1.00,429,backpressure,false,
candidateB_saturation_hard,2026-09-13T19:08:01.002032+08:00,2,false,3.10,-1.00,429,backpressure,false,
candidateB_saturation_hard,2026-09-13T19:08:01.001821+08:00,5,true,3.44,-1.00,429,backpressure,false,
candidateB_saturation_hard,2026-09-13T19:08:01.002299+08:00,13,true,2.97,-1.00,429,backpressure,false,
candidateB_saturation_hard,2026-09-13T19:08:01.00212+08:00,1,false,3.91,-1.00,429,backpressure,false,
candidateB_saturation_hard,2026-09-13T19:08:01.155341+08:00,2,true,1.58,-1.00,429,backpressure,false,
candidateB_saturation_hard,2026-09-13T19:08:01.155144+08:00,5,true,1.82,-1.00,429,backpressure,false,
candidateB_saturation_hard,2026-09-13T19:08:01.153528+08:00,7,false,3.46,-1.00,429,backpressure,false,
candidateB_saturation_hard,2026-09-13T19:08:01.153426+08:00,8,false,3.60,-1.00,429,backpressure,false,
candidateB_saturation_hard,2026-09-13T19:08:01.155481+08:00,13,true,1.59,-1.00,429,backpressure,false,
candidateB_saturation_hard,2026-09-13T19:08:01.1531+08:00,1,true,3.98,-1.00,429,backpressure,false,
candidateB_saturation_hard,2026-09-13T19:08:01.304788+08:00,8,false,0.95,-1.00,429,backpressure,false,
candidateB_saturation_hard,2026-09-13T19:08:01.304526+08:00,7,false,1.52,-1.00,429,backpressure,false,
candidateB_saturation_hard,2026-09-13T19:08:01.305849+08:00,13,true,0.87,-1.00,429,backpressure,false,
candidateB_saturation_hard,2026-09-13T19:08:01.306053+08:00,2,true,0.73,-1.00,429,backpressure,false,
candidateB_saturation_hard,2026-09-13T19:08:01.305265+08:00,5,false,1.57,-1.00,429,backpressure,false,
candidateB_saturation_hard,2026-09-13T19:08:01.304822+08:00,1,false,2.21,-1.00,429,backpressure,false,
candidateB_saturation_hard,2026-09-13T19:07:54.841146+08:00,9,false,6488.71,-1.00,200,,true,
candidateB_saturation_hard,2026-09-13T19:08:01.455306+08:00,5,false,1.22,-1.00,429,backpressure,false,
candidateB_saturation_hard,2026-09-13T19:08:01.455555+08:00,7,false,1.02,-1.00,429,backpressure,false,
candidateB_saturation_hard,2026-09-13T19:08:01.455265+08:00,1,true,1.35,-1.00,429,backpressure,false,
candidateB_saturation_hard,2026-09-13T19:08:01.455265+08:00,8,true,1.42,-1.00,429,backpressure,false,
candidateB_saturation_hard,2026-09-13T19:08:01.456358+08:00,13,true,0.61,-1.00,429,backpressure,false,
candidateB_saturation_hard,2026-09-13T19:08:01.456269+08:00,2,true,0.80,-1.00,429,backpressure,false,
candidateB_saturation_hard,2026-09-13T19:08:01.606235+08:00,1,true,1.48,-1.00,429,backpressure,false,
candidateB_saturation_hard,2026-09-13T19:08:01.606184+08:00,7,false,1.73,-1.00,429,backpressure,false,
candidateB_saturation_hard,2026-09-13T19:08:01.60637+08:00,13,false,1.59,-1.00,429,backpressure,false,
candidateB_saturation_hard,2026-09-13T19:08:01.606342+08:00,5,true,1.67,-1.00,429,backpressure,false,
candidateB_saturation_hard,2026-09-13T19:08:01.606868+08:00,8,true,1.67,-1.00,429,backpressure,false,
candidateB_saturation_hard,2026-09-13T19:08:01.606408+08:00,2,false,2.18,-1.00,429,backpressure,false,
candidateB_saturation_hard,2026-09-13T19:08:01.756876+08:00,2,true,1.98,-1.00,429,backpressure,false,
candidateB_saturation_hard,2026-09-13T19:08:01.756928+08:00,5,false,2.02,-1.00,429,backpressure,false,
candidateB_saturation_hard,2026-09-13T19:08:01.75689+08:00,1,false,2.12,-1.00,429,backpressure,false,
candidateB_saturation_hard,2026-09-13T19:08:01.757063+08:00,13,false,1.99,-1.00,429,backpressure,false,
candidateB_saturation_hard,2026-09-13T19:08:01.757395+08:00,7,false,1.68,-1.00,429,backpressure,false,
candidateB_saturation_hard,2026-09-13T19:08:01.756944+08:00,8,false,2.17,-1.00,429,backpressure,false,
candidateB_saturation_hard,2026-09-13T19:08:01.908377+08:00,5,false,1.58,-1.00,429,backpressure,false,
candidateB_saturation_hard,2026-09-13T19:08:01.908466+08:00,8,true,1.53,-1.00,429,backpressure,false,
candidateB_saturation_hard,2026-09-13T19:08:01.907945+08:00,13,false,2.16,-1.00,429,backpressure,false,
candidateB_saturation_hard,2026-09-13T19:08:01.907982+08:00,2,false,2.16,-1.00,429,backpressure,false,
candidateB_saturation_hard,2026-09-13T19:08:01.907956+08:00,7,false,2.22,-1.00,429,backpressure,false,
candidateB_saturation_hard,2026-09-13T19:08:01.908108+08:00,1,false,2.14,-1.00,429,backpressure,false,
candidateB_saturation_hard,2026-09-13T19:08:02.058391+08:00,1,true,3.87,-1.00,429,backpressure,false,
candidateB_saturation_hard,2026-09-13T19:08:02.058674+08:00,13,false,3.59,-1.00,429,backpressure,false,
candidateB_saturation_hard,2026-09-13T19:08:02.059064+08:00,8,false,3.23,-1.00,429,backpressure,false,
candidateB_saturation_hard,2026-09-13T19:08:02.058599+08:00,7,true,3.70,-1.00,429,backpressure,false,
candidateB_saturation_hard,2026-09-13T19:08:02.058626+08:00,2,false,3.89,-1.00,429,backpressure,false,
candidateB_saturation_hard,2026-09-13T19:08:02.0586+08:00,5,true,3.93,-1.00,429,backpressure,false,
candidateB_saturation_hard,2026-09-13T19:08:02.208855+08:00,7,false,5.01,-1.00,429,backpressure,false,
candidateB_saturation_hard,2026-09-13T19:08:02.208714+08:00,2,true,5.21,-1.00,429,backpressure,false,
candidateB_saturation_hard,2026-09-13T19:08:02.208626+08:00,1,true,5.38,-1.00,429,backpressure,false,
candidateB_saturation_hard,2026-09-13T19:08:02.208821+08:00,13,true,5.20,-1.00,429,backpressure,false,
candidateB_saturation_hard,2026-09-13T19:08:02.208827+08:00,5,true,5.23,-1.00,429,backpressure,false,
candidateB_saturation_hard,2026-09-13T19:08:02.209159+08:00,8,false,4.93,-1.00,429,backpressure,false,
candidateB_saturation_hard,2026-09-13T19:07:55.775804+08:00,10,true,6472.84,5673.07,200,,true,
candidateB_saturation_hard,2026-09-13T19:08:02.360268+08:00,8,false,1.77,-1.00,429,backpressure,false,
candidateB_saturation_hard,2026-09-13T19:08:02.360148+08:00,13,false,3.89,-1.00,429,backpressure,false,
candidateB_saturation_hard,2026-09-13T19:08:02.359935+08:00,7,false,4.11,-1.00,429,backpressure,false,
candidateB_saturation_hard,2026-09-13T19:08:02.359701+08:00,5,true,4.38,-1.00,429,backpressure,false,
candidateB_saturation_hard,2026-09-13T19:08:02.36001+08:00,2,true,4.07,-1.00,429,backpressure,false,
candidateB_saturation_hard,2026-09-13T19:08:02.359705+08:00,1,true,4.41,-1.00,429,backpressure,false,
candidateB_saturation_hard,2026-09-13T19:08:02.511947+08:00,7,false,2.66,-1.00,429,backpressure,false,
candidateB_saturation_hard,2026-09-13T19:08:02.512402+08:00,13,false,2.37,-1.00,429,backpressure,false,
candidateB_saturation_hard,2026-09-13T19:08:02.511843+08:00,1,false,3.48,-1.00,429,backpressure,false,
candidateB_saturation_hard,2026-09-13T19:08:02.512698+08:00,5,true,2.67,-1.00,429,backpressure,false,
candidateB_saturation_hard,2026-09-13T19:08:02.511724+08:00,8,false,3.69,-1.00,429,backpressure,false,
candidateB_saturation_hard,2026-09-13T19:08:02.511605+08:00,2,false,3.86,-1.00,429,backpressure,false,
candidateB_saturation_hard,2026-09-13T19:08:02.661296+08:00,2,true,2.64,-1.00,429,backpressure,false,
candidateB_saturation_hard,2026-09-13T19:08:02.661961+08:00,1,false,2.10,-1.00,429,backpressure,false,
candidateB_saturation_hard,2026-09-13T19:08:02.662681+08:00,13,false,2.25,-1.00,429,backpressure,false,
candidateB_saturation_hard,2026-09-13T19:08:02.662838+08:00,5,true,2.15,-1.00,429,backpressure,false,
candidateB_saturation_hard,2026-09-13T19:08:02.662096+08:00,7,false,2.91,-1.00,429,backpressure,false,
candidateB_saturation_hard,2026-09-13T19:08:02.661976+08:00,8,false,3.06,-1.00,429,backpressure,false,
candidateB_saturation_hard,2026-09-13T19:08:02.813505+08:00,5,true,1.61,-1.00,429,backpressure,false,
candidateB_saturation_hard,2026-09-13T19:08:02.813169+08:00,7,false,2.18,-1.00,429,backpressure,false,
candidateB_saturation_hard,2026-09-13T19:08:02.8144+08:00,1,false,2.55,-1.00,429,backpressure,false,
candidateB_saturation_hard,2026-09-13T19:08:02.813581+08:00,8,false,3.37,-1.00,429,backpressure,false,
candidateB_saturation_hard,2026-09-13T19:08:02.814531+08:00,2,true,2.42,-1.00,429,backpressure,false,
candidateB_saturation_hard,2026-09-13T19:08:02.814191+08:00,13,false,2.80,-1.00,429,backpressure,false,
candidateB_saturation_hard,2026-09-13T19:08:02.964945+08:00,7,false,1.18,-1.00,429,backpressure,false,
candidateB_saturation_hard,2026-09-13T19:08:02.965029+08:00,1,true,1.10,-1.00,429,backpressure,false,
candidateB_saturation_hard,2026-09-13T19:08:02.964335+08:00,13,true,1.82,-1.00,429,backpressure,false,
candidateB_saturation_hard,2026-09-13T19:08:02.964647+08:00,2,true,1.59,-1.00,429,backpressure,false,
candidateB_saturation_hard,2026-09-13T19:08:02.964412+08:00,8,true,1.83,-1.00,429,backpressure,false,
candidateB_saturation_hard,2026-09-13T19:08:02.964783+08:00,5,false,1.99,-1.00,429,backpressure,false,
candidateB_saturation_hard,2026-09-13T19:07:56.615584+08:00,0,false,6447.48,-1.00,200,,true,
candidateB_saturation_hard,2026-09-13T19:08:03.115964+08:00,5,true,3.07,-1.00,429,backpressure,false,
candidateB_saturation_hard,2026-09-13T19:08:03.118597+08:00,1,true,1.15,-1.00,429,backpressure,false,
candidateB_saturation_hard,2026-09-13T19:08:03.116238+08:00,7,false,3.55,-1.00,429,backpressure,false,
candidateB_saturation_hard,2026-09-13T19:08:03.1186+08:00,13,false,1.21,-1.00,429,backpressure,false,
candidateB_saturation_hard,2026-09-13T19:08:03.11792+08:00,2,false,1.90,-1.00,429,backpressure,false,
candidateB_saturation_hard,2026-09-13T19:08:03.118618+08:00,8,false,1.23,-1.00,429,backpressure,false,
candidateB_saturation_hard,2026-09-13T19:08:03.267074+08:00,7,true,0.75,-1.00,429,backpressure,false,
candidateB_saturation_hard,2026-09-13T19:08:03.26706+08:00,5,true,0.76,-1.00,429,backpressure,false,
candidateB_saturation_hard,2026-09-13T19:08:03.267937+08:00,2,false,0.26,-1.00,429,backpressure,false,
candidateB_saturation_hard,2026-09-13T19:08:03.268894+08:00,1,false,1.17,-1.00,429,backpressure,false,
candidateB_saturation_hard,2026-09-13T19:08:03.268786+08:00,8,true,1.37,-1.00,429,backpressure,false,
candidateB_saturation_hard,2026-09-13T19:08:03.268981+08:00,13,false,1.43,-1.00,429,backpressure,false,
candidateB_saturation_hard,2026-09-13T19:08:03.41748+08:00,7,false,1.11,-1.00,429,backpressure,false,
candidateB_saturation_hard,2026-09-13T19:08:03.417744+08:00,5,true,0.96,-1.00,429,backpressure,false,
candidateB_saturation_hard,2026-09-13T19:08:03.418853+08:00,8,true,0.34,-1.00,429,backpressure,false,
candidateB_saturation_hard,2026-09-13T19:08:03.418692+08:00,2,false,0.55,-1.00,429,backpressure,false,
candidateB_saturation_hard,2026-09-13T19:08:03.419135+08:00,13,false,0.48,-1.00,429,backpressure,false,
candidateB_saturation_hard,2026-09-13T19:08:03.418908+08:00,1,false,0.78,-1.00,429,backpressure,false,
candidateB_saturation_hard,2026-09-13T19:08:03.568712+08:00,2,true,1.24,-1.00,429,backpressure,false,
candidateB_saturation_hard,2026-09-13T19:08:03.568499+08:00,5,true,1.54,-1.00,429,backpressure,false,
candidateB_saturation_hard,2026-09-13T19:08:03.568499+08:00,7,true,1.60,-1.00,429,backpressure,false,
candidateB_saturation_hard,2026-09-13T19:08:03.569039+08:00,8,false,1.21,-1.00,429,backpressure,false,
candidateB_saturation_hard,2026-09-13T19:08:03.569243+08:00,13,false,1.81,-1.00,429,backpressure,false,
candidateB_saturation_hard,2026-09-13T19:08:03.569368+08:00,1,false,1.77,-1.00,429,backpressure,false,
candidateB_saturation_hard,2026-09-13T19:08:03.719946+08:00,1,true,3.48,-1.00,429,backpressure,false,
candidateB_saturation_hard,2026-09-13T19:08:03.720911+08:00,13,true,2.54,-1.00,429,backpressure,false,
candidateB_saturation_hard,2026-09-13T19:08:03.721018+08:00,5,false,3.26,-1.00,429,backpressure,false,
candidateB_saturation_hard,2026-09-13T19:08:03.721456+08:00,8,true,2.88,-1.00,429,backpressure,false,
candidateB_saturation_hard,2026-09-13T19:08:03.721379+08:00,2,true,3.00,-1.00,429,backpressure,false,
candidateB_saturation_hard,2026-09-13T19:08:03.721294+08:00,7,false,3.11,-1.00,429,backpressure,false,
candidateB_saturation_hard,2026-09-13T19:08:03.871516+08:00,8,false,2.04,-1.00,429,backpressure,false,
candidateB_saturation_hard,2026-09-13T19:08:03.871486+08:00,7,false,2.16,-1.00,429,backpressure,false,
candidateB_saturation_hard,2026-09-13T19:08:03.871066+08:00,13,false,2.59,-1.00,429,backpressure,false,
candidateB_saturation_hard,2026-09-13T19:08:03.87141+08:00,2,false,2.28,-1.00,429,backpressure,false,
candidateB_saturation_hard,2026-09-13T19:08:03.871074+08:00,1,false,2.64,-1.00,429,backpressure,false,
candidateB_saturation_hard,2026-09-13T19:08:03.871128+08:00,5,false,2.42,-1.00,429,backpressure,false,
candidateB_saturation_hard,2026-09-13T19:07:57.430226+08:00,12,true,6458.67,5752.35,200,,true,
candidateB_saturation_hard,2026-09-13T19:08:04.02214+08:00,7,false,2.12,-1.00,429,backpressure,false,
candidateB_saturation_hard,2026-09-13T19:08:04.022476+08:00,8,true,1.84,-1.00,429,backpressure,false,
candidateB_saturation_hard,2026-09-13T19:08:04.022201+08:00,5,true,2.15,-1.00,429,backpressure,false,
candidateB_saturation_hard,2026-09-13T19:08:04.022665+08:00,1,false,1.71,-1.00,429,backpressure,false,
candidateB_saturation_hard,2026-09-13T19:08:04.02214+08:00,2,false,2.25,-1.00,429,backpressure,false,
candidateB_saturation_hard,2026-09-13T19:08:04.022625+08:00,13,true,1.82,-1.00,429,backpressure,false,
candidateB_saturation_hard,2026-09-13T19:08:04.173305+08:00,13,true,0.98,-1.00,429,backpressure,false,
candidateB_saturation_hard,2026-09-13T19:08:04.174026+08:00,1,true,1.67,-1.00,429,backpressure,false,
candidateB_saturation_hard,2026-09-13T19:08:04.173943+08:00,5,false,1.91,-1.00,429,backpressure,false,
candidateB_saturation_hard,2026-09-13T19:08:04.17387+08:00,2,false,2.05,-1.00,429,backpressure,false,
candidateB_saturation_hard,2026-09-13T19:08:04.173607+08:00,7,false,2.36,-1.00,429,backpressure,false,
candidateB_saturation_hard,2026-09-13T19:08:04.173544+08:00,8,false,2.44,-1.00,429,backpressure,false,
candidateB_saturation_hard,2026-09-13T19:08:04.324352+08:00,13,true,1.37,-1.00,429,backpressure,false,
candidateB_saturation_hard,2026-09-13T19:08:04.32454+08:00,5,false,1.22,-1.00,429,backpressure,false,
candidateB_saturation_hard,2026-09-13T19:08:04.324754+08:00,8,true,1.04,-1.00,429,backpressure,false,
candidateB_saturation_hard,2026-09-13T19:08:04.324483+08:00,7,true,1.35,-1.00,429,backpressure,false,
candidateB_saturation_hard,2026-09-13T19:08:04.324352+08:00,1,false,1.53,-1.00,429,backpressure,false,
candidateB_saturation_hard,2026-09-13T19:08:04.324409+08:00,2,true,1.57,-1.00,429,backpressure,false,
candidateB_saturation_hard,2026-09-13T19:08:04.475472+08:00,8,false,4.27,-1.00,429,backpressure,false,
candidateB_saturation_hard,2026-09-13T19:08:04.475633+08:00,5,false,4.26,-1.00,429,backpressure,false,
candidateB_saturation_hard,2026-09-13T19:08:04.476009+08:00,13,false,3.92,-1.00,429,backpressure,false,
candidateB_saturation_hard,2026-09-13T19:08:04.475529+08:00,7,false,4.45,-1.00,429,backpressure,false,
candidateB_saturation_hard,2026-09-13T19:08:04.475716+08:00,1,false,4.29,-1.00,429,backpressure,false,
candidateB_saturation_hard,2026-09-13T19:08:04.475455+08:00,2,false,4.56,-1.00,429,backpressure,false,
candidateB_saturation_hard,2026-09-13T19:08:04.626168+08:00,2,false,2.30,-1.00,429,backpressure,false,
candidateB_saturation_hard,2026-09-13T19:08:04.626318+08:00,1,true,2.29,-1.00,429,backpressure,false,
candidateB_saturation_hard,2026-09-13T19:08:04.625725+08:00,8,true,2.97,-1.00,429,backpressure,false,
candidateB_saturation_hard,2026-09-13T19:08:04.625775+08:00,7,false,2.99,-1.00,429,backpressure,false,
candidateB_saturation_hard,2026-09-13T19:08:04.6262+08:00,13,false,2.63,-1.00,429,backpressure,false,
candidateB_saturation_hard,2026-09-13T19:08:04.625739+08:00,5,false,3.23,-1.00,429,backpressure,false,
candidateB_saturation_hard,2026-09-13T19:07:58.230359+08:00,6,false,6402.85,-1.00,200,,true,
candidateB_saturation_hard,2026-09-13T19:08:04.777496+08:00,8,true,3.98,-1.00,429,backpressure,false,
candidateB_saturation_hard,2026-09-13T19:08:04.776833+08:00,1,true,4.68,-1.00,429,backpressure,false,
candidateB_saturation_hard,2026-09-13T19:08:04.776888+08:00,7,false,4.73,-1.00,429,backpressure,false,
candidateB_saturation_hard,2026-09-13T19:08:04.778941+08:00,13,true,2.69,-1.00,429,backpressure,false,
candidateB_saturation_hard,2026-09-13T19:08:04.77963+08:00,5,false,2.18,-1.00,429,backpressure,false,
candidateB_saturation_hard,2026-09-13T19:08:04.778733+08:00,2,false,3.08,-1.00,429,backpressure,false,
candidateB_saturation_hard,2026-09-13T19:08:04.928026+08:00,7,true,1.33,-1.00,429,backpressure,false,
candidateB_saturation_hard,2026-09-13T19:08:04.928336+08:00,8,true,1.14,-1.00,429,backpressure,false,
candidateB_saturation_hard,2026-09-13T19:08:04.929193+08:00,2,false,1.20,-1.00,429,backpressure,false,
candidateB_saturation_hard,2026-09-13T19:08:04.929073+08:00,13,true,1.40,-1.00,429,backpressure,false,
candidateB_saturation_hard,2026-09-13T19:08:04.928252+08:00,1,false,2.29,-1.00,429,backpressure,false,
candidateB_saturation_hard,2026-09-13T19:08:04.930212+08:00,5,false,0.94,-1.00,429,backpressure,false,
candidateB_saturation_hard,2026-09-13T19:08:05.080991+08:00,2,true,2.28,-1.00,429,backpressure,false,
candidateB_saturation_hard,2026-09-13T19:08:05.080695+08:00,13,true,2.87,-1.00,429,backpressure,false,
candidateB_saturation_hard,2026-09-13T19:08:05.081248+08:00,8,false,3.04,-1.00,429,backpressure,false,
candidateB_saturation_hard,2026-09-13T19:08:05.083686+08:00,7,false,0.63,-1.00,429,backpressure,false,
candidateB_saturation_hard,2026-09-13T19:08:05.080293+08:00,5,false,4.05,-1.00,429,backpressure,false,
candidateB_saturation_hard,2026-09-13T19:08:05.080622+08:00,1,false,3.74,-1.00,429,backpressure,false,
candidateB_saturation_hard,2026-09-13T19:08:05.231179+08:00,13,true,1.71,-1.00,429,backpressure,false,
candidateB_saturation_hard,2026-09-13T19:08:05.231566+08:00,8,false,1.38,-1.00,429,backpressure,false,
candidateB_saturation_hard,2026-09-13T19:08:05.231015+08:00,1,false,1.95,-1.00,429,backpressure,false,
candidateB_saturation_hard,2026-09-13T19:08:05.231084+08:00,2,true,1.93,-1.00,429,backpressure,false,
candidateB_saturation_hard,2026-09-13T19:08:05.231015+08:00,5,false,2.04,-1.00,429,backpressure,false,
candidateB_saturation_hard,2026-09-13T19:08:05.233827+08:00,7,true,0.44,-1.00,429,backpressure,false,
candidateB_saturation_hard,2026-09-13T19:08:05.381548+08:00,5,false,1.90,-1.00,429,backpressure,false,
candidateB_saturation_hard,2026-09-13T19:08:05.38178+08:00,13,true,1.77,-1.00,429,backpressure,false,
candidateB_saturation_hard,2026-09-13T19:08:05.382107+08:00,2,true,2.37,-1.00,429,backpressure,false,
candidateB_saturation_hard,2026-09-13T19:08:05.381847+08:00,1,false,2.87,-1.00,429,backpressure,false,
candidateB_saturation_hard,2026-09-13T19:08:05.383873+08:00,7,true,0.90,-1.00,429,backpressure,false,
candidateB_saturation_hard,2026-09-13T19:08:05.383074+08:00,8,false,1.73,-1.00,429,backpressure,false,
candidateB_saturation_hard,2026-09-13T19:08:05.532725+08:00,2,true,1.92,-1.00,429,backpressure,false,
candidateB_saturation_hard,2026-09-13T19:08:05.532755+08:00,1,false,1.93,-1.00,429,backpressure,false,
candidateB_saturation_hard,2026-09-13T19:08:05.53321+08:00,8,false,1.52,-1.00,429,backpressure,false,
candidateB_saturation_hard,2026-09-13T19:08:05.532967+08:00,13,false,1.82,-1.00,429,backpressure,false,
candidateB_saturation_hard,2026-09-13T19:08:05.532908+08:00,5,true,2.02,-1.00,429,backpressure,false,
candidateB_saturation_hard,2026-09-13T19:08:05.534827+08:00,7,false,0.90,-1.00,429,backpressure,false,
candidateB_saturation_hard,2026-09-13T19:08:05.684321+08:00,8,false,3.62,-1.00,429,backpressure,false,
candidateB_saturation_hard,2026-09-13T19:08:05.685868+08:00,5,true,2.13,-1.00,429,backpressure,false,
candidateB_saturation_hard,2026-09-13T19:08:05.686204+08:00,1,false,1.89,-1.00,429,backpressure,false,
candidateB_saturation_hard,2026-09-13T19:08:05.685424+08:00,7,false,2.72,-1.00,429,backpressure,false,
candidateB_saturation_hard,2026-09-13T19:08:05.684591+08:00,2,false,3.62,-1.00,429,backpressure,false,
candidateB_saturation_hard,2026-09-13T19:08:05.684684+08:00,13,true,3.55,-1.00,429,backpressure,false,
candidateB_saturation_hard,2026-09-13T19:07:59.114923+08:00,3,true,6642.96,5637.86,200,,true,
candidateB_saturation_hard,2026-09-13T19:08:05.836014+08:00,5,true,2.12,-1.00,429,backpressure,false,
candidateB_saturation_hard,2026-09-13T19:08:05.835533+08:00,8,false,2.67,-1.00,429,backpressure,false,
candidateB_saturation_hard,2026-09-13T19:08:05.835441+08:00,2,false,2.81,-1.00,429,backpressure,false,
candidateB_saturation_hard,2026-09-13T19:08:05.835591+08:00,13,true,2.69,-1.00,429,backpressure,false,
candidateB_saturation_hard,2026-09-13T19:08:05.83621+08:00,1,true,2.08,-1.00,429,backpressure,false,
candidateB_saturation_hard,2026-09-13T19:08:05.835499+08:00,7,true,2.83,-1.00,429,backpressure,false,
candidateB_saturation_hard,2026-09-13T19:08:05.986938+08:00,2,true,2.38,-1.00,429,backpressure,false,
candidateB_saturation_hard,2026-09-13T19:08:05.98666+08:00,1,false,2.93,-1.00,429,backpressure,false,
candidateB_saturation_hard,2026-09-13T19:08:05.987744+08:00,5,true,1.94,-1.00,429,backpressure,false,
candidateB_saturation_hard,2026-09-13T19:08:05.98749+08:00,8,false,2.27,-1.00,429,backpressure,false,
candidateB_saturation_hard,2026-09-13T19:08:05.988262+08:00,13,true,1.58,-1.00,429,backpressure,false,
candidateB_saturation_hard,2026-09-13T19:08:05.987083+08:00,7,true,3.17,-1.00,429,backpressure,false,
candidateB_saturation_hard,2026-09-13T19:08:06.138106+08:00,1,false,1.80,-1.00,429,backpressure,false,
candidateB_saturation_hard,2026-09-13T19:08:06.138444+08:00,13,true,1.50,-1.00,429,backpressure,false,
candidateB_saturation_hard,2026-09-13T19:08:06.137738+08:00,2,false,2.29,-1.00,429,backpressure,false,
candidateB_saturation_hard,2026-09-13T19:08:06.137793+08:00,5,false,2.28,-1.00,429,backpressure,false,
candidateB_saturation_hard,2026-09-13T19:08:06.137731+08:00,8,false,2.37,-1.00,429,backpressure,false,
candidateB_saturation_hard,2026-09-13T19:08:06.137889+08:00,7,true,2.23,-1.00,429,backpressure,false,
candidateB_saturation_hard,2026-09-13T19:08:06.288807+08:00,13,false,1.72,-1.00,429,backpressure,false,
candidateB_saturation_hard,2026-09-13T19:08:06.289359+08:00,7,false,1.28,-1.00,429,backpressure,false,
candidateB_saturation_hard,2026-09-13T19:08:06.289481+08:00,8,false,1.71,-1.00,429,backpressure,false,
candidateB_saturation_hard,2026-09-13T19:08:06.288998+08:00,1,true,2.26,-1.00,429,backpressure,false,
candidateB_saturation_hard,2026-09-13T19:08:06.28886+08:00,2,false,2.43,-1.00,429,backpressure,false,
candidateB_saturation_hard,2026-09-13T19:08:06.288822+08:00,5,true,2.48,-1.00,429,backpressure,false,
candidateB_saturation_hard,2026-09-13T19:08:06.440346+08:00,7,false,1.43,-1.00,429,backpressure,false,
candidateB_saturation_hard,2026-09-13T19:08:06.440126+08:00,5,false,1.72,-1.00,429,backpressure,false,
candidateB_saturation_hard,2026-09-13T19:08:06.439419+08:00,1,true,2.56,-1.00,429,backpressure,false,
candidateB_saturation_hard,2026-09-13T19:08:06.439509+08:00,8,true,3.49,-1.00,429,backpressure,false,
candidateB_saturation_hard,2026-09-13T19:08:06.439743+08:00,13,true,3.40,-1.00,429,backpressure,false,
candidateB_saturation_hard,2026-09-13T19:08:06.440608+08:00,2,true,3.62,-1.00,429,backpressure,false,
candidateB_saturation_hard,2026-09-13T19:07:59.840144+08:00,11,false,6629.85,-1.00,200,,true,
candidateB_saturation_hard,2026-09-13T19:08:06.590484+08:00,7,false,1.51,-1.00,429,backpressure,false,
candidateB_saturation_hard,2026-09-13T19:08:06.590252+08:00,5,false,1.85,-1.00,429,backpressure,false,
candidateB_saturation_hard,2026-09-13T19:08:06.590664+08:00,2,false,1.51,-1.00,429,backpressure,false,
candidateB_saturation_hard,2026-09-13T19:08:06.59009+08:00,8,false,2.15,-1.00,429,backpressure,false,
candidateB_saturation_hard,2026-09-13T19:08:06.590582+08:00,13,true,1.71,-1.00,429,backpressure,false,
candidateB_saturation_hard,2026-09-13T19:08:06.590091+08:00,1,false,2.27,-1.00,429,backpressure,false,
candidateB_saturation_hard,2026-09-13T19:08:06.741176+08:00,5,true,5.34,-1.00,429,backpressure,false,
candidateB_saturation_hard,2026-09-13T19:08:06.741695+08:00,1,true,4.87,-1.00,429,backpressure,false,
candidateB_saturation_hard,2026-09-13T19:08:06.741216+08:00,7,false,5.45,-1.00,429,backpressure,false,
candidateB_saturation_hard,2026-09-13T19:08:06.741316+08:00,8,false,5.51,-1.00,429,backpressure,false,
candidateB_saturation_hard,2026-09-13T19:08:06.741161+08:00,2,false,5.73,-1.00,429,backpressure,false,
candidateB_saturation_hard,2026-09-13T19:08:06.74136+08:00,13,false,5.59,-1.00,429,backpressure,false,
candidateB_saturation_hard,2026-09-13T19:08:06.891632+08:00,2,true,3.12,-1.00,429,backpressure,false,
candidateB_saturation_hard,2026-09-13T19:08:06.892281+08:00,5,false,2.60,-1.00,429,backpressure,false,
candidateB_saturation_hard,2026-09-13T19:08:06.891489+08:00,13,false,4.62,-1.00,429,backpressure,false,
candidateB_saturation_hard,2026-09-13T19:08:06.891414+08:00,7,false,4.70,-1.00,429,backpressure,false,
candidateB_saturation_hard,2026-09-13T19:08:06.891953+08:00,1,true,4.23,-1.00,429,backpressure,false,
candidateB_saturation_hard,2026-09-13T19:08:06.89213+08:00,8,false,4.06,-1.00,429,backpressure,false,
candidateB_saturation_hard,2026-09-13T19:08:07.042512+08:00,5,false,3.89,-1.00,429,backpressure,false,
candidateB_saturation_hard,2026-09-13T19:08:07.043117+08:00,1,true,3.38,-1.00,429,backpressure,false,
candidateB_saturation_hard,2026-09-13T19:08:07.043678+08:00,8,false,2.84,-1.00,429,backpressure,false,
candidateB_saturation_hard,2026-09-13T19:08:07.042599+08:00,7,false,4.02,-1.00,429,backpressure,false,
candidateB_saturation_hard,2026-09-13T19:08:07.043381+08:00,13,true,3.35,-1.00,429,backpressure,false,
candidateB_saturation_hard,2026-09-13T19:08:07.041831+08:00,2,true,4.94,-1.00,429,backpressure,false,
candidateB_saturation_hard,2026-09-13T19:08:07.192983+08:00,2,false,1.11,-1.00,429,backpressure,false,
candidateB_saturation_hard,2026-09-13T19:08:07.192921+08:00,5,false,5.55,-1.00,429,backpressure,false,
candidateB_saturation_hard,2026-09-13T19:08:07.19368+08:00,8,true,5.54,-1.00,429,backpressure,false,
candidateB_saturation_hard,2026-09-13T19:08:07.193267+08:00,1,false,6.23,-1.00,429,backpressure,false,
candidateB_saturation_hard,2026-09-13T19:08:07.192906+08:00,7,true,6.64,-1.00,429,backpressure,false,
candidateB_saturation_hard,2026-09-13T19:08:07.19343+08:00,13,false,6.15,-1.00,429,backpressure,false,
candidateB_saturation_hard,2026-09-13T19:08:00.507933+08:00,4,false,6786.10,-1.00,200,,true,
candidateB_saturation_hard,2026-09-13T19:08:07.344172+08:00,7,false,1.58,-1.00,429,backpressure,false,
candidateB_saturation_hard,2026-09-13T19:08:07.34457+08:00,13,true,1.38,-1.00,429,backpressure,false,
candidateB_saturation_hard,2026-09-13T19:08:07.344448+08:00,8,false,1.52,-1.00,429,backpressure,false,
candidateB_saturation_hard,2026-09-13T19:08:07.343964+08:00,1,false,2.02,-1.00,429,backpressure,false,
candidateB_saturation_hard,2026-09-13T19:08:07.344885+08:00,2,true,1.58,-1.00,429,backpressure,false,
candidateB_saturation_hard,2026-09-13T19:08:07.344236+08:00,5,false,2.25,-1.00,429,backpressure,false,
candidateB_saturation_hard,2026-09-13T19:08:07.495965+08:00,1,false,1.48,-1.00,429,backpressure,false,
candidateB_saturation_hard,2026-09-13T19:08:07.495379+08:00,8,true,2.07,-1.00,429,backpressure,false,
candidateB_saturation_hard,2026-09-13T19:08:07.495065+08:00,2,true,2.45,-1.00,429,backpressure,false,
candidateB_saturation_hard,2026-09-13T19:08:07.495709+08:00,13,true,1.82,-1.00,429,backpressure,false,
candidateB_saturation_hard,2026-09-13T19:08:07.495303+08:00,7,false,2.25,-1.00,429,backpressure,false,
candidateB_saturation_hard,2026-09-13T19:08:07.496257+08:00,5,false,1.33,-1.00,429,backpressure,false,
candidateB_saturation_hard,2026-09-13T19:08:07.646236+08:00,13,false,2.77,-1.00,429,backpressure,false,
candidateB_saturation_hard,2026-09-13T19:08:07.64743+08:00,7,false,1.67,-1.00,429,backpressure,false,
candidateB_saturation_hard,2026-09-13T19:08:07.647537+08:00,5,false,1.59,-1.00,429,backpressure,false,
candidateB_saturation_hard,2026-09-13T19:08:07.646641+08:00,1,false,2.56,-1.00,429,backpressure,false,
candidateB_saturation_hard,2026-09-13T19:08:07.646526+08:00,8,false,2.76,-1.00,429,backpressure,false,
candidateB_saturation_hard,2026-09-13T19:08:07.646995+08:00,2,true,3.07,-1.00,429,backpressure,false,
candidateB_saturation_hard,2026-09-13T19:08:01.33005+08:00,9,true,6383.99,6082.22,200,,true,
candidateB_saturation_hard,2026-09-13T19:08:07.797772+08:00,7,false,1.28,-1.00,429,backpressure,false,
candidateB_saturation_hard,2026-09-13T19:08:07.797396+08:00,2,false,1.69,-1.00,429,backpressure,false,
candidateB_saturation_hard,2026-09-13T19:08:07.797385+08:00,8,false,1.77,-1.00,429,backpressure,false,
candidateB_saturation_hard,2026-09-13T19:08:07.797353+08:00,13,false,1.95,-1.00,429,backpressure,false,
candidateB_saturation_hard,2026-09-13T19:08:07.797353+08:00,1,false,1.96,-1.00,429,backpressure,false,
candidateB_saturation_hard,2026-09-13T19:08:07.797725+08:00,5,false,1.63,-1.00,429,backpressure,false,
candidateB_saturation_hard,2026-09-13T19:08:07.948545+08:00,1,true,2.67,-1.00,429,backpressure,false,
candidateB_saturation_hard,2026-09-13T19:08:07.948809+08:00,7,false,2.46,-1.00,429,backpressure,false,
candidateB_saturation_hard,2026-09-13T19:08:07.949394+08:00,8,false,2.97,-1.00,429,backpressure,false,
candidateB_saturation_hard,2026-09-13T19:08:07.950478+08:00,5,false,2.55,-1.00,429,backpressure,false,
candidateB_saturation_hard,2026-09-13T19:08:07.948892+08:00,2,true,4.15,-1.00,429,backpressure,false,
candidateB_saturation_hard,2026-09-13T19:08:07.949224+08:00,13,false,3.84,-1.00,429,backpressure,false,
candidateB_saturation_hard,2026-09-13T19:08:08.099921+08:00,8,false,1.59,-1.00,429,backpressure,false,
candidateB_saturation_hard,2026-09-13T19:08:08.099841+08:00,7,true,1.71,-1.00,429,backpressure,false,
candidateB_saturation_hard,2026-09-13T19:08:08.100153+08:00,1,false,1.45,-1.00,429,backpressure,false,
candidateB_saturation_hard,2026-09-13T19:08:08.099663+08:00,2,false,1.98,-1.00,429,backpressure,false,
candidateB_saturation_hard,2026-09-13T19:08:08.099663+08:00,13,true,2.02,-1.00,429,backpressure,false,
candidateB_saturation_hard,2026-09-13T19:08:08.101188+08:00,5,false,0.92,-1.00,429,backpressure,false,
candidateB_saturation_hard,2026-09-13T19:08:08.251079+08:00,7,false,1.84,-1.00,429,backpressure,false,
candidateB_saturation_hard,2026-09-13T19:08:08.251346+08:00,5,false,1.65,-1.00,429,backpressure,false,
candidateB_saturation_hard,2026-09-13T19:08:08.250931+08:00,2,false,2.26,-1.00,429,backpressure,false,
candidateB_saturation_hard,2026-09-13T19:08:08.250714+08:00,1,true,2.49,-1.00,429,backpressure,false,
candidateB_saturation_hard,2026-09-13T19:08:08.251468+08:00,8,true,1.81,-1.00,429,backpressure,false,
candidateB_saturation_hard,2026-09-13T19:08:08.251018+08:00,13,false,2.86,-1.00,429,backpressure,false,
candidateB_saturation_hard,2026-09-13T19:08:08.401877+08:00,2,false,1.95,-1.00,429,backpressure,false,
candidateB_saturation_hard,2026-09-13T19:08:08.402036+08:00,5,true,4.97,-1.00,429,backpressure,false,
candidateB_saturation_hard,2026-09-13T19:08:08.401859+08:00,1,true,5.15,-1.00,429,backpressure,false,
candidateB_saturation_hard,2026-09-13T19:08:08.401817+08:00,8,false,5.24,-1.00,429,backpressure,false,
candidateB_saturation_hard,2026-09-13T19:08:08.40179+08:00,13,true,5.28,-1.00,429,backpressure,false,
candidateB_saturation_hard,2026-09-13T19:08:08.401891+08:00,7,true,5.20,-1.00,429,backpressure,false,
candidateB_saturation_hard,2026-09-13T19:08:02.248845+08:00,10,false,6225.42,-1.00,200,,true,
candidateB_saturation_hard,2026-09-13T19:08:08.552933+08:00,8,true,1.27,-1.00,429,backpressure,false,
candidateB_saturation_hard,2026-09-13T19:08:08.553043+08:00,2,true,1.20,-1.00,429,backpressure,false,
candidateB_saturation_hard,2026-09-13T19:08:08.552649+08:00,13,false,1.62,-1.00,429,backpressure,false,
candidateB_saturation_hard,2026-09-13T19:08:08.553003+08:00,1,true,1.30,-1.00,429,backpressure,false,
candidateB_saturation_hard,2026-09-13T19:08:08.55258+08:00,5,true,1.75,-1.00,429,backpressure,false,
candidateB_saturation_hard,2026-09-13T19:08:08.552771+08:00,7,true,1.57,-1.00,429,backpressure,false,
candidateB_saturation_hard,2026-09-13T19:08:08.703583+08:00,8,true,1.68,-1.00,429,backpressure,false,
candidateB_saturation_hard,2026-09-13T19:08:08.703021+08:00,1,true,2.25,-1.00,429,backpressure,false,
candidateB_saturation_hard,2026-09-13T19:08:08.703904+08:00,2,true,1.42,-1.00,429,backpressure,false,
candidateB_saturation_hard,2026-09-13T19:08:08.703922+08:00,5,false,1.45,-1.00,429,backpressure,false,
candidateB_saturation_hard,2026-09-13T19:08:08.703258+08:00,13,false,2.14,-1.00,429,backpressure,false,
candidateB_saturation_hard,2026-09-13T19:08:08.702942+08:00,7,true,2.48,-1.00,429,backpressure,false,
candidateB_saturation_hard,2026-09-13T19:08:08.854149+08:00,5,true,1.72,-1.00,429,backpressure,false,
candidateB_saturation_hard,2026-09-13T19:08:08.854197+08:00,1,false,1.72,-1.00,429,backpressure,false,
candidateB_saturation_hard,2026-09-13T19:08:08.854447+08:00,7,false,1.54,-1.00,429,backpressure,false,
candidateB_saturation_hard,2026-09-13T19:08:08.854365+08:00,2,false,2.15,-1.00,429,backpressure,false,
candidateB_saturation_hard,2026-09-13T19:08:08.853989+08:00,8,true,2.54,-1.00,429,backpressure,false,
candidateB_saturation_hard,2026-09-13T19:08:08.853997+08:00,13,true,2.54,-1.00,429,backpressure,false,
candidateB_saturation_hard,2026-09-13T19:08:09.004946+08:00,8,true,1.52,-1.00,429,backpressure,false,
candidateB_saturation_hard,2026-09-13T19:08:09.00599+08:00,1,true,0.65,-1.00,429,backpressure,false,
candidateB_saturation_hard,2026-09-13T19:08:09.004572+08:00,2,false,2.16,-1.00,429,backpressure,false,
candidateB_saturation_hard,2026-09-13T19:08:09.005804+08:00,7,true,1.00,-1.00,429,backpressure,false,
candidateB_saturation_hard,2026-09-13T19:08:09.00592+08:00,5,true,1.18,-1.00,429,backpressure,false,
candidateB_saturation_hard,2026-09-13T19:08:09.00502+08:00,13,true,2.28,-1.00,429,backpressure,false,
candidateB_saturation_hard,2026-09-13T19:08:09.15559+08:00,8,true,0.95,-1.00,429,backpressure,false,
candidateB_saturation_hard,2026-09-13T19:08:09.155646+08:00,2,false,0.99,-1.00,429,backpressure,false,
candidateB_saturation_hard,2026-09-13T19:08:09.156311+08:00,1,false,0.81,-1.00,429,backpressure,false,
candidateB_saturation_hard,2026-09-13T19:08:09.156565+08:00,5,false,0.59,-1.00,429,backpressure,false,
candidateB_saturation_hard,2026-09-13T19:08:09.15559+08:00,13,false,1.61,-1.00,429,backpressure,false,
candidateB_saturation_hard,2026-09-13T19:08:09.155938+08:00,7,false,1.31,-1.00,429,backpressure,false,
candidateB_saturation_hard,2026-09-13T19:08:03.063266+08:00,0,false,6162.99,-1.00,200,,true,
candidateB_saturation_hard,2026-09-13T19:08:09.30652+08:00,1,true,0.88,-1.00,429,backpressure,false,
candidateB_saturation_hard,2026-09-13T19:08:09.306162+08:00,8,true,1.34,-1.00,429,backpressure,false,
candidateB_saturation_hard,2026-09-13T19:08:09.306447+08:00,7,false,1.11,-1.00,429,backpressure,false,
candidateB_saturation_hard,2026-09-13T19:08:09.306131+08:00,13,false,1.48,-1.00,429,backpressure,false,
candidateB_saturation_hard,2026-09-13T19:08:09.306684+08:00,5,false,1.36,-1.00,429,backpressure,false,
candidateB_saturation_hard,2026-09-13T19:08:09.306131+08:00,2,false,1.97,-1.00,429,backpressure,false,
candidateB_saturation_hard,2026-09-13T19:08:09.45727+08:00,7,true,2.07,-1.00,429,backpressure,false,
candidateB_saturation_hard,2026-09-13T19:08:09.457232+08:00,8,false,2.16,-1.00,429,backpressure,false,
candidateB_saturation_hard,2026-09-13T19:08:09.45744+08:00,2,false,2.00,-1.00,429,backpressure,false,
candidateB_saturation_hard,2026-09-13T19:08:09.457236+08:00,13,true,2.24,-1.00,429,backpressure,false,
candidateB_saturation_hard,2026-09-13T19:08:09.457784+08:00,1,false,1.70,-1.00,429,backpressure,false,
candidateB_saturation_hard,2026-09-13T19:08:09.457286+08:00,5,true,2.27,-1.00,429,backpressure,false,
candidateB_saturation_hard,2026-09-13T19:08:09.608436+08:00,2,false,1.81,-1.00,429,backpressure,false,
candidateB_saturation_hard,2026-09-13T19:08:09.608316+08:00,7,false,1.98,-1.00,429,backpressure,false,
candidateB_saturation_hard,2026-09-13T19:08:09.608774+08:00,5,false,1.58,-1.00,429,backpressure,false,
candidateB_saturation_hard,2026-09-13T19:08:09.608251+08:00,13,false,2.16,-1.00,429,backpressure,false,
candidateB_saturation_hard,2026-09-13T19:08:09.608251+08:00,1,false,2.21,-1.00,429,backpressure,false,
candidateB_saturation_hard,2026-09-13T19:08:09.608294+08:00,8,false,2.89,-1.00,429,backpressure,false,
candidateB_saturation_hard,2026-09-13T19:08:09.75923+08:00,8,false,1.17,-1.00,429,backpressure,false,
candidateB_saturation_hard,2026-09-13T19:08:09.759264+08:00,5,false,1.50,-1.00,429,backpressure,false,
candidateB_saturation_hard,2026-09-13T19:08:09.759432+08:00,13,true,1.88,-1.00,429,backpressure,false,
candidateB_saturation_hard,2026-09-13T19:08:09.759982+08:00,2,false,1.36,-1.00,429,backpressure,false,
candidateB_saturation_hard,2026-09-13T19:08:09.759485+08:00,7,false,2.35,-1.00,429,backpressure,false,
candidateB_saturation_hard,2026-09-13T19:08:09.761375+08:00,1,true,0.53,-1.00,429,backpressure,false,
candidateB_saturation_hard,2026-09-13T19:08:09.909773+08:00,8,true,3.70,-1.00,429,backpressure,false,
candidateB_saturation_hard,2026-09-13T19:08:09.909739+08:00,5,false,3.81,-1.00,429,backpressure,false,
candidateB_saturation_hard,2026-09-13T19:08:09.909738+08:00,13,true,3.91,-1.00,429,backpressure,false,
candidateB_saturation_hard,2026-09-13T19:08:09.909968+08:00,7,false,3.74,-1.00,429,backpressure,false,
candidateB_saturation_hard,2026-09-13T19:08:09.910097+08:00,2,false,3.68,-1.00,429,backpressure,false,
candidateB_saturation_hard,2026-09-13T19:08:09.912768+08:00,1,false,2.16,-1.00,429,backpressure,false,
candidateB_saturation_hard,2026-09-13T19:08:03.889099+08:00,12,false,6096.50,-1.00,200,,true,
candidateB_saturation_hard,2026-09-13T19:08:10.061318+08:00,8,false,1.50,-1.00,429,backpressure,false,
candidateB_saturation_hard,2026-09-13T19:08:10.060965+08:00,5,true,1.89,-1.00,429,backpressure,false,
candidateB_saturation_hard,2026-09-13T19:08:10.060919+08:00,7,false,2.37,-1.00,429,backpressure,false,
candidateB_saturation_hard,2026-09-13T19:08:10.06092+08:00,2,false,2.43,-1.00,429,backpressure,false,
candidateB_saturation_hard,2026-09-13T19:08:10.061235+08:00,13,false,2.13,-1.00,429,backpressure,false,
candidateB_saturation_hard,2026-09-13T19:08:10.063234+08:00,1,true,0.39,-1.00,429,backpressure,false,
candidateB_saturation_hard,2026-09-13T19:08:10.212359+08:00,7,true,2.24,-1.00,429,backpressure,false,
candidateB_saturation_hard,2026-09-13T19:08:10.212788+08:00,8,true,1.82,-1.00,429,backpressure,false,
candidateB_saturation_hard,2026-09-13T19:08:10.212688+08:00,5,false,2.06,-1.00,429,backpressure,false,
candidateB_saturation_hard,2026-09-13T19:08:10.213899+08:00,13,true,1.66,-1.00,429,backpressure,false,
candidateB_saturation_hard,2026-09-13T19:08:10.213741+08:00,2,true,1.88,-1.00,429,backpressure,false,
candidateB_saturation_hard,2026-09-13T19:08:10.213529+08:00,1,false,2.15,-1.00,429,backpressure,false,
candidateB_saturation_hard,2026-09-13T19:08:10.36345+08:00,8,true,0.76,-1.00,429,backpressure,false,
candidateB_saturation_hard,2026-09-13T19:08:10.363409+08:00,5,true,0.89,-1.00,429,backpressure,false,
candidateB_saturation_hard,2026-09-13T19:08:10.36351+08:00,7,false,1.06,-1.00,429,backpressure,false,
candidateB_saturation_hard,2026-09-13T19:08:10.364001+08:00,13,false,0.59,-1.00,429,backpressure,false,
candidateB_saturation_hard,2026-09-13T19:08:10.364013+08:00,2,true,0.71,-1.00,429,backpressure,false,
candidateB_saturation_hard,2026-09-13T19:08:10.363537+08:00,1,true,1.21,-1.00,429,backpressure,false,
candidateB_saturation_hard,2026-09-13T19:08:10.514356+08:00,8,true,3.48,-1.00,429,backpressure,false,
candidateB_saturation_hard,2026-09-13T19:08:10.514308+08:00,2,false,3.59,-1.00,429,backpressure,false,
candidateB_saturation_hard,2026-09-13T19:08:10.514585+08:00,7,true,3.50,-1.00,429,backpressure,false,
candidateB_saturation_hard,2026-09-13T19:08:10.514309+08:00,13,false,3.86,-1.00,429,backpressure,false,
candidateB_saturation_hard,2026-09-13T19:08:10.515096+08:00,1,false,3.14,-1.00,429,backpressure,false,
candidateB_saturation_hard,2026-09-13T19:08:10.514829+08:00,5,false,3.84,-1.00,429,backpressure,false,
candidateB_saturation_hard,2026-09-13T19:08:10.6647+08:00,7,false,1.60,-1.00,429,backpressure,false,
candidateB_saturation_hard,2026-09-13T19:08:10.665069+08:00,5,false,1.29,-1.00,429,backpressure,false,
candidateB_saturation_hard,2026-09-13T19:08:10.665213+08:00,1,true,1.17,-1.00,429,backpressure,false,
candidateB_saturation_hard,2026-09-13T19:08:10.664477+08:00,2,false,1.93,-1.00,429,backpressure,false,
candidateB_saturation_hard,2026-09-13T19:08:10.664473+08:00,8,true,1.96,-1.00,429,backpressure,false,
candidateB_saturation_hard,2026-09-13T19:08:10.664535+08:00,13,false,1.92,-1.00,429,backpressure,false,
candidateB_saturation_hard,2026-09-13T19:08:04.633418+08:00,6,true,6035.22,5465.08,200,,true,
candidateB_saturation_hard,2026-09-13T19:08:10.815568+08:00,13,true,5.12,-1.00,429,backpressure,false,
candidateB_saturation_hard,2026-09-13T19:08:10.817427+08:00,7,true,4.76,-1.00,429,backpressure,false,
candidateB_saturation_hard,2026-09-13T19:08:10.816208+08:00,2,false,6.03,-1.00,429,backpressure,false,
candidateB_saturation_hard,2026-09-13T19:08:10.817299+08:00,8,false,4.95,-1.00,429,backpressure,false,
candidateB_saturation_hard,2026-09-13T19:08:10.81709+08:00,1,true,5.17,-1.00,429,backpressure,false,
candidateB_saturation_hard,2026-09-13T19:08:10.815831+08:00,5,false,6.43,-1.00,429,backpressure,false,
candidateB_saturation_hard,2026-09-13T19:08:10.966736+08:00,13,false,2.08,-1.00,429,backpressure,false,
candidateB_saturation_hard,2026-09-13T19:08:10.966685+08:00,2,false,2.28,-1.00,429,backpressure,false,
candidateB_saturation_hard,2026-09-13T19:08:10.966706+08:00,5,true,4.34,-1.00,429,backpressure,false,
candidateB_saturation_hard,2026-09-13T19:08:10.969194+08:00,7,false,1.92,-1.00,429,backpressure,false,
candidateB_saturation_hard,2026-09-13T19:08:10.967085+08:00,1,true,4.04,-1.00,429,backpressure,false,
candidateB_saturation_hard,2026-09-13T19:08:10.969093+08:00,8,false,2.08,-1.00,429,backpressure,false,
candidateB_saturation_hard,2026-09-13T19:08:11.118572+08:00,5,false,0.92,-1.00,429,backpressure,false,
candidateB_saturation_hard,2026-09-13T19:08:11.118024+08:00,2,false,1.53,-1.00,429,backpressure,false,
candidateB_saturation_hard,2026-09-13T19:08:11.117998+08:00,13,false,1.59,-1.00,429,backpressure,false,
candidateB_saturation_hard,2026-09-13T19:08:11.117979+08:00,1,true,1.69,-1.00,429,backpressure,false,
candidateB_saturation_hard,2026-09-13T19:08:11.119338+08:00,8,true,0.52,-1.00,429,backpressure,false,
candidateB_saturation_hard,2026-09-13T19:08:11.119802+08:00,7,false,0.23,-1.00,429,backpressure,false,
candidateB_saturation_hard,2026-09-13T19:08:11.269518+08:00,1,false,2.16,-1.00,429,backpressure,false,
candidateB_saturation_hard,2026-09-13T19:08:11.269593+08:00,2,true,2.26,-1.00,429,backpressure,false,
candidateB_saturation_hard,2026-09-13T19:08:11.26982+08:00,7,false,2.19,-1.00,429,backpressure,false,
candidateB_saturation_hard,2026-09-13T19:08:11.269273+08:00,5,false,3.23,-1.00,429,backpressure,false,
candidateB_saturation_hard,2026-09-13T19:08:11.269341+08:00,13,false,3.18,-1.00,429,backpressure,false,
candidateB_saturation_hard,2026-09-13T19:08:11.270093+08:00,8,false,2.44,-1.00,429,backpressure,false,
candidateB_saturation_hard,2026-09-13T19:08:11.420133+08:00,7,false,1.21,-1.00,429,backpressure,false,
candidateB_saturation_hard,2026-09-13T19:08:11.420767+08:00,8,true,1.13,-1.00,429,backpressure,false,
candidateB_saturation_hard,2026-09-13T19:08:11.421124+08:00,5,false,0.81,-1.00,429,backpressure,false,
candidateB_saturation_hard,2026-09-13T19:08:11.420509+08:00,2,true,1.44,-1.00,429,backpressure,false,
candidateB_saturation_hard,2026-09-13T19:08:11.42021+08:00,1,false,1.76,-1.00,429,backpressure,false,
candidateB_saturation_hard,2026-09-13T19:08:11.419873+08:00,13,false,2.15,-1.00,429,backpressure,false,
candidateB_saturation_hard,2026-09-13T19:08:05.758091+08:00,3,true,5725.69,5027.47,200,,true,
candidateB_saturation_hard,2026-09-13T19:08:11.571326+08:00,5,false,3.87,-1.00,429,backpressure,false,
candidateB_saturation_hard,2026-09-13T19:08:11.571542+08:00,2,false,3.67,-1.00,429,backpressure,false,
candidateB_saturation_hard,2026-09-13T19:08:11.571251+08:00,13,true,4.12,-1.00,429,backpressure,false,
candidateB_saturation_hard,2026-09-13T19:08:11.570979+08:00,7,false,4.99,-1.00,429,backpressure,false,
candidateB_saturation_hard,2026-09-13T19:08:11.57144+08:00,1,false,4.78,-1.00,429,backpressure,false,
candidateB_saturation_hard,2026-09-13T19:08:11.571028+08:00,8,true,5.37,-1.00,429,backpressure,false,
candidateB_saturation_hard,2026-09-13T19:08:11.722407+08:00,13,false,1.77,-1.00,429,backpressure,false,
candidateB_saturation_hard,2026-09-13T19:08:11.722613+08:00,5,true,1.61,-1.00,429,backpressure,false,
candidateB_saturation_hard,2026-09-13T19:08:11.722723+08:00,2,false,1.57,-1.00,429,backpressure,false,
candidateB_saturation_hard,2026-09-13T19:08:11.722131+08:00,8,false,2.21,-1.00,429,backpressure,false,
candidateB_saturation_hard,2026-09-13T19:08:11.722205+08:00,7,true,2.18,-1.00,429,backpressure,false,
candidateB_saturation_hard,2026-09-13T19:08:11.722131+08:00,1,true,2.41,-1.00,429,backpressure,false,
candidateB_saturation_hard,2026-09-13T19:08:11.874121+08:00,1,true,1.47,-1.00,429,backpressure,false,
candidateB_saturation_hard,2026-09-13T19:08:11.873836+08:00,5,true,1.80,-1.00,429,backpressure,false,
candidateB_saturation_hard,2026-09-13T19:08:11.873377+08:00,8,true,2.29,-1.00,429,backpressure,false,
candidateB_saturation_hard,2026-09-13T19:08:11.873351+08:00,2,true,2.36,-1.00,429,backpressure,false,
candidateB_saturation_hard,2026-09-13T19:08:11.873639+08:00,13,true,2.11,-1.00,429,backpressure,false,
candidateB_saturation_hard,2026-09-13T19:08:11.87344+08:00,7,false,2.32,-1.00,429,backpressure,false,
candidateB_saturation_hard,2026-09-13T19:08:12.024455+08:00,8,false,1.62,-1.00,429,backpressure,false,
candidateB_saturation_hard,2026-09-13T19:08:12.02491+08:00,7,false,1.21,-1.00,429,backpressure,false,
candidateB_saturation_hard,2026-09-13T19:08:12.024447+08:00,1,false,1.73,-1.00,429,backpressure,false,
candidateB_saturation_hard,2026-09-13T19:08:12.024504+08:00,13,false,1.72,-1.00,429,backpressure,false,
candidateB_saturation_hard,2026-09-13T19:08:12.02448+08:00,2,true,1.81,-1.00,429,backpressure,false,
candidateB_saturation_hard,2026-09-13T19:08:12.024826+08:00,5,false,1.49,-1.00,429,backpressure,false,
candidateB_saturation_hard,2026-09-13T19:08:12.175605+08:00,2,true,1.74,-1.00,429,backpressure,false,
candidateB_saturation_hard,2026-09-13T19:08:12.175736+08:00,13,false,1.65,-1.00,429,backpressure,false,
candidateB_saturation_hard,2026-09-13T19:08:12.175812+08:00,1,false,1.62,-1.00,429,backpressure,false,
candidateB_saturation_hard,2026-09-13T19:08:12.175573+08:00,8,false,1.90,-1.00,429,backpressure,false,
candidateB_saturation_hard,2026-09-13T19:08:12.175568+08:00,7,false,3.06,-1.00,429,backpressure,false,
candidateB_saturation_hard,2026-09-13T19:08:12.176091+08:00,5,true,2.69,-1.00,429,backpressure,false,
candidateB_saturation_hard,2026-09-13T19:08:06.470195+08:00,11,true,5720.41,5128.91,200,,true,
candidateB_saturation_hard,2026-09-13T19:08:12.327+08:00,8,false,3.01,-1.00,429,backpressure,false,
candidateB_saturation_hard,2026-09-13T19:08:12.32676+08:00,1,false,3.39,-1.00,429,backpressure,false,
candidateB_saturation_hard,2026-09-13T19:08:12.326802+08:00,7,false,3.39,-1.00,429,backpressure,false,
candidateB_saturation_hard,2026-09-13T19:08:12.327153+08:00,2,false,3.19,-1.00,429,backpressure,false,
candidateB_saturation_hard,2026-09-13T19:08:12.32726+08:00,13,false,3.09,-1.00,429,backpressure,false,
candidateB_saturation_hard,2026-09-13T19:08:12.327576+08:00,5,false,3.17,-1.00,429,backpressure,false,
candidateB_saturation_hard,2026-09-13T19:08:12.478225+08:00,13,true,2.52,-1.00,429,backpressure,false,
candidateB_saturation_hard,2026-09-13T19:08:12.477998+08:00,1,false,2.79,-1.00,429,backpressure,false,
candidateB_saturation_hard,2026-09-13T19:08:12.478293+08:00,2,true,2.56,-1.00,429,backpressure,false,
candidateB_saturation_hard,2026-09-13T19:08:12.478005+08:00,7,false,3.22,-1.00,429,backpressure,false,
candidateB_saturation_hard,2026-09-13T19:08:12.477749+08:00,8,false,3.53,-1.00,429,backpressure,false,
candidateB_saturation_hard,2026-09-13T19:08:12.477922+08:00,5,false,3.40,-1.00,429,backpressure,false,
candidateB_saturation_hard,2026-09-13T19:08:12.628798+08:00,1,true,1.10,-1.00,429,backpressure,false,
candidateB_saturation_hard,2026-09-13T19:08:12.628266+08:00,7,false,1.70,-1.00,429,backpressure,false,
candidateB_saturation_hard,2026-09-13T19:08:12.628327+08:00,2,false,1.71,-1.00,429,backpressure,false,
candidateB_saturation_hard,2026-09-13T19:08:12.62901+08:00,13,false,1.06,-1.00,429,backpressure,false,
candidateB_saturation_hard,2026-09-13T19:08:12.62851+08:00,8,false,1.59,-1.00,429,backpressure,false,
candidateB_saturation_hard,2026-09-13T19:08:12.629173+08:00,5,true,1.24,-1.00,429,backpressure,false,
candidateB_saturation_hard,2026-09-13T19:08:12.77891+08:00,8,false,3.60,-1.00,429,backpressure,false,
candidateB_saturation_hard,2026-09-13T19:08:12.779919+08:00,1,true,2.63,-1.00,429,backpressure,false,
candidateB_saturation_hard,2026-09-13T19:08:12.779639+08:00,5,false,2.93,-1.00,429,backpressure,false,
candidateB_saturation_hard,2026-09-13T19:08:12.779199+08:00,7,false,3.39,-1.00,429,backpressure,false,
candidateB_saturation_hard,2026-09-13T19:08:12.77983+08:00,13,false,2.79,-1.00,429,backpressure,false,
candidateB_saturation_hard,2026-09-13T19:08:12.779567+08:00,2,true,3.19,-1.00,429,backpressure,false,
candidateB_saturation_hard,2026-09-13T19:08:07.294268+08:00,4,true,5519.07,5012.76,200,,true,
candidateB_saturation_hard,2026-09-13T19:08:12.930932+08:00,2,true,1.88,-1.00,429,backpressure,false,
candidateB_saturation_hard,2026-09-13T19:08:12.930019+08:00,1,false,2.80,-1.00,429,backpressure,false,
candidateB_saturation_hard,2026-09-13T19:08:12.930804+08:00,7,true,2.06,-1.00,429,backpressure,false,
candidateB_saturation_hard,2026-09-13T19:08:12.929959+08:00,5,false,2.96,-1.00,429,backpressure,false,
candidateB_saturation_hard,2026-09-13T19:08:12.930665+08:00,8,true,2.30,-1.00,429,backpressure,false,
candidateB_saturation_hard,2026-09-13T19:08:12.931681+08:00,13,false,1.60,-1.00,429,backpressure,false,
candidateB_saturation_hard,2026-09-13T19:08:13.081207+08:00,5,false,3.13,-1.00,429,backpressure,false,
candidateB_saturation_hard,2026-09-13T19:08:13.081267+08:00,7,true,3.19,-1.00,429,backpressure,false,
candidateB_saturation_hard,2026-09-13T19:08:13.081038+08:00,2,false,3.43,-1.00,429,backpressure,false,
candidateB_saturation_hard,2026-09-13T19:08:13.081457+08:00,1,false,3.02,-1.00,429,backpressure,false,
candidateB_saturation_hard,2026-09-13T19:08:13.081078+08:00,8,false,3.40,-1.00,429,backpressure,false,
candidateB_saturation_hard,2026-09-13T19:08:13.081886+08:00,13,true,2.60,-1.00,429,backpressure,false,
candidateB_saturation_hard,2026-09-13T19:08:13.231758+08:00,7,true,2.11,-1.00,429,backpressure,false,
candidateB_saturation_hard,2026-09-13T19:08:13.232337+08:00,1,false,1.57,-1.00,429,backpressure,false,
candidateB_saturation_hard,2026-09-13T19:08:13.23183+08:00,2,true,2.17,-1.00,429,backpressure,false,
candidateB_saturation_hard,2026-09-13T19:08:13.231878+08:00,5,true,2.18,-1.00,429,backpressure,false,
candidateB_saturation_hard,2026-09-13T19:08:13.231758+08:00,8,false,2.29,-1.00,429,backpressure,false,
candidateB_saturation_hard,2026-09-13T19:08:13.232232+08:00,13,true,1.87,-1.00,429,backpressure,false,
candidateB_saturation_hard,2026-09-13T19:08:13.382958+08:00,1,false,1.45,-1.00,429,backpressure,false,
candidateB_saturation_hard,2026-09-13T19:08:13.383322+08:00,5,false,1.12,-1.00,429,backpressure,false,
candidateB_saturation_hard,2026-09-13T19:08:13.382862+08:00,13,false,1.61,-1.00,429,backpressure,false,
candidateB_saturation_hard,2026-09-13T19:08:13.382772+08:00,8,false,1.73,-1.00,429,backpressure,false,
candidateB_saturation_hard,2026-09-13T19:08:13.383201+08:00,7,true,1.32,-1.00,429,backpressure,false,
candidateB_saturation_hard,2026-09-13T19:08:13.382998+08:00,2,true,1.54,-1.00,429,backpressure,false,
candidateB_saturation_hard,2026-09-13T19:08:13.534284+08:00,1,false,1.39,-1.00,429,backpressure,false,
candidateB_saturation_hard,2026-09-13T19:08:13.534033+08:00,2,false,1.69,-1.00,429,backpressure,false,
candidateB_saturation_hard,2026-09-13T19:08:13.533857+08:00,5,true,1.95,-1.00,429,backpressure,false,
candidateB_saturation_hard,2026-09-13T19:08:13.534099+08:00,13,false,1.77,-1.00,429,backpressure,false,
candidateB_saturation_hard,2026-09-13T19:08:13.534381+08:00,8,true,1.55,-1.00,429,backpressure,false,
candidateB_saturation_hard,2026-09-13T19:08:13.533846+08:00,7,false,2.13,-1.00,429,backpressure,false,
candidateB_saturation_hard,2026-09-13T19:08:13.684892+08:00,13,false,3.45,-1.00,429,backpressure,false,
candidateB_saturation_hard,2026-09-13T19:08:13.685084+08:00,1,false,3.28,-1.00,429,backpressure,false,
candidateB_saturation_hard,2026-09-13T19:08:13.685159+08:00,5,false,3.43,-1.00,429,backpressure,false,
candidateB_saturation_hard,2026-09-13T19:08:13.684698+08:00,2,false,4.30,-1.00,429,backpressure,false,
candidateB_saturation_hard,2026-09-13T19:08:13.684652+08:00,8,false,4.42,-1.00,429,backpressure,false,
candidateB_saturation_hard,2026-09-13T19:08:13.684831+08:00,7,true,4.76,-1.00,429,backpressure,false,
candidateB_saturation_hard,2026-09-13T19:08:07.71424+08:00,9,false,6072.70,-1.00,200,,true,
candidateB_saturation_hard,2026-09-13T19:08:13.83591+08:00,8,true,2.64,-1.00,429,backpressure,false,
candidateB_saturation_hard,2026-09-13T19:08:13.835483+08:00,5,false,3.09,-1.00,429,backpressure,false,
candidateB_saturation_hard,2026-09-13T19:08:13.835607+08:00,1,true,3.03,-1.00,429,backpressure,false,
candidateB_saturation_hard,2026-09-13T19:08:13.835512+08:00,7,false,3.16,-1.00,429,backpressure,false,
candidateB_saturation_hard,2026-09-13T19:08:13.836167+08:00,13,true,2.53,-1.00,429,backpressure,false,
candidateB_saturation_hard,2026-09-13T19:08:13.836017+08:00,2,true,2.73,-1.00,429,backpressure,false,
candidateB_saturation_hard,2026-09-13T19:08:13.986853+08:00,2,true,1.11,-1.00,429,backpressure,false,
candidateB_saturation_hard,2026-09-13T19:08:13.986362+08:00,5,true,1.62,-1.00,429,backpressure,false,
candidateB_saturation_hard,2026-09-13T19:08:13.986437+08:00,13,false,1.58,-1.00,429,backpressure,false,
candidateB_saturation_hard,2026-09-13T19:08:13.986558+08:00,1,false,1.50,-1.00,429,backpressure,false,
candidateB_saturation_hard,2026-09-13T19:08:13.98636+08:00,7,true,1.72,-1.00,429,backpressure,false,
candidateB_saturation_hard,2026-09-13T19:08:13.986783+08:00,8,false,1.30,-1.00,429,backpressure,false,
candidateB_saturation_hard,2026-09-13T19:08:14.137806+08:00,1,false,1.86,-1.00,429,backpressure,false,
candidateB_saturation_hard,2026-09-13T19:08:14.137558+08:00,2,true,2.16,-1.00,429,backpressure,false,
candidateB_saturation_hard,2026-09-13T19:08:14.138026+08:00,8,true,1.75,-1.00,429,backpressure,false,
candidateB_saturation_hard,2026-09-13T19:08:14.13775+08:00,13,false,2.08,-1.00,429,backpressure,false,
candidateB_saturation_hard,2026-09-13T19:08:14.138108+08:00,5,false,1.97,-1.00,429,backpressure,false,
candidateB_saturation_hard,2026-09-13T19:08:14.138354+08:00,7,true,1.78,-1.00,429,backpressure,false,
candidateB_saturation_hard,2026-09-13T19:08:14.288577+08:00,7,true,2.07,-1.00,429,backpressure,false,
candidateB_saturation_hard,2026-09-13T19:08:14.289119+08:00,13,false,1.59,-1.00,429,backpressure,false,
candidateB_saturation_hard,2026-09-13T19:08:14.288553+08:00,5,false,2.22,-1.00,429,backpressure,false,
candidateB_saturation_hard,2026-09-13T19:08:14.288741+08:00,8,false,2.06,-1.00,429,backpressure,false,
candidateB_saturation_hard,2026-09-13T19:08:14.288655+08:00,1,true,2.17,-1.00,429,backpressure,false,
candidateB_saturation_hard,2026-09-13T19:08:14.288837+08:00,2,true,2.02,-1.00,429,backpressure,false,
candidateB_saturation_hard,2026-09-13T19:08:14.439776+08:00,7,true,2.14,-1.00,429,backpressure,false,
candidateB_saturation_hard,2026-09-13T19:08:14.439942+08:00,1,false,2.10,-1.00,429,backpressure,false,
candidateB_saturation_hard,2026-09-13T19:08:14.439806+08:00,5,true,2.37,-1.00,429,backpressure,false,
candidateB_saturation_hard,2026-09-13T19:08:14.439752+08:00,13,true,2.50,-1.00,429,backpressure,false,
candidateB_saturation_hard,2026-09-13T19:08:14.440325+08:00,2,false,1.98,-1.00,429,backpressure,false,
candidateB_saturation_hard,2026-09-13T19:08:14.440028+08:00,8,false,2.32,-1.00,429,backpressure,false,
candidateB_saturation_hard,2026-09-13T19:08:14.590811+08:00,5,false,1.56,-1.00,429,backpressure,false,
candidateB_saturation_hard,2026-09-13T19:08:14.591175+08:00,7,false,1.20,-1.00,429,backpressure,false,
candidateB_saturation_hard,2026-09-13T19:08:14.590972+08:00,13,false,1.46,-1.00,429,backpressure,false,
candidateB_saturation_hard,2026-09-13T19:08:14.590837+08:00,1,true,1.61,-1.00,429,backpressure,false,
candidateB_saturation_hard,2026-09-13T19:08:14.590798+08:00,2,false,1.67,-1.00,429,backpressure,false,
candidateB_saturation_hard,2026-09-13T19:08:14.590912+08:00,8,false,1.60,-1.00,429,backpressure,false,
candidateB_saturation_hard,2026-09-13T19:08:08.474493+08:00,10,false,6144.65,-1.00,200,,true,
candidateB_saturation_hard,2026-09-13T19:08:14.741884+08:00,2,true,4.04,-1.00,429,backpressure,false,
candidateB_saturation_hard,2026-09-13T19:08:14.741847+08:00,7,false,4.14,-1.00,429,backpressure,false,
candidateB_saturation_hard,2026-09-13T19:08:14.742152+08:00,8,false,4.45,-1.00,429,backpressure,false,
candidateB_saturation_hard,2026-09-13T19:08:14.741847+08:00,13,true,4.82,-1.00,429,backpressure,false,
candidateB_saturation_hard,2026-09-13T19:08:14.742289+08:00,1,false,4.44,-1.00,429,backpressure,false,
candidateB_saturation_hard,2026-09-13T19:08:14.742224+08:00,5,true,5.01,-1.00,429,backpressure,false,
candidateB_saturation_hard,2026-09-13T19:08:14.893948+08:00,2,true,1.81,-1.00,429,backpressure,false,
candidateB_saturation_hard,2026-09-13T19:08:14.894048+08:00,7,false,1.76,-1.00,429,backpressure,false,
candidateB_saturation_hard,2026-09-13T19:08:14.893593+08:00,8,false,2.33,-1.00,429,backpressure,false,
candidateB_saturation_hard,2026-09-13T19:08:14.893321+08:00,13,false,2.68,-1.00,429,backpressure,false,
candidateB_saturation_hard,2026-09-13T19:08:14.892992+08:00,5,true,3.09,-1.00,429,backpressure,false,
candidateB_saturation_hard,2026-09-13T19:08:14.893255+08:00,1,false,2.90,-1.00,429,backpressure,false,
candidateB_saturation_hard,2026-09-13T19:08:15.04366+08:00,5,true,3.29,-1.00,429,backpressure,false,
candidateB_saturation_hard,2026-09-13T19:08:15.044098+08:00,2,false,3.88,-1.00,429,backpressure,false,
candidateB_saturation_hard,2026-09-13T19:08:15.047161+08:00,7,true,0.84,-1.00,429,backpressure,false,
candidateB_saturation_hard,2026-09-13T19:08:15.044187+08:00,8,false,3.88,-1.00,429,backpressure,false,
candidateB_saturation_hard,2026-09-13T19:08:15.043522+08:00,13,false,4.64,-1.00,429,backpressure,false,
candidateB_saturation_hard,2026-09-13T19:08:15.043744+08:00,1,true,4.52,-1.00,429,backpressure,false,
candidateB_saturation_hard,2026-09-13T19:08:15.194615+08:00,1,false,2.18,-1.00,429,backpressure,false,
candidateB_saturation_hard,2026-09-13T19:08:15.194851+08:00,8,false,1.99,-1.00,429,backpressure,false,
candidateB_saturation_hard,2026-09-13T19:08:15.195123+08:00,2,true,1.77,-1.00,429,backpressure,false,
candidateB_saturation_hard,2026-09-13T19:08:15.195516+08:00,5,true,1.40,-1.00,429,backpressure,false,
candidateB_saturation_hard,2026-09-13T19:08:15.195067+08:00,13,true,2.65,-1.00,429,backpressure,false,
candidateB_saturation_hard,2026-09-13T19:08:15.197306+08:00,7,false,0.47,-1.00,429,backpressure,false,
candidateB_saturation_hard,2026-09-13T19:08:15.344704+08:00,1,false,0.50,-1.00,429,backpressure,false,
candidateB_saturation_hard,2026-09-13T19:08:15.345146+08:00,8,true,0.50,-1.00,429,backpressure,false,
candidateB_saturation_hard,2026-09-13T19:08:15.345378+08:00,13,false,0.63,-1.00,429,backpressure,false,
candidateB_saturation_hard,2026-09-13T19:08:15.34553+08:00,5,true,0.49,-1.00,429,backpressure,false,
candidateB_saturation_hard,2026-09-13T19:08:15.345354+08:00,2,true,0.70,-1.00,429,backpressure,false,
candidateB_saturation_hard,2026-09-13T19:08:15.347507+08:00,7,true,0.30,-1.00,429,backpressure,false,
candidateB_saturation_hard,2026-09-13T19:08:09.226471+08:00,0,false,6178.89,-1.00,200,,true,
candidateB_saturation_hard,2026-09-13T19:08:15.495826+08:00,5,true,2.25,-1.00,429,backpressure,false,
candidateB_saturation_hard,2026-09-13T19:08:15.49624+08:00,13,false,1.91,-1.00,429,backpressure,false,
candidateB_saturation_hard,2026-09-13T19:08:15.496547+08:00,2,false,1.89,-1.00,429,backpressure,false,
candidateB_saturation_hard,2026-09-13T19:08:15.496649+08:00,8,false,1.89,-1.00,429,backpressure,false,
candidateB_saturation_hard,2026-09-13T19:08:15.496288+08:00,1,false,2.30,-1.00,429,backpressure,false,
candidateB_saturation_hard,2026-09-13T19:08:15.498716+08:00,7,true,0.46,-1.00,429,backpressure,false,
candidateB_saturation_hard,2026-09-13T19:08:15.647671+08:00,2,false,1.98,-1.00,429,backpressure,false,
candidateB_saturation_hard,2026-09-13T19:08:15.647394+08:00,13,false,2.36,-1.00,429,backpressure,false,
candidateB_saturation_hard,2026-09-13T19:08:15.647095+08:00,8,false,2.72,-1.00,429,backpressure,false,
candidateB_saturation_hard,2026-09-13T19:08:15.647357+08:00,1,true,2.54,-1.00,429,backpressure,false,
candidateB_saturation_hard,2026-09-13T19:08:15.647192+08:00,5,false,2.84,-1.00,429,backpressure,false,
candidateB_saturation_hard,2026-09-13T19:08:15.649337+08:00,7,false,1.13,-1.00,429,backpressure,false,
candidateB_saturation_hard,2026-09-13T19:08:15.798037+08:00,2,false,1.40,-1.00,429,backpressure,false,
candidateB_saturation_hard,2026-09-13T19:08:15.798036+08:00,13,false,1.46,-1.00,429,backpressure,false,
candidateB_saturation_hard,2026-09-13T19:08:15.798069+08:00,8,true,1.52,-1.00,429,backpressure,false,
candidateB_saturation_hard,2026-09-13T19:08:15.798548+08:00,1,true,1.09,-1.00,429,backpressure,false,
candidateB_saturation_hard,2026-09-13T19:08:15.798415+08:00,5,false,1.25,-1.00,429,backpressure,false,
candidateB_saturation_hard,2026-09-13T19:08:15.799729+08:00,7,true,0.28,-1.00,429,backpressure,false,
candidateB_saturation_hard,2026-09-13T19:08:15.95157+08:00,7,true,2.13,-1.00,429,backpressure,false,
candidateB_saturation_hard,2026-09-13T19:08:15.951023+08:00,1,true,2.69,-1.00,429,backpressure,false,
candidateB_saturation_hard,2026-09-13T19:08:15.950839+08:00,5,false,2.89,-1.00,429,backpressure,false,
candidateB_saturation_hard,2026-09-13T19:08:15.949008+08:00,13,false,4.73,-1.00,429,backpressure,false,
candidateB_saturation_hard,2026-09-13T19:08:15.950005+08:00,2,false,3.74,-1.00,429,backpressure,false,
candidateB_saturation_hard,2026-09-13T19:08:15.95031+08:00,8,true,3.44,-1.00,429,backpressure,false,
candidateB_saturation_hard,2026-09-13T19:08:16.099255+08:00,13,false,0.99,-1.00,429,backpressure,false,
candidateB_saturation_hard,2026-09-13T19:08:16.100135+08:00,2,false,0.50,-1.00,429,backpressure,false,
candidateB_saturation_hard,2026-09-13T19:08:16.100331+08:00,8,true,0.42,-1.00,429,backpressure,false,
candidateB_saturation_hard,2026-09-13T19:08:16.100963+08:00,5,false,0.46,-1.00,429,backpressure,false,
candidateB_saturation_hard,2026-09-13T19:08:16.101048+08:00,1,true,0.44,-1.00,429,backpressure,false,
candidateB_saturation_hard,2026-09-13T19:08:16.101626+08:00,7,true,0.31,-1.00,429,backpressure,false,
candidateB_saturation_hard,2026-09-13T19:08:16.250691+08:00,8,false,2.11,-1.00,429,backpressure,false,
candidateB_saturation_hard,2026-09-13T19:08:16.250403+08:00,2,true,4.70,-1.00,429,backpressure,false,
candidateB_saturation_hard,2026-09-13T19:08:16.252844+08:00,7,false,2.38,-1.00,429,backpressure,false,
candidateB_saturation_hard,2026-09-13T19:08:16.252042+08:00,5,false,3.41,-1.00,429,backpressure,false,
candidateB_saturation_hard,2026-09-13T19:08:16.251316+08:00,1,false,4.29,-1.00,429,backpressure,false,
candidateB_saturation_hard,2026-09-13T19:08:16.252931+08:00,13,true,2.71,-1.00,429,backpressure,false,
candidateB_saturation_hard,2026-09-13T19:08:09.985792+08:00,12,true,6407.63,5539.54,200,,true,
candidateB_saturation_hard,2026-09-13T19:08:16.401293+08:00,2,false,1.17,-1.00,429,backpressure,false,
candidateB_saturation_hard,2026-09-13T19:08:16.40135+08:00,1,false,1.16,-1.00,429,backpressure,false,
candidateB_saturation_hard,2026-09-13T19:08:16.401298+08:00,8,false,1.24,-1.00,429,backpressure,false,
candidateB_saturation_hard,2026-09-13T19:08:16.402355+08:00,5,false,0.52,-1.00,429,backpressure,false,
candidateB_saturation_hard,2026-09-13T19:08:16.402892+08:00,7,true,0.56,-1.00,429,backpressure,false,
candidateB_saturation_hard,2026-09-13T19:08:16.40295+08:00,13,true,0.53,-1.00,429,backpressure,false,
candidateB_saturation_hard,2026-09-13T19:08:16.552381+08:00,8,false,1.09,-1.00,429,backpressure,false,
candidateB_saturation_hard,2026-09-13T19:08:16.552432+08:00,5,false,1.49,-1.00,429,backpressure,false,
candidateB_saturation_hard,2026-09-13T19:08:16.553133+08:00,13,false,0.83,-1.00,429,backpressure,false,
candidateB_saturation_hard,2026-09-13T19:08:16.55222+08:00,1,false,1.78,-1.00,429,backpressure,false,
candidateB_saturation_hard,2026-09-13T19:08:16.552699+08:00,2,true,1.31,-1.00,429,backpressure,false,
candidateB_saturation_hard,2026-09-13T19:08:16.552932+08:00,7,true,1.12,-1.00,429,backpressure,false,
candidateB_saturation_hard,2026-09-13T19:08:16.703647+08:00,8,false,2.28,-1.00,429,backpressure,false,
candidateB_saturation_hard,2026-09-13T19:08:16.703553+08:00,1,true,2.55,-1.00,429,backpressure,false,
candidateB_saturation_hard,2026-09-13T19:08:16.703981+08:00,5,true,2.53,-1.00,429,backpressure,false,
candidateB_saturation_hard,2026-09-13T19:08:16.703283+08:00,13,false,3.30,-1.00,429,backpressure,false,
candidateB_saturation_hard,2026-09-13T19:08:16.70533+08:00,2,false,2.16,-1.00,429,backpressure,false,
candidateB_saturation_hard,2026-09-13T19:08:16.704366+08:00,7,true,3.28,-1.00,429,backpressure,false,
candidateB_saturation_hard,2026-09-13T19:08:16.854359+08:00,5,true,2.05,-1.00,429,backpressure,false,
candidateB_saturation_hard,2026-09-13T19:08:16.85453+08:00,1,false,1.92,-1.00,429,backpressure,false,
candidateB_saturation_hard,2026-09-13T19:08:16.85438+08:00,7,true,2.13,-1.00,429,backpressure,false,
candidateB_saturation_hard,2026-09-13T19:08:16.854761+08:00,8,true,1.80,-1.00,429,backpressure,false,
candidateB_saturation_hard,2026-09-13T19:08:16.8544+08:00,13,true,2.21,-1.00,429,backpressure,false,
candidateB_saturation_hard,2026-09-13T19:08:16.856736+08:00,2,false,0.30,-1.00,429,backpressure,false,
candidateB_saturation_hard,2026-09-13T19:08:17.006599+08:00,1,false,1.50,-1.00,429,backpressure,false,
candidateB_saturation_hard,2026-09-13T19:08:17.005749+08:00,5,false,2.39,-1.00,429,backpressure,false,
candidateB_saturation_hard,2026-09-13T19:08:17.005859+08:00,7,false,2.33,-1.00,429,backpressure,false,
candidateB_saturation_hard,2026-09-13T19:08:17.006414+08:00,13,false,1.81,-1.00,429,backpressure,false,
candidateB_saturation_hard,2026-09-13T19:08:17.006769+08:00,2,false,1.61,-1.00,429,backpressure,false,
candidateB_saturation_hard,2026-09-13T19:08:17.005486+08:00,8,true,2.91,-1.00,429,backpressure,false,
candidateB_saturation_hard,2026-09-13T19:08:10.668805+08:00,6,false,6413.78,-1.00,200,,true,
candidateB_saturation_hard,2026-09-13T19:08:17.157136+08:00,8,true,3.16,-1.00,429,backpressure,false,
candidateB_saturation_hard,2026-09-13T19:08:17.156955+08:00,1,true,3.57,-1.00,429,backpressure,false,
candidateB_saturation_hard,2026-09-13T19:08:17.156498+08:00,7,false,4.07,-1.00,429,backpressure,false,
candidateB_saturation_hard,2026-09-13T19:08:17.157288+08:00,2,true,3.54,-1.00,429,backpressure,false,
candidateB_saturation_hard,2026-09-13T19:08:17.156496+08:00,5,false,4.43,-1.00,429,backpressure,false,
candidateB_saturation_hard,2026-09-13T19:08:17.156556+08:00,13,false,4.85,-1.00,429,backpressure,false,
candidateB_saturation_hard,2026-09-13T19:08:17.307749+08:00,13,false,1.53,-1.00,429,backpressure,false,
candidateB_saturation_hard,2026-09-13T19:08:17.308093+08:00,1,true,1.22,-1.00,429,backpressure,false,
candidateB_saturation_hard,2026-09-13T19:08:17.307714+08:00,2,false,1.64,-1.00,429,backpressure,false,
candidateB_saturation_hard,2026-09-13T19:08:17.307934+08:00,7,false,1.48,-1.00,429,backpressure,false,
candidateB_saturation_hard,2026-09-13T19:08:17.308164+08:00,5,true,1.26,-1.00,429,backpressure,false,
candidateB_saturation_hard,2026-09-13T19:08:17.307879+08:00,8,true,1.54,-1.00,429,backpressure,false,
candidateB_saturation_hard,2026-09-13T19:08:17.458786+08:00,5,false,2.04,-1.00,429,backpressure,false,
candidateB_saturation_hard,2026-09-13T19:08:17.45908+08:00,2,false,1.86,-1.00,429,backpressure,false,
candidateB_saturation_hard,2026-09-13T19:08:17.459342+08:00,13,false,2.55,-1.00,429,backpressure,false,
candidateB_saturation_hard,2026-09-13T19:08:17.459123+08:00,7,true,2.77,-1.00,429,backpressure,false,
candidateB_saturation_hard,2026-09-13T19:08:17.45914+08:00,1,false,2.77,-1.00,429,backpressure,false,
candidateB_saturation_hard,2026-09-13T19:08:17.459529+08:00,8,false,2.42,-1.00,429,backpressure,false,
candidateB_saturation_hard,2026-09-13T19:08:17.609995+08:00,1,false,3.70,-1.00,429,backpressure,false,
candidateB_saturation_hard,2026-09-13T19:08:17.610039+08:00,13,false,3.71,-1.00,429,backpressure,false,
candidateB_saturation_hard,2026-09-13T19:08:17.610028+08:00,7,false,3.67,-1.00,429,backpressure,false,
candidateB_saturation_hard,2026-09-13T19:08:17.610338+08:00,2,false,3.44,-1.00,429,backpressure,false,
candidateB_saturation_hard,2026-09-13T19:08:17.610405+08:00,5,false,3.42,-1.00,429,backpressure,false,
candidateB_saturation_hard,2026-09-13T19:08:17.609997+08:00,8,false,3.84,-1.00,429,backpressure,false,
candidateB_saturation_hard,2026-09-13T19:08:17.761084+08:00,1,false,1.63,-1.00,429,backpressure,false,
candidateB_saturation_hard,2026-09-13T19:08:17.760692+08:00,13,true,2.22,-1.00,429,backpressure,false,
candidateB_saturation_hard,2026-09-13T19:08:17.760597+08:00,5,false,2.37,-1.00,429,backpressure,false,
candidateB_saturation_hard,2026-09-13T19:08:17.760857+08:00,2,true,2.51,-1.00,429,backpressure,false,
candidateB_saturation_hard,2026-09-13T19:08:17.760775+08:00,8,false,2.75,-1.00,429,backpressure,false,
candidateB_saturation_hard,2026-09-13T19:08:17.761329+08:00,7,true,2.22,-1.00,429,backpressure,false,
candidateB_saturation_hard,2026-09-13T19:08:11.484075+08:00,3,true,6315.67,5714.73,200,,true,
candidateB_saturation_hard,2026-09-13T19:08:17.914803+08:00,5,false,1.56,-1.00,429,backpressure,false,
candidateB_saturation_hard,2026-09-13T19:08:17.913045+08:00,2,true,3.33,-1.00,429,backpressure,false,
candidateB_saturation_hard,2026-09-13T19:08:17.914695+08:00,1,false,1.71,-1.00,429,backpressure,false,
candidateB_saturation_hard,2026-09-13T19:08:17.91488+08:00,13,false,1.52,-1.00,429,backpressure,false,
candidateB_saturation_hard,2026-09-13T19:08:17.913597+08:00,8,true,3.00,-1.00,429,backpressure,false,
candidateB_saturation_hard,2026-09-13T19:08:17.914031+08:00,7,false,2.60,-1.00,429,backpressure,false,
candidateB_saturation_hard,2026-09-13T19:08:18.063649+08:00,8,false,2.48,-1.00,429,backpressure,false,
candidateB_saturation_hard,2026-09-13T19:08:18.063298+08:00,2,false,3.01,-1.00,429,backpressure,false,
candidateB_saturation_hard,2026-09-13T19:08:18.065761+08:00,5,true,2.40,-1.00,429,backpressure,false,
candidateB_saturation_hard,2026-09-13T19:08:18.066158+08:00,7,false,2.10,-1.00,429,backpressure,false,
candidateB_saturation_hard,2026-09-13T19:08:18.066428+08:00,13,true,1.91,-1.00,429,backpressure,false,
candidateB_saturation_hard,2026-09-13T19:08:18.067097+08:00,1,false,1.24,-1.00,429,backpressure,false,
candidateB_saturation_hard,2026-09-13T19:08:18.215271+08:00,2,true,0.79,-1.00,429,backpressure,false,
candidateB_saturation_hard,2026-09-13T19:08:18.215238+08:00,8,true,1.05,-1.00,429,backpressure,false,
candidateB_saturation_hard,2026-09-13T19:08:18.215794+08:00,5,true,0.68,-1.00,429,backpressure,false,
candidateB_saturation_hard,2026-09-13T19:08:18.216395+08:00,7,true,0.40,-1.00,429,backpressure,false,
candidateB_saturation_hard,2026-09-13T19:08:18.21649+08:00,13,false,0.36,-1.00,429,backpressure,false,
candidateB_saturation_hard,2026-09-13T19:08:18.217148+08:00,1,true,0.32,-1.00,429,backpressure,false,
candidateB_saturation_hard,2026-09-13T19:08:18.365577+08:00,2,true,0.50,-1.00,429,backpressure,false,
candidateB_saturation_hard,2026-09-13T19:08:18.365481+08:00,8,false,0.70,-1.00,429,backpressure,false,
candidateB_saturation_hard,2026-09-13T19:08:18.365892+08:00,5,false,0.46,-1.00,429,backpressure,false,
candidateB_saturation_hard,2026-09-13T19:08:18.36642+08:00,7,false,0.23,-1.00,429,backpressure,false,
candidateB_saturation_hard,2026-09-13T19:08:18.366531+08:00,13,false,0.23,-1.00,429,backpressure,false,
candidateB_saturation_hard,2026-09-13T19:08:18.367236+08:00,1,false,0.23,-1.00,429,backpressure,false,
candidateB_saturation_hard,2026-09-13T19:08:18.516642+08:00,13,false,2.14,-1.00,429,backpressure,false,
candidateB_saturation_hard,2026-09-13T19:08:18.516587+08:00,7,false,2.41,-1.00,429,backpressure,false,
candidateB_saturation_hard,2026-09-13T19:08:18.516865+08:00,2,true,3.54,-1.00,429,backpressure,false,
candidateB_saturation_hard,2026-09-13T19:08:18.517908+08:00,5,true,3.54,-1.00,429,backpressure,false,
candidateB_saturation_hard,2026-09-13T19:08:18.518545+08:00,8,false,3.43,-1.00,429,backpressure,false,
candidateB_saturation_hard,2026-09-13T19:08:18.517409+08:00,1,true,4.62,-1.00,429,backpressure,false,
candidateB_saturation_hard,2026-09-13T19:08:12.190788+08:00,11,true,6336.06,5725.82,200,,true,
candidateB_saturation_hard,2026-09-13T19:08:18.667649+08:00,1,true,5.45,-1.00,429,backpressure,false,
candidateB_saturation_hard,2026-09-13T19:08:18.667688+08:00,7,true,6.05,-1.00,429,backpressure,false,
candidateB_saturation_hard,2026-09-13T19:08:18.667666+08:00,13,false,6.10,-1.00,429,backpressure,false,
candidateB_saturation_hard,2026-09-13T19:08:18.673611+08:00,8,false,0.59,-1.00,429,backpressure,false,
candidateB_saturation_hard,2026-09-13T19:08:18.668172+08:00,2,true,6.21,-1.00,429,backpressure,false,
candidateB_saturation_hard,2026-09-13T19:08:18.667949+08:00,5,true,6.48,-1.00,429,backpressure,false,
candidateB_saturation_hard,2026-09-13T19:08:18.819019+08:00,13,false,1.27,-1.00,429,backpressure,false,
candidateB_saturation_hard,2026-09-13T19:08:18.818128+08:00,5,false,2.25,-1.00,429,backpressure,false,
candidateB_saturation_hard,2026-09-13T19:08:18.818941+08:00,7,false,1.46,-1.00,429,backpressure,false,
candidateB_saturation_hard,2026-09-13T19:08:18.819446+08:00,1,false,1.04,-1.00,429,backpressure,false,
candidateB_saturation_hard,2026-09-13T19:08:18.819765+08:00,2,true,0.91,-1.00,429,backpressure,false,
candidateB_saturation_hard,2026-09-13T19:08:18.823626+08:00,8,true,0.32,-1.00,429,backpressure,false,
candidateB_saturation_hard,2026-09-13T19:08:18.969791+08:00,2,true,1.42,-1.00,429,backpressure,false,
candidateB_saturation_hard,2026-09-13T19:08:18.969276+08:00,5,false,1.94,-1.00,429,backpressure,false,
candidateB_saturation_hard,2026-09-13T19:08:18.969338+08:00,7,false,1.95,-1.00,429,backpressure,false,
candidateB_saturation_hard,2026-09-13T19:08:18.969535+08:00,1,false,1.78,-1.00,429,backpressure,false,
candidateB_saturation_hard,2026-09-13T19:08:18.969231+08:00,13,true,2.11,-1.00,429,backpressure,false,
candidateB_saturation_hard,2026-09-13T19:08:18.973965+08:00,8,true,0.46,-1.00,429,backpressure,false,
candidateB_saturation_hard,2026-09-13T19:08:19.12038+08:00,13,false,1.69,-1.00,429,backpressure,false,
candidateB_saturation_hard,2026-09-13T19:08:19.120774+08:00,5,true,1.38,-1.00,429,backpressure,false,
candidateB_saturation_hard,2026-09-13T19:08:19.120453+08:00,7,true,1.76,-1.00,429,backpressure,false,
candidateB_saturation_hard,2026-09-13T19:08:19.120346+08:00,2,false,1.90,-1.00,429,backpressure,false,
candidateB_saturation_hard,2026-09-13T19:08:19.120346+08:00,1,false,1.92,-1.00,429,backpressure,false,
candidateB_saturation_hard,2026-09-13T19:08:19.124196+08:00,8,true,0.46,-1.00,429,backpressure,false,
candidateB_saturation_hard,2026-09-13T19:08:12.813507+08:00,4,true,6391.46,5827.23,200,,true,
candidateB_saturation_hard,2026-09-13T19:08:19.271437+08:00,5,true,1.74,-1.00,429,backpressure,false,
candidateB_saturation_hard,2026-09-13T19:08:19.271635+08:00,1,false,1.60,-1.00,429,backpressure,false,
candidateB_saturation_hard,2026-09-13T19:08:19.271454+08:00,13,false,1.80,-1.00,429,backpressure,false,
candidateB_saturation_hard,2026-09-13T19:08:19.271543+08:00,7,false,2.24,-1.00,429,backpressure,false,
candidateB_saturation_hard,2026-09-13T19:08:19.272115+08:00,2,false,1.72,-1.00,429,backpressure,false,
candidateB_saturation_hard,2026-09-13T19:08:19.274282+08:00,8,true,0.32,-1.00,429,backpressure,false,
candidateB_saturation_hard,2026-09-13T19:08:19.422734+08:00,1,false,1.32,-1.00,429,backpressure,false,
candidateB_saturation_hard,2026-09-13T19:08:19.422495+08:00,2,true,1.60,-1.00,429,backpressure,false,
candidateB_saturation_hard,2026-09-13T19:08:19.422528+08:00,7,false,1.61,-1.00,429,backpressure,false,
candidateB_saturation_hard,2026-09-13T19:08:19.422794+08:00,13,false,1.38,-1.00,429,backpressure,false,
candidateB_saturation_hard,2026-09-13T19:08:19.422495+08:00,5,true,1.76,-1.00,429,backpressure,false,
candidateB_saturation_hard,2026-09-13T19:08:19.424329+08:00,8,true,0.26,-1.00,429,backpressure,false,
candidateB_saturation_hard,2026-09-13T19:08:19.573603+08:00,2,false,1.28,-1.00,429,backpressure,false,
candidateB_saturation_hard,2026-09-13T19:08:19.573569+08:00,13,true,1.43,-1.00,429,backpressure,false,
candidateB_saturation_hard,2026-09-13T19:08:19.57396+08:00,1,true,1.08,-1.00,429,backpressure,false,
candidateB_saturation_hard,2026-09-13T19:08:19.573569+08:00,5,false,1.58,-1.00,429,backpressure,false,
candidateB_saturation_hard,2026-09-13T19:08:19.574614+08:00,8,false,0.86,-1.00,429,backpressure,false,
candidateB_saturation_hard,2026-09-13T19:08:19.573785+08:00,7,false,1.72,-1.00,429,backpressure,false,
candidateB_saturation_hard,2026-09-13T19:08:19.724041+08:00,1,false,0.87,-1.00,429,backpressure,false,
candidateB_saturation_hard,2026-09-13T19:08:19.723829+08:00,7,false,1.12,-1.00,429,backpressure,false,
candidateB_saturation_hard,2026-09-13T19:08:19.723706+08:00,5,true,1.29,-1.00,429,backpressure,false,
candidateB_saturation_hard,2026-09-13T19:08:19.723674+08:00,13,false,1.48,-1.00,429,backpressure,false,
candidateB_saturation_hard,2026-09-13T19:08:19.723744+08:00,2,true,1.42,-1.00,429,backpressure,false,
candidateB_saturation_hard,2026-09-13T19:08:19.725067+08:00,8,false,0.33,-1.00,429,backpressure,false,
candidateB_saturation_hard,2026-09-13T19:08:19.874824+08:00,1,false,1.33,-1.00,429,backpressure,false,
candidateB_saturation_hard,2026-09-13T19:08:19.874762+08:00,13,false,1.43,-1.00,429,backpressure,false,
candidateB_saturation_hard,2026-09-13T19:08:19.875183+08:00,8,true,1.05,-1.00,429,backpressure,false,
candidateB_saturation_hard,2026-09-13T19:08:19.875105+08:00,7,false,1.16,-1.00,429,backpressure,false,
candidateB_saturation_hard,2026-09-13T19:08:19.874757+08:00,2,true,1.55,-1.00,429,backpressure,false,
candidateB_saturation_hard,2026-09-13T19:08:19.874962+08:00,5,false,1.38,-1.00,429,backpressure,false,
candidateB_saturation_hard,2026-09-13T19:08:20.026203+08:00,13,false,1.13,-1.00,429,backpressure,false,
candidateB_saturation_hard,2026-09-13T19:08:20.02595+08:00,5,false,1.47,-1.00,429,backpressure,false,
candidateB_saturation_hard,2026-09-13T19:08:20.026032+08:00,2,false,1.43,-1.00,429,backpressure,false,
candidateB_saturation_hard,2026-09-13T19:08:20.025806+08:00,8,true,1.76,-1.00,429,backpressure,false,
candidateB_saturation_hard,2026-09-13T19:08:20.025814+08:00,1,false,1.80,-1.00,429,backpressure,false,
candidateB_saturation_hard,2026-09-13T19:08:20.026405+08:00,7,false,1.57,-1.00,429,backpressure,false,
candidateB_saturation_hard,2026-09-13T19:08:20.176924+08:00,2,false,6.33,-1.00,429,backpressure,false,
candidateB_saturation_hard,2026-09-13T19:08:20.17688+08:00,5,true,6.87,-1.00,429,backpressure,false,
candidateB_saturation_hard,2026-09-13T19:08:20.177025+08:00,13,true,6.75,-1.00,429,backpressure,false,
candidateB_saturation_hard,2026-09-13T19:08:20.17688+08:00,7,false,7.00,-1.00,429,backpressure,false,
candidateB_saturation_hard,2026-09-13T19:08:20.177278+08:00,1,true,6.62,-1.00,429,backpressure,false,
candidateB_saturation_hard,2026-09-13T19:08:20.177092+08:00,8,true,6.85,-1.00,429,backpressure,false,
candidateB_saturation_hard,2026-09-13T19:08:13.787126+08:00,9,false,6636.06,-1.00,200,,true,
candidateB_saturation_hard,2026-09-13T19:08:14.61933+08:00,10,true,6640.18,5920.70,200,,true,
candidateB_saturation_hard,2026-09-13T19:08:15.405549+08:00,0,true,6724.65,5968.97,200,,true,
candidateB_saturation_hard,2026-09-13T19:08:16.393619+08:00,12,false,6549.09,-1.00,200,,true,
candidateB_saturation_hard,2026-09-13T19:08:17.082808+08:00,6,false,6583.44,-1.00,200,,true,
candidateB_saturation_hard,2026-09-13T19:08:17.799949+08:00,3,true,6732.99,5983.65,200,,true,
candidateB_saturation_hard,2026-09-13T19:08:18.527036+08:00,11,true,6693.95,6122.53,200,,true,
candidateB_saturation_hard,2026-09-13T19:08:19.205168+08:00,4,true,6865.28,6128.53,200,,true,
