label,timestamp,worker,streaming,latency_ms,ttft_ms,http_status,error_code,success,note
candidateA_saturation_hard,2026-09-13T18:53:20.103241+08:00,8,true,15.20,-1.00,429,backpressure,false,
candidateA_saturation_hard,2026-09-13T18:53:20.103273+08:00,9,false,15.29,-1.00,429,backpressure,false,
candidateA_saturation_hard,2026-09-13T18:53:20.103561+08:00,12,false,29.74,-1.00,429,backpressure,false,
candidateA_saturation_hard,2026-09-13T18:53:20.103581+08:00,0,false,29.84,-1.00,429,backpressure,false,
candidateA_saturation_hard,2026-09-13T18:53:20.103416+08:00,10,false,32.65,-1.00,429,backpressure,false,
candidateA_saturation_hard,2026-09-13T18:53:20.103258+08:00,13,true,32.84,-1.00,429,backpressure,false,
candidateA_saturation_hard,2026-09-13T18:53:20.103465+08:00,6,true,32.69,-1.00,429,backpressure,false,
candidateA_saturation_hard,2026-09-13T18:53:20.103213+08:00,4,true,33.25,-1.00,429,backpressure,false,
candidateA_saturation_hard,2026-09-13T18:53:20.253642+08:00,8,false,1.75,-1.00,429,backpressure,false,
candidateA_saturation_hard,2026-09-13T18:53:20.252941+08:00,0,false,2.55,-1.00,429,backpressure,false,
candidateA_saturation_hard,2026-09-13T18:53:20.253123+08:00,6,false,2.40,-1.00,429,backpressure,false,
candidateA_saturation_hard,2026-09-13T18:53:20.253919+08:00,10,false,1.67,-1.00,429,backpressure,false,
candidateA_saturation_hard,2026-09-13T18:53:20.252997+08:00,12,false,2.65,-1.00,429,backpressure,false,
candidateA_saturation_hard,2026-09-13T18:53:20.253741+08:00,13,true,2.05,-1.00,429,backpressure,false,
candidateA_saturation_hard,2026-09-13T18:53:20.253473+08:00,4,true,3.08,-1.00,429,backpressure,false,
candidateA_saturation_hard,2026-09-13T18:53:20.404293+08:00,6,false,1.44,-1.00,429,backpressure,false,
candidateA_saturation_hard,2026-09-13T18:53:20.403763+08:00,12,true,2.00,-1.00,429,backpressure,false,
candidateA_saturation_hard,2026-09-13T18:53:20.403871+08:00,0,false,1.97,-1.00,429,backpressure,false,
candidateA_saturation_hard,2026-09-13T18:53:20.40393+08:00,10,false,1.96,-1.00,429,backpressure,false,
candidateA_saturation_hard,2026-09-13T18:53:20.403791+08:00,13,true,2.21,-1.00,429,backpressure,false,
candidateA_saturation_hard,2026-09-13T18:53:20.403939+08:00,4,false,2.13,-1.00,429,backpressure,false,
candidateA_saturation_hard,2026-09-13T18:53:20.555113+08:00,13,false,0.96,-1.00,429,backpressure,false,
candidateA_saturation_hard,2026-09-13T18:53:20.554631+08:00,6,false,1.50,-1.00,429,backpressure,false,
candidateA_saturation_hard,2026-09-13T18:53:20.554756+08:00,4,false,1.44,-1.00,429,backpressure,false,
candidateA_saturation_hard,2026-09-13T18:53:20.554607+08:00,0,true,1.64,-1.00,429,backpressure,false,
candidateA_saturation_hard,2026-09-13T18:53:20.554653+08:00,10,true,1.68,-1.00,429,backpressure,false,
candidateA_saturation_hard,2026-09-13T18:53:20.554817+08:00,12,true,1.82,-1.00,429,backpressure,false,
candidateA_saturation_hard,2026-09-13T18:53:20.705745+08:00,6,false,1.74,-1.00,429,backpressure,false,
candidateA_saturation_hard,2026-09-13T18:53:20.706103+08:00,12,false,1.52,-1.00,429,backpressure,false,
candidateA_saturation_hard,2026-09-13T18:53:20.705851+08:00,4,true,1.93,-1.00,429,backpressure,false,
candidateA_saturation_hard,2026-09-13T18:53:20.705687+08:00,10,true,2.15,-1.00,429,backpressure,false,
candidateA_saturation_hard,2026-09-13T18:53:20.705679+08:00,13,false,2.21,-1.00,429,backpressure,false,
candidateA_saturation_hard,2026-09-13T18:53:20.705921+08:00,0,true,2.19,-1.00,429,backpressure,false,
candidateA_saturation_hard,2026-09-13T18:53:20.85735+08:00,0,false,1.25,-1.00,429,backpressure,false,
candidateA_saturation_hard,2026-09-13T18:53:20.856816+08:00,10,true,1.91,-1.00,429,backpressure,false,
candidateA_saturation_hard,2026-09-13T18:53:20.856757+08:00,12,false,2.13,-1.00,429,backpressure,false,
candidateA_saturation_hard,2026-09-13T18:53:20.856857+08:00,6,false,2.08,-1.00,429,backpressure,false,
candidateA_saturation_hard,2026-09-13T18:53:20.856982+08:00,4,true,1.97,-1.00,429,backpressure,false,
candidateA_saturation_hard,2026-09-13T18:53:20.857074+08:00,13,false,2.20,-1.00,429,backpressure,false,
candidateA_saturation_hard,2026-09-13T18:53:20.103425+08:00,2,true,814.40,170.15,200,,true,
candidateA_saturation_hard,2026-09-13T18:53:21.008263+08:00,10,false,2.27,-1.00,429,backpressure,false,
candidateA_saturation_hard,2026-09-13T18:53:21.008411+08:00,12,false,2.14,-1.00,429,backpressure,false,
candidateA_saturation_hard,2026-09-13T18:53:21.00792+08:00,13,true,5.29,-1.00,429,backpressure,false,
candidateA_saturation_hard,2026-09-13T18:53:21.008182+08:00,0,false,5.16,-1.00,429,backpressure,false,
candidateA_saturation_hard,2026-09-13T18:53:21.008572+08:00,6,true,5.95,-1.00,429,backpressure,false,
candidateA_saturation_hard,2026-09-13T18:53:21.00792+08:00,4,false,6.82,-1.00,429,backpressure,false,
candidateA_saturation_hard,2026-09-13T18:53:21.159588+08:00,13,false,1.85,-1.00,429,backpressure,false,
candidateA_saturation_hard,2026-09-13T18:53:21.15949+08:00,0,false,1.96,-1.00,429,backpressure,false,
candidateA_saturation_hard,2026-09-13T18:53:21.159029+08:00,4,false,2.49,-1.00,429,backpressure,false,
candidateA_saturation_hard,2026-09-13T18:53:21.159302+08:00,12,true,2.25,-1.00,429,backpressure,false,
candidateA_saturation_hard,2026-09-13T18:53:21.159029+08:00,10,false,2.54,-1.00,429,backpressure,false,
candidateA_saturation_hard,2026-09-13T18:53:21.159068+08:00,6,false,2.57,-1.00,429,backpressure,false,
candidateA_saturation_hard,2026-09-13T18:53:21.310219+08:00,0,false,4.67,-1.00,429,backpressure,false,
candidateA_saturation_hard,2026-09-13T18:53:21.309801+08:00,13,true,5.18,-1.00,429,backpressure,false,
candidateA_saturation_hard,2026-09-13T18:53:21.309843+08:00,12,true,5.19,-1.00,429,backpressure,false,
candidateA_saturation_hard,2026-09-13T18:53:21.310515+08:00,4,false,4.67,-1.00,429,backpressure,false,
candidateA_saturation_hard,2026-09-13T18:53:21.310438+08:00,10,false,5.21,-1.00,429,backpressure,false,
candidateA_saturation_hard,2026-09-13T18:53:21.310113+08:00,6,false,5.59,-1.00,429,backpressure,false,
candidateA_saturation_hard,2026-09-13T18:53:21.461101+08:00,13,true,1.85,-1.00,429,backpressure,false,
candidateA_saturation_hard,2026-09-13T18:53:21.460934+08:00,6,true,3.63,-1.00,429,backpressure,false,
candidateA_saturation_hard,2026-09-13T18:53:21.460874+08:00,0,false,3.79,-1.00,429,backpressure,false,
candidateA_saturation_hard,2026-09-13T18:53:21.461373+08:00,4,false,3.35,-1.00,429,backpressure,false,
candidateA_saturation_hard,2026-09-13T18:53:21.461139+08:00,12,false,3.66,-1.00,429,backpressure,false,
candidateA_saturation_hard,2026-09-13T18:53:21.460874+08:00,10,true,3.94,-1.00,429,backpressure,false,
candidateA_saturation_hard,2026-09-13T18:53:20.103235+08:00,5,false,1499.53,-1.00,200,,true,
candidateA_saturation_hard,2026-09-13T18:53:21.612035+08:00,13,false,2.94,-1.00,429,backpressure,false,
candidateA_saturation_hard,2026-09-13T18:53:21.614465+08:00,10,false,0.55,-1.00,429,backpressure,false,
candidateA_saturation_hard,2026-09-13T18:53:21.614385+08:00,12,true,1.09,-1.00,429,backpressure,false,
candidateA_saturation_hard,2026-09-13T18:53:21.613951+08:00,4,false,1.53,-1.00,429,backpressure,false,
candidateA_saturation_hard,2026-09-13T18:53:21.614301+08:00,6,false,1.20,-1.00,429,backpressure,false,
candidateA_saturation_hard,2026-09-13T18:53:21.614256+08:00,0,false,1.30,-1.00,429,backpressure,false,
candidateA_saturation_hard,2026-09-13T18:53:21.762904+08:00,13,false,1.20,-1.00,429,backpressure,false,
candidateA_saturation_hard,2026-09-13T18:53:21.76416+08:00,4,true,0.45,-1.00,429,backpressure,false,
candidateA_saturation_hard,2026-09-13T18:53:21.764631+08:00,10,false,1.11,-1.00,429,backpressure,false,
candidateA_saturation_hard,2026-09-13T18:53:21.764522+08:00,0,false,1.25,-1.00,429,backpressure,false,
candidateA_saturation_hard,2026-09-13T18:53:21.764612+08:00,12,true,1.24,-1.00,429,backpressure,false,
candidateA_saturation_hard,2026-09-13T18:53:21.764687+08:00,6,false,1.22,-1.00,429,backpressure,false,
candidateA_saturation_hard,2026-09-13T18:53:21.913956+08:00,13,true,1.22,-1.00,429,backpressure,false,
candidateA_saturation_hard,2026-09-13T18:53:21.914217+08:00,4,false,0.97,-1.00,429,backpressure,false,
candidateA_saturation_hard,2026-09-13T18:53:21.914637+08:00,12,true,1.39,-1.00,429,backpressure,false,
candidateA_saturation_hard,2026-09-13T18:53:21.914889+08:00,0,false,1.19,-1.00,429,backpressure,false,
candidateA_saturation_hard,2026-09-13T18:53:21.914654+08:00,10,true,1.48,-1.00,429,backpressure,false,
candidateA_saturation_hard,2026-09-13T18:53:21.914718+08:00,6,false,1.46,-1.00,429,backpressure,false,
candidateA_saturation_hard,2026-09-13T18:53:22.066059+08:00,13,false,1.48,-1.00,429,backpressure,false,
candidateA_saturation_hard,2026-09-13T18:53:22.065067+08:00,12,true,2.54,-1.00,429,backpressure,false,
candidateA_saturation_hard,2026-09-13T18:53:22.065241+08:00,4,true,2.42,-1.00,429,backpressure,false,
candidateA_saturation_hard,2026-09-13T18:53:22.065905+08:00,6,false,1.78,-1.00,429,backpressure,false,
candidateA_saturation_hard,2026-09-13T18:53:22.065053+08:00,0,true,2.66,-1.00,429,backpressure,false,
candidateA_saturation_hard,2026-09-13T18:53:22.065723+08:00,10,false,2.02,-1.00,429,backpressure,false,
candidateA_saturation_hard,2026-09-13T18:53:22.216097+08:00,13,false,4.97,-1.00,429,backpressure,false,
candidateA_saturation_hard,2026-09-13T18:53:22.216963+08:00,6,true,4.12,-1.00,429,backpressure,false,
candidateA_saturation_hard,2026-09-13T18:53:22.215832+08:00,4,true,5.28,-1.00,429,backpressure,false,
candidateA_saturation_hard,2026-09-13T18:53:22.216432+08:00,12,true,4.68,-1.00,429,backpressure,false,
candidateA_saturation_hard,2026-09-13T18:53:22.216063+08:00,0,true,5.05,-1.00,429,backpressure,false,
candidateA_saturation_hard,2026-09-13T18:53:22.217133+08:00,10,true,4.16,-1.00,429,backpressure,false,
candidateA_saturation_hard,2026-09-13T18:53:20.103027+08:00,7,true,2252.19,1605.93,200,,true,
candidateA_saturation_hard,2026-09-13T18:53:22.367096+08:00,6,true,1.37,-1.00,429,backpressure,false,
candidateA_saturation_hard,2026-09-13T18:53:22.367146+08:00,4,false,1.36,-1.00,429,backpressure,false,
candidateA_saturation_hard,2026-09-13T18:53:22.366855+08:00,13,false,1.69,-1.00,429,backpressure,false,
candidateA_saturation_hard,2026-09-13T18:53:22.367308+08:00,10,false,1.27,-1.00,429,backpressure,false,
candidateA_saturation_hard,2026-09-13T18:53:22.36723+08:00,12,false,1.40,-1.00,429,backpressure,false,
candidateA_saturation_hard,2026-09-13T18:53:22.366912+08:00,0,true,1.74,-1.00,429,backpressure,false,
candidateA_saturation_hard,2026-09-13T18:53:22.518782+08:00,6,false,2.16,-1.00,429,backpressure,false,
candidateA_saturation_hard,2026-09-13T18:53:22.518062+08:00,10,true,2.95,-1.00,429,backpressure,false,
candidateA_saturation_hard,2026-09-13T18:53:22.519312+08:00,12,false,1.80,-1.00,429,backpressure,false,
candidateA_saturation_hard,2026-09-13T18:53:22.51984+08:00,0,false,1.28,-1.00,429,backpressure,false,
candidateA_saturation_hard,2026-09-13T18:53:22.519145+08:00,4,false,2.02,-1.00,429,backpressure,false,
candidateA_saturation_hard,2026-09-13T18:53:22.518698+08:00,13,false,2.51,-1.00,429,backpressure,false,
candidateA_saturation_hard,2026-09-13T18:53:22.66918+08:00,4,false,2.02,-1.00,429,backpressure,false,
candidateA_saturation_hard,2026-09-13T18:53:22.669572+08:00,12,false,1.68,-1.00,429,backpressure,false,
candidateA_saturation_hard,2026-09-13T18:53:22.669125+08:00,10,false,2.17,-1.00,429,backpressure,false,
candidateA_saturation_hard,2026-09-13T18:53:22.669934+08:00,0,false,1.41,-1.00,429,backpressure,false,
candidateA_saturation_hard,2026-09-13T18:53:22.669124+08:00,6,false,2.23,-1.00,429,backpressure,false,
candidateA_saturation_hard,2026-09-13T18:53:22.6692+08:00,13,false,2.20,-1.00,429,backpressure,false,
candidateA_saturation_hard,2026-09-13T18:53:22.819557+08:00,10,true,1.55,-1.00,429,backpressure,false,
candidateA_saturation_hard,2026-09-13T18:53:22.819844+08:00,12,true,1.33,-1.00,429,backpressure,false,
candidateA_saturation_hard,2026-09-13T18:53:22.819736+08:00,6,false,1.49,-1.00,429,backpressure,false,
candidateA_saturation_hard,2026-09-13T18:53:22.819459+08:00,4,false,1.80,-1.00,429,backpressure,false,
candidateA_saturation_hard,2026-09-13T18:53:22.819959+08:00,13,true,1.33,-1.00,429,backpressure,false,
candidateA_saturation_hard,2026-09-13T18:53:22.820072+08:00,0,false,1.38,-1.00,429,backpressure,false,
candidateA_saturation_hard,2026-09-13T18:53:22.969683+08:00,10,false,2.37,-1.00,429,backpressure,false,
candidateA_saturation_hard,2026-09-13T18:53:22.969606+08:00,4,true,3.09,-1.00,429,backpressure,false,
candidateA_saturation_hard,2026-09-13T18:53:22.96986+08:00,12,true,3.01,-1.00,429,backpressure,false,
candidateA_saturation_hard,2026-09-13T18:53:22.970343+08:00,6,false,3.15,-1.00,429,backpressure,false,
candidateA_saturation_hard,2026-09-13T18:53:22.970185+08:00,0,true,3.39,-1.00,429,backpressure,false,
candidateA_saturation_hard,2026-09-13T18:53:22.970443+08:00,13,false,3.75,-1.00,429,backpressure,false,
candidateA_saturation_hard,2026-09-13T18:53:20.103095+08:00,3,true,2920.26,2463.96,200,,true,
candidateA_saturation_hard,2026-09-13T18:53:23.121315+08:00,12,true,1.30,-1.00,429,backpressure,false,
candidateA_saturation_hard,2026-09-13T18:53:23.121016+08:00,4,true,2.01,-1.00,429,backpressure,false,
candidateA_saturation_hard,2026-09-13T18:53:23.121298+08:00,13,false,1.82,-1.00,429,backpressure,false,
candidateA_saturation_hard,2026-09-13T18:53:23.120593+08:00,6,true,2.59,-1.00,429,backpressure,false,
candidateA_saturation_hard,2026-09-13T18:53:23.120753+08:00,0,true,2.49,-1.00,429,backpressure,false,
candidateA_saturation_hard,2026-09-13T18:53:23.120565+08:00,10,false,2.74,-1.00,429,backpressure,false,
candidateA_saturation_hard,2026-09-13T18:53:23.271525+08:00,13,false,1.23,-1.00,429,backpressure,false,
candidateA_saturation_hard,2026-09-13T18:53:23.271325+08:00,12,true,1.52,-1.00,429,backpressure,false,
candidateA_saturation_hard,2026-09-13T18:53:23.271027+08:00,4,false,1.84,-1.00,429,backpressure,false,
candidateA_saturation_hard,2026-09-13T18:53:23.270826+08:00,0,true,2.09,-1.00,429,backpressure,false,
candidateA_saturation_hard,2026-09-13T18:53:23.27096+08:00,10,false,1.99,-1.00,429,backpressure,false,
candidateA_saturation_hard,2026-09-13T18:53:23.271008+08:00,6,true,2.37,-1.00,429,backpressure,false,
candidateA_saturation_hard,2026-09-13T18:53:23.421071+08:00,6,false,0.54,-1.00,429,backpressure,false,
candidateA_saturation_hard,2026-09-13T18:53:23.421037+08:00,10,true,0.58,-1.00,429,backpressure,false,
candidateA_saturation_hard,2026-09-13T18:53:23.42111+08:00,0,false,0.61,-1.00,429,backpressure,false,
candidateA_saturation_hard,2026-09-13T18:53:23.421388+08:00,12,false,0.66,-1.00,429,backpressure,false,
candidateA_saturation_hard,2026-09-13T18:53:23.421625+08:00,13,false,0.45,-1.00,429,backpressure,false,
candidateA_saturation_hard,2026-09-13T18:53:23.421143+08:00,4,false,1.12,-1.00,429,backpressure,false,
candidateA_saturation_hard,2026-09-13T18:53:23.572411+08:00,0,true,2.88,-1.00,429,backpressure,false,
candidateA_saturation_hard,2026-09-13T18:53:23.572489+08:00,10,false,2.87,-1.00,429,backpressure,false,
candidateA_saturation_hard,2026-09-13T18:53:23.572307+08:00,4,true,3.10,-1.00,429,backpressure,false,
candidateA_saturation_hard,2026-09-13T18:53:23.572214+08:00,6,false,3.22,-1.00,429,backpressure,false,
candidateA_saturation_hard,2026-09-13T18:53:23.572207+08:00,13,true,3.25,-1.00,429,backpressure,false,
candidateA_saturation_hard,2026-09-13T18:53:23.572679+08:00,12,false,2.82,-1.00,429,backpressure,false,
candidateA_saturation_hard,2026-09-13T18:53:20.103383+08:00,1,true,3592.53,3027.95,200,,true,
candidateA_saturation_hard,2026-09-13T18:53:23.724128+08:00,4,false,1.54,-1.00,429,backpressure,false,
candidateA_saturation_hard,2026-09-13T18:53:23.724566+08:00,6,true,1.14,-1.00,429,backpressure,false,
candidateA_saturation_hard,2026-09-13T18:53:23.724259+08:00,0,false,1.50,-1.00,429,backpressure,false,
candidateA_saturation_hard,2026-09-13T18:53:23.723082+08:00,10,true,2.71,-1.00,429,backpressure,false,
candidateA_saturation_hard,2026-09-13T18:53:23.724347+08:00,13,false,1.66,-1.00,429,backpressure,false,
candidateA_saturation_hard,2026-09-13T18:53:23.724575+08:00,12,true,1.45,-1.00,429,backpressure,false,
candidateA_saturation_hard,2026-09-13T18:53:23.874186+08:00,10,true,2.07,-1.00,429,backpressure,false,
candidateA_saturation_hard,2026-09-13T18:53:23.874635+08:00,6,false,1.75,-1.00,429,backpressure,false,
candidateA_saturation_hard,2026-09-13T18:53:23.874449+08:00,0,false,2.00,-1.00,429,backpressure,false,
candidateA_saturation_hard,2026-09-13T18:53:23.874736+08:00,12,false,1.77,-1.00,429,backpressure,false,
candidateA_saturation_hard,2026-09-13T18:53:23.874364+08:00,13,true,2.19,-1.00,429,backpressure,false,
candidateA_saturation_hard,2026-09-13T18:53:23.874187+08:00,4,true,2.60,-1.00,429,backpressure,false,
candidateA_saturation_hard,2026-09-13T18:53:24.025278+08:00,12,true,3.68,-1.00,429,backpressure,false,
candidateA_saturation_hard,2026-09-13T18:53:24.025422+08:00,0,true,3.62,-1.00,429,backpressure,false,
candidateA_saturation_hard,2026-09-13T18:53:24.025292+08:00,13,true,3.88,-1.00,429,backpressure,false,
candidateA_saturation_hard,2026-09-13T18:53:24.025321+08:00,10,false,3.93,-1.00,429,backpressure,false,
candidateA_saturation_hard,2026-09-13T18:53:24.025362+08:00,4,false,3.96,-1.00,429,backpressure,false,
candidateA_saturation_hard,2026-09-13T18:53:24.025727+08:00,6,false,3.63,-1.00,429,backpressure,false,
candidateA_saturation_hard,2026-09-13T18:53:24.176207+08:00,13,true,1.85,-1.00,429,backpressure,false,
candidateA_saturation_hard,2026-09-13T18:53:24.176007+08:00,10,false,2.10,-1.00,429,backpressure,false,
candidateA_saturation_hard,2026-09-13T18:53:24.175717+08:00,0,false,2.55,-1.00,429,backpressure,false,
candidateA_saturation_hard,2026-09-13T18:53:24.175786+08:00,6,false,2.50,-1.00,429,backpressure,false,
candidateA_saturation_hard,2026-09-13T18:53:24.176319+08:00,4,false,2.01,-1.00,429,backpressure,false,
candidateA_saturation_hard,2026-09-13T18:53:24.175904+08:00,12,true,2.45,-1.00,429,backpressure,false,
candidateA_saturation_hard,2026-09-13T18:53:24.326877+08:00,4,false,2.30,-1.00,429,backpressure,false,
candidateA_saturation_hard,2026-09-13T18:53:24.327042+08:00,0,true,2.15,-1.00,429,backpressure,false,
candidateA_saturation_hard,2026-09-13T18:53:24.327317+08:00,6,false,1.90,-1.00,429,backpressure,false,
candidateA_saturation_hard,2026-09-13T18:53:24.326985+08:00,10,false,2.29,-1.00,429,backpressure,false,
candidateA_saturation_hard,2026-09-13T18:53:24.32715+08:00,12,false,2.18,-1.00,429,backpressure,false,
candidateA_saturation_hard,2026-09-13T18:53:24.327086+08:00,13,false,2.68,-1.00,429,backpressure,false,
candidateA_saturation_hard,2026-09-13T18:53:20.103525+08:00,11,true,4245.27,3702.88,200,,true,
candidateA_saturation_hard,2026-09-13T18:53:24.480434+08:00,13,false,1.77,-1.00,429,backpressure,false,
candidateA_saturation_hard,2026-09-13T18:53:24.480689+08:00,10,true,2.07,-1.00,429,backpressure,false,
candidateA_saturation_hard,2026-09-13T18:53:24.48085+08:00,0,true,3.41,-1.00,429,backpressure,false,
candidateA_saturation_hard,2026-09-13T18:53:24.480509+08:00,6,false,4.79,-1.00,429,backpressure,false,
candidateA_saturation_hard,2026-09-13T18:53:24.481187+08:00,12,true,6.67,-1.00,429,backpressure,false,
candidateA_saturation_hard,2026-09-13T18:53:24.481204+08:00,4,false,6.68,-1.00,429,backpressure,false,
candidateA_saturation_hard,2026-09-13T18:53:24.631943+08:00,10,false,2.16,-1.00,429,backpressure,false,
candidateA_saturation_hard,2026-09-13T18:53:24.632797+08:00,12,true,2.40,-1.00,429,backpressure,false,
candidateA_saturation_hard,2026-09-13T18:53:24.631758+08:00,13,true,3.51,-1.00,429,backpressure,false,
candidateA_saturation_hard,2026-09-13T18:53:24.631481+08:00,0,true,3.84,-1.00,429,backpressure,false,
candidateA_saturation_hard,2026-09-13T18:53:24.632672+08:00,4,false,2.68,-1.00,429,backpressure,false,
candidateA_saturation_hard,2026-09-13T18:53:24.632455+08:00,6,true,2.94,-1.00,429,backpressure,false,
candidateA_saturation_hard,2026-09-13T18:53:24.783274+08:00,0,false,3.84,-1.00,429,backpressure,false,
candidateA_saturation_hard,2026-09-13T18:53:24.782727+08:00,4,true,4.44,-1.00,429,backpressure,false,
candidateA_saturation_hard,2026-09-13T18:53:24.782498+08:00,13,false,4.72,-1.00,429,backpressure,false,
candidateA_saturation_hard,2026-09-13T18:53:24.783664+08:00,10,true,3.57,-1.00,429,backpressure,false,
candidateA_saturation_hard,2026-09-13T18:53:24.782694+08:00,6,true,4.57,-1.00,429,backpressure,false,
candidateA_saturation_hard,2026-09-13T18:53:24.783508+08:00,12,true,3.79,-1.00,429,backpressure,false,
candidateA_saturation_hard,2026-09-13T18:53:24.933258+08:00,6,false,3.62,-1.00,429,backpressure,false,
candidateA_saturation_hard,2026-09-13T18:53:24.933751+08:00,10,false,3.23,-1.00,429,backpressure,false,
candidateA_saturation_hard,2026-09-13T18:53:24.933315+08:00,0,false,3.89,-1.00,429,backpressure,false,
candidateA_saturation_hard,2026-09-13T18:53:24.933117+08:00,13,false,4.14,-1.00,429,backpressure,false,
candidateA_saturation_hard,2026-09-13T18:53:24.933034+08:00,4,false,4.75,-1.00,429,backpressure,false,
candidateA_saturation_hard,2026-09-13T18:53:24.933545+08:00,12,false,4.58,-1.00,429,backpressure,false,
candidateA_saturation_hard,2026-09-13T18:53:25.084445+08:00,0,false,2.22,-1.00,429,backpressure,false,
candidateA_saturation_hard,2026-09-13T18:53:25.084338+08:00,6,true,2.39,-1.00,429,backpressure,false,
candidateA_saturation_hard,2026-09-13T18:53:25.08403+08:00,13,true,2.64,-1.00,429,backpressure,false,
candidateA_saturation_hard,2026-09-13T18:53:25.083844+08:00,10,true,2.94,-1.00,429,backpressure,false,
candidateA_saturation_hard,2026-09-13T18:53:25.084806+08:00,4,true,2.00,-1.00,429,backpressure,false,
candidateA_saturation_hard,2026-09-13T18:53:25.083775+08:00,12,true,3.05,-1.00,429,backpressure,false,
candidateA_saturation_hard,2026-09-13T18:53:20.253839+08:00,9,false,4961.14,-1.00,200,,true,
candidateA_saturation_hard,2026-09-13T18:53:25.234853+08:00,6,false,2.30,-1.00,429,backpressure,false,
candidateA_saturation_hard,2026-09-13T18:53:25.234867+08:00,4,false,2.32,-1.00,429,backpressure,false,
candidateA_saturation_hard,2026-09-13T18:53:25.235481+08:00,13,false,1.79,-1.00,429,backpressure,false,
candidateA_saturation_hard,2026-09-13T18:53:25.235051+08:00,0,false,2.26,-1.00,429,backpressure,false,
candidateA_saturation_hard,2026-09-13T18:53:25.235804+08:00,12,false,1.56,-1.00,429,backpressure,false,
candidateA_saturation_hard,2026-09-13T18:53:25.235273+08:00,10,false,2.12,-1.00,429,backpressure,false,
candidateA_saturation_hard,2026-09-13T18:53:25.385791+08:00,10,false,1.56,-1.00,429,backpressure,false,
candidateA_saturation_hard,2026-09-13T18:53:25.385239+08:00,0,false,2.12,-1.00,429,backpressure,false,
candidateA_saturation_hard,2026-09-13T18:53:25.38526+08:00,6,true,2.11,-1.00,429,backpressure,false,
candidateA_saturation_hard,2026-09-13T18:53:25.385416+08:00,12,true,1.96,-1.00,429,backpressure,false,
candidateA_saturation_hard,2026-09-13T18:53:25.385179+08:00,4,true,2.20,-1.00,429,backpressure,false,
candidateA_saturation_hard,2026-09-13T18:53:25.385633+08:00,13,false,1.77,-1.00,429,backpressure,false,
candidateA_saturation_hard,2026-09-13T18:53:25.537327+08:00,12,true,1.91,-1.00,429,backpressure,false,
candidateA_saturation_hard,2026-09-13T18:53:25.536879+08:00,4,false,2.41,-1.00,429,backpressure,false,
candidateA_saturation_hard,2026-09-13T18:53:25.537699+08:00,13,false,1.65,-1.00,429,backpressure,false,
candidateA_saturation_hard,2026-09-13T18:53:25.537856+08:00,0,true,1.75,-1.00,429,backpressure,false,
candidateA_saturation_hard,2026-09-13T18:53:25.536637+08:00,10,false,3.02,-1.00,429,backpressure,false,
candidateA_saturation_hard,2026-09-13T18:53:25.536962+08:00,6,true,2.71,-1.00,429,backpressure,false,
candidateA_saturation_hard,2026-09-13T18:53:25.687696+08:00,12,false,2.21,-1.00,429,backpressure,false,
candidateA_saturation_hard,2026-09-13T18:53:25.687696+08:00,6,true,2.22,-1.00,429,backpressure,false,
candidateA_saturation_hard,2026-09-13T18:53:25.687754+08:00,10,true,2.23,-1.00,429,backpressure,false,
candidateA_saturation_hard,2026-09-13T18:53:25.687963+08:00,0,true,2.04,-1.00,429,backpressure,false,
candidateA_saturation_hard,2026-09-13T18:53:25.687736+08:00,13,false,2.30,-1.00,429,backpressure,false,
candidateA_saturation_hard,2026-09-13T18:53:25.688217+08:00,4,false,2.25,-1.00,429,backpressure,false,
candidateA_saturation_hard,2026-09-13T18:53:25.839178+08:00,6,false,1.23,-1.00,429,backpressure,false,
candidateA_saturation_hard,2026-09-13T18:53:25.838783+08:00,10,true,1.82,-1.00,429,backpressure,false,
candidateA_saturation_hard,2026-09-13T18:53:25.838957+08:00,13,true,1.97,-1.00,429,backpressure,false,
candidateA_saturation_hard,2026-09-13T18:53:25.83893+08:00,4,false,2.44,-1.00,429,backpressure,false,
candidateA_saturation_hard,2026-09-13T18:53:25.838914+08:00,12,true,2.55,-1.00,429,backpressure,false,
candidateA_saturation_hard,2026-09-13T18:53:25.839369+08:00,0,false,2.44,-1.00,429,backpressure,false,
candidateA_saturation_hard,2026-09-13T18:53:20.403759+08:00,8,false,5551.09,-1.00,200,,true,
candidateA_saturation_hard,2026-09-13T18:53:25.990169+08:00,6,false,1.23,-1.00,429,backpressure,false,
candidateA_saturation_hard,2026-09-13T18:53:25.989845+08:00,0,false,1.60,-1.00,429,backpressure,false,
candidateA_saturation_hard,2026-09-13T18:53:25.990205+08:00,10,false,1.31,-1.00,429,backpressure,false,
candidateA_saturation_hard,2026-09-13T18:53:25.98988+08:00,4,false,1.68,-1.00,429,backpressure,false,
candidateA_saturation_hard,2026-09-13T18:53:25.990252+08:00,13,false,1.36,-1.00,429,backpressure,false,
candidateA_saturation_hard,2026-09-13T18:53:25.989845+08:00,12,true,1.99,-1.00,429,backpressure,false,
candidateA_saturation_hard,2026-09-13T18:53:26.140492+08:00,6,false,1.77,-1.00,429,backpressure,false,
candidateA_saturation_hard,2026-09-13T18:53:26.140523+08:00,12,true,1.82,-1.00,429,backpressure,false,
candidateA_saturation_hard,2026-09-13T18:53:26.140905+08:00,10,false,1.54,-1.00,429,backpressure,false,
candidateA_saturation_hard,2026-09-13T18:53:26.140388+08:00,13,true,2.12,-1.00,429,backpressure,false,
candidateA_saturation_hard,2026-09-13T18:53:26.140397+08:00,4,false,2.16,-1.00,429,backpressure,false,
candidateA_saturation_hard,2026-09-13T18:53:26.140438+08:00,0,false,2.40,-1.00,429,backpressure,false,
candidateA_saturation_hard,2026-09-13T18:53:26.292096+08:00,12,true,1.04,-1.00,429,backpressure,false,
candidateA_saturation_hard,2026-09-13T18:53:26.29174+08:00,13,true,1.48,-1.00,429,backpressure,false,
candidateA_saturation_hard,2026-09-13T18:53:26.291782+08:00,4,true,1.51,-1.00,429,backpressure,false,
candidateA_saturation_hard,2026-09-13T18:53:26.291565+08:00,10,false,1.76,-1.00,429,backpressure,false,
candidateA_saturation_hard,2026-09-13T18:53:26.292004+08:00,6,false,1.36,-1.00,429,backpressure,false,
candidateA_saturation_hard,2026-09-13T18:53:26.292356+08:00,0,true,1.23,-1.00,429,backpressure,false,
candidateA_saturation_hard,2026-09-13T18:53:26.442792+08:00,4,true,1.73,-1.00,429,backpressure,false,
candidateA_saturation_hard,2026-09-13T18:53:26.442978+08:00,6,false,1.54,-1.00,429,backpressure,false,
candidateA_saturation_hard,2026-09-13T18:53:26.442771+08:00,10,false,1.82,-1.00,429,backpressure,false,
candidateA_saturation_hard,2026-09-13T18:53:26.442659+08:00,12,true,1.98,-1.00,429,backpressure,false,
candidateA_saturation_hard,2026-09-13T18:53:26.442659+08:00,0,true,2.01,-1.00,429,backpressure,false,
candidateA_saturation_hard,2026-09-13T18:53:26.442719+08:00,13,true,2.00,-1.00,429,backpressure,false,
candidateA_saturation_hard,2026-09-13T18:53:26.593805+08:00,10,true,1.94,-1.00,429,backpressure,false,
candidateA_saturation_hard,2026-09-13T18:53:26.594202+08:00,0,false,1.76,-1.00,429,backpressure,false,
candidateA_saturation_hard,2026-09-13T18:53:26.593758+08:00,13,false,2.27,-1.00,429,backpressure,false,
candidateA_saturation_hard,2026-09-13T18:53:26.593754+08:00,6,false,2.33,-1.00,429,backpressure,false,
candidateA_saturation_hard,2026-09-13T18:53:26.593928+08:00,12,false,2.21,-1.00,429,backpressure,false,
candidateA_saturation_hard,2026-09-13T18:53:26.5945+08:00,4,false,1.86,-1.00,429,backpressure,false,
candidateA_saturation_hard,2026-09-13T18:53:26.745364+08:00,4,false,2.94,-1.00,429,backpressure,false,
candidateA_saturation_hard,2026-09-13T18:53:26.744881+08:00,10,false,3.47,-1.00,429,backpressure,false,
candidateA_saturation_hard,2026-09-13T18:53:26.747063+08:00,0,false,1.39,-1.00,429,backpressure,false,
candidateA_saturation_hard,2026-09-13T18:53:26.74668+08:00,12,false,1.80,-1.00,429,backpressure,false,
candidateA_saturation_hard,2026-09-13T18:53:26.746757+08:00,6,true,1.78,-1.00,429,backpressure,false,
candidateA_saturation_hard,2026-09-13T18:53:26.74732+08:00,13,true,1.65,-1.00,429,backpressure,false,
candidateA_saturation_hard,2026-09-13T18:53:20.917888+08:00,2,true,5915.63,5146.12,200,,true,
candidateA_saturation_hard,2026-09-13T18:53:26.895541+08:00,10,true,1.00,-1.00,429,backpressure,false,
candidateA_saturation_hard,2026-09-13T18:53:26.8956+08:00,4,false,1.14,-1.00,429,backpressure,false,
candidateA_saturation_hard,2026-09-13T18:53:26.896775+08:00,12,true,0.54,-1.00,429,backpressure,false,
candidateA_saturation_hard,2026-09-13T18:53:26.896757+08:00,6,true,0.62,-1.00,429,backpressure,false,
candidateA_saturation_hard,2026-09-13T18:53:26.897395+08:00,13,true,0.50,-1.00,429,backpressure,false,
candidateA_saturation_hard,2026-09-13T18:53:26.897369+08:00,0,false,0.56,-1.00,429,backpressure,false,
candidateA_saturation_hard,2026-09-13T18:53:27.048096+08:00,6,false,1.52,-1.00,429,backpressure,false,
candidateA_saturation_hard,2026-09-13T18:53:27.047586+08:00,12,false,2.07,-1.00,429,backpressure,false,
candidateA_saturation_hard,2026-09-13T18:53:27.047665+08:00,0,false,2.07,-1.00,429,backpressure,false,
candidateA_saturation_hard,2026-09-13T18:53:27.047417+08:00,4,false,2.38,-1.00,429,backpressure,false,
candidateA_saturation_hard,2026-09-13T18:53:27.047427+08:00,13,false,2.48,-1.00,429,backpressure,false,
candidateA_saturation_hard,2026-09-13T18:53:27.047468+08:00,10,false,2.45,-1.00,429,backpressure,false,
candidateA_saturation_hard,2026-09-13T18:53:27.198499+08:00,10,true,3.19,-1.00,429,backpressure,false,
candidateA_saturation_hard,2026-09-13T18:53:27.198539+08:00,4,false,3.20,-1.00,429,backpressure,false,
candidateA_saturation_hard,2026-09-13T18:53:27.198484+08:00,6,false,3.34,-1.00,429,backpressure,false,
candidateA_saturation_hard,2026-09-13T18:53:27.199097+08:00,0,true,2.79,-1.00,429,backpressure,false,
candidateA_saturation_hard,2026-09-13T18:53:27.1987+08:00,13,true,3.28,-1.00,429,backpressure,false,
candidateA_saturation_hard,2026-09-13T18:53:27.198752+08:00,12,false,3.27,-1.00,429,backpressure,false,
candidateA_saturation_hard,2026-09-13T18:53:27.349248+08:00,0,true,0.64,-1.00,429,backpressure,false,
candidateA_saturation_hard,2026-09-13T18:53:27.34923+08:00,12,false,0.69,-1.00,429,backpressure,false,
candidateA_saturation_hard,2026-09-13T18:53:27.349379+08:00,6,false,0.74,-1.00,429,backpressure,false,
candidateA_saturation_hard,2026-09-13T18:53:27.34928+08:00,10,false,0.91,-1.00,429,backpressure,false,
candidateA_saturation_hard,2026-09-13T18:53:27.349317+08:00,4,false,0.92,-1.00,429,backpressure,false,
candidateA_saturation_hard,2026-09-13T18:53:27.349364+08:00,13,true,0.90,-1.00,429,backpressure,false,
candidateA_saturation_hard,2026-09-13T18:53:27.500438+08:00,0,true,3.36,-1.00,429,backpressure,false,
candidateA_saturation_hard,2026-09-13T18:53:27.500339+08:00,13,false,3.73,-1.00,429,backpressure,false,
candidateA_saturation_hard,2026-09-13T18:53:27.500674+08:00,10,false,3.48,-1.00,429,backpressure,false,
candidateA_saturation_hard,2026-09-13T18:53:27.500339+08:00,6,false,3.85,-1.00,429,backpressure,false,
candidateA_saturation_hard,2026-09-13T18:53:27.500853+08:00,4,false,3.37,-1.00,429,backpressure,false,
candidateA_saturation_hard,2026-09-13T18:53:27.500378+08:00,12,false,3.86,-1.00,429,backpressure,false,
candidateA_saturation_hard,2026-09-13T18:53:27.651696+08:00,10,false,2.91,-1.00,429,backpressure,false,
candidateA_saturation_hard,2026-09-13T18:53:27.652881+08:00,0,true,1.84,-1.00,429,backpressure,false,
candidateA_saturation_hard,2026-09-13T18:53:27.651397+08:00,4,false,3.40,-1.00,429,backpressure,false,
candidateA_saturation_hard,2026-09-13T18:53:27.651791+08:00,13,false,3.04,-1.00,429,backpressure,false,
candidateA_saturation_hard,2026-09-13T18:53:27.652721+08:00,12,true,2.30,-1.00,429,backpressure,false,
candidateA_saturation_hard,2026-09-13T18:53:27.652453+08:00,6,false,2.59,-1.00,429,backpressure,false,
candidateA_saturation_hard,2026-09-13T18:53:21.602878+08:00,5,false,6069.54,-1.00,200,,true,
candidateA_saturation_hard,2026-09-13T18:53:27.803167+08:00,0,false,2.10,-1.00,429,backpressure,false,
candidateA_saturation_hard,2026-09-13T18:53:27.802564+08:00,4,true,2.72,-1.00,429,backpressure,false,
candidateA_saturation_hard,2026-09-13T18:53:27.802995+08:00,12,true,2.36,-1.00,429,backpressure,false,
candidateA_saturation_hard,2026-09-13T18:53:27.802509+08:00,13,false,2.87,-1.00,429,backpressure,false,
candidateA_saturation_hard,2026-09-13T18:53:27.802534+08:00,6,true,2.88,-1.00,429,backpressure,false,
candidateA_saturation_hard,2026-09-13T18:53:27.803105+08:00,10,false,2.37,-1.00,429,backpressure,false,
candidateA_saturation_hard,2026-09-13T18:53:27.952941+08:00,4,true,2.24,-1.00,429,backpressure,false,
candidateA_saturation_hard,2026-09-13T18:53:27.954138+08:00,12,false,1.08,-1.00,429,backpressure,false,
candidateA_saturation_hard,2026-09-13T18:53:27.952983+08:00,13,true,2.25,-1.00,429,backpressure,false,
candidateA_saturation_hard,2026-09-13T18:53:27.953471+08:00,10,false,1.83,-1.00,429,backpressure,false,
candidateA_saturation_hard,2026-09-13T18:53:27.952941+08:00,6,false,2.40,-1.00,429,backpressure,false,
candidateA_saturation_hard,2026-09-13T18:53:27.953697+08:00,0,true,1.97,-1.00,429,backpressure,false,
candidateA_saturation_hard,2026-09-13T18:53:28.104016+08:00,0,true,1.51,-1.00,429,backpressure,false,
candidateA_saturation_hard,2026-09-13T18:53:28.104225+08:00,10,true,1.45,-1.00,429,backpressure,false,
candidateA_saturation_hard,2026-09-13T18:53:28.104953+08:00,4,false,1.47,-1.00,429,backpressure,false,
candidateA_saturation_hard,2026-09-13T18:53:28.104776+08:00,13,false,1.76,-1.00,429,backpressure,false,
candidateA_saturation_hard,2026-09-13T18:53:28.105108+08:00,6,true,1.49,-1.00,429,backpressure,false,
candidateA_saturation_hard,2026-09-13T18:53:28.104334+08:00,12,false,2.32,-1.00,429,backpressure,false,
candidateA_saturation_hard,2026-09-13T18:53:28.254128+08:00,0,true,0.97,-1.00,429,backpressure,false,
candidateA_saturation_hard,2026-09-13T18:53:28.254454+08:00,10,false,1.06,-1.00,429,backpressure,false,
candidateA_saturation_hard,2026-09-13T18:53:28.254581+08:00,12,true,1.06,-1.00,429,backpressure,false,
candidateA_saturation_hard,2026-09-13T18:53:28.2554+08:00,4,false,0.69,-1.00,429,backpressure,false,
candidateA_saturation_hard,2026-09-13T18:53:28.255185+08:00,6,false,0.94,-1.00,429,backpressure,false,
candidateA_saturation_hard,2026-09-13T18:53:28.255246+08:00,13,false,0.89,-1.00,429,backpressure,false,
candidateA_saturation_hard,2026-09-13T18:53:28.405494+08:00,4,false,1.56,-1.00,429,backpressure,false,
candidateA_saturation_hard,2026-09-13T18:53:28.405181+08:00,0,false,1.93,-1.00,429,backpressure,false,
candidateA_saturation_hard,2026-09-13T18:53:28.405195+08:00,12,false,2.02,-1.00,429,backpressure,false,
candidateA_saturation_hard,2026-09-13T18:53:28.405769+08:00,13,true,1.54,-1.00,429,backpressure,false,
candidateA_saturation_hard,2026-09-13T18:53:28.405252+08:00,6,true,2.10,-1.00,429,backpressure,false,
candidateA_saturation_hard,2026-09-13T18:53:28.405427+08:00,10,true,1.94,-1.00,429,backpressure,false,
candidateA_saturation_hard,2026-09-13T18:53:22.355318+08:00,7,false,6084.40,-1.00,200,,true,
candidateA_saturation_hard,2026-09-13T18:53:28.556393+08:00,13,false,2.25,-1.00,429,backpressure,false,
candidateA_saturation_hard,2026-09-13T18:53:28.556274+08:00,6,false,2.59,-1.00,429,backpressure,false,
candidateA_saturation_hard,2026-09-13T18:53:28.557706+08:00,10,true,1.84,-1.00,429,backpressure,false,
candidateA_saturation_hard,2026-09-13T18:53:28.55785+08:00,4,true,1.71,-1.00,429,backpressure,false,
candidateA_saturation_hard,2026-09-13T18:53:28.557162+08:00,0,false,2.44,-1.00,429,backpressure,false,
candidateA_saturation_hard,2026-09-13T18:53:28.556494+08:00,12,false,3.12,-1.00,429,backpressure,false,
candidateA_saturation_hard,2026-09-13T18:53:28.707184+08:00,13,true,1.32,-1.00,429,backpressure,false,
candidateA_saturation_hard,2026-09-13T18:53:28.707133+08:00,6,true,1.42,-1.00,429,backpressure,false,
candidateA_saturation_hard,2026-09-13T18:53:28.708144+08:00,4,true,1.14,-1.00,429,backpressure,false,
candidateA_saturation_hard,2026-09-13T18:53:28.70726+08:00,0,true,2.05,-1.00,429,backpressure,false,
candidateA_saturation_hard,2026-09-13T18:53:28.707142+08:00,12,true,2.17,-1.00,429,backpressure,false,
candidateA_saturation_hard,2026-09-13T18:53:28.707868+08:00,10,false,1.52,-1.00,429,backpressure,false,
candidateA_saturation_hard,2026-09-13T18:53:28.858482+08:00,10,false,1.51,-1.00,429,backpressure,false,
candidateA_saturation_hard,2026-09-13T18:53:28.858216+08:00,0,false,1.85,-1.00,429,backpressure,false,
candidateA_saturation_hard,2026-09-13T18:53:28.858216+08:00,12,false,1.90,-1.00,429,backpressure,false,
candidateA_saturation_hard,2026-09-13T18:53:28.858292+08:00,4,true,1.88,-1.00,429,backpressure,false,
candidateA_saturation_hard,2026-09-13T18:53:28.858796+08:00,6,true,1.40,-1.00,429,backpressure,false,
candidateA_saturation_hard,2026-09-13T18:53:28.858646+08:00,13,false,1.56,-1.00,429,backpressure,false,
candidateA_saturation_hard,2026-09-13T18:53:29.009497+08:00,0,false,2.21,-1.00,429,backpressure,false,
candidateA_saturation_hard,2026-09-13T18:53:29.00971+08:00,6,false,2.09,-1.00,429,backpressure,false,
candidateA_saturation_hard,2026-09-13T18:53:29.009272+08:00,13,false,2.60,-1.00,429,backpressure,false,
candidateA_saturation_hard,2026-09-13T18:53:29.009284+08:00,12,true,2.60,-1.00,429,backpressure,false,
candidateA_saturation_hard,2026-09-13T18:53:29.009434+08:00,10,false,2.50,-1.00,429,backpressure,false,
candidateA_saturation_hard,2026-09-13T18:53:29.009326+08:00,4,true,2.64,-1.00,429,backpressure,false,
candidateA_saturation_hard,2026-09-13T18:53:29.160779+08:00,4,true,1.99,-1.00,429,backpressure,false,
candidateA_saturation_hard,2026-09-13T18:53:29.160517+08:00,0,false,2.30,-1.00,429,backpressure,false,
candidateA_saturation_hard,2026-09-13T18:53:29.160396+08:00,13,false,2.47,-1.00,429,backpressure,false,
candidateA_saturation_hard,2026-09-13T18:53:29.16088+08:00,12,true,2.07,-1.00,429,backpressure,false,
candidateA_saturation_hard,2026-09-13T18:53:29.160356+08:00,6,false,2.89,-1.00,429,backpressure,false,
candidateA_saturation_hard,2026-09-13T18:53:29.160341+08:00,10,false,3.03,-1.00,429,backpressure,false,
candidateA_saturation_hard,2026-09-13T18:53:23.023487+08:00,3,false,6212.05,-1.00,200,,true,
candidateA_saturation_hard,2026-09-13T18:53:29.311561+08:00,0,false,0.63,-1.00,429,backpressure,false,
candidateA_saturation_hard,2026-09-13T18:53:29.31171+08:00,6,false,0.49,-1.00,429,backpressure,false,
candidateA_saturation_hard,2026-09-13T18:53:29.311238+08:00,12,false,0.99,-1.00,429,backpressure,false,
candidateA_saturation_hard,2026-09-13T18:53:29.311348+08:00,4,true,0.89,-1.00,429,backpressure,false,
candidateA_saturation_hard,2026-09-13T18:53:29.311472+08:00,10,false,0.78,-1.00,429,backpressure,false,
candidateA_saturation_hard,2026-09-13T18:53:29.311519+08:00,13,true,0.78,-1.00,429,backpressure,false,
candidateA_saturation_hard,2026-09-13T18:53:29.461651+08:00,0,true,2.64,-1.00,429,backpressure,false,
candidateA_saturation_hard,2026-09-13T18:53:29.461982+08:00,4,false,2.38,-1.00,429,backpressure,false,
candidateA_saturation_hard,2026-09-13T18:53:29.46242+08:00,6,true,2.04,-1.00,429,backpressure,false,
candidateA_saturation_hard,2026-09-13T18:53:29.462577+08:00,10,true,1.94,-1.00,429,backpressure,false,
candidateA_saturation_hard,2026-09-13T18:53:29.46189+08:00,12,true,2.64,-1.00,429,backpressure,false,
candidateA_saturation_hard,2026-09-13T18:53:29.462731+08:00,13,false,1.84,-1.00,429,backpressure,false,
candidateA_saturation_hard,2026-09-13T18:53:29.614125+08:00,13,false,2.21,-1.00,429,backpressure,false,
candidateA_saturation_hard,2026-09-13T18:53:29.614056+08:00,12,false,2.32,-1.00,429,backpressure,false,
candidateA_saturation_hard,2026-09-13T18:53:29.614558+08:00,6,false,1.90,-1.00,429,backpressure,false,
candidateA_saturation_hard,2026-09-13T18:53:29.614326+08:00,4,false,2.19,-1.00,429,backpressure,false,
candidateA_saturation_hard,2026-09-13T18:53:29.614267+08:00,10,false,2.31,-1.00,429,backpressure,false,
candidateA_saturation_hard,2026-09-13T18:53:29.614662+08:00,0,true,2.10,-1.00,429,backpressure,false,
candidateA_saturation_hard,2026-09-13T18:53:29.765334+08:00,6,false,1.86,-1.00,429,backpressure,false,
candidateA_saturation_hard,2026-09-13T18:53:29.764862+08:00,10,false,2.38,-1.00,429,backpressure,false,
candidateA_saturation_hard,2026-09-13T18:53:29.764858+08:00,0,false,2.49,-1.00,429,backpressure,false,
candidateA_saturation_hard,2026-09-13T18:53:29.765031+08:00,4,false,2.40,-1.00,429,backpressure,false,
candidateA_saturation_hard,2026-09-13T18:53:29.76491+08:00,12,true,2.62,-1.00,429,backpressure,false,
candidateA_saturation_hard,2026-09-13T18:53:29.765108+08:00,13,true,2.44,-1.00,429,backpressure,false,
candidateA_saturation_hard,2026-09-13T18:53:23.696054+08:00,1,true,6193.99,5650.68,200,,true,
candidateA_saturation_hard,2026-09-13T18:53:29.91615+08:00,0,true,2.91,-1.00,429,backpressure,false,
candidateA_saturation_hard,2026-09-13T18:53:29.916545+08:00,12,true,3.26,-1.00,429,backpressure,false,
candidateA_saturation_hard,2026-09-13T18:53:29.916419+08:00,10,false,3.47,-1.00,429,backpressure,false,
candidateA_saturation_hard,2026-09-13T18:53:29.917032+08:00,13,false,3.27,-1.00,429,backpressure,false,
candidateA_saturation_hard,2026-09-13T18:53:29.916644+08:00,4,false,3.75,-1.00,429,backpressure,false,
candidateA_saturation_hard,2026-09-13T18:53:29.915938+08:00,6,true,4.47,-1.00,429,backpressure,false,
candidateA_saturation_hard,2026-09-13T18:53:30.067217+08:00,6,false,1.94,-1.00,429,backpressure,false,
candidateA_saturation_hard,2026-09-13T18:53:30.06764+08:00,10,false,1.68,-1.00,429,backpressure,false,
candidateA_saturation_hard,2026-09-13T18:53:30.067527+08:00,0,false,1.88,-1.00,429,backpressure,false,
candidateA_saturation_hard,2026-09-13T18:53:30.067022+08:00,4,false,2.42,-1.00,429,backpressure,false,
candidateA_saturation_hard,2026-09-13T18:53:30.067113+08:00,13,false,2.35,-1.00,429,backpressure,false,
candidateA_saturation_hard,2026-09-13T18:53:30.067312+08:00,12,true,2.70,-1.00,429,backpressure,false,
candidateA_saturation_hard,2026-09-13T18:53:30.218436+08:00,13,false,1.68,-1.00,429,backpressure,false,
candidateA_saturation_hard,2026-09-13T18:53:30.219857+08:00,4,true,1.28,-1.00,429,backpressure,false,
candidateA_saturation_hard,2026-09-13T18:53:30.219184+08:00,0,false,2.02,-1.00,429,backpressure,false,
candidateA_saturation_hard,2026-09-13T18:53:30.218152+08:00,10,true,3.11,-1.00,429,backpressure,false,
candidateA_saturation_hard,2026-09-13T18:53:30.218684+08:00,6,true,2.62,-1.00,429,backpressure,false,
candidateA_saturation_hard,2026-09-13T18:53:30.218729+08:00,12,true,2.62,-1.00,429,backpressure,false,
candidateA_saturation_hard,2026-09-13T18:53:30.368988+08:00,13,true,0.46,-1.00,429,backpressure,false,
candidateA_saturation_hard,2026-09-13T18:53:30.369025+08:00,12,true,0.49,-1.00,429,backpressure,false,
candidateA_saturation_hard,2026-09-13T18:53:30.369049+08:00,6,false,0.66,-1.00,429,backpressure,false,
candidateA_saturation_hard,2026-09-13T18:53:30.369192+08:00,0,false,0.56,-1.00,429,backpressure,false,
candidateA_saturation_hard,2026-09-13T18:53:30.369062+08:00,10,false,0.72,-1.00,429,backpressure,false,
candidateA_saturation_hard,2026-09-13T18:53:30.369883+08:00,4,false,0.28,-1.00,429,backpressure,false,
candidateA_saturation_hard,2026-09-13T18:53:30.519439+08:00,12,true,1.74,-1.00,429,backpressure,false,
candidateA_saturation_hard,2026-09-13T18:53:30.519987+08:00,6,true,1.26,-1.00,429,backpressure,false,
candidateA_saturation_hard,2026-09-13T18:53:24.348955+08:00,11,true,6172.16,5645.72,200,,true,
candidateA_saturation_hard,2026-09-13T18:53:30.520367+08:00,4,false,1.84,-1.00,429,backpressure,false,
candidateA_saturation_hard,2026-09-13T18:53:30.521143+08:00,13,false,1.11,-1.00,429,backpressure,false,
candidateA_saturation_hard,2026-09-13T18:53:30.521311+08:00,11,false,0.98,-1.00,429,backpressure,false,
candidateA_saturation_hard,2026-09-13T18:53:30.521031+08:00,10,true,1.28,-1.00,429,backpressure,false,
candidateA_saturation_hard,2026-09-13T18:53:30.671123+08:00,10,true,2.60,-1.00,429,backpressure,false,
candidateA_saturation_hard,2026-09-13T18:53:30.670579+08:00,4,false,3.26,-1.00,429,backpressure,false,
candidateA_saturation_hard,2026-09-13T18:53:30.670579+08:00,12,false,3.34,-1.00,429,backpressure,false,
candidateA_saturation_hard,2026-09-13T18:53:30.671151+08:00,13,true,2.78,-1.00,429,backpressure,false,
candidateA_saturation_hard,2026-09-13T18:53:30.671671+08:00,6,true,2.29,-1.00,429,backpressure,false,
candidateA_saturation_hard,2026-09-13T18:53:30.671471+08:00,11,false,2.52,-1.00,429,backpressure,false,
candidateA_saturation_hard,2026-09-13T18:53:30.822086+08:00,11,false,1.05,-1.00,429,backpressure,false,
candidateA_saturation_hard,2026-09-13T18:53:30.8222+08:00,10,false,0.97,-1.00,429,backpressure,false,
candidateA_saturation_hard,2026-09-13T18:53:30.821722+08:00,6,false,1.53,-1.00,429,backpressure,false,
candidateA_saturation_hard,2026-09-13T18:53:30.82186+08:00,12,true,1.46,-1.00,429,backpressure,false,
candidateA_saturation_hard,2026-09-13T18:53:30.821722+08:00,4,false,1.63,-1.00,429,backpressure,false,
candidateA_saturation_hard,2026-09-13T18:53:30.821762+08:00,13,true,1.63,-1.00,429,backpressure,false,
candidateA_saturation_hard,2026-09-13T18:53:30.972866+08:00,6,true,1.99,-1.00,429,backpressure,false,
candidateA_saturation_hard,2026-09-13T18:53:30.973101+08:00,12,true,1.85,-1.00,429,backpressure,false,
candidateA_saturation_hard,2026-09-13T18:53:30.973284+08:00,10,true,1.74,-1.00,429,backpressure,false,
candidateA_saturation_hard,2026-09-13T18:53:30.973462+08:00,11,false,1.58,-1.00,429,backpressure,false,
candidateA_saturation_hard,2026-09-13T18:53:30.97302+08:00,4,true,2.06,-1.00,429,backpressure,false,
candidateA_saturation_hard,2026-09-13T18:53:30.972844+08:00,13,false,2.29,-1.00,429,backpressure,false,
candidateA_saturation_hard,2026-09-13T18:53:31.123873+08:00,6,false,3.32,-1.00,429,backpressure,false,
candidateA_saturation_hard,2026-09-13T18:53:31.123862+08:00,12,true,3.40,-1.00,429,backpressure,false,
candidateA_saturation_hard,2026-09-13T18:53:31.123904+08:00,10,true,3.47,-1.00,429,backpressure,false,
candidateA_saturation_hard,2026-09-13T18:53:31.124329+08:00,11,true,3.11,-1.00,429,backpressure,false,
candidateA_saturation_hard,2026-09-13T18:53:31.124058+08:00,4,true,3.45,-1.00,429,backpressure,false,
candidateA_saturation_hard,2026-09-13T18:53:31.1246+08:00,13,true,2.94,-1.00,429,backpressure,false,
candidateA_saturation_hard,2026-09-13T18:53:31.274298+08:00,6,false,0.63,-1.00,429,backpressure,false,
candidateA_saturation_hard,2026-09-13T18:53:31.27432+08:00,10,false,0.64,-1.00,429,backpressure,false,
candidateA_saturation_hard,2026-09-13T18:53:31.274363+08:00,11,false,0.67,-1.00,429,backpressure,false,
candidateA_saturation_hard,2026-09-13T18:53:31.274337+08:00,12,false,0.73,-1.00,429,backpressure,false,
candidateA_saturation_hard,2026-09-13T18:53:31.274291+08:00,4,false,0.85,-1.00,429,backpressure,false,
candidateA_saturation_hard,2026-09-13T18:53:31.274732+08:00,13,false,0.51,-1.00,429,backpressure,false,
candidateA_saturation_hard,2026-09-13T18:53:25.215168+08:00,9,true,6103.98,5412.61,200,,true,
candidateA_saturation_hard,2026-09-13T18:53:31.4258+08:00,13,true,3.10,-1.00,429,backpressure,false,
candidateA_saturation_hard,2026-09-13T18:53:31.426606+08:00,11,true,2.31,-1.00,429,backpressure,false,
candidateA_saturation_hard,2026-09-13T18:53:31.426481+08:00,10,false,2.48,-1.00,429,backpressure,false,
candidateA_saturation_hard,2026-09-13T18:53:31.426684+08:00,6,false,2.39,-1.00,429,backpressure,false,
candidateA_saturation_hard,2026-09-13T18:53:31.426331+08:00,12,true,2.83,-1.00,429,backpressure,false,
candidateA_saturation_hard,2026-09-13T18:53:31.426215+08:00,4,true,2.97,-1.00,429,backpressure,false,
candidateA_saturation_hard,2026-09-13T18:53:31.576414+08:00,12,false,1.72,-1.00,429,backpressure,false,
candidateA_saturation_hard,2026-09-13T18:53:31.576527+08:00,4,false,1.66,-1.00,429,backpressure,false,
candidateA_saturation_hard,2026-09-13T18:53:31.576658+08:00,10,true,3.30,-1.00,429,backpressure,false,
candidateA_saturation_hard,2026-09-13T18:53:31.577+08:00,11,false,3.42,-1.00,429,backpressure,false,
candidateA_saturation_hard,2026-09-13T18:53:31.577221+08:00,6,false,3.30,-1.00,429,backpressure,false,
candidateA_saturation_hard,2026-09-13T18:53:31.576611+08:00,13,false,3.96,-1.00,429,backpressure,false,
candidateA_saturation_hard,2026-09-13T18:53:31.727378+08:00,6,false,2.05,-1.00,429,backpressure,false,
candidateA_saturation_hard,2026-09-13T18:53:31.726759+08:00,13,false,2.75,-1.00,429,backpressure,false,
candidateA_saturation_hard,2026-09-13T18:53:31.727046+08:00,11,false,2.57,-1.00,429,backpressure,false,
candidateA_saturation_hard,2026-09-13T18:53:31.726889+08:00,4,false,2.80,-1.00,429,backpressure,false,
candidateA_saturation_hard,2026-09-13T18:53:31.727266+08:00,10,false,2.16,-1.00,429,backpressure,false,
candidateA_saturation_hard,2026-09-13T18:53:31.726985+08:00,12,true,2.73,-1.00,429,backpressure,false,
candidateA_saturation_hard,2026-09-13T18:53:31.878391+08:00,12,true,1.67,-1.00,429,backpressure,false,
candidateA_saturation_hard,2026-09-13T18:53:31.878183+08:00,13,true,1.92,-1.00,429,backpressure,false,
candidateA_saturation_hard,2026-09-13T18:53:31.877918+08:00,10,true,2.23,-1.00,429,backpressure,false,
candidateA_saturation_hard,2026-09-13T18:53:31.877918+08:00,6,false,2.27,-1.00,429,backpressure,false,
candidateA_saturation_hard,2026-09-13T18:53:31.878099+08:00,4,true,2.10,-1.00,429,backpressure,false,
candidateA_saturation_hard,2026-09-13T18:53:31.878491+08:00,11,true,1.73,-1.00,429,backpressure,false,
candidateA_saturation_hard,2026-09-13T18:53:25.955064+08:00,8,true,5932.54,5473.79,200,,true,
candidateA_saturation_hard,2026-09-13T18:53:32.02925+08:00,4,false,2.35,-1.00,429,backpressure,false,
candidateA_saturation_hard,2026-09-13T18:53:32.029098+08:00,11,false,2.55,-1.00,429,backpressure,false,
candidateA_saturation_hard,2026-09-13T18:53:32.02973+08:00,10,false,1.96,-1.00,429,backpressure,false,
candidateA_saturation_hard,2026-09-13T18:53:32.029355+08:00,6,true,2.39,-1.00,429,backpressure,false,
candidateA_saturation_hard,2026-09-13T18:53:32.029662+08:00,12,true,2.11,-1.00,429,backpressure,false,
candidateA_saturation_hard,2026-09-13T18:53:32.029557+08:00,13,true,2.24,-1.00,429,backpressure,false,
candidateA_saturation_hard,2026-09-13T18:53:32.180477+08:00,12,false,1.28,-1.00,429,backpressure,false,
candidateA_saturation_hard,2026-09-13T18:53:32.180624+08:00,11,true,1.20,-1.00,429,backpressure,false,
candidateA_saturation_hard,2026-09-13T18:53:32.180786+08:00,10,false,1.71,-1.00,429,backpressure,false,
candidateA_saturation_hard,2026-09-13T18:53:32.181169+08:00,4,false,1.37,-1.00,429,backpressure,false,
candidateA_saturation_hard,2026-09-13T18:53:32.18131+08:00,6,true,1.27,-1.00,429,backpressure,false,
candidateA_saturation_hard,2026-09-13T18:53:32.181469+08:00,13,true,1.22,-1.00,429,backpressure,false,
candidateA_saturation_hard,2026-09-13T18:53:32.331692+08:00,11,false,1.88,-1.00,429,backpressure,false,
candidateA_saturation_hard,2026-09-13T18:53:32.331816+08:00,6,true,1.97,-1.00,429,backpressure,false,
candidateA_saturation_hard,2026-09-13T18:53:32.33164+08:00,12,false,2.26,-1.00,429,backpressure,false,
candidateA_saturation_hard,2026-09-13T18:53:32.33164+08:00,10,false,2.32,-1.00,429,backpressure,false,
candidateA_saturation_hard,2026-09-13T18:53:32.33189+08:00,4,true,2.54,-1.00,429,backpressure,false,
candidateA_saturation_hard,2026-09-13T18:53:32.332397+08:00,13,false,2.06,-1.00,429,backpressure,false,
candidateA_saturation_hard,2026-09-13T18:53:32.482395+08:00,4,false,3.34,-1.00,429,backpressure,false,
candidateA_saturation_hard,2026-09-13T18:53:32.483009+08:00,11,false,2.73,-1.00,429,backpressure,false,
candidateA_saturation_hard,2026-09-13T18:53:32.482277+08:00,10,false,3.53,-1.00,429,backpressure,false,
candidateA_saturation_hard,2026-09-13T18:53:32.482523+08:00,12,false,3.32,-1.00,429,backpressure,false,
candidateA_saturation_hard,2026-09-13T18:53:32.48321+08:00,13,true,2.64,-1.00,429,backpressure,false,
candidateA_saturation_hard,2026-09-13T18:53:32.482476+08:00,6,false,4.49,-1.00,429,backpressure,false,
candidateA_saturation_hard,2026-09-13T18:53:32.633829+08:00,12,false,1.68,-1.00,429,backpressure,false,
candidateA_saturation_hard,2026-09-13T18:53:32.633429+08:00,11,true,2.21,-1.00,429,backpressure,false,
candidateA_saturation_hard,2026-09-13T18:53:32.634047+08:00,6,true,1.66,-1.00,429,backpressure,false,
candidateA_saturation_hard,2026-09-13T18:53:32.633945+08:00,4,false,1.83,-1.00,429,backpressure,false,
candidateA_saturation_hard,2026-09-13T18:53:32.633591+08:00,13,false,2.20,-1.00,429,backpressure,false,
candidateA_saturation_hard,2026-09-13T18:53:32.633673+08:00,10,false,2.13,-1.00,429,backpressure,false,
candidateA_saturation_hard,2026-09-13T18:53:26.833737+08:00,2,true,5898.84,5161.09,200,,true,
candidateA_saturation_hard,2026-09-13T18:53:32.784793+08:00,11,true,3.51,-1.00,429,backpressure,false,
candidateA_saturation_hard,2026-09-13T18:53:32.786491+08:00,10,false,1.86,-1.00,429,backpressure,false,
candidateA_saturation_hard,2026-09-13T18:53:32.785453+08:00,12,false,2.95,-1.00,429,backpressure,false,
candidateA_saturation_hard,2026-09-13T18:53:32.784541+08:00,6,false,3.92,-1.00,429,backpressure,false,
candidateA_saturation_hard,2026-09-13T18:53:32.785613+08:00,4,true,2.89,-1.00,429,backpressure,false,
candidateA_saturation_hard,2026-09-13T18:53:32.785287+08:00,13,false,3.26,-1.00,429,backpressure,false,
candidateA_saturation_hard,2026-09-13T18:53:32.935155+08:00,11,false,1.30,-1.00,429,backpressure,false,
candidateA_saturation_hard,2026-09-13T18:53:32.935161+08:00,6,true,1.46,-1.00,429,backpressure,false,
candidateA_saturation_hard,2026-09-13T18:53:32.935349+08:00,13,false,2.73,-1.00,429,backpressure,false,
candidateA_saturation_hard,2026-09-13T18:53:32.935633+08:00,4,true,2.50,-1.00,429,backpressure,false,
candidateA_saturation_hard,2026-09-13T18:53:32.935732+08:00,12,false,2.41,-1.00,429,backpressure,false,
candidateA_saturation_hard,2026-09-13T18:53:32.936645+08:00,10,false,1.55,-1.00,429,backpressure,false,
candidateA_saturation_hard,2026-09-13T18:53:33.085922+08:00,12,true,1.24,-1.00,429,backpressure,false,
candidateA_saturation_hard,2026-09-13T18:53:33.086716+08:00,10,true,3.14,-1.00,429,backpressure,false,
candidateA_saturation_hard,2026-09-13T18:53:33.086536+08:00,11,false,3.49,-1.00,429,backpressure,false,
candidateA_saturation_hard,2026-09-13T18:53:33.086242+08:00,4,true,4.23,-1.00,429,backpressure,false,
candidateA_saturation_hard,2026-09-13T18:53:33.086468+08:00,6,false,4.12,-1.00,429,backpressure,false,
candidateA_saturation_hard,2026-09-13T18:53:33.086171+08:00,13,true,4.50,-1.00,429,backpressure,false,
candidateA_saturation_hard,2026-09-13T18:53:33.237429+08:00,4,false,3.62,-1.00,429,backpressure,false,
candidateA_saturation_hard,2026-09-13T18:53:33.237156+08:00,10,false,3.91,-1.00,429,backpressure,false,
candidateA_saturation_hard,2026-09-13T18:53:33.237543+08:00,13,false,3.58,-1.00,429,backpressure,false,
candidateA_saturation_hard,2026-09-13T18:53:33.239738+08:00,11,true,1.46,-1.00,429,backpressure,false,
candidateA_saturation_hard,2026-09-13T18:53:33.237588+08:00,6,false,3.98,-1.00,429,backpressure,false,
candidateA_saturation_hard,2026-09-13T18:53:33.240053+08:00,12,false,1.63,-1.00,429,backpressure,false,
candidateA_saturation_hard,2026-09-13T18:53:27.672662+08:00,5,true,5715.98,5165.49,200,,true,
candidateA_saturation_hard,2026-09-13T18:53:33.38903+08:00,4,true,1.12,-1.00,429,backpressure,false,
candidateA_saturation_hard,2026-09-13T18:53:33.388859+08:00,5,false,1.36,-1.00,429,backpressure,false,
candidateA_saturation_hard,2026-09-13T18:53:33.389123+08:00,6,false,1.14,-1.00,429,backpressure,false,
candidateA_saturation_hard,2026-09-13T18:53:33.389271+08:00,10,false,1.38,-1.00,429,backpressure,false,
candidateA_saturation_hard,2026-09-13T18:53:33.390503+08:00,11,false,0.60,-1.00,429,backpressure,false,
candidateA_saturation_hard,2026-09-13T18:53:33.390579+08:00,12,false,0.58,-1.00,429,backpressure,false,
candidateA_saturation_hard,2026-09-13T18:53:33.539304+08:00,6,false,1.58,-1.00,429,backpressure,false,
candidateA_saturation_hard,2026-09-13T18:53:33.539231+08:00,5,true,1.76,-1.00,429,backpressure,false,
candidateA_saturation_hard,2026-09-13T18:53:33.539289+08:00,10,false,1.81,-1.00,429,backpressure,false,
candidateA_saturation_hard,2026-09-13T18:53:33.539218+08:00,4,false,2.48,-1.00,429,backpressure,false,
candidateA_saturation_hard,2026-09-13T18:53:33.541018+08:00,11,false,0.75,-1.00,429,backpressure,false,
candidateA_saturation_hard,2026-09-13T18:53:33.540806+08:00,12,false,1.14,-1.00,429,backpressure,false,
candidateA_saturation_hard,2026-09-13T18:53:33.690383+08:00,6,true,1.22,-1.00,429,backpressure,false,
candidateA_saturation_hard,2026-09-13T18:53:33.690415+08:00,4,false,1.30,-1.00,429,backpressure,false,
candidateA_saturation_hard,2026-09-13T18:53:33.690383+08:00,10,false,1.39,-1.00,429,backpressure,false,
candidateA_saturation_hard,2026-09-13T18:53:33.69049+08:00,5,false,1.52,-1.00,429,backpressure,false,
candidateA_saturation_hard,2026-09-13T18:53:33.691226+08:00,11,true,0.96,-1.00,429,backpressure,false,
candidateA_saturation_hard,2026-09-13T18:53:33.691358+08:00,12,true,0.88,-1.00,429,backpressure,false,
candidateA_saturation_hard,2026-09-13T18:53:33.841523+08:00,4,false,1.93,-1.00,429,backpressure,false,
candidateA_saturation_hard,2026-09-13T18:53:33.841479+08:00,6,true,2.06,-1.00,429,backpressure,false,
candidateA_saturation_hard,2026-09-13T18:53:33.841616+08:00,11,true,2.02,-1.00,429,backpressure,false,
candidateA_saturation_hard,2026-09-13T18:53:33.841642+08:00,10,true,2.09,-1.00,429,backpressure,false,
candidateA_saturation_hard,2026-09-13T18:53:33.842031+08:00,5,false,1.76,-1.00,429,backpressure,false,
candidateA_saturation_hard,2026-09-13T18:53:33.841472+08:00,12,true,2.36,-1.00,429,backpressure,false,
candidateA_saturation_hard,2026-09-13T18:53:33.993154+08:00,12,true,1.28,-1.00,429,backpressure,false,
candidateA_saturation_hard,2026-09-13T18:53:33.992691+08:00,4,true,1.92,-1.00,429,backpressure,false,
candidateA_saturation_hard,2026-09-13T18:53:33.99279+08:00,5,false,1.99,-1.00,429,backpressure,false,
candidateA_saturation_hard,2026-09-13T18:53:33.992642+08:00,11,true,2.19,-1.00,429,backpressure,false,
candidateA_saturation_hard,2026-09-13T18:53:33.992862+08:00,10,false,2.01,-1.00,429,backpressure,false,
candidateA_saturation_hard,2026-09-13T18:53:33.992646+08:00,6,false,2.49,-1.00,429,backpressure,false,
candidateA_saturation_hard,2026-09-13T18:53:34.14367+08:00,12,true,1.35,-1.00,429,backpressure,false,
candidateA_saturation_hard,2026-09-13T18:53:34.144009+08:00,6,true,1.07,-1.00,429,backpressure,false,
candidateA_saturation_hard,2026-09-13T18:53:34.143671+08:00,11,false,1.44,-1.00,429,backpressure,false,
candidateA_saturation_hard,2026-09-13T18:53:34.143713+08:00,4,false,1.67,-1.00,429,backpressure,false,
candidateA_saturation_hard,2026-09-13T18:53:34.143808+08:00,5,true,1.59,-1.00,429,backpressure,false,
candidateA_saturation_hard,2026-09-13T18:53:34.14386+08:00,10,false,3.42,-1.00,429,backpressure,false,
candidateA_saturation_hard,2026-09-13T18:53:28.439954+08:00,7,false,5784.87,-1.00,200,,true,
candidateA_saturation_hard,2026-09-13T18:53:34.294885+08:00,11,true,1.54,-1.00,429,backpressure,false,
candidateA_saturation_hard,2026-09-13T18:53:34.295152+08:00,5,false,1.35,-1.00,429,backpressure,false,
candidateA_saturation_hard,2026-09-13T18:53:34.294904+08:00,10,false,1.65,-1.00,429,backpressure,false,
candidateA_saturation_hard,2026-09-13T18:53:34.294852+08:00,6,false,1.74,-1.00,429,backpressure,false,
candidateA_saturation_hard,2026-09-13T18:53:34.295065+08:00,4,false,1.54,-1.00,429,backpressure,false,
candidateA_saturation_hard,2026-09-13T18:53:34.294859+08:00,12,true,1.76,-1.00,429,backpressure,false,
candidateA_saturation_hard,2026-09-13T18:53:34.446186+08:00,4,false,2.38,-1.00,429,backpressure,false,
candidateA_saturation_hard,2026-09-13T18:53:34.44817+08:00,11,true,1.54,-1.00,429,backpressure,false,
candidateA_saturation_hard,2026-09-13T18:53:34.447703+08:00,5,false,2.09,-1.00,429,backpressure,false,
candidateA_saturation_hard,2026-09-13T18:53:34.448248+08:00,10,false,1.66,-1.00,429,backpressure,false,
candidateA_saturation_hard,2026-09-13T18:53:34.44808+08:00,12,true,1.83,-1.00,429,backpressure,false,
candidateA_saturation_hard,2026-09-13T18:53:34.447794+08:00,6,false,2.18,-1.00,429,backpressure,false,
candidateA_saturation_hard,2026-09-13T18:53:34.597766+08:00,5,false,1.01,-1.00,429,backpressure,false,
candidateA_saturation_hard,2026-09-13T18:53:34.59708+08:00,4,false,2.42,-1.00,429,backpressure,false,
candidateA_saturation_hard,2026-09-13T18:53:34.597926+08:00,6,true,1.70,-1.00,429,backpressure,false,
candidateA_saturation_hard,2026-09-13T18:53:34.598434+08:00,12,true,1.27,-1.00,429,backpressure,false,
candidateA_saturation_hard,2026-09-13T18:53:34.598206+08:00,11,false,1.57,-1.00,429,backpressure,false,
candidateA_saturation_hard,2026-09-13T18:53:34.598317+08:00,10,true,1.65,-1.00,429,backpressure,false,
candidateA_saturation_hard,2026-09-13T18:53:34.74861+08:00,12,true,2.07,-1.00,429,backpressure,false,
candidateA_saturation_hard,2026-09-13T18:53:34.748292+08:00,11,false,2.44,-1.00,429,backpressure,false,
candidateA_saturation_hard,2026-09-13T18:53:34.74851+08:00,10,true,2.29,-1.00,429,backpressure,false,
candidateA_saturation_hard,2026-09-13T18:53:34.747999+08:00,5,true,2.86,-1.00,429,backpressure,false,
candidateA_saturation_hard,2026-09-13T18:53:34.748006+08:00,4,false,2.91,-1.00,429,backpressure,false,
candidateA_saturation_hard,2026-09-13T18:53:34.748124+08:00,6,false,2.85,-1.00,429,backpressure,false,
candidateA_saturation_hard,2026-09-13T18:53:34.899447+08:00,4,false,1.56,-1.00,429,backpressure,false,
candidateA_saturation_hard,2026-09-13T18:53:34.899298+08:00,11,true,1.80,-1.00,429,backpressure,false,
candidateA_saturation_hard,2026-09-13T18:53:34.89912+08:00,5,false,2.11,-1.00,429,backpressure,false,
candidateA_saturation_hard,2026-09-13T18:53:34.899065+08:00,12,true,2.27,-1.00,429,backpressure,false,
candidateA_saturation_hard,2026-09-13T18:53:34.899627+08:00,10,true,1.74,-1.00,429,backpressure,false,
candidateA_saturation_hard,2026-09-13T18:53:34.899077+08:00,6,false,2.63,-1.00,429,backpressure,false,
candidateA_saturation_hard,2026-09-13T18:53:29.235762+08:00,3,true,5771.24,5096.79,200,,true,
candidateA_saturation_hard,2026-09-13T18:53:35.050714+08:00,6,false,3.59,-1.00,429,backpressure,false,
candidateA_saturation_hard,2026-09-13T18:53:35.052738+08:00,10,true,1.59,-1.00,429,backpressure,false,
candidateA_saturation_hard,2026-09-13T18:53:35.050861+08:00,5,false,3.51,-1.00,429,backpressure,false,
candidateA_saturation_hard,2026-09-13T18:53:35.05017+08:00,4,false,4.23,-1.00,429,backpressure,false,
candidateA_saturation_hard,2026-09-13T18:53:35.050973+08:00,11,true,3.45,-1.00,429,backpressure,false,
candidateA_saturation_hard,2026-09-13T18:53:35.050387+08:00,12,false,4.06,-1.00,429,backpressure,false,
candidateA_saturation_hard,2026-09-13T18:53:35.201004+08:00,11,false,1.70,-1.00,429,backpressure,false,
candidateA_saturation_hard,2026-09-13T18:53:35.201828+08:00,12,false,0.94,-1.00,429,backpressure,false,
candidateA_saturation_hard,2026-09-13T18:53:35.200822+08:00,6,false,2.02,-1.00,429,backpressure,false,
candidateA_saturation_hard,2026-09-13T18:53:35.201559+08:00,5,true,1.35,-1.00,429,backpressure,false,
candidateA_saturation_hard,2026-09-13T18:53:35.200519+08:00,4,false,2.43,-1.00,429,backpressure,false,
candidateA_saturation_hard,2026-09-13T18:53:35.203009+08:00,10,false,0.46,-1.00,429,backpressure,false,
candidateA_saturation_hard,2026-09-13T18:53:35.351603+08:00,11,true,2.56,-1.00,429,backpressure,false,
candidateA_saturation_hard,2026-09-13T18:53:35.35188+08:00,6,false,2.39,-1.00,429,backpressure,false,
candidateA_saturation_hard,2026-09-13T18:53:35.351811+08:00,4,true,2.87,-1.00,429,backpressure,false,
candidateA_saturation_hard,2026-09-13T18:53:35.352453+08:00,5,false,2.47,-1.00,429,backpressure,false,
candidateA_saturation_hard,2026-09-13T18:53:35.352311+08:00,12,true,2.65,-1.00,429,backpressure,false,
candidateA_saturation_hard,2026-09-13T18:53:35.354334+08:00,10,false,0.83,-1.00,429,backpressure,false,
candidateA_saturation_hard,2026-09-13T18:53:35.502704+08:00,4,false,2.18,-1.00,429,backpressure,false,
candidateA_saturation_hard,2026-09-13T18:53:35.502994+08:00,5,true,3.25,-1.00,429,backpressure,false,
candidateA_saturation_hard,2026-09-13T18:53:35.50295+08:00,11,true,3.36,-1.00,429,backpressure,false,
candidateA_saturation_hard,2026-09-13T18:53:35.50289+08:00,6,false,3.50,-1.00,429,backpressure,false,
candidateA_saturation_hard,2026-09-13T18:53:35.506395+08:00,10,false,0.50,-1.00,429,backpressure,false,
candidateA_saturation_hard,2026-09-13T18:53:35.506477+08:00,12,false,0.45,-1.00,429,backpressure,false,
candidateA_saturation_hard,2026-09-13T18:53:29.890276+08:00,1,true,5730.49,5226.58,200,,true,
candidateA_saturation_hard,2026-09-13T18:53:35.653716+08:00,4,true,1.64,-1.00,429,backpressure,false,
candidateA_saturation_hard,2026-09-13T18:53:35.653826+08:00,5,false,1.60,-1.00,429,backpressure,false,
candidateA_saturation_hard,2026-09-13T18:53:35.653518+08:00,12,false,1.98,-1.00,429,backpressure,false,
candidateA_saturation_hard,2026-09-13T18:53:35.653935+08:00,11,false,1.64,-1.00,429,backpressure,false,
candidateA_saturation_hard,2026-09-13T18:53:35.653261+08:00,6,false,2.36,-1.00,429,backpressure,false,
candidateA_saturation_hard,2026-09-13T18:53:35.655644+08:00,10,false,0.36,-1.00,429,backpressure,false,
candidateA_saturation_hard,2026-09-13T18:53:35.804489+08:00,12,true,1.32,-1.00,429,backpressure,false,
candidateA_saturation_hard,2026-09-13T18:53:35.804585+08:00,4,true,1.36,-1.00,429,backpressure,false,
candidateA_saturation_hard,2026-09-13T18:53:35.804408+08:00,11,false,1.62,-1.00,429,backpressure,false,
candidateA_saturation_hard,2026-09-13T18:53:35.804846+08:00,5,true,1.25,-1.00,429,backpressure,false,
candidateA_saturation_hard,2026-09-13T18:53:35.806069+08:00,10,false,0.36,-1.00,429,backpressure,false,
candidateA_saturation_hard,2026-09-13T18:53:35.804664+08:00,6,false,1.85,-1.00,429,backpressure,false,
candidateA_saturation_hard,2026-09-13T18:53:35.955544+08:00,11,false,1.18,-1.00,429,backpressure,false,
candidateA_saturation_hard,2026-09-13T18:53:35.955873+08:00,5,true,1.62,-1.00,429,backpressure,false,
candidateA_saturation_hard,2026-09-13T18:53:35.955619+08:00,12,false,1.91,-1.00,429,backpressure,false,
candidateA_saturation_hard,2026-09-13T18:53:35.956228+08:00,10,false,1.32,-1.00,429,backpressure,false,
candidateA_saturation_hard,2026-09-13T18:53:35.955682+08:00,6,false,1.88,-1.00,429,backpressure,false,
candidateA_saturation_hard,2026-09-13T18:53:35.955498+08:00,4,true,2.11,-1.00,429,backpressure,false,
candidateA_saturation_hard,2026-09-13T18:53:36.106658+08:00,5,false,1.96,-1.00,429,backpressure,false,
candidateA_saturation_hard,2026-09-13T18:53:36.106555+08:00,10,false,2.07,-1.00,429,backpressure,false,
candidateA_saturation_hard,2026-09-13T18:53:36.106134+08:00,11,false,2.55,-1.00,429,backpressure,false,
candidateA_saturation_hard,2026-09-13T18:53:36.106134+08:00,6,false,2.58,-1.00,429,backpressure,false,
candidateA_saturation_hard,2026-09-13T18:53:36.106221+08:00,12,false,2.52,-1.00,429,backpressure,false,
candidateA_saturation_hard,2026-09-13T18:53:36.106633+08:00,4,false,2.15,-1.00,429,backpressure,false,
candidateA_saturation_hard,2026-09-13T18:53:36.256626+08:00,10,false,1.06,-1.00,429,backpressure,false,
candidateA_saturation_hard,2026-09-13T18:53:36.256326+08:00,6,false,1.47,-1.00,429,backpressure,false,
candidateA_saturation_hard,2026-09-13T18:53:36.256751+08:00,5,true,1.56,-1.00,429,backpressure,false,
candidateA_saturation_hard,2026-09-13T18:53:36.257036+08:00,11,true,1.32,-1.00,429,backpressure,false,
candidateA_saturation_hard,2026-09-13T18:53:36.257379+08:00,4,false,1.01,-1.00,429,backpressure,false,
candidateA_saturation_hard,2026-09-13T18:53:36.257192+08:00,12,false,1.22,-1.00,429,backpressure,false,
candidateA_saturation_hard,2026-09-13T18:53:36.407735+08:00,5,true,1.68,-1.00,429,backpressure,false,
candidateA_saturation_hard,2026-09-13T18:53:36.407462+08:00,4,false,2.03,-1.00,429,backpressure,false,
candidateA_saturation_hard,2026-09-13T18:53:36.407914+08:00,11,true,1.65,-1.00,429,backpressure,false,
candidateA_saturation_hard,2026-09-13T18:53:36.407674+08:00,10,true,1.97,-1.00,429,backpressure,false,
candidateA_saturation_hard,2026-09-13T18:53:36.407568+08:00,6,true,2.15,-1.00,429,backpressure,false,
candidateA_saturation_hard,2026-09-13T18:53:36.408018+08:00,12,false,2.14,-1.00,429,backpressure,false,
candidateA_saturation_hard,2026-09-13T18:53:30.519335+08:00,0,true,5980.96,5208.18,200,,true,
candidateA_saturation_hard,2026-09-13T18:53:36.558754+08:00,5,false,1.88,-1.00,429,backpressure,false,
candidateA_saturation_hard,2026-09-13T18:53:36.559279+08:00,12,true,1.41,-1.00,429,backpressure,false,
candidateA_saturation_hard,2026-09-13T18:53:36.558565+08:00,6,true,2.26,-1.00,429,backpressure,false,
candidateA_saturation_hard,2026-09-13T18:53:36.558609+08:00,4,false,2.29,-1.00,429,backpressure,false,
candidateA_saturation_hard,2026-09-13T18:53:36.558873+08:00,11,false,2.07,-1.00,429,backpressure,false,
candidateA_saturation_hard,2026-09-13T18:53:36.55856+08:00,10,false,2.41,-1.00,429,backpressure,false,
candidateA_saturation_hard,2026-09-13T18:53:36.709648+08:00,11,true,1.95,-1.00,429,backpressure,false,
candidateA_saturation_hard,2026-09-13T18:53:36.710192+08:00,10,false,1.48,-1.00,429,backpressure,false,
candidateA_saturation_hard,2026-09-13T18:53:36.709648+08:00,4,false,2.11,-1.00,429,backpressure,false,
candidateA_saturation_hard,2026-09-13T18:53:36.709829+08:00,6,true,1.99,-1.00,429,backpressure,false,
candidateA_saturation_hard,2026-09-13T18:53:36.709694+08:00,5,true,2.18,-1.00,429,backpressure,false,
candidateA_saturation_hard,2026-09-13T18:53:36.709774+08:00,12,false,2.15,-1.00,429,backpressure,false,
candidateA_saturation_hard,2026-09-13T18:53:36.860942+08:00,6,false,1.52,-1.00,429,backpressure,false,
candidateA_saturation_hard,2026-09-13T18:53:36.860736+08:00,4,false,1.79,-1.00,429,backpressure,false,
candidateA_saturation_hard,2026-09-13T18:53:36.860879+08:00,12,true,1.70,-1.00,429,backpressure,false,
candidateA_saturation_hard,2026-09-13T18:53:36.861101+08:00,11,false,1.49,-1.00,429,backpressure,false,
candidateA_saturation_hard,2026-09-13T18:53:36.860767+08:00,5,false,1.84,-1.00,429,backpressure,false,
candidateA_saturation_hard,2026-09-13T18:53:36.860725+08:00,10,false,1.93,-1.00,429,backpressure,false,
candidateA_saturation_hard,2026-09-13T18:53:37.019308+08:00,6,true,3.53,-1.00,429,backpressure,false,
candidateA_saturation_hard,2026-09-13T18:53:37.019466+08:00,4,true,3.37,-1.00,429,backpressure,false,
candidateA_saturation_hard,2026-09-13T18:53:37.02017+08:00,12,false,2.70,-1.00,429,backpressure,false,
candidateA_saturation_hard,2026-09-13T18:53:37.019735+08:00,5,false,3.15,-1.00,429,backpressure,false,
candidateA_saturation_hard,2026-09-13T18:53:37.020539+08:00,10,false,2.46,-1.00,429,backpressure,false,
candidateA_saturation_hard,2026-09-13T18:53:37.018736+08:00,11,false,4.28,-1.00,429,backpressure,false,
candidateA_saturation_hard,2026-09-13T18:53:37.169836+08:00,4,false,1.85,-1.00,429,backpressure,false,
candidateA_saturation_hard,2026-09-13T18:53:37.169906+08:00,11,true,1.83,-1.00,429,backpressure,false,
candidateA_saturation_hard,2026-09-13T18:53:37.170071+08:00,6,true,2.02,-1.00,429,backpressure,false,
candidateA_saturation_hard,2026-09-13T18:53:37.170326+08:00,12,true,1.82,-1.00,429,backpressure,false,
candidateA_saturation_hard,2026-09-13T18:53:37.170126+08:00,5,true,2.57,-1.00,429,backpressure,false,
candidateA_saturation_hard,2026-09-13T18:53:37.170589+08:00,10,false,2.16,-1.00,429,backpressure,false,
candidateA_saturation_hard,2026-09-13T18:53:31.319374+08:00,9,true,5928.49,5286.74,200,,true,
candidateA_saturation_hard,2026-09-13T18:53:37.320723+08:00,10,false,1.46,-1.00,429,backpressure,false,
candidateA_saturation_hard,2026-09-13T18:53:37.321135+08:00,12,true,1.09,-1.00,429,backpressure,false,
candidateA_saturation_hard,2026-09-13T18:53:37.320923+08:00,5,false,1.34,-1.00,429,backpressure,false,
candidateA_saturation_hard,2026-09-13T18:53:37.320763+08:00,4,false,1.54,-1.00,429,backpressure,false,
candidateA_saturation_hard,2026-09-13T18:53:37.321158+08:00,6,false,1.18,-1.00,429,backpressure,false,
candidateA_saturation_hard,2026-09-13T18:53:37.320723+08:00,11,false,1.64,-1.00,429,backpressure,false,
candidateA_saturation_hard,2026-09-13T18:53:37.472349+08:00,6,true,1.50,-1.00,429,backpressure,false,
candidateA_saturation_hard,2026-09-13T18:53:37.472075+08:00,12,false,1.78,-1.00,429,backpressure,false,
candidateA_saturation_hard,2026-09-13T18:53:37.471957+08:00,5,false,2.59,-1.00,429,backpressure,false,
candidateA_saturation_hard,2026-09-13T18:53:37.471904+08:00,4,true,2.99,-1.00,429,backpressure,false,
candidateA_saturation_hard,2026-09-13T18:53:37.471904+08:00,11,true,3.65,-1.00,429,backpressure,false,
candidateA_saturation_hard,2026-09-13T18:53:37.472153+08:00,10,true,3.74,-1.00,429,backpressure,false,
candidateA_saturation_hard,2026-09-13T18:53:37.623353+08:00,10,false,1.19,-1.00,429,backpressure,false,
candidateA_saturation_hard,2026-09-13T18:53:37.622999+08:00,12,false,1.63,-1.00,429,backpressure,false,
candidateA_saturation_hard,2026-09-13T18:53:37.623433+08:00,6,false,1.32,-1.00,429,backpressure,false,
candidateA_saturation_hard,2026-09-13T18:53:37.623237+08:00,11,false,1.59,-1.00,429,backpressure,false,
candidateA_saturation_hard,2026-09-13T18:53:37.623003+08:00,4,false,1.89,-1.00,429,backpressure,false,
candidateA_saturation_hard,2026-09-13T18:53:37.62311+08:00,5,true,1.85,-1.00,429,backpressure,false,
candidateA_saturation_hard,2026-09-13T18:53:37.774527+08:00,5,true,0.88,-1.00,429,backpressure,false,
candidateA_saturation_hard,2026-09-13T18:53:37.774131+08:00,10,false,1.35,-1.00,429,backpressure,false,
candidateA_saturation_hard,2026-09-13T18:53:37.77416+08:00,12,true,1.34,-1.00,429,backpressure,false,
candidateA_saturation_hard,2026-09-13T18:53:37.774113+08:00,6,true,1.46,-1.00,429,backpressure,false,
candidateA_saturation_hard,2026-09-13T18:53:37.774249+08:00,4,false,1.35,-1.00,429,backpressure,false,
candidateA_saturation_hard,2026-09-13T18:53:37.774288+08:00,11,false,7.06,-1.00,429,backpressure,false,
candidateA_saturation_hard,2026-09-13T18:53:37.925381+08:00,10,false,1.90,-1.00,429,backpressure,false,
candidateA_saturation_hard,2026-09-13T18:53:37.925204+08:00,5,false,2.16,-1.00,429,backpressure,false,
candidateA_saturation_hard,2026-09-13T18:53:37.925261+08:00,6,false,2.16,-1.00,429,backpressure,false,
candidateA_saturation_hard,2026-09-13T18:53:37.925728+08:00,4,false,1.72,-1.00,429,backpressure,false,
candidateA_saturation_hard,2026-09-13T18:53:37.92547+08:00,12,false,2.01,-1.00,429,backpressure,false,
candidateA_saturation_hard,2026-09-13T18:53:37.925204+08:00,11,true,2.34,-1.00,429,backpressure,false,
candidateA_saturation_hard,2026-09-13T18:53:38.07639+08:00,5,true,2.16,-1.00,429,backpressure,false,
candidateA_saturation_hard,2026-09-13T18:53:38.076611+08:00,10,false,1.94,-1.00,429,backpressure,false,
candidateA_saturation_hard,2026-09-13T18:53:38.076362+08:00,6,false,2.46,-1.00,429,backpressure,false,
candidateA_saturation_hard,2026-09-13T18:53:38.076767+08:00,11,false,3.72,-1.00,429,backpressure,false,
candidateA_saturation_hard,2026-09-13T18:53:38.076347+08:00,12,true,4.15,-1.00,429,backpressure,false,
candidateA_saturation_hard,2026-09-13T18:53:38.077031+08:00,4,false,3.47,-1.00,429,backpressure,false,
candidateA_saturation_hard,2026-09-13T18:53:31.887813+08:00,8,true,6310.49,5465.86,200,,true,
candidateA_saturation_hard,2026-09-13T18:53:38.22776+08:00,4,false,1.57,-1.00,429,backpressure,false,
candidateA_saturation_hard,2026-09-13T18:53:38.227903+08:00,5,true,1.48,-1.00,429,backpressure,false,
candidateA_saturation_hard,2026-09-13T18:53:38.227496+08:00,12,false,1.94,-1.00,429,backpressure,false,
candidateA_saturation_hard,2026-09-13T18:53:38.227428+08:00,10,false,2.05,-1.00,429,backpressure,false,
candidateA_saturation_hard,2026-09-13T18:53:38.227829+08:00,6,true,1.88,-1.00,429,backpressure,false,
candidateA_saturation_hard,2026-09-13T18:53:38.227646+08:00,11,false,2.12,-1.00,429,backpressure,false,
candidateA_saturation_hard,2026-09-13T18:53:38.378603+08:00,6,false,2.14,-1.00,429,backpressure,false,
candidateA_saturation_hard,2026-09-13T18:53:38.37831+08:00,12,true,2.48,-1.00,429,backpressure,false,
candidateA_saturation_hard,2026-09-13T18:53:38.378505+08:00,4,false,2.34,-1.00,429,backpressure,false,
candidateA_saturation_hard,2026-09-13T18:53:38.378303+08:00,5,false,2.93,-1.00,429,backpressure,false,
candidateA_saturation_hard,2026-09-13T18:53:38.378386+08:00,11,true,2.87,-1.00,429,backpressure,false,
candidateA_saturation_hard,2026-09-13T18:53:38.378345+08:00,10,true,2.95,-1.00,429,backpressure,false,
candidateA_saturation_hard,2026-09-13T18:53:38.530456+08:00,11,false,1.58,-1.00,429,backpressure,false,
candidateA_saturation_hard,2026-09-13T18:53:38.530853+08:00,5,true,1.23,-1.00,429,backpressure,false,
candidateA_saturation_hard,2026-09-13T18:53:38.530232+08:00,6,false,1.91,-1.00,429,backpressure,false,
candidateA_saturation_hard,2026-09-13T18:53:38.529334+08:00,4,true,2.83,-1.00,429,backpressure,false,
candidateA_saturation_hard,2026-09-13T18:53:38.529585+08:00,12,false,2.61,-1.00,429,backpressure,false,
candidateA_saturation_hard,2026-09-13T18:53:38.529672+08:00,10,false,2.55,-1.00,429,backpressure,false,
candidateA_saturation_hard,2026-09-13T18:53:38.681321+08:00,5,false,1.53,-1.00,429,backpressure,false,
candidateA_saturation_hard,2026-09-13T18:53:38.681043+08:00,6,true,1.83,-1.00,429,backpressure,false,
candidateA_saturation_hard,2026-09-13T18:53:38.681628+08:00,4,false,1.27,-1.00,429,backpressure,false,
candidateA_saturation_hard,2026-09-13T18:53:38.6812+08:00,12,false,1.71,-1.00,429,backpressure,false,
candidateA_saturation_hard,2026-09-13T18:53:38.681897+08:00,11,false,1.69,-1.00,429,backpressure,false,
candidateA_saturation_hard,2026-09-13T18:53:38.681762+08:00,10,true,1.89,-1.00,429,backpressure,false,
candidateA_saturation_hard,2026-09-13T18:53:38.832164+08:00,11,true,3.37,-1.00,429,backpressure,false,
candidateA_saturation_hard,2026-09-13T18:53:38.831902+08:00,5,true,3.68,-1.00,429,backpressure,false,
candidateA_saturation_hard,2026-09-13T18:53:38.83232+08:00,10,true,3.74,-1.00,429,backpressure,false,
candidateA_saturation_hard,2026-09-13T18:53:38.831801+08:00,6,true,4.38,-1.00,429,backpressure,false,
candidateA_saturation_hard,2026-09-13T18:53:38.831752+08:00,4,false,4.48,-1.00,429,backpressure,false,
candidateA_saturation_hard,2026-09-13T18:53:38.831774+08:00,12,true,4.67,-1.00,429,backpressure,false,
candidateA_saturation_hard,2026-09-13T18:53:38.983551+08:00,11,false,2.55,-1.00,429,backpressure,false,
candidateA_saturation_hard,2026-09-13T18:53:38.983085+08:00,5,true,3.13,-1.00,429,backpressure,false,
candidateA_saturation_hard,2026-09-13T18:53:38.982811+08:00,10,false,3.44,-1.00,429,backpressure,false,
candidateA_saturation_hard,2026-09-13T18:53:38.982811+08:00,12,true,3.57,-1.00,429,backpressure,false,
candidateA_saturation_hard,2026-09-13T18:53:38.98286+08:00,4,false,4.59,-1.00,429,backpressure,false,
candidateA_saturation_hard,2026-09-13T18:53:38.984094+08:00,6,false,3.46,-1.00,429,backpressure,false,
candidateA_saturation_hard,2026-09-13T18:53:32.732795+08:00,2,false,6324.56,-1.00,200,,true,
candidateA_saturation_hard,2026-09-13T18:53:39.134057+08:00,5,true,1.88,-1.00,429,backpressure,false,
candidateA_saturation_hard,2026-09-13T18:53:39.134338+08:00,6,false,1.65,-1.00,429,backpressure,false,
candidateA_saturation_hard,2026-09-13T18:53:39.133906+08:00,11,true,2.09,-1.00,429,backpressure,false,
candidateA_saturation_hard,2026-09-13T18:53:39.133901+08:00,4,true,2.21,-1.00,429,backpressure,false,
candidateA_saturation_hard,2026-09-13T18:53:39.134265+08:00,10,true,1.89,-1.00,429,backpressure,false,
candidateA_saturation_hard,2026-09-13T18:53:39.133956+08:00,12,false,2.63,-1.00,429,backpressure,false,
candidateA_saturation_hard,2026-09-13T18:53:39.284963+08:00,6,false,2.48,-1.00,429,backpressure,false,
candidateA_saturation_hard,2026-09-13T18:53:39.285225+08:00,4,false,2.47,-1.00,429,backpressure,false,
candidateA_saturation_hard,2026-09-13T18:53:39.287676+08:00,11,false,0.92,-1.00,429,backpressure,false,
candidateA_saturation_hard,2026-09-13T18:53:39.285461+08:00,5,false,3.18,-1.00,429,backpressure,false,
candidateA_saturation_hard,2026-09-13T18:53:39.285316+08:00,12,false,3.36,-1.00,429,backpressure,false,
candidateA_saturation_hard,2026-09-13T18:53:39.287248+08:00,10,true,1.47,-1.00,429,backpressure,false,
candidateA_saturation_hard,2026-09-13T18:53:39.436052+08:00,5,true,0.82,-1.00,429,backpressure,false,
candidateA_saturation_hard,2026-09-13T18:53:39.436077+08:00,12,false,0.90,-1.00,429,backpressure,false,
candidateA_saturation_hard,2026-09-13T18:53:39.436148+08:00,4,false,1.12,-1.00,429,backpressure,false,
candidateA_saturation_hard,2026-09-13T18:53:39.436165+08:00,6,true,1.15,-1.00,429,backpressure,false,
candidateA_saturation_hard,2026-09-13T18:53:39.437282+08:00,10,false,0.43,-1.00,429,backpressure,false,
candidateA_saturation_hard,2026-09-13T18:53:39.437754+08:00,11,true,0.33,-1.00,429,backpressure,false,
candidateA_saturation_hard,2026-09-13T18:53:39.587275+08:00,12,false,1.43,-1.00,429,backpressure,false,
candidateA_saturation_hard,2026-09-13T18:53:39.587293+08:00,10,true,1.44,-1.00,429,backpressure,false,
candidateA_saturation_hard,2026-09-13T18:53:39.587178+08:00,5,false,1.58,-1.00,429,backpressure,false,
candidateA_saturation_hard,2026-09-13T18:53:39.587867+08:00,11,false,0.94,-1.00,429,backpressure,false,
candidateA_saturation_hard,2026-09-13T18:53:39.587128+08:00,4,false,1.69,-1.00,429,backpressure,false,
candidateA_saturation_hard,2026-09-13T18:53:39.587145+08:00,6,false,1.69,-1.00,429,backpressure,false,
candidateA_saturation_hard,2026-09-13T18:53:39.737917+08:00,11,true,1.00,-1.00,429,backpressure,false,
candidateA_saturation_hard,2026-09-13T18:53:39.737593+08:00,12,true,1.37,-1.00,429,backpressure,false,
candidateA_saturation_hard,2026-09-13T18:53:39.737529+08:00,10,false,1.48,-1.00,429,backpressure,false,
candidateA_saturation_hard,2026-09-13T18:53:39.73768+08:00,6,true,1.38,-1.00,429,backpressure,false,
candidateA_saturation_hard,2026-09-13T18:53:39.737531+08:00,4,true,1.64,-1.00,429,backpressure,false,
candidateA_saturation_hard,2026-09-13T18:53:39.737848+08:00,5,true,1.36,-1.00,429,backpressure,false,
candidateA_saturation_hard,2026-09-13T18:53:33.389027+08:00,13,false,6464.97,-1.00,200,,true,
candidateA_saturation_hard,2026-09-13T18:53:39.888917+08:00,5,false,1.60,-1.00,429,backpressure,false,
candidateA_saturation_hard,2026-09-13T18:53:39.888645+08:00,12,true,1.97,-1.00,429,backpressure,false,
candidateA_saturation_hard,2026-09-13T18:53:39.888565+08:00,10,true,2.97,-1.00,429,backpressure,false,
candidateA_saturation_hard,2026-09-13T18:53:39.888419+08:00,11,false,3.13,-1.00,429,backpressure,false,
candidateA_saturation_hard,2026-09-13T18:53:39.88898+08:00,4,false,2.63,-1.00,429,backpressure,false,
candidateA_saturation_hard,2026-09-13T18:53:39.888841+08:00,6,false,3.10,-1.00,429,backpressure,false,
candidateA_saturation_hard,2026-09-13T18:53:40.039598+08:00,12,false,2.07,-1.00,429,backpressure,false,
candidateA_saturation_hard,2026-09-13T18:53:40.039825+08:00,11,true,1.92,-1.00,429,backpressure,false,
candidateA_saturation_hard,2026-09-13T18:53:40.039553+08:00,4,false,2.23,-1.00,429,backpressure,false,
candidateA_saturation_hard,2026-09-13T18:53:40.039732+08:00,5,true,2.07,-1.00,429,backpressure,false,
candidateA_saturation_hard,2026-09-13T18:53:40.039624+08:00,10,false,2.20,-1.00,429,backpressure,false,
candidateA_saturation_hard,2026-09-13T18:53:40.039553+08:00,6,true,2.31,-1.00,429,backpressure,false,
candidateA_saturation_hard,2026-09-13T18:53:40.190065+08:00,5,true,1.97,-1.00,429,backpressure,false,
candidateA_saturation_hard,2026-09-13T18:53:40.190106+08:00,11,true,2.03,-1.00,429,backpressure,false,
candidateA_saturation_hard,2026-09-13T18:53:40.190572+08:00,6,true,1.67,-1.00,429,backpressure,false,
candidateA_saturation_hard,2026-09-13T18:53:40.19023+08:00,12,false,2.06,-1.00,429,backpressure,false,
candidateA_saturation_hard,2026-09-13T18:53:40.19015+08:00,4,false,3.72,-1.00,429,backpressure,false,
candidateA_saturation_hard,2026-09-13T18:53:40.190498+08:00,10,false,3.58,-1.00,429,backpressure,false,
candidateA_saturation_hard,2026-09-13T18:53:40.341292+08:00,5,false,3.42,-1.00,429,backpressure,false,
candidateA_saturation_hard,2026-09-13T18:53:40.34115+08:00,4,true,3.61,-1.00,429,backpressure,false,
candidateA_saturation_hard,2026-09-13T18:53:40.341339+08:00,11,false,3.45,-1.00,429,backpressure,false,
candidateA_saturation_hard,2026-09-13T18:53:40.343957+08:00,10,true,3.52,-1.00,429,backpressure,false,
candidateA_saturation_hard,2026-09-13T18:53:40.341543+08:00,12,true,6.07,-1.00,429,backpressure,false,
candidateA_saturation_hard,2026-09-13T18:53:40.341341+08:00,6,false,6.29,-1.00,429,backpressure,false,
candidateA_saturation_hard,2026-09-13T18:53:40.491371+08:00,6,false,1.85,-1.00,429,backpressure,false,
candidateA_saturation_hard,2026-09-13T18:53:40.491611+08:00,12,true,1.72,-1.00,429,backpressure,false,
candidateA_saturation_hard,2026-09-13T18:53:40.49172+08:00,11,true,2.28,-1.00,429,backpressure,false,
candidateA_saturation_hard,2026-09-13T18:53:40.493397+08:00,4,false,0.82,-1.00,429,backpressure,false,
candidateA_saturation_hard,2026-09-13T18:53:40.493102+08:00,5,false,1.12,-1.00,429,backpressure,false,
candidateA_saturation_hard,2026-09-13T18:53:40.494131+08:00,10,false,0.37,-1.00,429,backpressure,false,
candidateA_saturation_hard,2026-09-13T18:53:34.225064+08:00,7,true,6318.79,5732.57,200,,true,
candidateA_saturation_hard,2026-09-13T18:53:40.642655+08:00,12,true,1.09,-1.00,429,backpressure,false,
candidateA_saturation_hard,2026-09-13T18:53:40.642735+08:00,6,false,1.97,-1.00,429,backpressure,false,
candidateA_saturation_hard,2026-09-13T18:53:40.643804+08:00,4,true,0.94,-1.00,429,backpressure,false,
candidateA_saturation_hard,2026-09-13T18:53:40.642655+08:00,11,true,2.11,-1.00,429,backpressure,false,
candidateA_saturation_hard,2026-09-13T18:53:40.643139+08:00,5,false,1.67,-1.00,429,backpressure,false,
candidateA_saturation_hard,2026-09-13T18:53:40.644363+08:00,10,true,1.15,-1.00,429,backpressure,false,
candidateA_saturation_hard,2026-09-13T18:53:40.79418+08:00,5,false,1.88,-1.00,429,backpressure,false,
candidateA_saturation_hard,2026-09-13T18:53:40.793957+08:00,12,false,2.30,-1.00,429,backpressure,false,
candidateA_saturation_hard,2026-09-13T18:53:40.79396+08:00,11,true,2.37,-1.00,429,backpressure,false,
candidateA_saturation_hard,2026-09-13T18:53:40.79438+08:00,10,true,1.99,-1.00,429,backpressure,false,
candidateA_saturation_hard,2026-09-13T18:53:40.794006+08:00,6,false,2.40,-1.00,429,backpressure,false,
candidateA_saturation_hard,2026-09-13T18:53:40.794746+08:00,4,true,1.77,-1.00,429,backpressure,false,
candidateA_saturation_hard,2026-09-13T18:53:40.947504+08:00,4,true,1.03,-1.00,429,backpressure,false,
candidateA_saturation_hard,2026-09-13T18:53:40.947023+08:00,6,true,1.61,-1.00,429,backpressure,false,
candidateA_saturation_hard,2026-09-13T18:53:40.94505+08:00,11,false,3.67,-1.00,429,backpressure,false,
candidateA_saturation_hard,2026-09-13T18:53:40.944987+08:00,10,true,3.78,-1.00,429,backpressure,false,
candidateA_saturation_hard,2026-09-13T18:53:40.945091+08:00,5,false,3.71,-1.00,429,backpressure,false,
candidateA_saturation_hard,2026-09-13T18:53:40.945277+08:00,12,false,3.73,-1.00,429,backpressure,false,
candidateA_saturation_hard,2026-09-13T18:53:41.096161+08:00,11,true,1.19,-1.00,429,backpressure,false,
candidateA_saturation_hard,2026-09-13T18:53:41.096116+08:00,5,true,1.27,-1.00,429,backpressure,false,
candidateA_saturation_hard,2026-09-13T18:53:41.096126+08:00,10,true,1.31,-1.00,429,backpressure,false,
candidateA_saturation_hard,2026-09-13T18:53:41.096346+08:00,12,true,1.48,-1.00,429,backpressure,false,
candidateA_saturation_hard,2026-09-13T18:53:41.097462+08:00,6,true,0.41,-1.00,429,backpressure,false,
candidateA_saturation_hard,2026-09-13T18:53:41.09763+08:00,4,false,0.28,-1.00,429,backpressure,false,
candidateA_saturation_hard,2026-09-13T18:53:41.248222+08:00,6,false,1.87,-1.00,429,backpressure,false,
candidateA_saturation_hard,2026-09-13T18:53:41.247974+08:00,11,false,2.16,-1.00,429,backpressure,false,
candidateA_saturation_hard,2026-09-13T18:53:41.247732+08:00,10,false,2.50,-1.00,429,backpressure,false,
candidateA_saturation_hard,2026-09-13T18:53:41.248127+08:00,4,true,2.16,-1.00,429,backpressure,false,
candidateA_saturation_hard,2026-09-13T18:53:41.247667+08:00,5,true,2.84,-1.00,429,backpressure,false,
candidateA_saturation_hard,2026-09-13T18:53:41.247478+08:00,12,false,3.04,-1.00,429,backpressure,false,
candidateA_saturation_hard,2026-09-13T18:53:35.007215+08:00,3,false,6326.56,-1.00,200,,true,
candidateA_saturation_hard,2026-09-13T18:53:41.398588+08:00,10,false,2.39,-1.00,429,backpressure,false,
candidateA_saturation_hard,2026-09-13T18:53:41.398909+08:00,4,true,2.29,-1.00,429,backpressure,false,
candidateA_saturation_hard,2026-09-13T18:53:41.398624+08:00,11,true,2.67,-1.00,429,backpressure,false,
candidateA_saturation_hard,2026-09-13T18:53:41.398779+08:00,12,false,2.58,-1.00,429,backpressure,false,
candidateA_saturation_hard,2026-09-13T18:53:41.398576+08:00,6,false,2.83,-1.00,429,backpressure,false,
candidateA_saturation_hard,2026-09-13T18:53:41.399329+08:00,5,true,2.10,-1.00,429,backpressure,false,
candidateA_saturation_hard,2026-09-13T18:53:41.551173+08:00,5,false,2.01,-1.00,429,backpressure,false,
candidateA_saturation_hard,2026-09-13T18:53:41.550688+08:00,12,true,4.79,-1.00,429,backpressure,false,
candidateA_saturation_hard,2026-09-13T18:53:41.55043+08:00,11,false,5.07,-1.00,429,backpressure,false,
candidateA_saturation_hard,2026-09-13T18:53:41.549991+08:00,6,false,5.53,-1.00,429,backpressure,false,
candidateA_saturation_hard,2026-09-13T18:53:41.550072+08:00,10,true,5.45,-1.00,429,backpressure,false,
candidateA_saturation_hard,2026-09-13T18:53:41.549753+08:00,4,true,6.03,-1.00,429,backpressure,false,
candidateA_saturation_hard,2026-09-13T18:53:41.701348+08:00,10,true,1.88,-1.00,429,backpressure,false,
candidateA_saturation_hard,2026-09-13T18:53:41.701754+08:00,5,false,1.58,-1.00,429,backpressure,false,
candidateA_saturation_hard,2026-09-13T18:53:41.701154+08:00,4,false,2.26,-1.00,429,backpressure,false,
candidateA_saturation_hard,2026-09-13T18:53:41.701248+08:00,6,false,2.37,-1.00,429,backpressure,false,
candidateA_saturation_hard,2026-09-13T18:53:41.701639+08:00,11,false,2.26,-1.00,429,backpressure,false,
candidateA_saturation_hard,2026-09-13T18:53:41.701154+08:00,12,true,2.79,-1.00,429,backpressure,false,
candidateA_saturation_hard,2026-09-13T18:53:41.852939+08:00,4,false,1.17,-1.00,429,backpressure,false,
candidateA_saturation_hard,2026-09-13T18:53:41.852651+08:00,5,false,1.53,-1.00,429,backpressure,false,
candidateA_saturation_hard,2026-09-13T18:53:41.853635+08:00,12,false,1.30,-1.00,429,backpressure,false,
candidateA_saturation_hard,2026-09-13T18:53:41.853506+08:00,11,true,1.48,-1.00,429,backpressure,false,
candidateA_saturation_hard,2026-09-13T18:53:41.852997+08:00,6,true,2.02,-1.00,429,backpressure,false,
candidateA_saturation_hard,2026-09-13T18:53:41.853221+08:00,10,false,1.82,-1.00,429,backpressure,false,
candidateA_saturation_hard,2026-09-13T18:53:42.003495+08:00,5,true,2.23,-1.00,429,backpressure,false,
candidateA_saturation_hard,2026-09-13T18:53:42.00335+08:00,6,false,3.08,-1.00,429,backpressure,false,
candidateA_saturation_hard,2026-09-13T18:53:42.003559+08:00,11,false,3.01,-1.00,429,backpressure,false,
candidateA_saturation_hard,2026-09-13T18:53:42.003346+08:00,10,true,3.67,-1.00,429,backpressure,false,
candidateA_saturation_hard,2026-09-13T18:53:42.003419+08:00,4,true,3.74,-1.00,429,backpressure,false,
candidateA_saturation_hard,2026-09-13T18:53:42.007048+08:00,12,false,1.44,-1.00,429,backpressure,false,
candidateA_saturation_hard,2026-09-13T18:53:35.62098+08:00,1,true,6390.73,5820.83,200,,true,
candidateA_saturation_hard,2026-09-13T18:53:42.15412+08:00,4,false,1.69,-1.00,429,backpressure,false,
candidateA_saturation_hard,2026-09-13T18:53:42.154402+08:00,10,true,1.44,-1.00,429,backpressure,false,
candidateA_saturation_hard,2026-09-13T18:53:42.154449+08:00,6,true,1.47,-1.00,429,backpressure,false,
candidateA_saturation_hard,2026-09-13T18:53:42.15412+08:00,11,true,1.85,-1.00,429,backpressure,false,
candidateA_saturation_hard,2026-09-13T18:53:42.154157+08:00,5,false,1.86,-1.00,429,backpressure,false,
candidateA_saturation_hard,2026-09-13T18:53:42.156046+08:00,12,false,0.68,-1.00,429,backpressure,false,
candidateA_saturation_hard,2026-09-13T18:53:42.306308+08:00,5,true,1.53,-1.00,429,backpressure,false,
candidateA_saturation_hard,2026-09-13T18:53:42.305287+08:00,6,true,2.62,-1.00,429,backpressure,false,
candidateA_saturation_hard,2026-09-13T18:53:42.306477+08:00,10,false,1.48,-1.00,429,backpressure,false,
candidateA_saturation_hard,2026-09-13T18:53:42.305688+08:00,11,false,2.30,-1.00,429,backpressure,false,
candidateA_saturation_hard,2026-09-13T18:53:42.306126+08:00,12,false,1.91,-1.00,429,backpressure,false,
candidateA_saturation_hard,2026-09-13T18:53:42.3056+08:00,4,false,2.45,-1.00,429,backpressure,false,
candidateA_saturation_hard,2026-09-13T18:53:42.456384+08:00,5,true,1.38,-1.00,429,backpressure,false,
candidateA_saturation_hard,2026-09-13T18:53:42.456346+08:00,6,false,1.48,-1.00,429,backpressure,false,
candidateA_saturation_hard,2026-09-13T18:53:42.456631+08:00,11,false,1.27,-1.00,429,backpressure,false,
candidateA_saturation_hard,2026-09-13T18:53:42.456694+08:00,10,true,1.25,-1.00,429,backpressure,false,
candidateA_saturation_hard,2026-09-13T18:53:42.456741+08:00,4,false,1.23,-1.00,429,backpressure,false,
candidateA_saturation_hard,2026-09-13T18:53:42.456327+08:00,12,false,1.66,-1.00,429,backpressure,false,
candidateA_saturation_hard,2026-09-13T18:53:42.60788+08:00,10,true,1.67,-1.00,429,backpressure,false,
candidateA_saturation_hard,2026-09-13T18:53:42.607595+08:00,11,true,2.01,-1.00,429,backpressure,false,
candidateA_saturation_hard,2026-09-13T18:53:42.607989+08:00,6,false,1.68,-1.00,429,backpressure,false,
candidateA_saturation_hard,2026-09-13T18:53:42.60744+08:00,5,false,2.29,-1.00,429,backpressure,false,
candidateA_saturation_hard,2026-09-13T18:53:42.60767+08:00,12,true,2.36,-1.00,429,backpressure,false,
candidateA_saturation_hard,2026-09-13T18:53:42.607427+08:00,4,true,2.68,-1.00,429,backpressure,false,
candidateA_saturation_hard,2026-09-13T18:53:36.500513+08:00,0,false,6196.46,-1.00,200,,true,
candidateA_saturation_hard,2026-09-13T18:53:42.758533+08:00,12,true,2.25,-1.00,429,backpressure,false,
candidateA_saturation_hard,2026-09-13T18:53:42.759011+08:00,10,false,1.82,-1.00,429,backpressure,false,
candidateA_saturation_hard,2026-09-13T18:53:42.758907+08:00,11,false,1.98,-1.00,429,backpressure,false,
candidateA_saturation_hard,2026-09-13T18:53:42.758586+08:00,5,false,2.34,-1.00,429,backpressure,false,
candidateA_saturation_hard,2026-09-13T18:53:42.758773+08:00,4,true,2.19,-1.00,429,backpressure,false,
candidateA_saturation_hard,2026-09-13T18:53:42.75854+08:00,6,true,2.46,-1.00,429,backpressure,false,
candidateA_saturation_hard,2026-09-13T18:53:42.910149+08:00,6,false,1.62,-1.00,429,backpressure,false,
candidateA_saturation_hard,2026-09-13T18:53:42.909678+08:00,12,false,2.18,-1.00,429,backpressure,false,
candidateA_saturation_hard,2026-09-13T18:53:42.909636+08:00,10,false,2.29,-1.00,429,backpressure,false,
candidateA_saturation_hard,2026-09-13T18:53:42.909883+08:00,4,false,2.09,-1.00,429,backpressure,false,
candidateA_saturation_hard,2026-09-13T18:53:42.909808+08:00,11,false,2.18,-1.00,429,backpressure,false,
candidateA_saturation_hard,2026-09-13T18:53:42.909644+08:00,5,false,2.38,-1.00,429,backpressure,false,
candidateA_saturation_hard,2026-09-13T18:53:43.061295+08:00,12,false,1.48,-1.00,429,backpressure,false,
candidateA_saturation_hard,2026-09-13T18:53:43.060905+08:00,11,false,1.95,-1.00,429,backpressure,false,
candidateA_saturation_hard,2026-09-13T18:53:43.061422+08:00,10,true,1.52,-1.00,429,backpressure,false,
candidateA_saturation_hard,2026-09-13T18:53:43.061008+08:00,4,false,1.98,-1.00,429,backpressure,false,
candidateA_saturation_hard,2026-09-13T18:53:43.060749+08:00,6,false,2.40,-1.00,429,backpressure,false,
candidateA_saturation_hard,2026-09-13T18:53:43.061027+08:00,5,false,2.32,-1.00,429,backpressure,false,
candidateA_saturation_hard,2026-09-13T18:53:43.211845+08:00,10,true,3.61,-1.00,429,backpressure,false,
candidateA_saturation_hard,2026-09-13T18:53:43.213676+08:00,11,true,1.89,-1.00,429,backpressure,false,
candidateA_saturation_hard,2026-09-13T18:53:43.214576+08:00,6,false,1.05,-1.00,429,backpressure,false,
candidateA_saturation_hard,2026-09-13T18:53:43.21378+08:00,12,true,1.90,-1.00,429,backpressure,false,
candidateA_saturation_hard,2026-09-13T18:53:43.214044+08:00,4,false,2.19,-1.00,429,backpressure,false,
candidateA_saturation_hard,2026-09-13T18:53:43.213704+08:00,5,true,2.57,-1.00,429,backpressure,false,
candidateA_saturation_hard,2026-09-13T18:53:37.24808+08:00,9,false,6062.56,-1.00,200,,true,
candidateA_saturation_hard,2026-09-13T18:53:43.362897+08:00,10,false,1.17,-1.00,429,backpressure,false,
candidateA_saturation_hard,2026-09-13T18:53:43.363751+08:00,11,false,1.17,-1.00,429,backpressure,false,
candidateA_saturation_hard,2026-09-13T18:53:43.363891+08:00,12,true,1.11,-1.00,429,backpressure,false,
candidateA_saturation_hard,2026-09-13T18:53:43.363744+08:00,5,true,1.30,-1.00,429,backpressure,false,
candidateA_saturation_hard,2026-09-13T18:53:43.364123+08:00,4,true,0.94,-1.00,429,backpressure,false,
candidateA_saturation_hard,2026-09-13T18:53:43.36509+08:00,6,false,0.37,-1.00,429,backpressure,false,
candidateA_saturation_hard,2026-09-13T18:53:43.515005+08:00,4,false,2.50,-1.00,429,backpressure,false,
candidateA_saturation_hard,2026-09-13T18:53:43.514763+08:00,12,false,2.82,-1.00,429,backpressure,false,
candidateA_saturation_hard,2026-09-13T18:53:43.515333+08:00,10,false,2.33,-1.00,429,backpressure,false,
candidateA_saturation_hard,2026-09-13T18:53:43.515249+08:00,6,false,2.47,-1.00,429,backpressure,false,
candidateA_saturation_hard,2026-09-13T18:53:43.514924+08:00,11,false,2.86,-1.00,429,backpressure,false,
candidateA_saturation_hard,2026-09-13T18:53:43.514829+08:00,5,true,3.29,-1.00,429,backpressure,false,
candidateA_saturation_hard,2026-09-13T18:53:43.666235+08:00,11,true,2.08,-1.00,429,backpressure,false,
candidateA_saturation_hard,2026-09-13T18:53:43.666651+08:00,4,false,1.70,-1.00,429,backpressure,false,
candidateA_saturation_hard,2026-09-13T18:53:43.666382+08:00,12,false,2.03,-1.00,429,backpressure,false,
candidateA_saturation_hard,2026-09-13T18:53:43.665912+08:00,10,true,2.55,-1.00,429,backpressure,false,
candidateA_saturation_hard,2026-09-13T18:53:43.66676+08:00,6,false,1.74,-1.00,429,backpressure,false,
candidateA_saturation_hard,2026-09-13T18:53:43.666856+08:00,5,false,1.80,-1.00,429,backpressure,false,
candidateA_saturation_hard,2026-09-13T18:53:43.817122+08:00,10,false,4.17,-1.00,429,backpressure,false,
candidateA_saturation_hard,2026-09-13T18:53:43.81726+08:00,11,false,4.03,-1.00,429,backpressure,false,
candidateA_saturation_hard,2026-09-13T18:53:43.816774+08:00,6,false,4.53,-1.00,429,backpressure,false,
candidateA_saturation_hard,2026-09-13T18:53:43.817674+08:00,5,true,3.64,-1.00,429,backpressure,false,
candidateA_saturation_hard,2026-09-13T18:53:43.816691+08:00,4,false,4.85,-1.00,429,backpressure,false,
candidateA_saturation_hard,2026-09-13T18:53:43.816444+08:00,12,true,5.16,-1.00,429,backpressure,false,
candidateA_saturation_hard,2026-09-13T18:53:43.966614+08:00,12,true,1.11,-1.00,429,backpressure,false,
candidateA_saturation_hard,2026-09-13T18:53:43.966718+08:00,4,true,1.10,-1.00,429,backpressure,false,
candidateA_saturation_hard,2026-09-13T18:53:43.9679+08:00,11,false,0.78,-1.00,429,backpressure,false,
candidateA_saturation_hard,2026-09-13T18:53:43.967246+08:00,10,false,1.47,-1.00,429,backpressure,false,
candidateA_saturation_hard,2026-09-13T18:53:43.966826+08:00,6,true,1.99,-1.00,429,backpressure,false,
candidateA_saturation_hard,2026-09-13T18:53:43.96784+08:00,5,true,1.34,-1.00,429,backpressure,false,
candidateA_saturation_hard,2026-09-13T18:53:38.198525+08:00,8,true,5808.60,5220.18,200,,true,
candidateA_saturation_hard,2026-09-13T18:53:44.1177+08:00,4,false,4.05,-1.00,429,backpressure,false,
candidateA_saturation_hard,2026-09-13T18:53:44.117911+08:00,12,false,4.03,-1.00,429,backpressure,false,
candidateA_saturation_hard,2026-09-13T18:53:44.120653+08:00,11,false,1.31,-1.00,429,backpressure,false,
candidateA_saturation_hard,2026-09-13T18:53:44.121216+08:00,5,false,1.14,-1.00,429,backpressure,false,
candidateA_saturation_hard,2026-09-13T18:53:44.119772+08:00,6,false,2.69,-1.00,429,backpressure,false,
candidateA_saturation_hard,2026-09-13T18:53:44.121128+08:00,10,false,1.34,-1.00,429,backpressure,false,
candidateA_saturation_hard,2026-09-13T18:53:44.268773+08:00,4,false,0.89,-1.00,429,backpressure,false,
candidateA_saturation_hard,2026-09-13T18:53:44.268768+08:00,12,false,0.90,-1.00,429,backpressure,false,
candidateA_saturation_hard,2026-09-13T18:53:44.269754+08:00,6,true,0.44,-1.00,429,backpressure,false,
candidateA_saturation_hard,2026-09-13T18:53:44.269722+08:00,11,true,0.49,-1.00,429,backpressure,false,
candidateA_saturation_hard,2026-09-13T18:53:44.271203+08:00,10,true,0.44,-1.00,429,backpressure,false,
candidateA_saturation_hard,2026-09-13T18:53:44.27121+08:00,5,false,0.44,-1.00,429,backpressure,false,
candidateA_saturation_hard,2026-09-13T18:53:44.420129+08:00,4,false,0.93,-1.00,429,backpressure,false,
candidateA_saturation_hard,2026-09-13T18:53:44.419894+08:00,11,true,1.20,-1.00,429,backpressure,false,
candidateA_saturation_hard,2026-09-13T18:53:44.420234+08:00,6,false,1.18,-1.00,429,backpressure,false,
candidateA_saturation_hard,2026-09-13T18:53:44.421352+08:00,5,false,0.28,-1.00,429,backpressure,false,
candidateA_saturation_hard,2026-09-13T18:53:44.420218+08:00,12,false,1.46,-1.00,429,backpressure,false,
candidateA_saturation_hard,2026-09-13T18:53:44.421542+08:00,10,false,0.43,-1.00,429,backpressure,false,
candidateA_saturation_hard,2026-09-13T18:53:44.570293+08:00,6,true,1.47,-1.00,429,backpressure,false,
candidateA_saturation_hard,2026-09-13T18:53:44.570142+08:00,11,false,1.71,-1.00,429,backpressure,false,
candidateA_saturation_hard,2026-09-13T18:53:44.570426+08:00,12,true,2.19,-1.00,429,backpressure,false,
candidateA_saturation_hard,2026-09-13T18:53:44.571559+08:00,10,true,1.09,-1.00,429,backpressure,false,
candidateA_saturation_hard,2026-09-13T18:53:44.570358+08:00,4,false,2.36,-1.00,429,backpressure,false,
candidateA_saturation_hard,2026-09-13T18:53:44.571365+08:00,5,true,1.30,-1.00,429,backpressure,false,
candidateA_saturation_hard,2026-09-13T18:53:44.721634+08:00,10,false,0.80,-1.00,429,backpressure,false,
candidateA_saturation_hard,2026-09-13T18:53:44.721416+08:00,5,false,1.07,-1.00,429,backpressure,false,
candidateA_saturation_hard,2026-09-13T18:53:44.721069+08:00,6,false,1.49,-1.00,429,backpressure,false,
candidateA_saturation_hard,2026-09-13T18:53:44.721286+08:00,4,false,1.34,-1.00,429,backpressure,false,
candidateA_saturation_hard,2026-09-13T18:53:44.721136+08:00,12,true,1.54,-1.00,429,backpressure,false,
candidateA_saturation_hard,2026-09-13T18:53:44.721089+08:00,11,false,1.62,-1.00,429,backpressure,false,
candidateA_saturation_hard,2026-09-13T18:53:39.057601+08:00,2,false,5696.47,-1.00,200,,true,
candidateA_saturation_hard,2026-09-13T18:53:44.871514+08:00,4,false,1.48,-1.00,429,backpressure,false,
candidateA_saturation_hard,2026-09-13T18:53:44.871554+08:00,6,true,1.47,-1.00,429,backpressure,false,
candidateA_saturation_hard,2026-09-13T18:53:44.871891+08:00,11,false,1.18,-1.00,429,backpressure,false,
candidateA_saturation_hard,2026-09-13T18:53:44.871514+08:00,5,false,1.59,-1.00,429,backpressure,false,
candidateA_saturation_hard,2026-09-13T18:53:44.871989+08:00,12,true,1.15,-1.00,429,backpressure,false,
candidateA_saturation_hard,2026-09-13T18:53:44.871657+08:00,10,true,1.63,-1.00,429,backpressure,false,
candidateA_saturation_hard,2026-09-13T18:53:45.022643+08:00,4,true,2.12,-1.00,429,backpressure,false,
candidateA_saturation_hard,2026-09-13T18:53:45.023046+08:00,11,false,2.16,-1.00,429,backpressure,false,
candidateA_saturation_hard,2026-09-13T18:53:45.022811+08:00,5,false,2.72,-1.00,429,backpressure,false,
candidateA_saturation_hard,2026-09-13T18:53:45.023327+08:00,10,false,2.21,-1.00,429,backpressure,false,
candidateA_saturation_hard,2026-09-13T18:53:45.022619+08:00,6,false,2.94,-1.00,429,backpressure,false,
candidateA_saturation_hard,2026-09-13T18:53:45.023103+08:00,12,true,2.50,-1.00,429,backpressure,false,
candidateA_saturation_hard,2026-09-13T18:53:45.172804+08:00,12,false,2.30,-1.00,429,backpressure,false,
candidateA_saturation_hard,2026-09-13T18:53:45.173071+08:00,5,false,2.09,-1.00,429,backpressure,false,
candidateA_saturation_hard,2026-09-13T18:53:45.173401+08:00,10,false,1.82,-1.00,429,backpressure,false,
candidateA_saturation_hard,2026-09-13T18:53:45.172992+08:00,4,false,2.30,-1.00,429,backpressure,false,
candidateA_saturation_hard,2026-09-13T18:53:45.173287+08:00,11,true,2.03,-1.00,429,backpressure,false,
candidateA_saturation_hard,2026-09-13T18:53:45.172822+08:00,6,false,2.79,-1.00,429,backpressure,false,
candidateA_saturation_hard,2026-09-13T18:53:45.323879+08:00,11,true,1.45,-1.00,429,backpressure,false,
candidateA_saturation_hard,2026-09-13T18:53:45.323865+08:00,5,false,1.48,-1.00,429,backpressure,false,
candidateA_saturation_hard,2026-09-13T18:53:45.324037+08:00,6,true,2.13,-1.00,429,backpressure,false,
candidateA_saturation_hard,2026-09-13T18:53:45.323832+08:00,12,false,2.39,-1.00,429,backpressure,false,
candidateA_saturation_hard,2026-09-13T18:53:45.323831+08:00,10,false,2.45,-1.00,429,backpressure,false,
candidateA_saturation_hard,2026-09-13T18:53:45.324239+08:00,4,true,2.08,-1.00,429,backpressure,false,
candidateA_saturation_hard,2026-09-13T18:53:45.475434+08:00,4,true,1.35,-1.00,429,backpressure,false,
candidateA_saturation_hard,2026-09-13T18:53:45.47496+08:00,6,false,1.88,-1.00,429,backpressure,false,
candidateA_saturation_hard,2026-09-13T18:53:45.475153+08:00,5,true,1.98,-1.00,429,backpressure,false,
candidateA_saturation_hard,2026-09-13T18:53:45.475329+08:00,11,false,1.86,-1.00,429,backpressure,false,
candidateA_saturation_hard,2026-09-13T18:53:45.47491+08:00,10,false,2.33,-1.00,429,backpressure,false,
candidateA_saturation_hard,2026-09-13T18:53:45.47491+08:00,12,true,2.58,-1.00,429,backpressure,false,
candidateA_saturation_hard,2026-09-13T18:53:39.854232+08:00,13,false,5648.66,-1.00,200,,true,
candidateA_saturation_hard,2026-09-13T18:53:45.626467+08:00,11,false,2.54,-1.00,429,backpressure,false,
candidateA_saturation_hard,2026-09-13T18:53:45.62595+08:00,12,false,3.11,-1.00,429,backpressure,false,
candidateA_saturation_hard,2026-09-13T18:53:45.6263+08:00,5,false,2.93,-1.00,429,backpressure,false,
candidateA_saturation_hard,2026-09-13T18:53:45.625951+08:00,4,true,3.32,-1.00,429,backpressure,false,
candidateA_saturation_hard,2026-09-13T18:53:45.626007+08:00,6,false,3.28,-1.00,429,backpressure,false,
candidateA_saturation_hard,2026-09-13T18:53:45.626406+08:00,10,true,2.93,-1.00,429,backpressure,false,
candidateA_saturation_hard,2026-09-13T18:53:45.776671+08:00,12,true,3.03,-1.00,429,backpressure,false,
candidateA_saturation_hard,2026-09-13T18:53:45.776481+08:00,5,true,3.28,-1.00,429,backpressure,false,
candidateA_saturation_hard,2026-09-13T18:53:45.777378+08:00,4,false,2.55,-1.00,429,backpressure,false,
candidateA_saturation_hard,2026-09-13T18:53:45.776641+08:00,11,true,3.39,-1.00,429,backpressure,false,
candidateA_saturation_hard,2026-09-13T18:53:45.777296+08:00,6,false,2.74,-1.00,429,backpressure,false,
candidateA_saturation_hard,2026-09-13T18:53:45.777247+08:00,10,true,2.84,-1.00,429,backpressure,false,
candidateA_saturation_hard,2026-09-13T18:53:45.927694+08:00,12,false,2.00,-1.00,429,backpressure,false,
candidateA_saturation_hard,2026-09-13T18:53:45.927559+08:00,4,false,2.19,-1.00,429,backpressure,false,
candidateA_saturation_hard,2026-09-13T18:53:45.927543+08:00,11,true,2.23,-1.00,429,backpressure,false,
candidateA_saturation_hard,2026-09-13T18:53:45.927581+08:00,5,false,2.25,-1.00,429,backpressure,false,
candidateA_saturation_hard,2026-09-13T18:53:45.927609+08:00,10,true,2.28,-1.00,429,backpressure,false,
candidateA_saturation_hard,2026-09-13T18:53:45.927621+08:00,6,true,2.25,-1.00,429,backpressure,false,
candidateA_saturation_hard,2026-09-13T18:53:46.078503+08:00,12,false,3.89,-1.00,429,backpressure,false,
candidateA_saturation_hard,2026-09-13T18:53:46.078795+08:00,11,false,3.69,-1.00,429,backpressure,false,
candidateA_saturation_hard,2026-09-13T18:53:46.080148+08:00,5,true,5.40,-1.00,429,backpressure,false,
candidateA_saturation_hard,2026-09-13T18:53:46.080211+08:00,10,false,5.53,-1.00,429,backpressure,false,
candidateA_saturation_hard,2026-09-13T18:53:46.080705+08:00,4,true,5.11,-1.00,429,backpressure,false,
candidateA_saturation_hard,2026-09-13T18:53:46.080567+08:00,6,true,5.31,-1.00,429,backpressure,false,
candidateA_saturation_hard,2026-09-13T18:53:46.229356+08:00,12,false,1.36,-1.00,429,backpressure,false,
candidateA_saturation_hard,2026-09-13T18:53:46.229916+08:00,5,false,2.35,-1.00,429,backpressure,false,
candidateA_saturation_hard,2026-09-13T18:53:46.230965+08:00,6,false,1.39,-1.00,429,backpressure,false,
candidateA_saturation_hard,2026-09-13T18:53:46.229356+08:00,11,false,3.06,-1.00,429,backpressure,false,
candidateA_saturation_hard,2026-09-13T18:53:46.230755+08:00,4,false,1.71,-1.00,429,backpressure,false,
candidateA_saturation_hard,2026-09-13T18:53:46.23081+08:00,10,true,1.69,-1.00,429,backpressure,false,
candidateA_saturation_hard,2026-09-13T18:53:40.544084+08:00,7,false,5709.02,-1.00,200,,true,
candidateA_saturation_hard,2026-09-13T18:53:46.38567+08:00,6,false,1.73,-1.00,429,backpressure,false,
candidateA_saturation_hard,2026-09-13T18:53:46.386088+08:00,4,false,1.53,-1.00,429,backpressure,false,
candidateA_saturation_hard,2026-09-13T18:53:46.385916+08:00,5,false,1.74,-1.00,429,backpressure,false,
candidateA_saturation_hard,2026-09-13T18:53:46.386478+08:00,10,false,1.18,-1.00,429,backpressure,false,
candidateA_saturation_hard,2026-09-13T18:53:46.386111+08:00,11,false,1.69,-1.00,429,backpressure,false,
candidateA_saturation_hard,2026-09-13T18:53:46.386609+08:00,12,true,1.26,-1.00,429,backpressure,false,
candidateA_saturation_hard,2026-09-13T18:53:46.53699+08:00,11,true,1.84,-1.00,429,backpressure,false,
candidateA_saturation_hard,2026-09-13T18:53:46.536851+08:00,5,false,2.01,-1.00,429,backpressure,false,
candidateA_saturation_hard,2026-09-13T18:53:46.536691+08:00,12,true,2.25,-1.00,429,backpressure,false,
candidateA_saturation_hard,2026-09-13T18:53:46.536633+08:00,10,false,2.41,-1.00,429,backpressure,false,
candidateA_saturation_hard,2026-09-13T18:53:46.537391+08:00,4,false,1.72,-1.00,429,backpressure,false,
candidateA_saturation_hard,2026-09-13T18:53:46.536895+08:00,6,false,3.05,-1.00,429,backpressure,false,
candidateA_saturation_hard,2026-09-13T18:53:46.687822+08:00,6,false,1.36,-1.00,429,backpressure,false,
candidateA_saturation_hard,2026-09-13T18:53:46.687934+08:00,5,false,1.29,-1.00,429,backpressure,false,
candidateA_saturation_hard,2026-09-13T18:53:46.687732+08:00,10,false,1.54,-1.00,429,backpressure,false,
candidateA_saturation_hard,2026-09-13T18:53:46.688069+08:00,11,true,1.23,-1.00,429,backpressure,false,
candidateA_saturation_hard,2026-09-13T18:53:46.687681+08:00,4,true,1.66,-1.00,429,backpressure,false,
candidateA_saturation_hard,2026-09-13T18:53:46.688146+08:00,12,true,1.38,-1.00,429,backpressure,false,
candidateA_saturation_hard,2026-09-13T18:53:46.838663+08:00,6,true,1.54,-1.00,429,backpressure,false,
candidateA_saturation_hard,2026-09-13T18:53:46.838601+08:00,10,false,1.65,-1.00,429,backpressure,false,
candidateA_saturation_hard,2026-09-13T18:53:46.838696+08:00,11,true,1.60,-1.00,429,backpressure,false,
candidateA_saturation_hard,2026-09-13T18:53:46.838563+08:00,12,false,1.78,-1.00,429,backpressure,false,
candidateA_saturation_hard,2026-09-13T18:53:46.838556+08:00,4,false,1.82,-1.00,429,backpressure,false,
candidateA_saturation_hard,2026-09-13T18:53:46.838925+08:00,5,false,1.49,-1.00,429,backpressure,false,
candidateA_saturation_hard,2026-09-13T18:53:46.988672+08:00,10,true,1.24,-1.00,429,backpressure,false,
candidateA_saturation_hard,2026-09-13T18:53:46.98867+08:00,6,false,1.28,-1.00,429,backpressure,false,
candidateA_saturation_hard,2026-09-13T18:53:46.988617+08:00,12,true,1.38,-1.00,429,backpressure,false,
candidateA_saturation_hard,2026-09-13T18:53:46.988779+08:00,11,true,1.25,-1.00,429,backpressure,false,
candidateA_saturation_hard,2026-09-13T18:53:46.988974+08:00,5,false,1.23,-1.00,429,backpressure,false,
candidateA_saturation_hard,2026-09-13T18:53:46.988612+08:00,4,false,1.61,-1.00,429,backpressure,false,
candidateA_saturation_hard,2026-09-13T18:53:41.334004+08:00,3,false,5674.75,-1.00,200,,true,
candidateA_saturation_hard,2026-09-13T18:53:47.139859+08:00,5,false,1.39,-1.00,429,backpressure,false,
candidateA_saturation_hard,2026-09-13T18:53:47.140579+08:00,10,false,1.08,-1.00,429,backpressure,false,
candidateA_saturation_hard,2026-09-13T18:53:47.140422+08:00,4,false,1.31,-1.00,429,backpressure,false,
candidateA_saturation_hard,2026-09-13T18:53:47.140653+08:00,6,false,1.17,-1.00,429,backpressure,false,
candidateA_saturation_hard,2026-09-13T18:53:47.140505+08:00,12,false,1.35,-1.00,429,backpressure,false,
candidateA_saturation_hard,2026-09-13T18:53:47.140136+08:00,11,false,1.77,-1.00,429,backpressure,false,
candidateA_saturation_hard,2026-09-13T18:53:47.290609+08:00,12,false,1.50,-1.00,429,backpressure,false,
candidateA_saturation_hard,2026-09-13T18:53:47.29088+08:00,11,true,1.67,-1.00,429,backpressure,false,
candidateA_saturation_hard,2026-09-13T18:53:47.290694+08:00,4,true,2.23,-1.00,429,backpressure,false,
candidateA_saturation_hard,2026-09-13T18:53:47.290909+08:00,6,false,2.05,-1.00,429,backpressure,false,
candidateA_saturation_hard,2026-09-13T18:53:47.293131+08:00,5,false,0.40,-1.00,429,backpressure,false,
candidateA_saturation_hard,2026-09-13T18:53:47.293058+08:00,10,true,0.53,-1.00,429,backpressure,false,
candidateA_saturation_hard,2026-09-13T18:53:47.441028+08:00,6,false,1.23,-1.00,429,backpressure,false,
candidateA_saturation_hard,2026-09-13T18:53:47.441025+08:00,4,false,1.48,-1.00,429,backpressure,false,
candidateA_saturation_hard,2026-09-13T18:53:47.441171+08:00,12,true,1.70,-1.00,429,backpressure,false,
candidateA_saturation_hard,2026-09-13T18:53:47.441231+08:00,11,false,1.90,-1.00,429,backpressure,false,
candidateA_saturation_hard,2026-09-13T18:53:47.443062+08:00,10,false,0.63,-1.00,429,backpressure,false,
candidateA_saturation_hard,2026-09-13T18:53:47.443049+08:00,5,false,0.72,-1.00,429,backpressure,false,
candidateA_saturation_hard,2026-09-13T18:53:47.592236+08:00,4,false,1.30,-1.00,429,backpressure,false,
candidateA_saturation_hard,2026-09-13T18:53:47.592146+08:00,6,false,1.48,-1.00,429,backpressure,false,
candidateA_saturation_hard,2026-09-13T18:53:47.592106+08:00,12,false,1.57,-1.00,429,backpressure,false,
candidateA_saturation_hard,2026-09-13T18:53:47.592109+08:00,11,false,1.60,-1.00,429,backpressure,false,
candidateA_saturation_hard,2026-09-13T18:53:47.59373+08:00,5,false,0.52,-1.00,429,backpressure,false,
candidateA_saturation_hard,2026-09-13T18:53:47.593726+08:00,10,true,0.54,-1.00,429,backpressure,false,
candidateA_saturation_hard,2026-09-13T18:53:42.011926+08:00,1,false,5695.69,-1.00,200,,true,
candidateA_saturation_hard,2026-09-13T18:53:47.743754+08:00,5,true,4.46,-1.00,429,backpressure,false,
candidateA_saturation_hard,2026-09-13T18:53:47.743201+08:00,12,false,5.02,-1.00,429,backpressure,false,
candidateA_saturation_hard,2026-09-13T18:53:47.743543+08:00,11,true,4.75,-1.00,429,backpressure,false,
candidateA_saturation_hard,2026-09-13T18:53:47.743268+08:00,6,true,5.07,-1.00,429,backpressure,false,
candidateA_saturation_hard,2026-09-13T18:53:47.743768+08:00,10,false,4.59,-1.00,429,backpressure,false,
candidateA_saturation_hard,2026-09-13T18:53:47.743187+08:00,4,true,5.19,-1.00,429,backpressure,false,
candidateA_saturation_hard,2026-09-13T18:53:47.894001+08:00,5,true,3.29,-1.00,429,backpressure,false,
candidateA_saturation_hard,2026-09-13T18:53:47.895564+08:00,11,false,1.78,-1.00,429,backpressure,false,
candidateA_saturation_hard,2026-09-13T18:53:47.894602+08:00,4,true,2.80,-1.00,429,backpressure,false,
candidateA_saturation_hard,2026-09-13T18:53:47.894161+08:00,12,true,3.31,-1.00,429,backpressure,false,
candidateA_saturation_hard,2026-09-13T18:53:47.895814+08:00,10,true,1.70,-1.00,429,backpressure,false,
candidateA_saturation_hard,2026-09-13T18:53:47.895294+08:00,6,false,2.27,-1.00,429,backpressure,false,
candidateA_saturation_hard,2026-09-13T18:53:48.045314+08:00,6,false,2.70,-1.00,429,backpressure,false,
candidateA_saturation_hard,2026-09-13T18:53:48.045072+08:00,4,false,2.96,-1.00,429,backpressure,false,
candidateA_saturation_hard,2026-09-13T18:53:48.045406+08:00,5,false,2.74,-1.00,429,backpressure,false,
candidateA_saturation_hard,2026-09-13T18:53:48.047569+08:00,10,false,0.66,-1.00,429,backpressure,false,
candidateA_saturation_hard,2026-09-13T18:53:48.047569+08:00,11,false,0.85,-1.00,429,backpressure,false,
candidateA_saturation_hard,2026-09-13T18:53:48.047571+08:00,12,false,0.86,-1.00,429,backpressure,false,
candidateA_saturation_hard,2026-09-13T18:53:48.196255+08:00,5,false,0.80,-1.00,429,backpressure,false,
candidateA_saturation_hard,2026-09-13T18:53:48.196314+08:00,6,false,0.77,-1.00,429,backpressure,false,
candidateA_saturation_hard,2026-09-13T18:53:48.196255+08:00,4,true,1.09,-1.00,429,backpressure,false,
candidateA_saturation_hard,2026-09-13T18:53:48.197635+08:00,12,false,0.35,-1.00,429,backpressure,false,
candidateA_saturation_hard,2026-09-13T18:53:48.197622+08:00,11,true,0.43,-1.00,429,backpressure,false,
candidateA_saturation_hard,2026-09-13T18:53:48.197666+08:00,10,true,0.55,-1.00,429,backpressure,false,
candidateA_saturation_hard,2026-09-13T18:53:48.348107+08:00,5,false,4.99,-1.00,429,backpressure,false,
candidateA_saturation_hard,2026-09-13T18:53:48.348836+08:00,6,true,4.27,-1.00,429,backpressure,false,
candidateA_saturation_hard,2026-09-13T18:53:48.348151+08:00,11,false,4.97,-1.00,429,backpressure,false,
candidateA_saturation_hard,2026-09-13T18:53:48.348111+08:00,10,false,5.02,-1.00,429,backpressure,false,
candidateA_saturation_hard,2026-09-13T18:53:48.348376+08:00,12,true,5.26,-1.00,429,backpressure,false,
candidateA_saturation_hard,2026-09-13T18:53:48.34829+08:00,4,true,5.37,-1.00,429,backpressure,false,
candidateA_saturation_hard,2026-09-13T18:53:42.697199+08:00,0,true,5724.92,5118.32,200,,true,
candidateA_saturation_hard,2026-09-13T18:53:48.500148+08:00,6,true,1.20,-1.00,429,backpressure,false,
candidateA_saturation_hard,2026-09-13T18:53:48.499238+08:00,4,false,2.20,-1.00,429,backpressure,false,
candidateA_saturation_hard,2026-09-13T18:53:48.499315+08:00,10,true,2.26,-1.00,429,backpressure,false,
candidateA_saturation_hard,2026-09-13T18:53:48.499594+08:00,11,true,2.00,-1.00,429,backpressure,false,
candidateA_saturation_hard,2026-09-13T18:53:48.499928+08:00,5,false,1.71,-1.00,429,backpressure,false,
candidateA_saturation_hard,2026-09-13T18:53:48.499241+08:00,12,false,2.75,-1.00,429,backpressure,false,
candidateA_saturation_hard,2026-09-13T18:53:48.650185+08:00,12,true,3.15,-1.00,429,backpressure,false,
candidateA_saturation_hard,2026-09-13T18:53:48.650937+08:00,6,true,2.45,-1.00,429,backpressure,false,
candidateA_saturation_hard,2026-09-13T18:53:48.650629+08:00,10,false,2.83,-1.00,429,backpressure,false,
candidateA_saturation_hard,2026-09-13T18:53:48.650258+08:00,4,false,3.55,-1.00,429,backpressure,false,
candidateA_saturation_hard,2026-09-13T18:53:48.651108+08:00,5,true,2.79,-1.00,429,backpressure,false,
candidateA_saturation_hard,2026-09-13T18:53:48.649938+08:00,11,false,4.01,-1.00,429,backpressure,false,
candidateA_saturation_hard,2026-09-13T18:53:48.801679+08:00,5,false,1.49,-1.00,429,backpressure,false,
candidateA_saturation_hard,2026-09-13T18:53:48.801236+08:00,4,false,1.98,-1.00,429,backpressure,false,
candidateA_saturation_hard,2026-09-13T18:53:48.801026+08:00,12,false,2.25,-1.00,429,backpressure,false,
candidateA_saturation_hard,2026-09-13T18:53:48.801179+08:00,10,false,2.15,-1.00,429,backpressure,false,
candidateA_saturation_hard,2026-09-13T18:53:48.801071+08:00,11,true,2.31,-1.00,429,backpressure,false,
candidateA_saturation_hard,2026-09-13T18:53:48.801018+08:00,6,false,2.43,-1.00,429,backpressure,false,
candidateA_saturation_hard,2026-09-13T18:53:48.953408+08:00,4,false,1.70,-1.00,429,backpressure,false,
candidateA_saturation_hard,2026-09-13T18:53:48.953267+08:00,10,true,1.89,-1.00,429,backpressure,false,
candidateA_saturation_hard,2026-09-13T18:53:48.953052+08:00,11,true,2.13,-1.00,429,backpressure,false,
candidateA_saturation_hard,2026-09-13T18:53:48.952322+08:00,5,false,2.88,-1.00,429,backpressure,false,
candidateA_saturation_hard,2026-09-13T18:53:48.952638+08:00,12,false,2.61,-1.00,429,backpressure,false,
candidateA_saturation_hard,2026-09-13T18:53:48.952567+08:00,6,true,2.54,-1.00,429,backpressure,false,
candidateA_saturation_hard,2026-09-13T18:53:43.310883+08:00,9,false,5674.42,-1.00,200,,true,
candidateA_saturation_hard,2026-09-13T18:53:49.102641+08:00,5,false,1.17,-1.00,429,backpressure,false,
candidateA_saturation_hard,2026-09-13T18:53:49.103447+08:00,4,true,1.17,-1.00,429,backpressure,false,
candidateA_saturation_hard,2026-09-13T18:53:49.10309+08:00,11,false,1.62,-1.00,429,backpressure,false,
candidateA_saturation_hard,2026-09-13T18:53:49.102703+08:00,12,true,2.05,-1.00,429,backpressure,false,
candidateA_saturation_hard,2026-09-13T18:53:49.102657+08:00,6,true,2.13,-1.00,429,backpressure,false,
candidateA_saturation_hard,2026-09-13T18:53:49.103321+08:00,10,true,1.48,-1.00,429,backpressure,false,
candidateA_saturation_hard,2026-09-13T18:53:49.254365+08:00,10,false,1.40,-1.00,429,backpressure,false,
candidateA_saturation_hard,2026-09-13T18:53:49.253783+08:00,12,false,1.99,-1.00,429,backpressure,false,
candidateA_saturation_hard,2026-09-13T18:53:49.25382+08:00,11,false,2.00,-1.00,429,backpressure,false,
candidateA_saturation_hard,2026-09-13T18:53:49.254164+08:00,5,false,1.68,-1.00,429,backpressure,false,
candidateA_saturation_hard,2026-09-13T18:53:49.253926+08:00,6,true,1.93,-1.00,429,backpressure,false,
candidateA_saturation_hard,2026-09-13T18:53:49.253776+08:00,4,false,2.12,-1.00,429,backpressure,false,
candidateA_saturation_hard,2026-09-13T18:53:49.404778+08:00,10,false,1.54,-1.00,429,backpressure,false,
candidateA_saturation_hard,2026-09-13T18:53:49.404571+08:00,4,true,1.79,-1.00,429,backpressure,false,
candidateA_saturation_hard,2026-09-13T18:53:49.404712+08:00,12,true,1.69,-1.00,429,backpressure,false,
candidateA_saturation_hard,2026-09-13T18:53:49.404982+08:00,6,true,1.45,-1.00,429,backpressure,false,
candidateA_saturation_hard,2026-09-13T18:53:49.404571+08:00,5,true,1.90,-1.00,429,backpressure,false,
candidateA_saturation_hard,2026-09-13T18:53:49.405087+08:00,11,false,1.42,-1.00,429,backpressure,false,
candidateA_saturation_hard,2026-09-13T18:53:49.55568+08:00,12,true,1.59,-1.00,429,backpressure,false,
candidateA_saturation_hard,2026-09-13T18:53:49.555639+08:00,6,true,1.67,-1.00,429,backpressure,false,
candidateA_saturation_hard,2026-09-13T18:53:49.556051+08:00,10,false,1.30,-1.00,429,backpressure,false,
candidateA_saturation_hard,2026-09-13T18:53:49.555639+08:00,5,false,1.76,-1.00,429,backpressure,false,
candidateA_saturation_hard,2026-09-13T18:53:49.555888+08:00,4,false,1.55,-1.00,429,backpressure,false,
candidateA_saturation_hard,2026-09-13T18:53:49.556235+08:00,11,true,1.50,-1.00,429,backpressure,false,
candidateA_saturation_hard,2026-09-13T18:53:44.007337+08:00,8,false,5655.44,-1.00,200,,true,
candidateA_saturation_hard,2026-09-13T18:53:49.706919+08:00,5,true,2.65,-1.00,429,backpressure,false,
candidateA_saturation_hard,2026-09-13T18:53:49.70671+08:00,11,false,2.92,-1.00,429,backpressure,false,
candidateA_saturation_hard,2026-09-13T18:53:49.706753+08:00,4,false,2.82,-1.00,429,backpressure,false,
candidateA_saturation_hard,2026-09-13T18:53:49.706996+08:00,10,false,2.66,-1.00,429,backpressure,false,
candidateA_saturation_hard,2026-09-13T18:53:49.70672+08:00,12,false,2.96,-1.00,429,backpressure,false,
candidateA_saturation_hard,2026-09-13T18:53:49.70711+08:00,6,true,2.63,-1.00,429,backpressure,false,
candidateA_saturation_hard,2026-09-13T18:53:49.857346+08:00,12,false,2.05,-1.00,429,backpressure,false,
candidateA_saturation_hard,2026-09-13T18:53:49.857666+08:00,11,true,1.77,-1.00,429,backpressure,false,
candidateA_saturation_hard,2026-09-13T18:53:49.858313+08:00,4,false,1.24,-1.00,429,backpressure,false,
candidateA_saturation_hard,2026-09-13T18:53:49.858515+08:00,5,false,1.36,-1.00,429,backpressure,false,
candidateA_saturation_hard,2026-09-13T18:53:49.858701+08:00,6,false,1.27,-1.00,429,backpressure,false,
candidateA_saturation_hard,2026-09-13T18:53:49.858016+08:00,10,true,1.99,-1.00,429,backpressure,false,
candidateA_saturation_hard,2026-09-13T18:53:50.007812+08:00,11,true,2.04,-1.00,429,backpressure,false,
candidateA_saturation_hard,2026-09-13T18:53:50.007833+08:00,12,false,2.05,-1.00,429,backpressure,false,
candidateA_saturation_hard,2026-09-13T18:53:50.008608+08:00,5,true,1.91,-1.00,429,backpressure,false,
candidateA_saturation_hard,2026-09-13T18:53:50.008308+08:00,10,true,2.26,-1.00,429,backpressure,false,
candidateA_saturation_hard,2026-09-13T18:53:50.008577+08:00,4,true,2.01,-1.00,429,backpressure,false,
candidateA_saturation_hard,2026-09-13T18:53:50.008828+08:00,6,true,1.78,-1.00,429,backpressure,false,
candidateA_saturation_hard,2026-09-13T18:53:50.158667+08:00,5,true,10.45,-1.00,429,backpressure,false,
candidateA_saturation_hard,2026-09-13T18:53:50.159044+08:00,6,false,10.93,-1.00,429,backpressure,false,
candidateA_saturation_hard,2026-09-13T18:53:50.158702+08:00,11,false,11.31,-1.00,429,backpressure,false,
candidateA_saturation_hard,2026-09-13T18:53:50.158811+08:00,10,true,11.24,-1.00,429,backpressure,false,
candidateA_saturation_hard,2026-09-13T18:53:50.159115+08:00,4,true,10.95,-1.00,429,backpressure,false,
candidateA_saturation_hard,2026-09-13T18:53:50.158667+08:00,12,true,18.84,-1.00,429,backpressure,false,
candidateA_saturation_hard,2026-09-13T18:53:50.31008+08:00,4,false,1.16,-1.00,429,backpressure,false,
candidateA_saturation_hard,2026-09-13T18:53:50.309836+08:00,11,true,1.48,-1.00,429,backpressure,false,
candidateA_saturation_hard,2026-09-13T18:53:50.309721+08:00,12,false,1.65,-1.00,429,backpressure,false,
candidateA_saturation_hard,2026-09-13T18:53:50.310151+08:00,6,false,1.25,-1.00,429,backpressure,false,
candidateA_saturation_hard,2026-09-13T18:53:50.309716+08:00,10,true,1.72,-1.00,429,backpressure,false,
candidateA_saturation_hard,2026-09-13T18:53:50.309751+08:00,5,false,1.79,-1.00,429,backpressure,false,
candidateA_saturation_hard,2026-09-13T18:53:50.460769+08:00,12,true,1.63,-1.00,429,backpressure,false,
candidateA_saturation_hard,2026-09-13T18:53:50.460799+08:00,11,true,1.65,-1.00,429,backpressure,false,
candidateA_saturation_hard,2026-09-13T18:53:50.461274+08:00,5,false,1.21,-1.00,429,backpressure,false,
candidateA_saturation_hard,2026-09-13T18:53:50.460823+08:00,10,false,1.69,-1.00,429,backpressure,false,
candidateA_saturation_hard,2026-09-13T18:53:50.460764+08:00,6,true,1.79,-1.00,429,backpressure,false,
candidateA_saturation_hard,2026-09-13T18:53:50.460869+08:00,4,false,1.70,-1.00,429,backpressure,false,
candidateA_saturation_hard,2026-09-13T18:53:44.754283+08:00,2,false,5742.19,-1.00,200,,true,
candidateA_saturation_hard,2026-09-13T18:53:50.611542+08:00,5,false,3.33,-1.00,429,backpressure,false,
candidateA_saturation_hard,2026-09-13T18:53:50.611686+08:00,11,false,3.19,-1.00,429,backpressure,false,
candidateA_saturation_hard,2026-09-13T18:53:50.611597+08:00,12,false,3.35,-1.00,429,backpressure,false,
candidateA_saturation_hard,2026-09-13T18:53:50.611887+08:00,10,true,3.10,-1.00,429,backpressure,false,
candidateA_saturation_hard,2026-09-13T18:53:50.611838+08:00,6,false,3.52,-1.00,429,backpressure,false,
candidateA_saturation_hard,2026-09-13T18:53:50.612129+08:00,4,true,3.27,-1.00,429,backpressure,false,
candidateA_saturation_hard,2026-09-13T18:53:50.762938+08:00,10,false,2.00,-1.00,429,backpressure,false,
candidateA_saturation_hard,2026-09-13T18:53:50.763111+08:00,12,true,1.85,-1.00,429,backpressure,false,
candidateA_saturation_hard,2026-09-13T18:53:50.762714+08:00,6,false,2.30,-1.00,429,backpressure,false,
candidateA_saturation_hard,2026-09-13T18:53:50.762874+08:00,11,false,2.17,-1.00,429,backpressure,false,
candidateA_saturation_hard,2026-09-13T18:53:50.762637+08:00,4,true,2.42,-1.00,429,backpressure,false,
candidateA_saturation_hard,2026-09-13T18:53:50.76319+08:00,5,true,1.92,-1.00,429,backpressure,false,
candidateA_saturation_hard,2026-09-13T18:53:50.914841+08:00,10,false,1.32,-1.00,429,backpressure,false,
candidateA_saturation_hard,2026-09-13T18:53:50.914773+08:00,6,false,1.48,-1.00,429,backpressure,false,
candidateA_saturation_hard,2026-09-13T18:53:50.915425+08:00,11,false,1.62,-1.00,429,backpressure,false,
candidateA_saturation_hard,2026-09-13T18:53:50.915151+08:00,5,true,1.91,-1.00,429,backpressure,false,
candidateA_saturation_hard,2026-09-13T18:53:50.915571+08:00,12,true,1.50,-1.00,429,backpressure,false,
candidateA_saturation_hard,2026-09-13T18:53:50.915009+08:00,4,true,2.07,-1.00,429,backpressure,false,
candidateA_saturation_hard,2026-09-13T18:53:51.065578+08:00,11,false,2.01,-1.00,429,backpressure,false,
candidateA_saturation_hard,2026-09-13T18:53:51.065215+08:00,5,false,2.42,-1.00,429,backpressure,false,
candidateA_saturation_hard,2026-09-13T18:53:51.065081+08:00,10,true,2.65,-1.00,429,backpressure,false,
candidateA_saturation_hard,2026-09-13T18:53:51.06578+08:00,12,false,2.02,-1.00,429,backpressure,false,
candidateA_saturation_hard,2026-09-13T18:53:51.065088+08:00,6,false,2.73,-1.00,429,backpressure,false,
candidateA_saturation_hard,2026-09-13T18:53:51.065256+08:00,4,true,2.60,-1.00,429,backpressure,false,
candidateA_saturation_hard,2026-09-13T18:53:51.216174+08:00,6,true,2.36,-1.00,429,backpressure,false,
candidateA_saturation_hard,2026-09-13T18:53:51.216289+08:00,4,true,2.29,-1.00,429,backpressure,false,
candidateA_saturation_hard,2026-09-13T18:53:51.216186+08:00,12,true,2.49,-1.00,429,backpressure,false,
candidateA_saturation_hard,2026-09-13T18:53:51.216399+08:00,11,false,4.53,-1.00,429,backpressure,false,
candidateA_saturation_hard,2026-09-13T18:53:51.216532+08:00,5,false,4.52,-1.00,429,backpressure,false,
candidateA_saturation_hard,2026-09-13T18:53:51.216209+08:00,10,false,4.85,-1.00,429,backpressure,false,
candidateA_saturation_hard,2026-09-13T18:53:45.503097+08:00,13,true,5790.22,5101.49,200,,true,
candidateA_saturation_hard,2026-09-13T18:53:51.36759+08:00,6,false,1.05,-1.00,429,backpressure,false,
candidateA_saturation_hard,2026-09-13T18:53:51.367236+08:00,5,false,1.44,-1.00,429,backpressure,false,
candidateA_saturation_hard,2026-09-13T18:53:51.367236+08:00,10,true,1.52,-1.00,429,backpressure,false,
candidateA_saturation_hard,2026-09-13T18:53:51.367275+08:00,11,true,1.52,-1.00,429,backpressure,false,
candidateA_saturation_hard,2026-09-13T18:53:51.367658+08:00,12,true,1.17,-1.00,429,backpressure,false,
candidateA_saturation_hard,2026-09-13T18:53:51.367511+08:00,4,false,1.35,-1.00,429,backpressure,false,
candidateA_saturation_hard,2026-09-13T18:53:51.519903+08:00,6,false,2.59,-1.00,429,backpressure,false,
candidateA_saturation_hard,2026-09-13T18:53:51.519239+08:00,11,false,3.25,-1.00,429,backpressure,false,
candidateA_saturation_hard,2026-09-13T18:53:51.518747+08:00,5,true,3.80,-1.00,429,backpressure,false,
candidateA_saturation_hard,2026-09-13T18:53:51.518318+08:00,12,true,4.23,-1.00,429,backpressure,false,
candidateA_saturation_hard,2026-09-13T18:53:51.518674+08:00,10,false,3.89,-1.00,429,backpressure,false,
candidateA_saturation_hard,2026-09-13T18:53:51.519506+08:00,4,false,3.41,-1.00,429,backpressure,false,
candidateA_saturation_hard,2026-09-13T18:53:51.669911+08:00,5,true,3.28,-1.00,429,backpressure,false,
candidateA_saturation_hard,2026-09-13T18:53:51.6695+08:00,10,false,3.70,-1.00,429,backpressure,false,
candidateA_saturation_hard,2026-09-13T18:53:51.669415+08:00,11,true,3.85,-1.00,429,backpressure,false,
candidateA_saturation_hard,2026-09-13T18:53:51.66961+08:00,4,false,3.68,-1.00,429,backpressure,false,
candidateA_saturation_hard,2026-09-13T18:53:51.670018+08:00,6,true,3.30,-1.00,429,backpressure,false,
candidateA_saturation_hard,2026-09-13T18:53:51.669421+08:00,12,false,4.00,-1.00,429,backpressure,false,
candidateA_saturation_hard,2026-09-13T18:53:51.820856+08:00,11,false,1.54,-1.00,429,backpressure,false,
candidateA_saturation_hard,2026-09-13T18:53:51.820505+08:00,6,false,1.96,-1.00,429,backpressure,false,
candidateA_saturation_hard,2026-09-13T18:53:51.820924+08:00,5,true,1.62,-1.00,429,backpressure,false,
candidateA_saturation_hard,2026-09-13T18:53:51.821461+08:00,10,false,1.11,-1.00,429,backpressure,false,
candidateA_saturation_hard,2026-09-13T18:53:51.820964+08:00,4,false,1.65,-1.00,429,backpressure,false,
candidateA_saturation_hard,2026-09-13T18:53:51.821139+08:00,12,true,1.76,-1.00,429,backpressure,false,
candidateA_saturation_hard,2026-09-13T18:53:51.971582+08:00,5,true,2.81,-1.00,429,backpressure,false,
candidateA_saturation_hard,2026-09-13T18:53:51.971626+08:00,6,false,2.94,-1.00,429,backpressure,false,
candidateA_saturation_hard,2026-09-13T18:53:51.972032+08:00,11,true,2.63,-1.00,429,backpressure,false,
candidateA_saturation_hard,2026-09-13T18:53:51.971578+08:00,10,false,3.10,-1.00,429,backpressure,false,
candidateA_saturation_hard,2026-09-13T18:53:51.972151+08:00,12,false,3.03,-1.00,429,backpressure,false,
candidateA_saturation_hard,2026-09-13T18:53:51.972815+08:00,4,true,2.48,-1.00,429,backpressure,false,
candidateA_saturation_hard,2026-09-13T18:53:46.2533+08:00,7,false,5833.97,-1.00,200,,true,
candidateA_saturation_hard,2026-09-13T18:53:52.123014+08:00,5,true,1.91,-1.00,429,backpressure,false,
candidateA_saturation_hard,2026-09-13T18:53:52.122666+08:00,10,true,2.31,-1.00,429,backpressure,false,
candidateA_saturation_hard,2026-09-13T18:53:52.12273+08:00,12,false,2.30,-1.00,429,backpressure,false,
candidateA_saturation_hard,2026-09-13T18:53:52.122649+08:00,11,false,2.43,-1.00,429,backpressure,false,
candidateA_saturation_hard,2026-09-13T18:53:52.123115+08:00,6,true,2.02,-1.00,429,backpressure,false,
candidateA_saturation_hard,2026-09-13T18:53:52.123219+08:00,4,false,1.96,-1.00,429,backpressure,false,
candidateA_saturation_hard,2026-09-13T18:53:52.273078+08:00,12,false,2.04,-1.00,429,backpressure,false,
candidateA_saturation_hard,2026-09-13T18:53:52.273078+08:00,5,true,2.09,-1.00,429,backpressure,false,
candidateA_saturation_hard,2026-09-13T18:53:52.273321+08:00,11,false,1.91,-1.00,429,backpressure,false,
candidateA_saturation_hard,2026-09-13T18:53:52.273135+08:00,6,false,2.15,-1.00,429,backpressure,false,
candidateA_saturation_hard,2026-09-13T18:53:52.27324+08:00,4,true,2.10,-1.00,429,backpressure,false,
candidateA_saturation_hard,2026-09-13T18:53:52.273521+08:00,10,false,1.87,-1.00,429,backpressure,false,
candidateA_saturation_hard,2026-09-13T18:53:52.423253+08:00,6,true,0.81,-1.00,429,backpressure,false,
candidateA_saturation_hard,2026-09-13T18:53:52.423579+08:00,12,true,0.50,-1.00,429,backpressure,false,
candidateA_saturation_hard,2026-09-13T18:53:52.423554+08:00,5,true,0.55,-1.00,429,backpressure,false,
candidateA_saturation_hard,2026-09-13T18:53:52.423585+08:00,10,true,0.60,-1.00,429,backpressure,false,
candidateA_saturation_hard,2026-09-13T18:53:52.423329+08:00,11,true,0.87,-1.00,429,backpressure,false,
candidateA_saturation_hard,2026-09-13T18:53:52.423308+08:00,4,false,0.90,-1.00,429,backpressure,false,
candidateA_saturation_hard,2026-09-13T18:53:52.573958+08:00,10,false,1.91,-1.00,429,backpressure,false,
candidateA_saturation_hard,2026-09-13T18:53:52.574084+08:00,6,false,1.83,-1.00,429,backpressure,false,
candidateA_saturation_hard,2026-09-13T18:53:52.574366+08:00,11,false,1.60,-1.00,429,backpressure,false,
candidateA_saturation_hard,2026-09-13T18:53:52.573965+08:00,4,true,2.06,-1.00,429,backpressure,false,
candidateA_saturation_hard,2026-09-13T18:53:52.574008+08:00,5,true,2.05,-1.00,429,backpressure,false,
candidateA_saturation_hard,2026-09-13T18:53:52.574153+08:00,12,false,1.93,-1.00,429,backpressure,false,
candidateA_saturation_hard,2026-09-13T18:53:52.724576+08:00,6,false,1.76,-1.00,429,backpressure,false,
candidateA_saturation_hard,2026-09-13T18:53:52.724811+08:00,12,false,1.55,-1.00,429,backpressure,false,
candidateA_saturation_hard,2026-09-13T18:53:52.724711+08:00,4,true,1.69,-1.00,429,backpressure,false,
candidateA_saturation_hard,2026-09-13T18:53:52.72461+08:00,10,true,1.83,-1.00,429,backpressure,false,
candidateA_saturation_hard,2026-09-13T18:53:52.725164+08:00,11,false,1.31,-1.00,429,backpressure,false,
candidateA_saturation_hard,2026-09-13T18:53:52.724566+08:00,5,true,1.92,-1.00,429,backpressure,false,
candidateA_saturation_hard,2026-09-13T18:53:47.00896+08:00,3,true,5784.23,5185.15,200,,true,
candidateA_saturation_hard,2026-09-13T18:53:52.876291+08:00,6,false,1.55,-1.00,429,backpressure,false,
candidateA_saturation_hard,2026-09-13T18:53:52.876391+08:00,4,true,1.53,-1.00,429,backpressure,false,
candidateA_saturation_hard,2026-09-13T18:53:52.875654+08:00,11,false,2.34,-1.00,429,backpressure,false,
candidateA_saturation_hard,2026-09-13T18:53:52.875648+08:00,12,true,2.36,-1.00,429,backpressure,false,
candidateA_saturation_hard,2026-09-13T18:53:52.875817+08:00,10,true,2.23,-1.00,429,backpressure,false,
candidateA_saturation_hard,2026-09-13T18:53:52.875696+08:00,5,false,2.41,-1.00,429,backpressure,false,
candidateA_saturation_hard,2026-09-13T18:53:53.027296+08:00,5,false,1.44,-1.00,429,backpressure,false,
candidateA_saturation_hard,2026-09-13T18:53:53.026716+08:00,4,false,2.17,-1.00,429,backpressure,false,
candidateA_saturation_hard,2026-09-13T18:53:53.026734+08:00,10,false,2.25,-1.00,429,backpressure,false,
candidateA_saturation_hard,2026-09-13T18:53:53.027183+08:00,12,false,1.85,-1.00,429,backpressure,false,
candidateA_saturation_hard,2026-09-13T18:53:53.026902+08:00,11,true,2.18,-1.00,429,backpressure,false,
candidateA_saturation_hard,2026-09-13T18:53:53.026771+08:00,6,true,2.30,-1.00,429,backpressure,false,
candidateA_saturation_hard,2026-09-13T18:53:53.177795+08:00,11,false,4.53,-1.00,429,backpressure,false,
candidateA_saturation_hard,2026-09-13T18:53:53.178374+08:00,10,false,4.04,-1.00,429,backpressure,false,
candidateA_saturation_hard,2026-09-13T18:53:53.177984+08:00,12,false,4.57,-1.00,429,backpressure,false,
candidateA_saturation_hard,2026-09-13T18:53:53.177783+08:00,5,false,4.84,-1.00,429,backpressure,false,
candidateA_saturation_hard,2026-09-13T18:53:53.178269+08:00,6,true,4.48,-1.00,429,backpressure,false,
candidateA_saturation_hard,2026-09-13T18:53:53.177822+08:00,4,false,5.04,-1.00,429,backpressure,false,
candidateA_saturation_hard,2026-09-13T18:53:53.328821+08:00,4,true,1.36,-1.00,429,backpressure,false,
candidateA_saturation_hard,2026-09-13T18:53:53.329038+08:00,11,true,1.18,-1.00,429,backpressure,false,
candidateA_saturation_hard,2026-09-13T18:53:53.329183+08:00,6,false,1.07,-1.00,429,backpressure,false,
candidateA_saturation_hard,2026-09-13T18:53:53.328953+08:00,5,false,1.34,-1.00,429,backpressure,false,
candidateA_saturation_hard,2026-09-13T18:53:53.32875+08:00,10,false,1.78,-1.00,429,backpressure,false,
candidateA_saturation_hard,2026-09-13T18:53:53.329293+08:00,12,false,1.31,-1.00,429,backpressure,false,
candidateA_saturation_hard,2026-09-13T18:53:47.707825+08:00,1,false,5718.01,-1.00,200,,true,
candidateA_saturation_hard,2026-09-13T18:53:53.479713+08:00,10,false,3.43,-1.00,429,backpressure,false,
candidateA_saturation_hard,2026-09-13T18:53:53.482603+08:00,6,false,4.60,-1.00,429,backpressure,false,
candidateA_saturation_hard,2026-09-13T18:53:53.482266+08:00,5,false,5.06,-1.00,429,backpressure,false,
candidateA_saturation_hard,2026-09-13T18:53:53.482541+08:00,12,true,5.52,-1.00,429,backpressure,false,
candidateA_saturation_hard,2026-09-13T18:53:53.481887+08:00,4,true,6.18,-1.00,429,backpressure,false,
candidateA_saturation_hard,2026-09-13T18:53:53.48245+08:00,11,true,5.62,-1.00,429,backpressure,false,
candidateA_saturation_hard,2026-09-13T18:53:53.630774+08:00,10,false,0.85,-1.00,429,backpressure,false,
candidateA_saturation_hard,2026-09-13T18:53:53.63188+08:00,4,true,0.46,-1.00,429,backpressure,false,
candidateA_saturation_hard,2026-09-13T18:53:53.63192+08:00,12,false,0.48,-1.00,429,backpressure,false,
candidateA_saturation_hard,2026-09-13T18:53:53.632433+08:00,5,true,0.49,-1.00,429,backpressure,false,
candidateA_saturation_hard,2026-09-13T18:53:53.632479+08:00,11,true,0.48,-1.00,429,backpressure,false,
candidateA_saturation_hard,2026-09-13T18:53:53.632988+08:00,6,true,1.51,-1.00,429,backpressure,false,
candidateA_saturation_hard,2026-09-13T18:53:53.781781+08:00,10,false,3.06,-1.00,429,backpressure,false,
candidateA_saturation_hard,2026-09-13T18:53:53.782172+08:00,4,true,2.73,-1.00,429,backpressure,false,
candidateA_saturation_hard,2026-09-13T18:53:53.784969+08:00,6,false,2.43,-1.00,429,backpressure,false,
candidateA_saturation_hard,2026-09-13T18:53:53.785066+08:00,5,true,2.39,-1.00,429,backpressure,false,
candidateA_saturation_hard,2026-09-13T18:53:53.785402+08:00,12,true,2.08,-1.00,429,backpressure,false,
candidateA_saturation_hard,2026-09-13T18:53:53.785117+08:00,11,false,2.45,-1.00,429,backpressure,false,
candidateA_saturation_hard,2026-09-13T18:53:53.932882+08:00,4,true,1.51,-1.00,429,backpressure,false,
candidateA_saturation_hard,2026-09-13T18:53:53.933466+08:00,10,true,0.95,-1.00,429,backpressure,false,
candidateA_saturation_hard,2026-09-13T18:53:53.935073+08:00,6,false,0.85,-1.00,429,backpressure,false,
candidateA_saturation_hard,2026-09-13T18:53:53.935123+08:00,5,false,0.87,-1.00,429,backpressure,false,
candidateA_saturation_hard,2026-09-13T18:53:53.936494+08:00,12,true,0.82,-1.00,429,backpressure,false,
candidateA_saturation_hard,2026-09-13T18:53:53.935199+08:00,11,true,2.58,-1.00,429,backpressure,false,
candidateA_saturation_hard,2026-09-13T18:53:54.083954+08:00,4,false,2.07,-1.00,429,backpressure,false,
candidateA_saturation_hard,2026-09-13T18:53:54.084179+08:00,10,false,1.92,-1.00,429,backpressure,false,
candidateA_saturation_hard,2026-09-13T18:53:54.085171+08:00,5,false,1.56,-1.00,429,backpressure,false,
candidateA_saturation_hard,2026-09-13T18:53:54.086595+08:00,12,false,0.46,-1.00,429,backpressure,false,
candidateA_saturation_hard,2026-09-13T18:53:54.085129+08:00,6,true,1.97,-1.00,429,backpressure,false,
candidateA_saturation_hard,2026-09-13T18:53:54.085839+08:00,11,false,1.40,-1.00,429,backpressure,false,
candidateA_saturation_hard,2026-09-13T18:53:48.422325+08:00,0,false,5683.32,-1.00,200,,true,
candidateA_saturation_hard,2026-09-13T18:53:54.235302+08:00,5,false,1.52,-1.00,429,backpressure,false,
candidateA_saturation_hard,2026-09-13T18:53:54.235051+08:00,4,false,1.85,-1.00,429,backpressure,false,
candidateA_saturation_hard,2026-09-13T18:53:54.235051+08:00,10,false,1.90,-1.00,429,backpressure,false,
candidateA_saturation_hard,2026-09-13T18:53:54.235417+08:00,6,false,1.76,-1.00,429,backpressure,false,
candidateA_saturation_hard,2026-09-13T18:53:54.23648+08:00,11,false,1.22,-1.00,429,backpressure,false,
candidateA_saturation_hard,2026-09-13T18:53:54.236614+08:00,12,false,1.14,-1.00,429,backpressure,false,
candidateA_saturation_hard,2026-09-13T18:53:54.386707+08:00,12,true,1.12,-1.00,429,backpressure,false,
candidateA_saturation_hard,2026-09-13T18:53:54.386178+08:00,6,false,1.75,-1.00,429,backpressure,false,
candidateA_saturation_hard,2026-09-13T18:53:54.386407+08:00,4,false,1.59,-1.00,429,backpressure,false,
candidateA_saturation_hard,2026-09-13T18:53:54.386239+08:00,5,false,1.80,-1.00,429,backpressure,false,
candidateA_saturation_hard,2026-09-13T18:53:54.386898+08:00,11,true,1.31,-1.00,429,backpressure,false,
candidateA_saturation_hard,2026-09-13T18:53:54.386342+08:00,10,false,1.99,-1.00,429,backpressure,false,
candidateA_saturation_hard,2026-09-13T18:53:54.537147+08:00,6,true,2.93,-1.00,429,backpressure,false,
candidateA_saturation_hard,2026-09-13T18:53:54.537704+08:00,11,false,2.42,-1.00,429,backpressure,false,
candidateA_saturation_hard,2026-09-13T18:53:54.537187+08:00,5,false,4.26,-1.00,429,backpressure,false,
candidateA_saturation_hard,2026-09-13T18:53:54.537383+08:00,10,false,4.11,-1.00,429,backpressure,false,
candidateA_saturation_hard,2026-09-13T18:53:54.537147+08:00,12,true,4.39,-1.00,429,backpressure,false,
candidateA_saturation_hard,2026-09-13T18:53:54.537591+08:00,4,true,3.99,-1.00,429,backpressure,false,
candidateA_saturation_hard,2026-09-13T18:53:54.688172+08:00,4,true,1.46,-1.00,429,backpressure,false,
candidateA_saturation_hard,2026-09-13T18:53:54.688172+08:00,5,false,1.52,-1.00,429,backpressure,false,
candidateA_saturation_hard,2026-09-13T18:53:54.6882+08:00,12,true,1.54,-1.00,429,backpressure,false,
candidateA_saturation_hard,2026-09-13T18:53:54.688372+08:00,11,false,1.38,-1.00,429,backpressure,false,
candidateA_saturation_hard,2026-09-13T18:53:54.688718+08:00,10,false,1.05,-1.00,429,backpressure,false,
candidateA_saturation_hard,2026-09-13T18:53:54.688507+08:00,6,false,1.30,-1.00,429,backpressure,false,
candidateA_saturation_hard,2026-09-13T18:53:48.985504+08:00,9,false,5776.53,-1.00,200,,true,
candidateA_saturation_hard,2026-09-13T18:53:54.839503+08:00,5,false,1.78,-1.00,429,backpressure,false,
candidateA_saturation_hard,2026-09-13T18:53:54.839467+08:00,10,false,1.86,-1.00,429,backpressure,false,
candidateA_saturation_hard,2026-09-13T18:53:54.839517+08:00,4,false,1.86,-1.00,429,backpressure,false,
candidateA_saturation_hard,2026-09-13T18:53:54.839918+08:00,11,true,1.49,-1.00,429,backpressure,false,
candidateA_saturation_hard,2026-09-13T18:53:54.83987+08:00,6,true,1.59,-1.00,429,backpressure,false,
candidateA_saturation_hard,2026-09-13T18:53:54.839467+08:00,12,true,2.02,-1.00,429,backpressure,false,
candidateA_saturation_hard,2026-09-13T18:53:54.991115+08:00,11,true,1.61,-1.00,429,backpressure,false,
candidateA_saturation_hard,2026-09-13T18:53:54.990589+08:00,12,false,2.15,-1.00,429,backpressure,false,
candidateA_saturation_hard,2026-09-13T18:53:54.99076+08:00,10,false,2.04,-1.00,429,backpressure,false,
candidateA_saturation_hard,2026-09-13T18:53:54.990847+08:00,6,true,2.00,-1.00,429,backpressure,false,
candidateA_saturation_hard,2026-09-13T18:53:54.990637+08:00,5,false,2.23,-1.00,429,backpressure,false,
candidateA_saturation_hard,2026-09-13T18:53:54.990592+08:00,4,false,2.32,-1.00,429,backpressure,false,
candidateA_saturation_hard,2026-09-13T18:53:55.142072+08:00,10,false,1.60,-1.00,429,backpressure,false,
candidateA_saturation_hard,2026-09-13T18:53:55.141803+08:00,5,true,1.95,-1.00,429,backpressure,false,
candidateA_saturation_hard,2026-09-13T18:53:55.142422+08:00,4,false,1.39,-1.00,429,backpressure,false,
candidateA_saturation_hard,2026-09-13T18:53:55.14173+08:00,12,false,2.11,-1.00,429,backpressure,false,
candidateA_saturation_hard,2026-09-13T18:53:55.141776+08:00,11,false,2.08,-1.00,429,backpressure,false,
candidateA_saturation_hard,2026-09-13T18:53:55.14173+08:00,6,false,2.17,-1.00,429,backpressure,false,
candidateA_saturation_hard,2026-09-13T18:53:55.292483+08:00,6,true,1.84,-1.00,429,backpressure,false,
candidateA_saturation_hard,2026-09-13T18:53:55.293022+08:00,5,false,1.33,-1.00,429,backpressure,false,
candidateA_saturation_hard,2026-09-13T18:53:55.292258+08:00,12,false,2.11,-1.00,429,backpressure,false,
candidateA_saturation_hard,2026-09-13T18:53:55.293142+08:00,11,false,1.27,-1.00,429,backpressure,false,
candidateA_saturation_hard,2026-09-13T18:53:55.292578+08:00,4,true,1.94,-1.00,429,backpressure,false,
candidateA_saturation_hard,2026-09-13T18:53:55.293224+08:00,10,true,1.34,-1.00,429,backpressure,false,
candidateA_saturation_hard,2026-09-13T18:53:49.663+08:00,8,true,5761.63,5206.51,200,,true,
candidateA_saturation_hard,2026-09-13T18:53:55.44332+08:00,6,true,1.65,-1.00,429,backpressure,false,
candidateA_saturation_hard,2026-09-13T18:53:55.443393+08:00,10,false,1.62,-1.00,429,backpressure,false,
candidateA_saturation_hard,2026-09-13T18:53:55.44332+08:00,4,false,2.34,-1.00,429,backpressure,false,
candidateA_saturation_hard,2026-09-13T18:53:55.443768+08:00,5,false,1.97,-1.00,429,backpressure,false,
candidateA_saturation_hard,2026-09-13T18:53:55.443488+08:00,12,false,4.45,-1.00,429,backpressure,false,
candidateA_saturation_hard,2026-09-13T18:53:55.443606+08:00,11,false,5.06,-1.00,429,backpressure,false,
candidateA_saturation_hard,2026-09-13T18:53:55.594434+08:00,6,false,3.04,-1.00,429,backpressure,false,
candidateA_saturation_hard,2026-09-13T18:53:55.594852+08:00,11,true,2.63,-1.00,429,backpressure,false,
candidateA_saturation_hard,2026-09-13T18:53:55.594999+08:00,12,false,2.54,-1.00,429,backpressure,false,
candidateA_saturation_hard,2026-09-13T18:53:55.5945+08:00,5,false,3.07,-1.00,429,backpressure,false,
candidateA_saturation_hard,2026-09-13T18:53:55.594587+08:00,4,true,3.00,-1.00,429,backpressure,false,
candidateA_saturation_hard,2026-09-13T18:53:55.594422+08:00,10,false,3.21,-1.00,429,backpressure,false,
candidateA_saturation_hard,2026-09-13T18:53:55.748611+08:00,5,false,2.62,-1.00,429,backpressure,false,
candidateA_saturation_hard,2026-09-13T18:53:55.74871+08:00,6,true,2.56,-1.00,429,backpressure,false,
candidateA_saturation_hard,2026-09-13T18:53:55.749225+08:00,4,false,2.11,-1.00,429,backpressure,false,
candidateA_saturation_hard,2026-09-13T18:53:55.748958+08:00,12,true,2.38,-1.00,429,backpressure,false,
candidateA_saturation_hard,2026-09-13T18:53:55.749321+08:00,11,true,2.02,-1.00,429,backpressure,false,
candidateA_saturation_hard,2026-09-13T18:53:55.748936+08:00,10,true,2.41,-1.00,429,backpressure,false,
candidateA_saturation_hard,2026-09-13T18:53:55.89883+08:00,6,false,2.61,-1.00,429,backpressure,false,
candidateA_saturation_hard,2026-09-13T18:53:55.899358+08:00,10,true,2.13,-1.00,429,backpressure,false,
candidateA_saturation_hard,2026-09-13T18:53:55.898991+08:00,12,false,2.56,-1.00,429,backpressure,false,
candidateA_saturation_hard,2026-09-13T18:53:55.898854+08:00,5,false,2.77,-1.00,429,backpressure,false,
candidateA_saturation_hard,2026-09-13T18:53:55.899408+08:00,4,false,2.26,-1.00,429,backpressure,false,
candidateA_saturation_hard,2026-09-13T18:53:55.899532+08:00,11,false,2.17,-1.00,429,backpressure,false,
candidateA_saturation_hard,2026-09-13T18:53:56.050252+08:00,5,false,3.33,-1.00,429,backpressure,false,
candidateA_saturation_hard,2026-09-13T18:53:56.050663+08:00,11,true,3.05,-1.00,429,backpressure,false,
candidateA_saturation_hard,2026-09-13T18:53:56.050015+08:00,6,true,3.82,-1.00,429,backpressure,false,
candidateA_saturation_hard,2026-09-13T18:53:56.050014+08:00,12,false,3.99,-1.00,429,backpressure,false,
candidateA_saturation_hard,2026-09-13T18:53:56.051026+08:00,4,false,3.34,-1.00,429,backpressure,false,
candidateA_saturation_hard,2026-09-13T18:53:56.050056+08:00,10,true,5.04,-1.00,429,backpressure,false,
candidateA_saturation_hard,2026-09-13T18:53:50.49668+08:00,2,true,5694.72,5036.90,200,,true,
candidateA_saturation_hard,2026-09-13T18:53:56.200473+08:00,5,false,1.60,-1.00,429,backpressure,false,
candidateA_saturation_hard,2026-09-13T18:53:56.200951+08:00,12,true,1.14,-1.00,429,backpressure,false,
candidateA_saturation_hard,2026-09-13T18:53:56.200586+08:00,11,false,1.54,-1.00,429,backpressure,false,
candidateA_saturation_hard,2026-09-13T18:53:56.200801+08:00,6,false,1.35,-1.00,429,backpressure,false,
candidateA_saturation_hard,2026-09-13T18:53:56.200343+08:00,10,true,1.82,-1.00,429,backpressure,false,
candidateA_saturation_hard,2026-09-13T18:53:56.201045+08:00,4,true,1.35,-1.00,429,backpressure,false,
candidateA_saturation_hard,2026-09-13T18:53:56.351689+08:00,6,false,1.78,-1.00,429,backpressure,false,
candidateA_saturation_hard,2026-09-13T18:53:56.352243+08:00,5,false,1.76,-1.00,429,backpressure,false,
candidateA_saturation_hard,2026-09-13T18:53:56.351425+08:00,12,true,2.62,-1.00,429,backpressure,false,
candidateA_saturation_hard,2026-09-13T18:53:56.353039+08:00,4,false,1.41,-1.00,429,backpressure,false,
candidateA_saturation_hard,2026-09-13T18:53:56.35212+08:00,10,false,2.37,-1.00,429,backpressure,false,
candidateA_saturation_hard,2026-09-13T18:53:56.351801+08:00,11,false,2.69,-1.00,429,backpressure,false,
candidateA_saturation_hard,2026-09-13T18:53:56.502043+08:00,11,false,1.60,-1.00,429,backpressure,false,
candidateA_saturation_hard,2026-09-13T18:53:56.502329+08:00,10,false,1.38,-1.00,429,backpressure,false,
candidateA_saturation_hard,2026-09-13T18:53:56.502887+08:00,12,true,1.96,-1.00,429,backpressure,false,
candidateA_saturation_hard,2026-09-13T18:53:56.502487+08:00,5,false,2.41,-1.00,429,backpressure,false,
candidateA_saturation_hard,2026-09-13T18:53:56.503054+08:00,6,false,1.88,-1.00,429,backpressure,false,
candidateA_saturation_hard,2026-09-13T18:53:56.50326+08:00,4,false,1.69,-1.00,429,backpressure,false,
candidateA_saturation_hard,2026-09-13T18:53:56.653274+08:00,5,true,1.69,-1.00,429,backpressure,false,
candidateA_saturation_hard,2026-09-13T18:53:56.653205+08:00,12,true,1.76,-1.00,429,backpressure,false,
candidateA_saturation_hard,2026-09-13T18:53:56.65332+08:00,4,false,1.72,-1.00,429,backpressure,false,
candidateA_saturation_hard,2026-09-13T18:53:56.653306+08:00,10,false,1.77,-1.00,429,backpressure,false,
candidateA_saturation_hard,2026-09-13T18:53:56.653223+08:00,11,false,1.86,-1.00,429,backpressure,false,
candidateA_saturation_hard,2026-09-13T18:53:56.653293+08:00,6,false,2.12,-1.00,429,backpressure,false,
candidateA_saturation_hard,2026-09-13T18:53:56.8049+08:00,11,true,1.73,-1.00,429,backpressure,false,
candidateA_saturation_hard,2026-09-13T18:53:56.805182+08:00,10,true,1.49,-1.00,429,backpressure,false,
candidateA_saturation_hard,2026-09-13T18:53:56.804339+08:00,6,false,2.40,-1.00,429,backpressure,false,
candidateA_saturation_hard,2026-09-13T18:53:56.805018+08:00,5,false,1.77,-1.00,429,backpressure,false,
candidateA_saturation_hard,2026-09-13T18:53:56.804559+08:00,4,true,2.28,-1.00,429,backpressure,false,
candidateA_saturation_hard,2026-09-13T18:53:56.804632+08:00,12,true,2.46,-1.00,429,backpressure,false,
candidateA_saturation_hard,2026-09-13T18:53:56.95531+08:00,5,false,1.14,-1.00,429,backpressure,false,
candidateA_saturation_hard,2026-09-13T18:53:56.954891+08:00,6,false,1.61,-1.00,429,backpressure,false,
candidateA_saturation_hard,2026-09-13T18:53:56.95484+08:00,12,true,1.69,-1.00,429,backpressure,false,
candidateA_saturation_hard,2026-09-13T18:53:56.955237+08:00,10,true,1.32,-1.00,429,backpressure,false,
candidateA_saturation_hard,2026-09-13T18:53:56.954831+08:00,4,true,1.74,-1.00,429,backpressure,false,
candidateA_saturation_hard,2026-09-13T18:53:56.955+08:00,11,true,1.62,-1.00,429,backpressure,false,
candidateA_saturation_hard,2026-09-13T18:53:51.293524+08:00,13,false,5669.25,-1.00,200,,true,
candidateA_saturation_hard,2026-09-13T18:53:57.105175+08:00,12,true,1.79,-1.00,429,backpressure,false,
candidateA_saturation_hard,2026-09-13T18:53:57.105797+08:00,11,true,1.25,-1.00,429,backpressure,false,
candidateA_saturation_hard,2026-09-13T18:53:57.105901+08:00,5,false,1.24,-1.00,429,backpressure,false,
candidateA_saturation_hard,2026-09-13T18:53:57.105536+08:00,10,false,1.68,-1.00,429,backpressure,false,
candidateA_saturation_hard,2026-09-13T18:53:57.10522+08:00,6,false,2.31,-1.00,429,backpressure,false,
candidateA_saturation_hard,2026-09-13T18:53:57.105176+08:00,4,false,2.41,-1.00,429,backpressure,false,
candidateA_saturation_hard,2026-09-13T18:53:57.25571+08:00,4,false,2.65,-1.00,429,backpressure,false,
candidateA_saturation_hard,2026-09-13T18:53:57.255827+08:00,11,true,2.59,-1.00,429,backpressure,false,
candidateA_saturation_hard,2026-09-13T18:53:57.255783+08:00,12,true,2.72,-1.00,429,backpressure,false,
candidateA_saturation_hard,2026-09-13T18:53:57.256475+08:00,6,false,2.10,-1.00,429,backpressure,false,
candidateA_saturation_hard,2026-09-13T18:53:57.255721+08:00,10,false,2.91,-1.00,429,backpressure,false,
candidateA_saturation_hard,2026-09-13T18:53:57.256231+08:00,5,true,2.49,-1.00,429,backpressure,false,
candidateA_saturation_hard,2026-09-13T18:53:57.406989+08:00,11,false,1.62,-1.00,429,backpressure,false,
candidateA_saturation_hard,2026-09-13T18:53:57.406877+08:00,6,false,1.92,-1.00,429,backpressure,false,
candidateA_saturation_hard,2026-09-13T18:53:57.406811+08:00,12,false,2.01,-1.00,429,backpressure,false,
candidateA_saturation_hard,2026-09-13T18:53:57.407337+08:00,5,false,1.65,-1.00,429,backpressure,false,
candidateA_saturation_hard,2026-09-13T18:53:57.40685+08:00,10,false,2.28,-1.00,429,backpressure,false,
candidateA_saturation_hard,2026-09-13T18:53:57.406811+08:00,4,false,2.41,-1.00,429,backpressure,false,
candidateA_saturation_hard,2026-09-13T18:53:57.557926+08:00,6,true,2.47,-1.00,429,backpressure,false,
candidateA_saturation_hard,2026-09-13T18:53:57.557893+08:00,5,false,2.50,-1.00,429,backpressure,false,
candidateA_saturation_hard,2026-09-13T18:53:57.558034+08:00,10,false,2.44,-1.00,429,backpressure,false,
candidateA_saturation_hard,2026-09-13T18:53:57.557904+08:00,12,true,2.61,-1.00,429,backpressure,false,
candidateA_saturation_hard,2026-09-13T18:53:57.558419+08:00,4,true,2.11,-1.00,429,backpressure,false,
candidateA_saturation_hard,2026-09-13T18:53:57.558093+08:00,11,false,2.95,-1.00,429,backpressure,false,
candidateA_saturation_hard,2026-09-13T18:53:52.0875+08:00,7,true,5619.33,4982.06,200,,true,
candidateA_saturation_hard,2026-09-13T18:53:57.709348+08:00,10,true,1.41,-1.00,429,backpressure,false,
candidateA_saturation_hard,2026-09-13T18:53:57.709509+08:00,12,true,1.29,-1.00,429,backpressure,false,
candidateA_saturation_hard,2026-09-13T18:53:57.709211+08:00,6,false,1.66,-1.00,429,backpressure,false,
candidateA_saturation_hard,2026-09-13T18:53:57.709035+08:00,4,false,1.91,-1.00,429,backpressure,false,
candidateA_saturation_hard,2026-09-13T18:53:57.708426+08:00,11,true,2.53,-1.00,429,backpressure,false,
candidateA_saturation_hard,2026-09-13T18:53:57.708541+08:00,5,false,2.45,-1.00,429,backpressure,false,
candidateA_saturation_hard,2026-09-13T18:53:57.859068+08:00,11,false,1.99,-1.00,429,backpressure,false,
candidateA_saturation_hard,2026-09-13T18:53:57.859299+08:00,5,false,1.90,-1.00,429,backpressure,false,
candidateA_saturation_hard,2026-09-13T18:53:57.859126+08:00,4,false,2.13,-1.00,429,backpressure,false,
candidateA_saturation_hard,2026-09-13T18:53:57.859256+08:00,6,true,2.06,-1.00,429,backpressure,false,
candidateA_saturation_hard,2026-09-13T18:53:57.85953+08:00,12,false,1.82,-1.00,429,backpressure,false,
candidateA_saturation_hard,2026-09-13T18:53:57.859667+08:00,10,true,1.93,-1.00,429,backpressure,false,
candidateA_saturation_hard,2026-09-13T18:53:58.010195+08:00,11,false,1.81,-1.00,429,backpressure,false,
candidateA_saturation_hard,2026-09-13T18:53:58.010141+08:00,10,false,1.92,-1.00,429,backpressure,false,
candidateA_saturation_hard,2026-09-13T18:53:58.010129+08:00,12,false,6.86,-1.00,429,backpressure,false,
candidateA_saturation_hard,2026-09-13T18:53:58.01078+08:00,5,false,6.33,-1.00,429,backpressure,false,
candidateA_saturation_hard,2026-09-13T18:53:58.010392+08:00,4,false,6.82,-1.00,429,backpressure,false,
candidateA_saturation_hard,2026-09-13T18:53:58.010549+08:00,6,true,6.74,-1.00,429,backpressure,false,
candidateA_saturation_hard,2026-09-13T18:53:58.161157+08:00,11,true,0.58,-1.00,429,backpressure,false,
candidateA_saturation_hard,2026-09-13T18:53:58.161164+08:00,10,true,0.60,-1.00,429,backpressure,false,
candidateA_saturation_hard,2026-09-13T18:53:58.161248+08:00,12,false,0.66,-1.00,429,backpressure,false,
candidateA_saturation_hard,2026-09-13T18:53:58.161188+08:00,5,true,0.78,-1.00,429,backpressure,false,
candidateA_saturation_hard,2026-09-13T18:53:58.161237+08:00,6,false,0.78,-1.00,429,backpressure,false,
candidateA_saturation_hard,2026-09-13T18:53:58.161241+08:00,4,false,0.79,-1.00,429,backpressure,false,
candidateA_saturation_hard,2026-09-13T18:53:58.312425+08:00,11,false,9.60,-1.00,429,backpressure,false,
candidateA_saturation_hard,2026-09-13T18:53:58.315133+08:00,5,false,6.97,-1.00,429,backpressure,false,
candidateA_saturation_hard,2026-09-13T18:53:58.31237+08:00,12,true,9.75,-1.00,429,backpressure,false,
candidateA_saturation_hard,2026-09-13T18:53:58.315694+08:00,6,false,6.52,-1.00,429,backpressure,false,
candidateA_saturation_hard,2026-09-13T18:53:58.312676+08:00,10,false,9.57,-1.00,429,backpressure,false,
candidateA_saturation_hard,2026-09-13T18:53:58.312396+08:00,4,false,10.05,-1.00,429,backpressure,false,
candidateA_saturation_hard,2026-09-13T18:53:58.463227+08:00,4,false,1.59,-1.00,429,backpressure,false,
candidateA_saturation_hard,2026-09-13T18:53:58.463432+08:00,12,false,1.43,-1.00,429,backpressure,false,
candidateA_saturation_hard,2026-09-13T18:53:58.463627+08:00,11,true,1.29,-1.00,429,backpressure,false,
candidateA_saturation_hard,2026-09-13T18:53:58.46339+08:00,10,false,1.58,-1.00,429,backpressure,false,
candidateA_saturation_hard,2026-09-13T18:53:58.465242+08:00,5,false,0.54,-1.00,429,backpressure,false,
candidateA_saturation_hard,2026-09-13T18:53:58.465828+08:00,6,false,0.46,-1.00,429,backpressure,false,
candidateA_saturation_hard,2026-09-13T18:53:52.793399+08:00,3,false,5697.87,-1.00,200,,true,
candidateA_saturation_hard,2026-09-13T18:53:58.616019+08:00,4,false,2.69,-1.00,429,backpressure,false,
candidateA_saturation_hard,2026-09-13T18:53:58.615915+08:00,6,false,2.84,-1.00,429,backpressure,false,
candidateA_saturation_hard,2026-09-13T18:53:58.61576+08:00,10,true,3.09,-1.00,429,backpressure,false,
candidateA_saturation_hard,2026-09-13T18:53:58.615212+08:00,11,false,3.68,-1.00,429,backpressure,false,
candidateA_saturation_hard,2026-09-13T18:53:58.616356+08:00,12,true,2.54,-1.00,429,backpressure,false,
candidateA_saturation_hard,2026-09-13T18:53:58.615279+08:00,5,false,3.63,-1.00,429,backpressure,false,
candidateA_saturation_hard,2026-09-13T18:53:58.766555+08:00,12,true,1.45,-1.00,429,backpressure,false,
candidateA_saturation_hard,2026-09-13T18:53:58.765612+08:00,5,false,2.43,-1.00,429,backpressure,false,
candidateA_saturation_hard,2026-09-13T18:53:58.765961+08:00,6,false,2.13,-1.00,429,backpressure,false,
candidateA_saturation_hard,2026-09-13T18:53:58.766078+08:00,4,false,2.05,-1.00,429,backpressure,false,
candidateA_saturation_hard,2026-09-13T18:53:58.765799+08:00,10,true,2.36,-1.00,429,backpressure,false,
candidateA_saturation_hard,2026-09-13T18:53:58.765624+08:00,11,true,2.56,-1.00,429,backpressure,false,
candidateA_saturation_hard,2026-09-13T18:53:58.918006+08:00,6,false,3.71,-1.00,429,backpressure,false,
candidateA_saturation_hard,2026-09-13T18:53:58.919012+08:00,11,true,2.75,-1.00,429,backpressure,false,
candidateA_saturation_hard,2026-09-13T18:53:58.917937+08:00,5,true,3.88,-1.00,429,backpressure,false,
candidateA_saturation_hard,2026-09-13T18:53:58.918754+08:00,10,false,3.10,-1.00,429,backpressure,false,
candidateA_saturation_hard,2026-09-13T18:53:58.91767+08:00,12,false,4.21,-1.00,429,backpressure,false,
candidateA_saturation_hard,2026-09-13T18:53:58.91832+08:00,4,false,3.58,-1.00,429,backpressure,false,
candidateA_saturation_hard,2026-09-13T18:53:59.068132+08:00,12,true,2.10,-1.00,429,backpressure,false,
candidateA_saturation_hard,2026-09-13T18:53:59.068172+08:00,5,false,2.10,-1.00,429,backpressure,false,
candidateA_saturation_hard,2026-09-13T18:53:59.068132+08:00,6,false,2.74,-1.00,429,backpressure,false,
candidateA_saturation_hard,2026-09-13T18:53:59.069064+08:00,11,true,1.84,-1.00,429,backpressure,false,
candidateA_saturation_hard,2026-09-13T18:53:59.068871+08:00,10,true,2.07,-1.00,429,backpressure,false,
candidateA_saturation_hard,2026-09-13T18:53:59.068879+08:00,4,false,2.09,-1.00,429,backpressure,false,
candidateA_saturation_hard,2026-09-13T18:53:53.426059+08:00,1,false,5715.39,-1.00,200,,true,
candidateA_saturation_hard,2026-09-13T18:53:59.220671+08:00,4,false,0.96,-1.00,429,backpressure,false,
candidateA_saturation_hard,2026-09-13T18:53:59.22086+08:00,5,false,1.19,-1.00,429,backpressure,false,
candidateA_saturation_hard,2026-09-13T18:53:59.220477+08:00,10,true,1.62,-1.00,429,backpressure,false,
candidateA_saturation_hard,2026-09-13T18:53:59.220429+08:00,6,true,1.71,-1.00,429,backpressure,false,
candidateA_saturation_hard,2026-09-13T18:53:59.220243+08:00,11,false,1.91,-1.00,429,backpressure,false,
candidateA_saturation_hard,2026-09-13T18:53:59.22088+08:00,12,false,1.30,-1.00,429,backpressure,false,
candidateA_saturation_hard,2026-09-13T18:53:59.372772+08:00,10,true,1.33,-1.00,429,backpressure,false,
candidateA_saturation_hard,2026-09-13T18:53:59.37266+08:00,6,false,1.51,-1.00,429,backpressure,false,
candidateA_saturation_hard,2026-09-13T18:53:59.37175+08:00,4,true,2.47,-1.00,429,backpressure,false,
candidateA_saturation_hard,2026-09-13T18:53:59.372873+08:00,5,false,1.37,-1.00,429,backpressure,false,
candidateA_saturation_hard,2026-09-13T18:53:59.371444+08:00,11,true,2.81,-1.00,429,backpressure,false,
candidateA_saturation_hard,2026-09-13T18:53:59.372337+08:00,12,true,1.96,-1.00,429,backpressure,false,
candidateA_saturation_hard,2026-09-13T18:53:59.523087+08:00,4,false,1.56,-1.00,429,backpressure,false,
candidateA_saturation_hard,2026-09-13T18:53:59.522904+08:00,11,false,1.91,-1.00,429,backpressure,false,
candidateA_saturation_hard,2026-09-13T18:53:59.522818+08:00,10,false,2.07,-1.00,429,backpressure,false,
candidateA_saturation_hard,2026-09-13T18:53:59.523187+08:00,5,true,1.76,-1.00,429,backpressure,false,
candidateA_saturation_hard,2026-09-13T18:53:59.522665+08:00,12,true,2.32,-1.00,429,backpressure,false,
candidateA_saturation_hard,2026-09-13T18:53:59.522774+08:00,6,false,2.26,-1.00,429,backpressure,false,
candidateA_saturation_hard,2026-09-13T18:53:59.67492+08:00,11,true,1.46,-1.00,429,backpressure,false,
candidateA_saturation_hard,2026-09-13T18:53:59.674783+08:00,10,false,1.71,-1.00,429,backpressure,false,
candidateA_saturation_hard,2026-09-13T18:53:59.675149+08:00,4,true,1.55,-1.00,429,backpressure,false,
candidateA_saturation_hard,2026-09-13T18:53:59.674756+08:00,5,true,2.02,-1.00,429,backpressure,false,
candidateA_saturation_hard,2026-09-13T18:53:59.674818+08:00,12,false,2.01,-1.00,429,backpressure,false,
candidateA_saturation_hard,2026-09-13T18:53:59.674982+08:00,6,true,2.23,-1.00,429,backpressure,false,
candidateA_saturation_hard,2026-09-13T18:53:59.826806+08:00,4,true,1.63,-1.00,429,backpressure,false,
candidateA_saturation_hard,2026-09-13T18:53:59.827005+08:00,10,true,1.57,-1.00,429,backpressure,false,
candidateA_saturation_hard,2026-09-13T18:53:59.826928+08:00,6,false,1.74,-1.00,429,backpressure,false,
candidateA_saturation_hard,2026-09-13T18:53:59.826791+08:00,11,true,1.93,-1.00,429,backpressure,false,
candidateA_saturation_hard,2026-09-13T18:53:59.827282+08:00,12,false,2.11,-1.00,429,backpressure,false,
candidateA_saturation_hard,2026-09-13T18:53:59.826831+08:00,5,false,2.62,-1.00,429,backpressure,false,
candidateA_saturation_hard,2026-09-13T18:53:54.105885+08:00,0,true,5737.26,5143.78,200,,true,
candidateA_saturation_hard,2026-09-13T18:53:59.979302+08:00,10,true,1.93,-1.00,429,backpressure,false,
candidateA_saturation_hard,2026-09-13T18:53:59.979459+08:00,4,true,1.78,-1.00,429,backpressure,false,
candidateA_saturation_hard,2026-09-13T18:53:59.978922+08:00,11,false,2.37,-1.00,429,backpressure,false,
candidateA_saturation_hard,2026-09-13T18:53:59.97898+08:00,5,false,2.33,-1.00,429,backpressure,false,
candidateA_saturation_hard,2026-09-13T18:53:59.979083+08:00,6,true,2.24,-1.00,429,backpressure,false,
candidateA_saturation_hard,2026-09-13T18:53:59.978911+08:00,12,true,2.45,-1.00,429,backpressure,false,
candidateA_saturation_hard,2026-09-13T18:54:00.129022+08:00,5,true,1.52,-1.00,429,backpressure,false,
candidateA_saturation_hard,2026-09-13T18:54:00.129031+08:00,11,true,1.51,-1.00,429,backpressure,false,
candidateA_saturation_hard,2026-09-13T18:54:00.128966+08:00,12,false,1.62,-1.00,429,backpressure,false,
candidateA_saturation_hard,2026-09-13T18:54:00.129218+08:00,6,true,1.39,-1.00,429,backpressure,false,
candidateA_saturation_hard,2026-09-13T18:54:00.129331+08:00,10,false,1.31,-1.00,429,backpressure,false,
candidateA_saturation_hard,2026-09-13T18:54:00.129692+08:00,4,false,0.97,-1.00,429,backpressure,false,
candidateA_saturation_hard,2026-09-13T18:54:00.282447+08:00,6,false,1.01,-1.00,429,backpressure,false,
candidateA_saturation_hard,2026-09-13T18:54:00.28238+08:00,5,false,1.08,-1.00,429,backpressure,false,
candidateA_saturation_hard,2026-09-13T18:54:00.280519+08:00,10,false,3.00,-1.00,429,backpressure,false,
candidateA_saturation_hard,2026-09-13T18:54:00.282051+08:00,11,true,1.48,-1.00,429,backpressure,false,
candidateA_saturation_hard,2026-09-13T18:54:00.282013+08:00,12,true,1.57,-1.00,429,backpressure,false,
candidateA_saturation_hard,2026-09-13T18:54:00.282308+08:00,4,false,1.31,-1.00,429,backpressure,false,
candidateA_saturation_hard,2026-09-13T18:54:00.430774+08:00,10,false,0.78,-1.00,429,backpressure,false,
candidateA_saturation_hard,2026-09-13T18:54:00.432191+08:00,12,true,0.47,-1.00,429,backpressure,false,
candidateA_saturation_hard,2026-09-13T18:54:00.432163+08:00,11,false,0.60,-1.00,429,backpressure,false,
candidateA_saturation_hard,2026-09-13T18:54:00.432977+08:00,5,true,0.72,-1.00,429,backpressure,false,
candidateA_saturation_hard,2026-09-13T18:54:00.432787+08:00,6,false,0.94,-1.00,429,backpressure,false,
candidateA_saturation_hard,2026-09-13T18:54:00.43238+08:00,4,false,1.40,-1.00,429,backpressure,false,
candidateA_saturation_hard,2026-09-13T18:54:00.582855+08:00,4,true,2.73,-1.00,429,backpressure,false,
candidateA_saturation_hard,2026-09-13T18:54:00.582857+08:00,10,true,2.78,-1.00,429,backpressure,false,
candidateA_saturation_hard,2026-09-13T18:54:00.583297+08:00,5,false,2.41,-1.00,429,backpressure,false,
candidateA_saturation_hard,2026-09-13T18:54:00.58296+08:00,12,false,2.81,-1.00,429,backpressure,false,
candidateA_saturation_hard,2026-09-13T18:54:00.58338+08:00,6,true,2.45,-1.00,429,backpressure,false,
candidateA_saturation_hard,2026-09-13T18:54:00.583145+08:00,11,false,3.84,-1.00,429,backpressure,false,
candidateA_saturation_hard,2026-09-13T18:53:54.762274+08:00,9,false,5869.51,-1.00,200,,true,
candidateA_saturation_hard,2026-09-13T18:54:00.734928+08:00,6,false,1.98,-1.00,429,backpressure,false,
candidateA_saturation_hard,2026-09-13T18:54:00.735353+08:00,4,true,1.59,-1.00,429,backpressure,false,
candidateA_saturation_hard,2026-09-13T18:54:00.735001+08:00,12,false,1.99,-1.00,429,backpressure,false,
candidateA_saturation_hard,2026-09-13T18:54:00.734928+08:00,11,false,2.08,-1.00,429,backpressure,false,
candidateA_saturation_hard,2026-09-13T18:54:00.735406+08:00,10,false,1.67,-1.00,429,backpressure,false,
candidateA_saturation_hard,2026-09-13T18:54:00.735089+08:00,5,true,2.02,-1.00,429,backpressure,false,
candidateA_saturation_hard,2026-09-13T18:54:00.887591+08:00,5,false,2.26,-1.00,429,backpressure,false,
candidateA_saturation_hard,2026-09-13T18:54:00.888101+08:00,12,true,1.80,-1.00,429,backpressure,false,
candidateA_saturation_hard,2026-09-13T18:54:00.887268+08:00,6,false,2.69,-1.00,429,backpressure,false,
candidateA_saturation_hard,2026-09-13T18:54:00.887331+08:00,11,false,2.65,-1.00,429,backpressure,false,
candidateA_saturation_hard,2026-09-13T18:54:00.888005+08:00,4,false,2.01,-1.00,429,backpressure,false,
candidateA_saturation_hard,2026-09-13T18:54:00.887037+08:00,10,true,4.57,-1.00,429,backpressure,false,
candidateA_saturation_hard,2026-09-13T18:54:01.037856+08:00,5,true,2.30,-1.00,429,backpressure,false,
candidateA_saturation_hard,2026-09-13T18:54:01.038027+08:00,4,false,2.13,-1.00,429,backpressure,false,
candidateA_saturation_hard,2026-09-13T18:54:01.037597+08:00,6,true,2.62,-1.00,429,backpressure,false,
candidateA_saturation_hard,2026-09-13T18:54:01.038159+08:00,12,true,2.08,-1.00,429,backpressure,false,
candidateA_saturation_hard,2026-09-13T18:54:01.037315+08:00,10,true,2.97,-1.00,429,backpressure,false,
candidateA_saturation_hard,2026-09-13T18:54:01.03738+08:00,11,false,2.87,-1.00,429,backpressure,false,
candidateA_saturation_hard,2026-09-13T18:54:01.18828+08:00,12,true,1.23,-1.00,429,backpressure,false,
candidateA_saturation_hard,2026-09-13T18:54:01.188287+08:00,10,false,1.26,-1.00,429,backpressure,false,
candidateA_saturation_hard,2026-09-13T18:54:01.188521+08:00,11,false,1.57,-1.00,429,backpressure,false,
candidateA_saturation_hard,2026-09-13T18:54:01.188811+08:00,6,true,1.34,-1.00,429,backpressure,false,
candidateA_saturation_hard,2026-09-13T18:54:01.189001+08:00,5,false,1.17,-1.00,429,backpressure,false,
candidateA_saturation_hard,2026-09-13T18:54:01.188502+08:00,4,true,1.72,-1.00,429,backpressure,false,
candidateA_saturation_hard,2026-09-13T18:53:55.424843+08:00,8,false,5817.21,-1.00,200,,true,
candidateA_saturation_hard,2026-09-13T18:54:01.339277+08:00,5,false,1.93,-1.00,429,backpressure,false,
candidateA_saturation_hard,2026-09-13T18:54:01.339657+08:00,11,false,1.56,-1.00,429,backpressure,false,
candidateA_saturation_hard,2026-09-13T18:54:01.33954+08:00,4,true,1.71,-1.00,429,backpressure,false,
candidateA_saturation_hard,2026-09-13T18:54:01.339086+08:00,10,false,2.31,-1.00,429,backpressure,false,
candidateA_saturation_hard,2026-09-13T18:54:01.339093+08:00,12,false,2.32,-1.00,429,backpressure,false,
candidateA_saturation_hard,2026-09-13T18:54:01.339709+08:00,6,true,2.14,-1.00,429,backpressure,false,
candidateA_saturation_hard,2026-09-13T18:54:01.489319+08:00,5,true,1.85,-1.00,429,backpressure,false,
candidateA_saturation_hard,2026-09-13T18:54:01.489699+08:00,11,true,1.52,-1.00,429,backpressure,false,
candidateA_saturation_hard,2026-09-13T18:54:01.489782+08:00,6,true,1.45,-1.00,429,backpressure,false,
candidateA_saturation_hard,2026-09-13T18:54:01.489556+08:00,4,false,1.68,-1.00,429,backpressure,false,
candidateA_saturation_hard,2026-09-13T18:54:01.489456+08:00,12,false,1.79,-1.00,429,backpressure,false,
candidateA_saturation_hard,2026-09-13T18:54:01.489284+08:00,10,true,1.97,-1.00,429,backpressure,false,
candidateA_saturation_hard,2026-09-13T18:54:01.642002+08:00,4,false,1.15,-1.00,429,backpressure,false,
candidateA_saturation_hard,2026-09-13T18:54:01.641751+08:00,11,false,1.59,-1.00,429,backpressure,false,
candidateA_saturation_hard,2026-09-13T18:54:01.641881+08:00,12,false,1.54,-1.00,429,backpressure,false,
candidateA_saturation_hard,2026-09-13T18:54:01.642638+08:00,10,false,1.43,-1.00,429,backpressure,false,
candidateA_saturation_hard,2026-09-13T18:54:01.642785+08:00,5,true,1.34,-1.00,429,backpressure,false,
candidateA_saturation_hard,2026-09-13T18:54:01.642505+08:00,6,false,1.82,-1.00,429,backpressure,false,
candidateA_saturation_hard,2026-09-13T18:54:01.794062+08:00,4,false,1.18,-1.00,429,backpressure,false,
candidateA_saturation_hard,2026-09-13T18:54:01.794186+08:00,11,false,1.12,-1.00,429,backpressure,false,
candidateA_saturation_hard,2026-09-13T18:54:01.794261+08:00,12,true,1.11,-1.00,429,backpressure,false,
candidateA_saturation_hard,2026-09-13T18:54:01.793876+08:00,10,false,1.57,-1.00,429,backpressure,false,
candidateA_saturation_hard,2026-09-13T18:54:01.793819+08:00,5,true,1.69,-1.00,429,backpressure,false,
candidateA_saturation_hard,2026-09-13T18:54:01.793831+08:00,6,true,1.79,-1.00,429,backpressure,false,
candidateA_saturation_hard,2026-09-13T18:54:01.946371+08:00,12,false,3.46,-1.00,429,backpressure,false,
candidateA_saturation_hard,2026-09-13T18:54:01.948592+08:00,6,true,1.28,-1.00,429,backpressure,false,
candidateA_saturation_hard,2026-09-13T18:54:01.948459+08:00,5,false,1.51,-1.00,429,backpressure,false,
candidateA_saturation_hard,2026-09-13T18:54:01.948062+08:00,4,false,1.99,-1.00,429,backpressure,false,
candidateA_saturation_hard,2026-09-13T18:54:01.948149+08:00,11,false,1.98,-1.00,429,backpressure,false,
candidateA_saturation_hard,2026-09-13T18:54:01.945926+08:00,10,false,4.86,-1.00,429,backpressure,false,
candidateA_saturation_hard,2026-09-13T18:53:56.191605+08:00,2,false,5817.38,-1.00,200,,true,
candidateA_saturation_hard,2026-09-13T18:54:02.097963+08:00,10,false,1.68,-1.00,429,backpressure,false,
candidateA_saturation_hard,2026-09-13T18:54:02.098514+08:00,5,false,1.19,-1.00,429,backpressure,false,
candidateA_saturation_hard,2026-09-13T18:54:02.097968+08:00,12,false,1.86,-1.00,429,backpressure,false,
candidateA_saturation_hard,2026-09-13T18:54:02.098252+08:00,4,true,1.59,-1.00,429,backpressure,false,
candidateA_saturation_hard,2026-09-13T18:54:02.09819+08:00,11,false,1.68,-1.00,429,backpressure,false,
candidateA_saturation_hard,2026-09-13T18:54:02.098587+08:00,6,false,1.29,-1.00,429,backpressure,false,
candidateA_saturation_hard,2026-09-13T18:54:02.250052+08:00,6,true,5.89,-1.00,429,backpressure,false,
candidateA_saturation_hard,2026-09-13T18:54:02.250807+08:00,10,false,5.18,-1.00,429,backpressure,false,
candidateA_saturation_hard,2026-09-13T18:54:02.250277+08:00,5,true,5.74,-1.00,429,backpressure,false,
candidateA_saturation_hard,2026-09-13T18:54:02.250979+08:00,12,true,5.08,-1.00,429,backpressure,false,
candidateA_saturation_hard,2026-09-13T18:54:02.250043+08:00,4,true,5.90,-1.00,429,backpressure,false,
candidateA_saturation_hard,2026-09-13T18:54:02.250221+08:00,11,true,6.28,-1.00,429,backpressure,false,
candidateA_saturation_hard,2026-09-13T18:54:02.402082+08:00,5,true,1.59,-1.00,429,backpressure,false,
candidateA_saturation_hard,2026-09-13T18:54:02.401808+08:00,11,false,1.90,-1.00,429,backpressure,false,
candidateA_saturation_hard,2026-09-13T18:54:02.402526+08:00,10,false,1.23,-1.00,429,backpressure,false,
candidateA_saturation_hard,2026-09-13T18:54:02.401365+08:00,12,true,2.44,-1.00,429,backpressure,false,
candidateA_saturation_hard,2026-09-13T18:54:02.401751+08:00,6,false,2.09,-1.00,429,backpressure,false,
candidateA_saturation_hard,2026-09-13T18:54:02.402351+08:00,4,true,1.52,-1.00,429,backpressure,false,
candidateA_saturation_hard,2026-09-13T18:54:02.554088+08:00,6,false,1.06,-1.00,429,backpressure,false,
candidateA_saturation_hard,2026-09-13T18:54:02.553802+08:00,12,false,1.41,-1.00,429,backpressure,false,
candidateA_saturation_hard,2026-09-13T18:54:02.553485+08:00,10,false,1.78,-1.00,429,backpressure,false,
candidateA_saturation_hard,2026-09-13T18:54:02.553525+08:00,11,true,2.18,-1.00,429,backpressure,false,
candidateA_saturation_hard,2026-09-13T18:54:02.553734+08:00,5,false,2.01,-1.00,429,backpressure,false,
candidateA_saturation_hard,2026-09-13T18:54:02.55441+08:00,4,false,1.35,-1.00,429,backpressure,false,
candidateA_saturation_hard,2026-09-13T18:54:02.704289+08:00,5,true,2.16,-1.00,429,backpressure,false,
candidateA_saturation_hard,2026-09-13T18:54:02.70436+08:00,10,false,2.14,-1.00,429,backpressure,false,
candidateA_saturation_hard,2026-09-13T18:54:02.704864+08:00,4,false,1.70,-1.00,429,backpressure,false,
candidateA_saturation_hard,2026-09-13T18:54:02.704124+08:00,12,true,2.53,-1.00,429,backpressure,false,
candidateA_saturation_hard,2026-09-13T18:54:02.704139+08:00,11,true,2.54,-1.00,429,backpressure,false,
candidateA_saturation_hard,2026-09-13T18:54:02.704179+08:00,6,true,2.53,-1.00,429,backpressure,false,
candidateA_saturation_hard,2026-09-13T18:54:02.856133+08:00,5,false,1.27,-1.00,429,backpressure,false,
candidateA_saturation_hard,2026-09-13T18:54:02.855891+08:00,11,false,1.58,-1.00,429,backpressure,false,
candidateA_saturation_hard,2026-09-13T18:54:02.856086+08:00,4,true,1.42,-1.00,429,backpressure,false,
candidateA_saturation_hard,2026-09-13T18:54:02.856469+08:00,12,true,1.15,-1.00,429,backpressure,false,
candidateA_saturation_hard,2026-09-13T18:54:02.856384+08:00,10,false,1.27,-1.00,429,backpressure,false,
candidateA_saturation_hard,2026-09-13T18:54:02.856119+08:00,6,false,1.70,-1.00,429,backpressure,false,
candidateA_saturation_hard,2026-09-13T18:53:56.962988+08:00,13,false,5901.99,-1.00,200,,true,
candidateA_saturation_hard,2026-09-13T18:54:03.008563+08:00,6,true,1.59,-1.00,429,backpressure,false,
candidateA_saturation_hard,2026-09-13T18:54:03.008+08:00,12,true,2.20,-1.00,429,backpressure,false,
candidateA_saturation_hard,2026-09-13T18:54:03.008209+08:00,11,false,2.05,-1.00,429,backpressure,false,
candidateA_saturation_hard,2026-09-13T18:54:03.008011+08:00,4,false,2.29,-1.00,429,backpressure,false,
candidateA_saturation_hard,2026-09-13T18:54:03.008384+08:00,10,false,1.96,-1.00,429,backpressure,false,
candidateA_saturation_hard,2026-09-13T18:54:03.008052+08:00,5,true,2.34,-1.00,429,backpressure,false,
candidateA_saturation_hard,2026-09-13T18:54:03.15823+08:00,4,false,2.27,-1.00,429,backpressure,false,
candidateA_saturation_hard,2026-09-13T18:54:03.158734+08:00,6,true,1.79,-1.00,429,backpressure,false,
candidateA_saturation_hard,2026-09-13T18:54:03.158465+08:00,5,true,2.12,-1.00,429,backpressure,false,
candidateA_saturation_hard,2026-09-13T18:54:03.158313+08:00,11,false,2.31,-1.00,429,backpressure,false,
candidateA_saturation_hard,2026-09-13T18:54:03.158237+08:00,12,false,2.40,-1.00,429,backpressure,false,
candidateA_saturation_hard,2026-09-13T18:54:03.158848+08:00,10,false,1.83,-1.00,429,backpressure,false,
candidateA_saturation_hard,2026-09-13T18:54:03.308499+08:00,4,true,2.00,-1.00,429,backpressure,false,
candidateA_saturation_hard,2026-09-13T18:54:03.308875+08:00,6,false,1.69,-1.00,429,backpressure,false,
candidateA_saturation_hard,2026-09-13T18:54:03.30863+08:00,5,false,1.98,-1.00,429,backpressure,false,
candidateA_saturation_hard,2026-09-13T18:54:03.309128+08:00,10,false,1.51,-1.00,429,backpressure,false,
candidateA_saturation_hard,2026-09-13T18:54:03.308396+08:00,11,false,2.27,-1.00,429,backpressure,false,
candidateA_saturation_hard,2026-09-13T18:54:03.30833+08:00,12,true,2.39,-1.00,429,backpressure,false,
candidateA_saturation_hard,2026-09-13T18:54:03.46053+08:00,6,false,2.06,-1.00,429,backpressure,false,
candidateA_saturation_hard,2026-09-13T18:54:03.460931+08:00,5,false,1.86,-1.00,429,backpressure,false,
candidateA_saturation_hard,2026-09-13T18:54:03.461189+08:00,10,false,1.68,-1.00,429,backpressure,false,
candidateA_saturation_hard,2026-09-13T18:54:03.460777+08:00,11,true,2.15,-1.00,429,backpressure,false,
candidateA_saturation_hard,2026-09-13T18:54:03.460542+08:00,4,false,2.42,-1.00,429,backpressure,false,
candidateA_saturation_hard,2026-09-13T18:54:03.46065+08:00,12,true,2.35,-1.00,429,backpressure,false,
candidateA_saturation_hard,2026-09-13T18:53:57.707039+08:00,7,false,5857.91,-1.00,200,,true,
candidateA_saturation_hard,2026-09-13T18:54:03.61484+08:00,10,false,2.21,-1.00,429,backpressure,false,
candidateA_saturation_hard,2026-09-13T18:54:03.612665+08:00,12,false,5.17,-1.00,429,backpressure,false,
candidateA_saturation_hard,2026-09-13T18:54:03.614811+08:00,6,false,3.06,-1.00,429,backpressure,false,
candidateA_saturation_hard,2026-09-13T18:54:03.615344+08:00,5,true,2.69,-1.00,429,backpressure,false,
candidateA_saturation_hard,2026-09-13T18:54:03.61526+08:00,11,false,2.91,-1.00,429,backpressure,false,
candidateA_saturation_hard,2026-09-13T18:54:03.615127+08:00,4,true,3.06,-1.00,429,backpressure,false,
candidateA_saturation_hard,2026-09-13T18:54:03.764659+08:00,12,true,1.33,-1.00,429,backpressure,false,
candidateA_saturation_hard,2026-09-13T18:54:03.764659+08:00,10,false,1.60,-1.00,429,backpressure,false,
candidateA_saturation_hard,2026-09-13T18:54:03.766304+08:00,5,false,2.12,-1.00,429,backpressure,false,
candidateA_saturation_hard,2026-09-13T18:54:03.765146+08:00,4,false,3.30,-1.00,429,backpressure,false,
candidateA_saturation_hard,2026-09-13T18:54:03.765356+08:00,11,true,3.29,-1.00,429,backpressure,false,
candidateA_saturation_hard,2026-09-13T18:54:03.764847+08:00,6,true,3.82,-1.00,429,backpressure,false,
candidateA_saturation_hard,2026-09-13T18:54:03.916031+08:00,11,false,4.42,-1.00,429,backpressure,false,
candidateA_saturation_hard,2026-09-13T18:54:03.916753+08:00,6,true,3.73,-1.00,429,backpressure,false,
candidateA_saturation_hard,2026-09-13T18:54:03.919173+08:00,5,true,2.21,-1.00,429,backpressure,false,
candidateA_saturation_hard,2026-09-13T18:54:03.919602+08:00,10,true,1.83,-1.00,429,backpressure,false,
candidateA_saturation_hard,2026-09-13T18:54:03.919476+08:00,12,false,1.96,-1.00,429,backpressure,false,
candidateA_saturation_hard,2026-09-13T18:54:03.916874+08:00,4,true,4.61,-1.00,429,backpressure,false,
candidateA_saturation_hard,2026-09-13T18:54:04.066578+08:00,11,false,0.99,-1.00,429,backpressure,false,
candidateA_saturation_hard,2026-09-13T18:54:04.067021+08:00,6,true,0.59,-1.00,429,backpressure,false,
candidateA_saturation_hard,2026-09-13T18:54:04.0671+08:00,4,false,0.71,-1.00,429,backpressure,false,
candidateA_saturation_hard,2026-09-13T18:54:04.06962+08:00,5,true,0.48,-1.00,429,backpressure,false,
candidateA_saturation_hard,2026-09-13T18:54:04.069545+08:00,12,false,0.79,-1.00,429,backpressure,false,
candidateA_saturation_hard,2026-09-13T18:54:04.069722+08:00,10,false,0.80,-1.00,429,backpressure,false,
candidateA_saturation_hard,2026-09-13T18:54:04.220074+08:00,5,false,1.51,-1.00,429,backpressure,false,
candidateA_saturation_hard,2026-09-13T18:54:04.219631+08:00,4,false,2.01,-1.00,429,backpressure,false,
candidateA_saturation_hard,2026-09-13T18:54:04.219107+08:00,6,true,2.59,-1.00,429,backpressure,false,
candidateA_saturation_hard,2026-09-13T18:54:04.219674+08:00,12,false,2.05,-1.00,429,backpressure,false,
candidateA_saturation_hard,2026-09-13T18:54:04.220249+08:00,10,false,1.48,-1.00,429,backpressure,false,
candidateA_saturation_hard,2026-09-13T18:54:04.219421+08:00,11,false,2.51,-1.00,429,backpressure,false,
candidateA_saturation_hard,2026-09-13T18:53:58.491474+08:00,3,true,5867.18,5180.19,200,,true,
candidateA_saturation_hard,2026-09-13T18:54:04.371596+08:00,5,false,1.11,-1.00,429,backpressure,false,
candidateA_saturation_hard,2026-09-13T18:54:04.37135+08:00,12,false,1.40,-1.00,429,backpressure,false,
candidateA_saturation_hard,2026-09-13T18:54:04.371543+08:00,4,false,2.43,-1.00,429,backpressure,false,
candidateA_saturation_hard,2026-09-13T18:54:04.371752+08:00,11,true,2.29,-1.00,429,backpressure,false,
candidateA_saturation_hard,2026-09-13T18:54:04.371396+08:00,10,true,2.70,-1.00,429,backpressure,false,
candidateA_saturation_hard,2026-09-13T18:54:04.37168+08:00,6,false,2.47,-1.00,429,backpressure,false,
candidateA_saturation_hard,2026-09-13T18:54:04.52286+08:00,5,false,1.37,-1.00,429,backpressure,false,
candidateA_saturation_hard,2026-09-13T18:54:04.522916+08:00,10,true,1.37,-1.00,429,backpressure,false,
candidateA_saturation_hard,2026-09-13T18:54:04.522738+08:00,12,true,1.58,-1.00,429,backpressure,false,
candidateA_saturation_hard,2026-09-13T18:54:04.522718+08:00,11,false,1.62,-1.00,429,backpressure,false,
candidateA_saturation_hard,2026-09-13T18:54:04.523072+08:00,6,true,1.29,-1.00,429,backpressure,false,
candidateA_saturation_hard,2026-09-13T18:54:04.522705+08:00,4,false,1.69,-1.00,429,backpressure,false,
candidateA_saturation_hard,2026-09-13T18:54:04.673295+08:00,12,false,1.14,-1.00,429,backpressure,false,
candidateA_saturation_hard,2026-09-13T18:54:04.672983+08:00,5,false,1.56,-1.00,429,backpressure,false,
candidateA_saturation_hard,2026-09-13T18:54:04.673381+08:00,10,false,1.78,-1.00,429,backpressure,false,
candidateA_saturation_hard,2026-09-13T18:54:04.673868+08:00,11,true,1.35,-1.00,429,backpressure,false,
candidateA_saturation_hard,2026-09-13T18:54:04.673334+08:00,6,false,1.97,-1.00,429,backpressure,false,
candidateA_saturation_hard,2026-09-13T18:54:04.673702+08:00,4,false,1.79,-1.00,429,backpressure,false,
candidateA_saturation_hard,2026-09-13T18:54:04.824915+08:00,11,false,0.60,-1.00,429,backpressure,false,
candidateA_saturation_hard,2026-09-13T18:54:04.824902+08:00,4,true,0.72,-1.00,429,backpressure,false,
candidateA_saturation_hard,2026-09-13T18:54:04.824976+08:00,10,false,0.80,-1.00,429,backpressure,false,
candidateA_saturation_hard,2026-09-13T18:54:04.825006+08:00,12,true,0.80,-1.00,429,backpressure,false,
candidateA_saturation_hard,2026-09-13T18:54:04.824945+08:00,6,true,1.00,-1.00,429,backpressure,false,
candidateA_saturation_hard,2026-09-13T18:54:04.825037+08:00,5,false,0.98,-1.00,429,backpressure,false,
candidateA_saturation_hard,2026-09-13T18:54:04.975342+08:00,12,true,2.14,-1.00,429,backpressure,false,
candidateA_saturation_hard,2026-09-13T18:54:04.975545+08:00,11,true,2.00,-1.00,429,backpressure,false,
candidateA_saturation_hard,2026-09-13T18:54:04.975513+08:00,10,true,2.09,-1.00,429,backpressure,false,
candidateA_saturation_hard,2026-09-13T18:54:04.97534+08:00,5,true,2.29,-1.00,429,backpressure,false,
candidateA_saturation_hard,2026-09-13T18:54:04.975376+08:00,4,true,2.29,-1.00,429,backpressure,false,
candidateA_saturation_hard,2026-09-13T18:54:04.975916+08:00,6,false,1.80,-1.00,429,backpressure,false,
candidateA_saturation_hard,2026-09-13T18:53:59.141675+08:00,1,true,5868.88,5326.59,200,,true,
candidateA_saturation_hard,2026-09-13T18:54:05.127493+08:00,12,false,1.31,-1.00,429,backpressure,false,
candidateA_saturation_hard,2026-09-13T18:54:05.12763+08:00,5,false,1.22,-1.00,429,backpressure,false,
candidateA_saturation_hard,2026-09-13T18:54:05.127425+08:00,10,true,1.52,-1.00,429,backpressure,false,
candidateA_saturation_hard,2026-09-13T18:54:05.127266+08:00,4,false,1.71,-1.00,429,backpressure,false,
candidateA_saturation_hard,2026-09-13T18:54:05.127235+08:00,11,true,1.81,-1.00,429,backpressure,false,
candidateA_saturation_hard,2026-09-13T18:54:05.127567+08:00,6,false,1.51,-1.00,429,backpressure,false,
candidateA_saturation_hard,2026-09-13T18:54:05.278298+08:00,12,true,6.00,-1.00,429,backpressure,false,
candidateA_saturation_hard,2026-09-13T18:54:05.278258+08:00,4,true,6.05,-1.00,429,backpressure,false,
candidateA_saturation_hard,2026-09-13T18:54:05.278767+08:00,11,false,5.56,-1.00,429,backpressure,false,
candidateA_saturation_hard,2026-09-13T18:54:05.278502+08:00,6,false,5.98,-1.00,429,backpressure,false,
candidateA_saturation_hard,2026-09-13T18:54:05.27825+08:00,5,true,6.26,-1.00,429,backpressure,false,
candidateA_saturation_hard,2026-09-13T18:54:05.278654+08:00,10,false,5.86,-1.00,429,backpressure,false,
candidateA_saturation_hard,2026-09-13T18:54:05.430059+08:00,5,true,2.45,-1.00,429,backpressure,false,
candidateA_saturation_hard,2026-09-13T18:54:05.429783+08:00,6,false,2.73,-1.00,429,backpressure,false,
candidateA_saturation_hard,2026-09-13T18:54:05.429543+08:00,10,false,3.02,-1.00,429,backpressure,false,
candidateA_saturation_hard,2026-09-13T18:54:05.429529+08:00,11,true,3.05,-1.00,429,backpressure,false,
candidateA_saturation_hard,2026-09-13T18:54:05.429578+08:00,4,false,3.03,-1.00,429,backpressure,false,
candidateA_saturation_hard,2026-09-13T18:54:05.429952+08:00,12,false,2.68,-1.00,429,backpressure,false,
candidateA_saturation_hard,2026-09-13T18:54:05.582119+08:00,5,false,3.25,-1.00,429,backpressure,false,
candidateA_saturation_hard,2026-09-13T18:54:05.583001+08:00,10,false,2.85,-1.00,429,backpressure,false,
candidateA_saturation_hard,2026-09-13T18:54:05.583162+08:00,4,false,3.41,-1.00,429,backpressure,false,
candidateA_saturation_hard,2026-09-13T18:54:05.583559+08:00,12,true,3.05,-1.00,429,backpressure,false,
candidateA_saturation_hard,2026-09-13T18:54:05.586617+08:00,11,false,0.26,-1.00,429,backpressure,false,
candidateA_saturation_hard,2026-09-13T18:54:05.586499+08:00,6,false,0.45,-1.00,429,backpressure,false,
candidateA_saturation_hard,2026-09-13T18:54:05.733659+08:00,5,false,1.27,-1.00,429,backpressure,false,
candidateA_saturation_hard,2026-09-13T18:54:05.733394+08:00,4,false,1.59,-1.00,429,backpressure,false,
candidateA_saturation_hard,2026-09-13T18:54:05.733853+08:00,10,false,1.40,-1.00,429,backpressure,false,
candidateA_saturation_hard,2026-09-13T18:54:05.733931+08:00,12,false,1.51,-1.00,429,backpressure,false,
candidateA_saturation_hard,2026-09-13T18:54:05.736107+08:00,11,false,0.47,-1.00,429,backpressure,false,
candidateA_saturation_hard,2026-09-13T18:54:05.736142+08:00,6,true,0.53,-1.00,429,backpressure,false,
candidateA_saturation_hard,2026-09-13T18:53:59.843359+08:00,0,true,5911.25,5274.26,200,,true,
candidateA_saturation_hard,2026-09-13T18:54:05.884525+08:00,12,false,3.42,-1.00,429,backpressure,false,
candidateA_saturation_hard,2026-09-13T18:54:05.885432+08:00,10,false,2.77,-1.00,429,backpressure,false,
candidateA_saturation_hard,2026-09-13T18:54:05.885102+08:00,5,false,3.18,-1.00,429,backpressure,false,
candidateA_saturation_hard,2026-09-13T18:54:05.884761+08:00,4,false,3.80,-1.00,429,backpressure,false,
candidateA_saturation_hard,2026-09-13T18:54:05.886723+08:00,6,false,1.90,-1.00,429,backpressure,false,
candidateA_saturation_hard,2026-09-13T18:54:05.88843+08:00,11,false,0.51,-1.00,429,backpressure,false,
candidateA_saturation_hard,2026-09-13T18:54:06.035549+08:00,10,false,1.38,-1.00,429,backpressure,false,
candidateA_saturation_hard,2026-09-13T18:54:06.035465+08:00,12,false,1.56,-1.00,429,backpressure,false,
candidateA_saturation_hard,2026-09-13T18:54:06.035305+08:00,5,true,1.77,-1.00,429,backpressure,false,
candidateA_saturation_hard,2026-09-13T18:54:06.035275+08:00,4,true,1.88,-1.00,429,backpressure,false,
candidateA_saturation_hard,2026-09-13T18:54:06.036858+08:00,6,false,0.83,-1.00,429,backpressure,false,
candidateA_saturation_hard,2026-09-13T18:54:06.038687+08:00,11,false,0.49,-1.00,429,backpressure,false,
candidateA_saturation_hard,2026-09-13T18:54:06.187369+08:00,4,false,1.26,-1.00,429,backpressure,false,
candidateA_saturation_hard,2026-09-13T18:54:06.187328+08:00,6,false,1.34,-1.00,429,backpressure,false,
candidateA_saturation_hard,2026-09-13T18:54:06.187515+08:00,5,true,1.19,-1.00,429,backpressure,false,
candidateA_saturation_hard,2026-09-13T18:54:06.187549+08:00,12,false,1.19,-1.00,429,backpressure,false,
candidateA_saturation_hard,2026-09-13T18:54:06.187328+08:00,10,false,1.51,-1.00,429,backpressure,false,
candidateA_saturation_hard,2026-09-13T18:54:06.188782+08:00,11,true,0.34,-1.00,429,backpressure,false,
candidateA_saturation_hard,2026-09-13T18:54:06.33775+08:00,10,true,2.02,-1.00,429,backpressure,false,
candidateA_saturation_hard,2026-09-13T18:54:06.33757+08:00,4,false,2.24,-1.00,429,backpressure,false,
candidateA_saturation_hard,2026-09-13T18:54:06.337714+08:00,6,false,2.16,-1.00,429,backpressure,false,
candidateA_saturation_hard,2026-09-13T18:54:06.33783+08:00,12,false,2.09,-1.00,429,backpressure,false,
candidateA_saturation_hard,2026-09-13T18:54:06.338089+08:00,5,true,1.88,-1.00,429,backpressure,false,
candidateA_saturation_hard,2026-09-13T18:54:06.339299+08:00,11,true,0.93,-1.00,429,backpressure,false,
candidateA_saturation_hard,2026-09-13T18:54:00.632014+08:00,9,true,5773.34,5227.18,200,,true,
candidateA_saturation_hard,2026-09-13T18:54:06.48924+08:00,4,false,1.26,-1.00,429,backpressure,false,
candidateA_saturation_hard,2026-09-13T18:54:06.489053+08:00,12,true,1.45,-1.00,429,backpressure,false,
candidateA_saturation_hard,2026-09-13T18:54:06.488787+08:00,6,true,1.77,-1.00,429,backpressure,false,
candidateA_saturation_hard,2026-09-13T18:54:06.488706+08:00,5,false,1.87,-1.00,429,backpressure,false,
candidateA_saturation_hard,2026-09-13T18:54:06.488894+08:00,10,false,1.74,-1.00,429,backpressure,false,
candidateA_saturation_hard,2026-09-13T18:54:06.489316+08:00,11,false,1.32,-1.00,429,backpressure,false,
candidateA_saturation_hard,2026-09-13T18:54:06.640562+08:00,5,false,1.26,-1.00,429,backpressure,false,
candidateA_saturation_hard,2026-09-13T18:54:06.640998+08:00,6,false,1.82,-1.00,429,backpressure,false,
candidateA_saturation_hard,2026-09-13T18:54:06.641106+08:00,12,false,1.74,-1.00,429,backpressure,false,
candidateA_saturation_hard,2026-09-13T18:54:06.640813+08:00,11,false,2.10,-1.00,429,backpressure,false,
candidateA_saturation_hard,2026-09-13T18:54:06.64067+08:00,4,false,2.29,-1.00,429,backpressure,false,
candidateA_saturation_hard,2026-09-13T18:54:06.640371+08:00,10,true,2.70,-1.00,429,backpressure,false,
candidateA_saturation_hard,2026-09-13T18:54:06.790684+08:00,10,false,1.83,-1.00,429,backpressure,false,
candidateA_saturation_hard,2026-09-13T18:54:06.790684+08:00,5,true,1.86,-1.00,429,backpressure,false,
candidateA_saturation_hard,2026-09-13T18:54:06.790923+08:00,11,true,1.66,-1.00,429,backpressure,false,
candidateA_saturation_hard,2026-09-13T18:54:06.791439+08:00,6,true,1.18,-1.00,429,backpressure,false,
candidateA_saturation_hard,2026-09-13T18:54:06.790725+08:00,4,false,1.91,-1.00,429,backpressure,false,
candidateA_saturation_hard,2026-09-13T18:54:06.791143+08:00,12,false,1.51,-1.00,429,backpressure,false,
candidateA_saturation_hard,2026-09-13T18:54:06.941787+08:00,5,true,0.68,-1.00,429,backpressure,false,
candidateA_saturation_hard,2026-09-13T18:54:06.941679+08:00,4,true,0.88,-1.00,429,backpressure,false,
candidateA_saturation_hard,2026-09-13T18:54:06.942194+08:00,6,false,0.67,-1.00,429,backpressure,false,
candidateA_saturation_hard,2026-09-13T18:54:06.941884+08:00,10,false,1.41,-1.00,429,backpressure,false,
candidateA_saturation_hard,2026-09-13T18:54:06.942641+08:00,12,true,0.67,-1.00,429,backpressure,false,
candidateA_saturation_hard,2026-09-13T18:54:06.942589+08:00,11,false,0.74,-1.00,429,backpressure,false,
candidateA_saturation_hard,2026-09-13T18:54:07.092182+08:00,5,false,2.73,-1.00,429,backpressure,false,
candidateA_saturation_hard,2026-09-13T18:54:07.092362+08:00,4,true,2.68,-1.00,429,backpressure,false,
candidateA_saturation_hard,2026-09-13T18:54:07.092453+08:00,10,false,4.57,-1.00,429,backpressure,false,
candidateA_saturation_hard,2026-09-13T18:54:07.092744+08:00,12,false,4.59,-1.00,429,backpressure,false,
candidateA_saturation_hard,2026-09-13T18:54:07.095139+08:00,11,false,2.25,-1.00,429,backpressure,false,
candidateA_saturation_hard,2026-09-13T18:54:07.094247+08:00,6,true,3.19,-1.00,429,backpressure,false,
candidateA_saturation_hard,2026-09-13T18:54:01.242289+08:00,8,true,5966.89,5272.34,200,,true,
candidateA_saturation_hard,2026-09-13T18:54:07.243382+08:00,12,true,1.95,-1.00,429,backpressure,false,
candidateA_saturation_hard,2026-09-13T18:54:07.243521+08:00,10,false,1.94,-1.00,429,backpressure,false,
candidateA_saturation_hard,2026-09-13T18:54:07.24408+08:00,4,false,2.75,-1.00,429,backpressure,false,
candidateA_saturation_hard,2026-09-13T18:54:07.245194+08:00,11,true,1.65,-1.00,429,backpressure,false,
candidateA_saturation_hard,2026-09-13T18:54:07.244187+08:00,5,true,2.67,-1.00,429,backpressure,false,
candidateA_saturation_hard,2026-09-13T18:54:07.244684+08:00,6,false,2.27,-1.00,429,backpressure,false,
candidateA_saturation_hard,2026-09-13T18:54:07.396712+08:00,4,true,1.85,-1.00,429,backpressure,false,
candidateA_saturation_hard,2026-09-13T18:54:07.395749+08:00,12,false,2.86,-1.00,429,backpressure,false,
candidateA_saturation_hard,2026-09-13T18:54:07.395736+08:00,11,true,2.94,-1.00,429,backpressure,false,
candidateA_saturation_hard,2026-09-13T18:54:07.396031+08:00,10,true,2.66,-1.00,429,backpressure,false,
candidateA_saturation_hard,2026-09-13T18:54:07.396527+08:00,5,false,2.04,-1.00,429,backpressure,false,
candidateA_saturation_hard,2026-09-13T18:54:07.396153+08:00,6,false,2.84,-1.00,429,backpressure,false,
candidateA_saturation_hard,2026-09-13T18:54:07.546811+08:00,10,false,1.35,-1.00,429,backpressure,false,
candidateA_saturation_hard,2026-09-13T18:54:07.546843+08:00,12,true,1.32,-1.00,429,backpressure,false,
candidateA_saturation_hard,2026-09-13T18:54:07.546744+08:00,6,true,1.46,-1.00,429,backpressure,false,
candidateA_saturation_hard,2026-09-13T18:54:07.546862+08:00,4,false,1.37,-1.00,429,backpressure,false,
candidateA_saturation_hard,2026-09-13T18:54:07.547079+08:00,11,true,2.17,-1.00,429,backpressure,false,
candidateA_saturation_hard,2026-09-13T18:54:07.546749+08:00,5,false,2.55,-1.00,429,backpressure,false,
candidateA_saturation_hard,2026-09-13T18:54:07.697597+08:00,11,false,2.11,-1.00,429,backpressure,false,
candidateA_saturation_hard,2026-09-13T18:54:07.698012+08:00,5,false,2.76,-1.00,429,backpressure,false,
candidateA_saturation_hard,2026-09-13T18:54:07.697787+08:00,6,true,3.19,-1.00,429,backpressure,false,
candidateA_saturation_hard,2026-09-13T18:54:07.69845+08:00,10,false,2.59,-1.00,429,backpressure,false,
candidateA_saturation_hard,2026-09-13T18:54:07.697797+08:00,4,false,3.30,-1.00,429,backpressure,false,
candidateA_saturation_hard,2026-09-13T18:54:07.697621+08:00,12,true,4.81,-1.00,429,backpressure,false,
candidateA_saturation_hard,2026-09-13T18:54:07.848286+08:00,12,false,1.20,-1.00,429,backpressure,false,
candidateA_saturation_hard,2026-09-13T18:54:07.848286+08:00,5,false,1.26,-1.00,429,backpressure,false,
candidateA_saturation_hard,2026-09-13T18:54:07.848598+08:00,4,true,1.00,-1.00,429,backpressure,false,
candidateA_saturation_hard,2026-09-13T18:54:07.848419+08:00,6,true,1.72,-1.00,429,backpressure,false,
candidateA_saturation_hard,2026-09-13T18:54:07.848318+08:00,11,false,2.21,-1.00,429,backpressure,false,
candidateA_saturation_hard,2026-09-13T18:54:07.848792+08:00,10,false,1.75,-1.00,429,backpressure,false,
candidateA_saturation_hard,2026-09-13T18:54:07.998707+08:00,12,false,4.43,-1.00,429,backpressure,false,
candidateA_saturation_hard,2026-09-13T18:54:07.998878+08:00,6,true,4.26,-1.00,429,backpressure,false,
candidateA_saturation_hard,2026-09-13T18:54:07.998732+08:00,5,false,4.40,-1.00,429,backpressure,false,
candidateA_saturation_hard,2026-09-13T18:54:07.99919+08:00,10,false,3.98,-1.00,429,backpressure,false,
candidateA_saturation_hard,2026-09-13T18:54:07.99876+08:00,11,false,4.41,-1.00,429,backpressure,false,
candidateA_saturation_hard,2026-09-13T18:54:07.998699+08:00,4,false,4.78,-1.00,429,backpressure,false,
candidateA_saturation_hard,2026-09-13T18:54:02.009194+08:00,2,true,6007.30,5308.01,200,,true,
candidateA_saturation_hard,2026-09-13T18:54:08.150737+08:00,5,false,1.46,-1.00,429,backpressure,false,
candidateA_saturation_hard,2026-09-13T18:54:08.150369+08:00,12,false,1.85,-1.00,429,backpressure,false,
candidateA_saturation_hard,2026-09-13T18:54:08.150428+08:00,10,true,1.83,-1.00,429,backpressure,false,
candidateA_saturation_hard,2026-09-13T18:54:08.150535+08:00,4,false,1.75,-1.00,429,backpressure,false,
candidateA_saturation_hard,2026-09-13T18:54:08.150901+08:00,11,true,1.40,-1.00,429,backpressure,false,
candidateA_saturation_hard,2026-09-13T18:54:08.150369+08:00,6,false,1.97,-1.00,429,backpressure,false,
candidateA_saturation_hard,2026-09-13T18:54:08.30056+08:00,6,false,4.10,-1.00,429,backpressure,false,
candidateA_saturation_hard,2026-09-13T18:54:08.300757+08:00,4,true,3.94,-1.00,429,backpressure,false,
candidateA_saturation_hard,2026-09-13T18:54:08.300822+08:00,12,false,4.74,-1.00,429,backpressure,false,
candidateA_saturation_hard,2026-09-13T18:54:08.303449+08:00,5,false,2.17,-1.00,429,backpressure,false,
candidateA_saturation_hard,2026-09-13T18:54:08.304341+08:00,10,false,1.31,-1.00,429,backpressure,false,
candidateA_saturation_hard,2026-09-13T18:54:08.301116+08:00,11,false,4.57,-1.00,429,backpressure,false,
candidateA_saturation_hard,2026-09-13T18:54:08.453005+08:00,12,false,1.62,-1.00,429,backpressure,false,
candidateA_saturation_hard,2026-09-13T18:54:08.453498+08:00,4,false,1.18,-1.00,429,backpressure,false,
candidateA_saturation_hard,2026-09-13T18:54:08.452787+08:00,6,true,1.95,-1.00,429,backpressure,false,
candidateA_saturation_hard,2026-09-13T18:54:08.454776+08:00,5,true,0.38,-1.00,429,backpressure,false,
candidateA_saturation_hard,2026-09-13T18:54:08.45471+08:00,11,false,0.61,-1.00,429,backpressure,false,
candidateA_saturation_hard,2026-09-13T18:54:08.454811+08:00,10,false,0.78,-1.00,429,backpressure,false,
candidateA_saturation_hard,2026-09-13T18:54:08.604896+08:00,10,false,1.44,-1.00,429,backpressure,false,
candidateA_saturation_hard,2026-09-13T18:54:08.6051+08:00,5,false,1.28,-1.00,429,backpressure,false,
candidateA_saturation_hard,2026-09-13T18:54:08.604958+08:00,4,true,1.46,-1.00,429,backpressure,false,
candidateA_saturation_hard,2026-09-13T18:54:08.605306+08:00,6,true,1.15,-1.00,429,backpressure,false,
candidateA_saturation_hard,2026-09-13T18:54:08.604906+08:00,11,true,1.58,-1.00,429,backpressure,false,
candidateA_saturation_hard,2026-09-13T18:54:08.605041+08:00,12,false,1.51,-1.00,429,backpressure,false,
candidateA_saturation_hard,2026-09-13T18:54:08.757143+08:00,12,false,1.25,-1.00,429,backpressure,false,
candidateA_saturation_hard,2026-09-13T18:54:08.757015+08:00,5,true,1.42,-1.00,429,backpressure,false,
candidateA_saturation_hard,2026-09-13T18:54:08.756547+08:00,11,true,1.94,-1.00,429,backpressure,false,
candidateA_saturation_hard,2026-09-13T18:54:08.756339+08:00,6,true,2.37,-1.00,429,backpressure,false,
candidateA_saturation_hard,2026-09-13T18:54:08.756874+08:00,4,true,1.95,-1.00,429,backpressure,false,
candidateA_saturation_hard,2026-09-13T18:54:08.756504+08:00,10,true,2.38,-1.00,429,backpressure,false,
candidateA_saturation_hard,2026-09-13T18:54:02.865178+08:00,13,false,5941.02,-1.00,200,,true,
candidateA_saturation_hard,2026-09-13T18:54:08.908873+08:00,5,false,1.50,-1.00,429,backpressure,false,
candidateA_saturation_hard,2026-09-13T18:54:08.909068+08:00,6,true,1.35,-1.00,429,backpressure,false,
candidateA_saturation_hard,2026-09-13T18:54:08.908626+08:00,4,false,1.86,-1.00,429,backpressure,false,
candidateA_saturation_hard,2026-09-13T18:54:08.909179+08:00,10,false,1.34,-1.00,429,backpressure,false,
candidateA_saturation_hard,2026-09-13T18:54:08.90844+08:00,12,false,2.10,-1.00,429,backpressure,false,
candidateA_saturation_hard,2026-09-13T18:54:08.908728+08:00,11,false,1.83,-1.00,429,backpressure,false,
candidateA_saturation_hard,2026-09-13T18:54:09.059549+08:00,10,false,1.80,-1.00,429,backpressure,false,
candidateA_saturation_hard,2026-09-13T18:54:09.059316+08:00,12,false,2.42,-1.00,429,backpressure,false,
candidateA_saturation_hard,2026-09-13T18:54:09.059932+08:00,11,false,2.59,-1.00,429,backpressure,false,
candidateA_saturation_hard,2026-09-13T18:54:09.060042+08:00,5,false,2.54,-1.00,429,backpressure,false,
candidateA_saturation_hard,2026-09-13T18:54:09.059633+08:00,4,true,2.99,-1.00,429,backpressure,false,
candidateA_saturation_hard,2026-09-13T18:54:09.06014+08:00,6,false,2.50,-1.00,429,backpressure,false,
candidateA_saturation_hard,2026-09-13T18:54:09.212568+08:00,11,true,1.22,-1.00,429,backpressure,false,
candidateA_saturation_hard,2026-09-13T18:54:09.212032+08:00,10,false,1.78,-1.00,429,backpressure,false,
candidateA_saturation_hard,2026-09-13T18:54:09.211902+08:00,5,false,1.95,-1.00,429,backpressure,false,
candidateA_saturation_hard,2026-09-13T18:54:09.211872+08:00,6,true,2.02,-1.00,429,backpressure,false,
candidateA_saturation_hard,2026-09-13T18:54:09.212338+08:00,12,true,1.56,-1.00,429,backpressure,false,
candidateA_saturation_hard,2026-09-13T18:54:09.212101+08:00,4,false,1.82,-1.00,429,backpressure,false,
candidateA_saturation_hard,2026-09-13T18:54:09.363473+08:00,12,true,2.15,-1.00,429,backpressure,false,
candidateA_saturation_hard,2026-09-13T18:54:09.363789+08:00,10,false,1.90,-1.00,429,backpressure,false,
candidateA_saturation_hard,2026-09-13T18:54:09.363991+08:00,11,false,3.40,-1.00,429,backpressure,false,
candidateA_saturation_hard,2026-09-13T18:54:09.364345+08:00,6,false,3.09,-1.00,429,backpressure,false,
candidateA_saturation_hard,2026-09-13T18:54:09.364689+08:00,4,false,2.85,-1.00,429,backpressure,false,
candidateA_saturation_hard,2026-09-13T18:54:09.364533+08:00,5,false,3.19,-1.00,429,backpressure,false,
candidateA_saturation_hard,2026-09-13T18:54:09.515569+08:00,12,true,1.84,-1.00,429,backpressure,false,
candidateA_saturation_hard,2026-09-13T18:54:09.515273+08:00,5,true,2.18,-1.00,429,backpressure,false,
candidateA_saturation_hard,2026-09-13T18:54:09.515069+08:00,4,false,2.46,-1.00,429,backpressure,false,
candidateA_saturation_hard,2026-09-13T18:54:09.515227+08:00,11,false,2.38,-1.00,429,backpressure,false,
candidateA_saturation_hard,2026-09-13T18:54:09.515113+08:00,6,false,2.55,-1.00,429,backpressure,false,
candidateA_saturation_hard,2026-09-13T18:54:09.515468+08:00,10,false,4.18,-1.00,429,backpressure,false,
candidateA_saturation_hard,2026-09-13T18:54:03.565183+08:00,7,true,6030.39,5346.47,200,,true,
candidateA_saturation_hard,2026-09-13T18:54:09.668164+08:00,4,false,1.46,-1.00,429,backpressure,false,
candidateA_saturation_hard,2026-09-13T18:54:09.667784+08:00,11,false,1.88,-1.00,429,backpressure,false,
candidateA_saturation_hard,2026-09-13T18:54:09.668385+08:00,10,false,1.33,-1.00,429,backpressure,false,
candidateA_saturation_hard,2026-09-13T18:54:09.667379+08:00,6,true,2.35,-1.00,429,backpressure,false,
candidateA_saturation_hard,2026-09-13T18:54:09.667133+08:00,12,false,2.63,-1.00,429,backpressure,false,
candidateA_saturation_hard,2026-09-13T18:54:09.667906+08:00,5,true,1.93,-1.00,429,backpressure,false,
candidateA_saturation_hard,2026-09-13T18:54:09.819284+08:00,12,true,2.23,-1.00,429,backpressure,false,
candidateA_saturation_hard,2026-09-13T18:54:09.819444+08:00,11,false,4.98,-1.00,429,backpressure,false,
candidateA_saturation_hard,2026-09-13T18:54:09.819925+08:00,5,false,4.57,-1.00,429,backpressure,false,
candidateA_saturation_hard,2026-09-13T18:54:09.819785+08:00,10,true,4.75,-1.00,429,backpressure,false,
candidateA_saturation_hard,2026-09-13T18:54:09.819218+08:00,4,false,5.35,-1.00,429,backpressure,false,
candidateA_saturation_hard,2026-09-13T18:54:09.819243+08:00,6,false,5.36,-1.00,429,backpressure,false,
candidateA_saturation_hard,2026-09-13T18:54:09.971289+08:00,5,false,2.53,-1.00,429,backpressure,false,
candidateA_saturation_hard,2026-09-13T18:54:09.971851+08:00,6,false,2.13,-1.00,429,backpressure,false,
candidateA_saturation_hard,2026-09-13T18:54:09.971375+08:00,12,true,2.66,-1.00,429,backpressure,false,
candidateA_saturation_hard,2026-09-13T18:54:09.971511+08:00,4,false,2.54,-1.00,429,backpressure,false,
candidateA_saturation_hard,2026-09-13T18:54:09.972065+08:00,10,false,2.02,-1.00,429,backpressure,false,
candidateA_saturation_hard,2026-09-13T18:54:09.971607+08:00,11,true,2.50,-1.00,429,backpressure,false,
candidateA_saturation_hard,2026-09-13T18:54:10.12203+08:00,5,false,1.78,-1.00,429,backpressure,false,
candidateA_saturation_hard,2026-09-13T18:54:10.122396+08:00,11,true,1.45,-1.00,429,backpressure,false,
candidateA_saturation_hard,2026-09-13T18:54:10.122079+08:00,10,false,1.87,-1.00,429,backpressure,false,
candidateA_saturation_hard,2026-09-13T18:54:10.122509+08:00,4,false,1.48,-1.00,429,backpressure,false,
candidateA_saturation_hard,2026-09-13T18:54:10.122022+08:00,6,false,2.00,-1.00,429,backpressure,false,
candidateA_saturation_hard,2026-09-13T18:54:10.12208+08:00,12,false,1.96,-1.00,429,backpressure,false,
candidateA_saturation_hard,2026-09-13T18:54:10.276941+08:00,11,true,1.52,-1.00,429,backpressure,false,
candidateA_saturation_hard,2026-09-13T18:54:10.276727+08:00,4,false,1.80,-1.00,429,backpressure,false,
candidateA_saturation_hard,2026-09-13T18:54:10.276956+08:00,12,false,1.61,-1.00,429,backpressure,false,
candidateA_saturation_hard,2026-09-13T18:54:10.277191+08:00,5,true,1.39,-1.00,429,backpressure,false,
candidateA_saturation_hard,2026-09-13T18:54:10.277429+08:00,10,false,1.17,-1.00,429,backpressure,false,
candidateA_saturation_hard,2026-09-13T18:54:10.276864+08:00,6,false,1.77,-1.00,429,backpressure,false,
candidateA_saturation_hard,2026-09-13T18:54:04.358853+08:00,3,false,6030.63,-1.00,200,,true,
candidateA_saturation_hard,2026-09-13T18:54:10.430378+08:00,12,false,1.67,-1.00,429,backpressure,false,
candidateA_saturation_hard,2026-09-13T18:54:10.429316+08:00,10,false,3.12,-1.00,429,backpressure,false,
candidateA_saturation_hard,2026-09-13T18:54:10.429465+08:00,11,false,3.04,-1.00,429,backpressure,false,
candidateA_saturation_hard,2026-09-13T18:54:10.429954+08:00,4,false,2.59,-1.00,429,backpressure,false,
candidateA_saturation_hard,2026-09-13T18:54:10.430597+08:00,5,true,1.98,-1.00,429,backpressure,false,
candidateA_saturation_hard,2026-09-13T18:54:10.430441+08:00,6,false,2.38,-1.00,429,backpressure,false,
candidateA_saturation_hard,2026-09-13T18:54:10.581412+08:00,6,false,3.03,-1.00,429,backpressure,false,
candidateA_saturation_hard,2026-09-13T18:54:10.582135+08:00,11,false,2.38,-1.00,429,backpressure,false,
candidateA_saturation_hard,2026-09-13T18:54:10.581458+08:00,5,false,3.46,-1.00,429,backpressure,false,
candidateA_saturation_hard,2026-09-13T18:54:10.581669+08:00,10,true,3.33,-1.00,429,backpressure,false,
candidateA_saturation_hard,2026-09-13T18:54:10.581993+08:00,12,false,3.13,-1.00,429,backpressure,false,
candidateA_saturation_hard,2026-09-13T18:54:10.581733+08:00,4,false,3.45,-1.00,429,backpressure,false,
candidateA_saturation_hard,2026-09-13T18:54:10.732966+08:00,6,false,3.05,-1.00,429,backpressure,false,
candidateA_saturation_hard,2026-09-13T18:54:10.733321+08:00,12,false,3.48,-1.00,429,backpressure,false,
candidateA_saturation_hard,2026-09-13T18:54:10.733059+08:00,5,true,3.82,-1.00,429,backpressure,false,
candidateA_saturation_hard,2026-09-13T18:54:10.732932+08:00,10,false,3.99,-1.00,429,backpressure,false,
candidateA_saturation_hard,2026-09-13T18:54:10.732925+08:00,11,false,4.02,-1.00,429,backpressure,false,
candidateA_saturation_hard,2026-09-13T18:54:10.733161+08:00,4,true,3.79,-1.00,429,backpressure,false,
candidateA_saturation_hard,2026-09-13T18:54:10.886375+08:00,6,false,1.15,-1.00,429,backpressure,false,
candidateA_saturation_hard,2026-09-13T18:54:10.884912+08:00,12,true,2.77,-1.00,429,backpressure,false,
candidateA_saturation_hard,2026-09-13T18:54:10.886193+08:00,11,false,1.61,-1.00,429,backpressure,false,
candidateA_saturation_hard,2026-09-13T18:54:10.885106+08:00,10,true,2.93,-1.00,429,backpressure,false,
candidateA_saturation_hard,2026-09-13T18:54:10.885899+08:00,4,true,3.02,-1.00,429,backpressure,false,
candidateA_saturation_hard,2026-09-13T18:54:10.885567+08:00,5,true,3.68,-1.00,429,backpressure,false,
candidateA_saturation_hard,2026-09-13T18:54:11.037506+08:00,4,true,2.50,-1.00,429,backpressure,false,
candidateA_saturation_hard,2026-09-13T18:54:11.037441+08:00,10,false,2.61,-1.00,429,backpressure,false,
candidateA_saturation_hard,2026-09-13T18:54:11.038153+08:00,6,false,1.94,-1.00,429,backpressure,false,
candidateA_saturation_hard,2026-09-13T18:54:11.037439+08:00,5,false,2.69,-1.00,429,backpressure,false,
candidateA_saturation_hard,2026-09-13T18:54:11.038118+08:00,11,false,2.04,-1.00,429,backpressure,false,
candidateA_saturation_hard,2026-09-13T18:54:11.03791+08:00,12,false,2.28,-1.00,429,backpressure,false,
candidateA_saturation_hard,2026-09-13T18:54:05.01077+08:00,1,true,6030.07,5487.09,200,,true,
candidateA_saturation_hard,2026-09-13T18:54:11.188195+08:00,10,true,1.53,-1.00,429,backpressure,false,
candidateA_saturation_hard,2026-09-13T18:54:11.1879+08:00,4,true,1.86,-1.00,429,backpressure,false,
candidateA_saturation_hard,2026-09-13T18:54:11.187926+08:00,5,true,1.89,-1.00,429,backpressure,false,
candidateA_saturation_hard,2026-09-13T18:54:11.188575+08:00,11,false,1.28,-1.00,429,backpressure,false,
candidateA_saturation_hard,2026-09-13T18:54:11.188237+08:00,6,true,1.75,-1.00,429,backpressure,false,
candidateA_saturation_hard,2026-09-13T18:54:11.188454+08:00,12,false,1.65,-1.00,429,backpressure,false,
candidateA_saturation_hard,2026-09-13T18:54:11.338676+08:00,12,false,1.83,-1.00,429,backpressure,false,
candidateA_saturation_hard,2026-09-13T18:54:11.33915+08:00,5,false,1.43,-1.00,429,backpressure,false,
candidateA_saturation_hard,2026-09-13T18:54:11.338676+08:00,6,true,2.00,-1.00,429,backpressure,false,
candidateA_saturation_hard,2026-09-13T18:54:11.338849+08:00,4,true,1.92,-1.00,429,backpressure,false,
candidateA_saturation_hard,2026-09-13T18:54:11.339248+08:00,10,false,1.63,-1.00,429,backpressure,false,
candidateA_saturation_hard,2026-09-13T18:54:11.338762+08:00,11,false,2.38,-1.00,429,backpressure,false,
candidateA_saturation_hard,2026-09-13T18:54:11.491289+08:00,10,false,3.03,-1.00,429,backpressure,false,
candidateA_saturation_hard,2026-09-13T18:54:11.492004+08:00,5,true,2.31,-1.00,429,backpressure,false,
candidateA_saturation_hard,2026-09-13T18:54:11.491373+08:00,11,false,2.99,-1.00,429,backpressure,false,
candidateA_saturation_hard,2026-09-13T18:54:11.491532+08:00,6,true,2.84,-1.00,429,backpressure,false,
candidateA_saturation_hard,2026-09-13T18:54:11.491464+08:00,4,true,3.08,-1.00,429,backpressure,false,
candidateA_saturation_hard,2026-09-13T18:54:11.491804+08:00,12,true,2.96,-1.00,429,backpressure,false,
candidateA_saturation_hard,2026-09-13T18:54:11.642378+08:00,11,true,1.67,-1.00,429,backpressure,false,
candidateA_saturation_hard,2026-09-13T18:54:11.642593+08:00,12,false,1.53,-1.00,429,backpressure,false,
candidateA_saturation_hard,2026-09-13T18:54:11.643197+08:00,6,false,1.44,-1.00,429,backpressure,false,
candidateA_saturation_hard,2026-09-13T18:54:11.64267+08:00,4,true,2.02,-1.00,429,backpressure,false,
candidateA_saturation_hard,2026-09-13T18:54:11.643361+08:00,5,false,1.40,-1.00,429,backpressure,false,
candidateA_saturation_hard,2026-09-13T18:54:11.6435+08:00,10,true,1.30,-1.00,429,backpressure,false,
candidateA_saturation_hard,2026-09-13T18:54:05.754824+08:00,0,true,5939.47,5392.31,200,,true,
candidateA_saturation_hard,2026-09-13T18:54:11.794473+08:00,12,true,2.51,-1.00,429,backpressure,false,
candidateA_saturation_hard,2026-09-13T18:54:11.794601+08:00,11,false,2.44,-1.00,429,backpressure,false,
candidateA_saturation_hard,2026-09-13T18:54:11.794864+08:00,10,false,2.22,-1.00,429,backpressure,false,
candidateA_saturation_hard,2026-09-13T18:54:11.793593+08:00,5,true,3.51,-1.00,429,backpressure,false,
candidateA_saturation_hard,2026-09-13T18:54:11.793816+08:00,4,true,3.33,-1.00,429,backpressure,false,
candidateA_saturation_hard,2026-09-13T18:54:11.794134+08:00,6,false,3.06,-1.00,429,backpressure,false,
candidateA_saturation_hard,2026-09-13T18:54:11.944135+08:00,4,false,1.35,-1.00,429,backpressure,false,
candidateA_saturation_hard,2026-09-13T18:54:11.945235+08:00,6,false,11.01,-1.00,429,backpressure,false,
candidateA_saturation_hard,2026-09-13T18:54:11.944529+08:00,12,false,11.73,-1.00,429,backpressure,false,
candidateA_saturation_hard,2026-09-13T18:54:11.944374+08:00,5,true,11.89,-1.00,429,backpressure,false,
candidateA_saturation_hard,2026-09-13T18:54:11.944924+08:00,10,false,11.43,-1.00,429,backpressure,false,
candidateA_saturation_hard,2026-09-13T18:54:11.944815+08:00,11,false,11.60,-1.00,429,backpressure,false,
candidateA_saturation_hard,2026-09-13T18:54:12.094283+08:00,4,true,0.77,-1.00,429,backpressure,false,
candidateA_saturation_hard,2026-09-13T18:54:12.094446+08:00,5,true,1.03,-1.00,429,backpressure,false,
candidateA_saturation_hard,2026-09-13T18:54:12.094796+08:00,12,true,0.71,-1.00,429,backpressure,false,
candidateA_saturation_hard,2026-09-13T18:54:12.095533+08:00,6,false,0.32,-1.00,429,backpressure,false,
candidateA_saturation_hard,2026-09-13T18:54:12.095239+08:00,11,false,0.77,-1.00,429,backpressure,false,
candidateA_saturation_hard,2026-09-13T18:54:12.095171+08:00,10,false,0.87,-1.00,429,backpressure,false,
candidateA_saturation_hard,2026-09-13T18:54:12.245695+08:00,6,true,1.11,-1.00,429,backpressure,false,
candidateA_saturation_hard,2026-09-13T18:54:12.246507+08:00,12,true,0.46,-1.00,429,backpressure,false,
candidateA_saturation_hard,2026-09-13T18:54:12.245354+08:00,11,false,1.75,-1.00,429,backpressure,false,
candidateA_saturation_hard,2026-09-13T18:54:12.245972+08:00,10,false,1.23,-1.00,429,backpressure,false,
candidateA_saturation_hard,2026-09-13T18:54:12.245769+08:00,5,false,1.57,-1.00,429,backpressure,false,
candidateA_saturation_hard,2026-09-13T18:54:12.247124+08:00,4,false,0.42,-1.00,429,backpressure,false,
candidateA_saturation_hard,2026-09-13T18:54:12.395758+08:00,6,true,3.90,-1.00,429,backpressure,false,
candidateA_saturation_hard,2026-09-13T18:54:12.395556+08:00,11,false,4.13,-1.00,429,backpressure,false,
candidateA_saturation_hard,2026-09-13T18:54:12.396638+08:00,12,true,3.07,-1.00,429,backpressure,false,
candidateA_saturation_hard,2026-09-13T18:54:12.395876+08:00,5,false,3.88,-1.00,429,backpressure,false,
candidateA_saturation_hard,2026-09-13T18:54:12.396545+08:00,10,false,3.35,-1.00,429,backpressure,false,
candidateA_saturation_hard,2026-09-13T18:54:12.399677+08:00,4,false,0.33,-1.00,429,backpressure,false,
candidateA_saturation_hard,2026-09-13T18:54:12.546013+08:00,11,true,0.90,-1.00,429,backpressure,false,
candidateA_saturation_hard,2026-09-13T18:54:12.546015+08:00,5,true,0.92,-1.00,429,backpressure,false,
candidateA_saturation_hard,2026-09-13T18:54:12.546685+08:00,10,true,0.68,-1.00,429,backpressure,false,
candidateA_saturation_hard,2026-09-13T18:54:12.546992+08:00,12,false,0.44,-1.00,429,backpressure,false,
candidateA_saturation_hard,2026-09-13T18:54:12.546172+08:00,6,false,1.61,-1.00,429,backpressure,false,
candidateA_saturation_hard,2026-09-13T18:54:12.549937+08:00,4,false,0.90,-1.00,429,backpressure,false,
candidateA_saturation_hard,2026-09-13T18:54:06.405573+08:00,9,true,6261.58,5397.14,200,,true,
candidateA_saturation_hard,2026-09-13T18:54:12.700315+08:00,4,true,2.35,-1.00,429,backpressure,false,
candidateA_saturation_hard,2026-09-13T18:54:12.70265+08:00,5,false,0.40,-1.00,429,backpressure,false,
candidateA_saturation_hard,2026-09-13T18:54:12.700881+08:00,6,false,2.23,-1.00,429,backpressure,false,
candidateA_saturation_hard,2026-09-13T18:54:12.702326+08:00,12,false,0.86,-1.00,429,backpressure,false,
candidateA_saturation_hard,2026-09-13T18:54:12.702593+08:00,11,false,0.60,-1.00,429,backpressure,false,
candidateA_saturation_hard,2026-09-13T18:54:12.702709+08:00,10,true,0.52,-1.00,429,backpressure,false,
candidateA_saturation_hard,2026-09-13T18:54:12.851369+08:00,4,false,1.15,-1.00,429,backpressure,false,
candidateA_saturation_hard,2026-09-13T18:54:12.851091+08:00,6,false,1.50,-1.00,429,backpressure,false,
candidateA_saturation_hard,2026-09-13T18:54:12.852652+08:00,11,false,0.73,-1.00,429,backpressure,false,
candidateA_saturation_hard,2026-09-13T18:54:12.852566+08:00,12,true,0.96,-1.00,429,backpressure,false,
candidateA_saturation_hard,2026-09-13T18:54:12.852671+08:00,5,false,1.33,-1.00,429,backpressure,false,
candidateA_saturation_hard,2026-09-13T18:54:12.852727+08:00,10,false,1.30,-1.00,429,backpressure,false,
candidateA_saturation_hard,2026-09-13T18:54:13.001895+08:00,6,false,1.31,-1.00,429,backpressure,false,
candidateA_saturation_hard,2026-09-13T18:54:13.001685+08:00,4,false,1.58,-1.00,429,backpressure,false,
candidateA_saturation_hard,2026-09-13T18:54:13.003286+08:00,5,false,1.33,-1.00,429,backpressure,false,
candidateA_saturation_hard,2026-09-13T18:54:13.003345+08:00,10,false,1.38,-1.00,429,backpressure,false,
candidateA_saturation_hard,2026-09-13T18:54:13.00347+08:00,12,false,1.69,-1.00,429,backpressure,false,
candidateA_saturation_hard,2026-09-13T18:54:13.003518+08:00,11,true,1.69,-1.00,429,backpressure,false,
candidateA_saturation_hard,2026-09-13T18:54:13.1529+08:00,6,false,0.79,-1.00,429,backpressure,false,
candidateA_saturation_hard,2026-09-13T18:54:13.153012+08:00,4,false,1.15,-1.00,429,backpressure,false,
candidateA_saturation_hard,2026-09-13T18:54:13.153421+08:00,10,false,3.69,-1.00,429,backpressure,false,
candidateA_saturation_hard,2026-09-13T18:54:13.157622+08:00,5,false,2.56,-1.00,429,backpressure,false,
candidateA_saturation_hard,2026-09-13T18:54:13.157426+08:00,11,true,2.77,-1.00,429,backpressure,false,
candidateA_saturation_hard,2026-09-13T18:54:13.157735+08:00,12,false,2.71,-1.00,429,backpressure,false,
candidateA_saturation_hard,2026-09-13T18:54:13.303852+08:00,12,true,0.44,-1.00,429,backpressure,false,
candidateA_saturation_hard,2026-09-13T18:54:13.303852+08:00,4,false,0.63,-1.00,429,backpressure,false,
candidateA_saturation_hard,2026-09-13T18:54:13.303929+08:00,10,false,0.64,-1.00,429,backpressure,false,
candidateA_saturation_hard,2026-09-13T18:54:13.303891+08:00,6,true,0.76,-1.00,429,backpressure,false,
candidateA_saturation_hard,2026-09-13T18:54:13.31078+08:00,5,true,1.90,-1.00,429,backpressure,false,
candidateA_saturation_hard,2026-09-13T18:54:13.310974+08:00,11,true,1.75,-1.00,429,backpressure,false,
candidateA_saturation_hard,2026-09-13T18:54:07.209391+08:00,8,true,6204.54,5564.75,200,,true,
candidateA_saturation_hard,2026-09-13T18:54:13.454386+08:00,12,false,1.34,-1.00,429,backpressure,false,
candidateA_saturation_hard,2026-09-13T18:54:13.454382+08:00,10,false,1.42,-1.00,429,backpressure,false,
candidateA_saturation_hard,2026-09-13T18:54:13.454423+08:00,4,false,1.51,-1.00,429,backpressure,false,
candidateA_saturation_hard,2026-09-13T18:54:13.454651+08:00,6,false,1.17,-1.00,429,backpressure,false,
candidateA_saturation_hard,2026-09-13T18:54:13.461486+08:00,11,true,0.71,-1.00,429,backpressure,false,
candidateA_saturation_hard,2026-09-13T18:54:13.461469+08:00,5,true,0.83,-1.00,429,backpressure,false,
candidateA_saturation_hard,2026-09-13T18:54:13.60462+08:00,12,true,1.32,-1.00,429,backpressure,false,
candidateA_saturation_hard,2026-09-13T18:54:13.604832+08:00,6,false,1.14,-1.00,429,backpressure,false,
candidateA_saturation_hard,2026-09-13T18:54:13.605271+08:00,4,false,1.04,-1.00,429,backpressure,false,
candidateA_saturation_hard,2026-09-13T18:54:13.605589+08:00,10,true,0.86,-1.00,429,backpressure,false,
candidateA_saturation_hard,2026-09-13T18:54:13.612103+08:00,11,false,0.89,-1.00,429,backpressure,false,
candidateA_saturation_hard,2026-09-13T18:54:13.612116+08:00,5,false,0.87,-1.00,429,backpressure,false,
candidateA_saturation_hard,2026-09-13T18:54:13.755997+08:00,12,true,3.21,-1.00,429,backpressure,false,
candidateA_saturation_hard,2026-09-13T18:54:13.755812+08:00,6,false,3.44,-1.00,429,backpressure,false,
candidateA_saturation_hard,2026-09-13T18:54:13.75587+08:00,10,false,3.47,-1.00,429,backpressure,false,
candidateA_saturation_hard,2026-09-13T18:54:13.756749+08:00,4,false,2.90,-1.00,429,backpressure,false,
candidateA_saturation_hard,2026-09-13T18:54:13.762476+08:00,5,false,0.87,-1.00,429,backpressure,false,
candidateA_saturation_hard,2026-09-13T18:54:13.762462+08:00,11,true,0.88,-1.00,429,backpressure,false,
candidateA_saturation_hard,2026-09-13T18:54:13.906953+08:00,6,false,1.59,-1.00,429,backpressure,false,
candidateA_saturation_hard,2026-09-13T18:54:13.907265+08:00,12,false,1.33,-1.00,429,backpressure,false,
candidateA_saturation_hard,2026-09-13T18:54:13.907009+08:00,10,true,1.67,-1.00,429,backpressure,false,
candidateA_saturation_hard,2026-09-13T18:54:13.906768+08:00,4,true,1.94,-1.00,429,backpressure,false,
candidateA_saturation_hard,2026-09-13T18:54:13.914358+08:00,5,true,1.28,-1.00,429,backpressure,false,
candidateA_saturation_hard,2026-09-13T18:54:13.914702+08:00,11,true,1.02,-1.00,429,backpressure,false,
candidateA_saturation_hard,2026-09-13T18:54:14.057798+08:00,4,false,1.48,-1.00,429,backpressure,false,
candidateA_saturation_hard,2026-09-13T18:54:14.058013+08:00,12,true,1.34,-1.00,429,backpressure,false,
candidateA_saturation_hard,2026-09-13T18:54:14.058152+08:00,6,false,1.67,-1.00,429,backpressure,false,
candidateA_saturation_hard,2026-09-13T18:54:14.058154+08:00,10,true,1.74,-1.00,429,backpressure,false,
candidateA_saturation_hard,2026-09-13T18:54:14.063361+08:00,5,true,1.00,-1.00,429,backpressure,false,
candidateA_saturation_hard,2026-09-13T18:54:14.064786+08:00,11,false,0.42,-1.00,429,backpressure,false,
candidateA_saturation_hard,2026-09-13T18:54:14.208882+08:00,6,false,1.28,-1.00,429,backpressure,false,
candidateA_saturation_hard,2026-09-13T18:54:14.208887+08:00,4,true,1.34,-1.00,429,backpressure,false,
candidateA_saturation_hard,2026-09-13T18:54:14.209049+08:00,12,false,1.23,-1.00,429,backpressure,false,
candidateA_saturation_hard,2026-09-13T18:54:14.209105+08:00,10,true,1.39,-1.00,429,backpressure,false,
candidateA_saturation_hard,2026-09-13T18:54:14.213458+08:00,5,false,1.07,-1.00,429,backpressure,false,
candidateA_saturation_hard,2026-09-13T18:54:14.214878+08:00,11,true,0.61,-1.00,429,backpressure,false,
candidateA_saturation_hard,2026-09-13T18:54:08.016708+08:00,2,false,6242.11,-1.00,200,,true,
candidateA_saturation_hard,2026-09-13T18:54:14.359118+08:00,12,false,4.42,-1.00,429,backpressure,false,
candidateA_saturation_hard,2026-09-13T18:54:14.362313+08:00,6,false,1.27,-1.00,429,backpressure,false,
candidateA_saturation_hard,2026-09-13T18:54:14.359061+08:00,4,true,4.56,-1.00,429,backpressure,false,
candidateA_saturation_hard,2026-09-13T18:54:14.362115+08:00,10,true,1.56,-1.00,429,backpressure,false,
candidateA_saturation_hard,2026-09-13T18:54:14.363694+08:00,5,true,0.29,-1.00,429,backpressure,false,
candidateA_saturation_hard,2026-09-13T18:54:14.365044+08:00,11,false,0.40,-1.00,429,backpressure,false,
candidateA_saturation_hard,2026-09-13T18:54:14.5106+08:00,4,false,1.51,-1.00,429,backpressure,false,
candidateA_saturation_hard,2026-09-13T18:54:14.510602+08:00,12,true,1.57,-1.00,429,backpressure,false,
candidateA_saturation_hard,2026-09-13T18:54:14.512177+08:00,10,false,0.37,-1.00,429,backpressure,false,
candidateA_saturation_hard,2026-09-13T18:54:14.512389+08:00,6,false,0.55,-1.00,429,backpressure,false,
candidateA_saturation_hard,2026-09-13T18:54:14.513803+08:00,5,true,0.40,-1.00,429,backpressure,false,
candidateA_saturation_hard,2026-09-13T18:54:14.515207+08:00,11,false,0.39,-1.00,429,backpressure,false,
candidateA_saturation_hard,2026-09-13T18:54:14.661711+08:00,4,false,1.32,-1.00,429,backpressure,false,
candidateA_saturation_hard,2026-09-13T18:54:14.661764+08:00,12,true,1.50,-1.00,429,backpressure,false,
candidateA_saturation_hard,2026-09-13T18:54:14.663294+08:00,10,false,0.49,-1.00,429,backpressure,false,
candidateA_saturation_hard,2026-09-13T18:54:14.663295+08:00,6,true,0.59,-1.00,429,backpressure,false,
candidateA_saturation_hard,2026-09-13T18:54:14.663803+08:00,5,false,0.38,-1.00,429,backpressure,false,
candidateA_saturation_hard,2026-09-13T18:54:14.665347+08:00,11,true,0.31,-1.00,429,backpressure,false,
candidateA_saturation_hard,2026-09-13T18:54:14.8128+08:00,4,true,1.27,-1.00,429,backpressure,false,
candidateA_saturation_hard,2026-09-13T18:54:14.812785+08:00,12,false,1.38,-1.00,429,backpressure,false,
candidateA_saturation_hard,2026-09-13T18:54:14.813663+08:00,10,true,0.91,-1.00,429,backpressure,false,
candidateA_saturation_hard,2026-09-13T18:54:14.814271+08:00,5,false,0.96,-1.00,429,backpressure,false,
candidateA_saturation_hard,2026-09-13T18:54:14.814182+08:00,6,false,1.09,-1.00,429,backpressure,false,
candidateA_saturation_hard,2026-09-13T18:54:14.815371+08:00,11,false,0.38,-1.00,429,backpressure,false,
candidateA_saturation_hard,2026-09-13T18:54:08.806395+08:00,13,false,6152.02,-1.00,200,,true,
candidateA_saturation_hard,2026-09-13T18:54:14.963008+08:00,4,true,0.56,-1.00,429,backpressure,false,
candidateA_saturation_hard,2026-09-13T18:54:14.96302+08:00,12,true,0.65,-1.00,429,backpressure,false,
candidateA_saturation_hard,2026-09-13T18:54:14.963685+08:00,10,false,0.73,-1.00,429,backpressure,false,
candidateA_saturation_hard,2026-09-13T18:54:14.965415+08:00,11,false,3.66,-1.00,429,backpressure,false,
candidateA_saturation_hard,2026-09-13T18:54:14.96566+08:00,6,false,3.46,-1.00,429,backpressure,false,
candidateA_saturation_hard,2026-09-13T18:54:14.966013+08:00,5,false,3.12,-1.00,429,backpressure,false,
candidateA_saturation_hard,2026-09-13T18:54:15.115016+08:00,12,false,1.06,-1.00,429,backpressure,false,
candidateA_saturation_hard,2026-09-13T18:54:15.115091+08:00,4,true,1.06,-1.00,429,backpressure,false,
candidateA_saturation_hard,2026-09-13T18:54:15.115216+08:00,10,false,2.68,-1.00,429,backpressure,false,
candidateA_saturation_hard,2026-09-13T18:54:15.116267+08:00,5,true,1.73,-1.00,429,backpressure,false,
candidateA_saturation_hard,2026-09-13T18:54:15.115949+08:00,6,false,2.12,-1.00,429,backpressure,false,
candidateA_saturation_hard,2026-09-13T18:54:15.115455+08:00,11,false,2.67,-1.00,429,backpressure,false,
candidateA_saturation_hard,2026-09-13T18:54:15.265649+08:00,12,false,1.77,-1.00,429,backpressure,false,
candidateA_saturation_hard,2026-09-13T18:54:15.265608+08:00,11,true,1.91,-1.00,429,backpressure,false,
candidateA_saturation_hard,2026-09-13T18:54:15.265627+08:00,4,true,1.92,-1.00,429,backpressure,false,
candidateA_saturation_hard,2026-09-13T18:54:15.26597+08:00,6,false,1.64,-1.00,429,backpressure,false,
candidateA_saturation_hard,2026-09-13T18:54:15.266588+08:00,5,false,2.08,-1.00,429,backpressure,false,
candidateA_saturation_hard,2026-09-13T18:54:15.26574+08:00,10,false,3.00,-1.00,429,backpressure,false,
candidateA_saturation_hard,2026-09-13T18:54:15.416918+08:00,5,true,3.98,-1.00,429,backpressure,false,
candidateA_saturation_hard,2026-09-13T18:54:15.417287+08:00,6,false,3.65,-1.00,429,backpressure,false,
candidateA_saturation_hard,2026-09-13T18:54:15.419289+08:00,12,false,5.15,-1.00,429,backpressure,false,
candidateA_saturation_hard,2026-09-13T18:54:15.419136+08:00,4,false,5.31,-1.00,429,backpressure,false,
candidateA_saturation_hard,2026-09-13T18:54:15.418677+08:00,11,false,5.78,-1.00,429,backpressure,false,
candidateA_saturation_hard,2026-09-13T18:54:15.417172+08:00,10,true,7.29,-1.00,429,backpressure,false,
candidateA_saturation_hard,2026-09-13T18:54:15.567531+08:00,5,false,2.30,-1.00,429,backpressure,false,
candidateA_saturation_hard,2026-09-13T18:54:15.567487+08:00,6,true,2.35,-1.00,429,backpressure,false,
candidateA_saturation_hard,2026-09-13T18:54:15.567487+08:00,10,true,2.39,-1.00,429,backpressure,false,
candidateA_saturation_hard,2026-09-13T18:54:15.569515+08:00,12,false,1.12,-1.00,429,backpressure,false,
candidateA_saturation_hard,2026-09-13T18:54:15.569949+08:00,4,false,0.74,-1.00,429,backpressure,false,
candidateA_saturation_hard,2026-09-13T18:54:15.568986+08:00,11,true,1.74,-1.00,429,backpressure,false,
candidateA_saturation_hard,2026-09-13T18:54:15.721014+08:00,4,true,1.49,-1.00,429,backpressure,false,
candidateA_saturation_hard,2026-09-13T18:54:15.719394+08:00,11,true,3.19,-1.00,429,backpressure,false,
candidateA_saturation_hard,2026-09-13T18:54:15.71952+08:00,6,true,3.09,-1.00,429,backpressure,false,
candidateA_saturation_hard,2026-09-13T18:54:15.721254+08:00,12,true,1.41,-1.00,429,backpressure,false,
candidateA_saturation_hard,2026-09-13T18:54:15.718598+08:00,5,false,4.11,-1.00,429,backpressure,false,
candidateA_saturation_hard,2026-09-13T18:54:15.719916+08:00,10,true,3.43,-1.00,429,backpressure,false,
candidateA_saturation_hard,2026-09-13T18:54:09.595791+08:00,7,true,6274.17,5474.72,200,,true,
candidateA_saturation_hard,2026-09-13T18:54:15.870012+08:00,10,false,1.97,-1.00,429,backpressure,false,
candidateA_saturation_hard,2026-09-13T18:54:15.869415+08:00,5,false,2.60,-1.00,429,backpressure,false,
candidateA_saturation_hard,2026-09-13T18:54:15.870172+08:00,7,false,1.89,-1.00,429,backpressure,false,
candidateA_saturation_hard,2026-09-13T18:54:15.870267+08:00,11,true,2.27,-1.00,429,backpressure,false,
candidateA_saturation_hard,2026-09-13T18:54:15.87232+08:00,12,true,0.64,-1.00,429,backpressure,false,
candidateA_saturation_hard,2026-09-13T18:54:15.872399+08:00,4,true,0.59,-1.00,429,backpressure,false,
candidateA_saturation_hard,2026-09-13T18:54:16.020437+08:00,11,true,1.73,-1.00,429,backpressure,false,
candidateA_saturation_hard,2026-09-13T18:54:16.021087+08:00,5,false,1.64,-1.00,429,backpressure,false,
candidateA_saturation_hard,2026-09-13T18:54:16.021383+08:00,10,false,1.54,-1.00,429,backpressure,false,
candidateA_saturation_hard,2026-09-13T18:54:16.020963+08:00,7,true,2.16,-1.00,429,backpressure,false,
candidateA_saturation_hard,2026-09-13T18:54:16.022658+08:00,4,false,0.96,-1.00,429,backpressure,false,
candidateA_saturation_hard,2026-09-13T18:54:16.02259+08:00,12,true,1.07,-1.00,429,backpressure,false,
candidateA_saturation_hard,2026-09-13T18:54:16.171141+08:00,11,false,1.03,-1.00,429,backpressure,false,
candidateA_saturation_hard,2026-09-13T18:54:16.171126+08:00,7,false,1.11,-1.00,429,backpressure,false,
candidateA_saturation_hard,2026-09-13T18:54:16.171457+08:00,10,true,0.84,-1.00,429,backpressure,false,
candidateA_saturation_hard,2026-09-13T18:54:16.171256+08:00,5,true,1.11,-1.00,429,backpressure,false,
candidateA_saturation_hard,2026-09-13T18:54:16.172653+08:00,12,false,0.74,-1.00,429,backpressure,false,
candidateA_saturation_hard,2026-09-13T18:54:16.173057+08:00,4,false,0.37,-1.00,429,backpressure,false,
candidateA_saturation_hard,2026-09-13T18:54:16.322306+08:00,7,false,4.01,-1.00,429,backpressure,false,
candidateA_saturation_hard,2026-09-13T18:54:16.322171+08:00,11,false,4.41,-1.00,429,backpressure,false,
candidateA_saturation_hard,2026-09-13T18:54:16.322069+08:00,10,false,5.88,-1.00,429,backpressure,false,
candidateA_saturation_hard,2026-09-13T18:54:16.322703+08:00,12,false,5.28,-1.00,429,backpressure,false,
candidateA_saturation_hard,2026-09-13T18:54:16.325937+08:00,4,false,2.07,-1.00,429,backpressure,false,
candidateA_saturation_hard,2026-09-13T18:54:16.322262+08:00,5,false,5.74,-1.00,429,backpressure,false,
candidateA_saturation_hard,2026-09-13T18:54:16.472394+08:00,10,true,1.49,-1.00,429,backpressure,false,
candidateA_saturation_hard,2026-09-13T18:54:16.472634+08:00,5,true,1.47,-1.00,429,backpressure,false,
candidateA_saturation_hard,2026-09-13T18:54:16.47415+08:00,7,false,1.00,-1.00,429,backpressure,false,
candidateA_saturation_hard,2026-09-13T18:54:16.473639+08:00,12,false,1.70,-1.00,429,backpressure,false,
candidateA_saturation_hard,2026-09-13T18:54:16.474227+08:00,11,false,1.65,-1.00,429,backpressure,false,
candidateA_saturation_hard,2026-09-13T18:54:16.475983+08:00,4,false,0.47,-1.00,429,backpressure,false,
candidateA_saturation_hard,2026-09-13T18:54:10.389717+08:00,3,true,6183.41,5585.86,200,,true,
candidateA_saturation_hard,2026-09-13T18:54:16.623141+08:00,5,true,1.03,-1.00,429,backpressure,false,
candidateA_saturation_hard,2026-09-13T18:54:16.623937+08:00,12,false,1.08,-1.00,429,backpressure,false,
candidateA_saturation_hard,2026-09-13T18:54:16.623287+08:00,10,false,1.78,-1.00,429,backpressure,false,
candidateA_saturation_hard,2026-09-13T18:54:16.624344+08:00,11,true,0.77,-1.00,429,backpressure,false,
candidateA_saturation_hard,2026-09-13T18:54:16.624371+08:00,7,false,0.76,-1.00,429,backpressure,false,
candidateA_saturation_hard,2026-09-13T18:54:16.626123+08:00,4,false,1.07,-1.00,429,backpressure,false,
candidateA_saturation_hard,2026-09-13T18:54:16.774483+08:00,7,false,1.23,-1.00,429,backpressure,false,
candidateA_saturation_hard,2026-09-13T18:54:16.774266+08:00,10,false,1.48,-1.00,429,backpressure,false,
candidateA_saturation_hard,2026-09-13T18:54:16.774322+08:00,5,true,1.47,-1.00,429,backpressure,false,
candidateA_saturation_hard,2026-09-13T18:54:16.774662+08:00,11,true,1.16,-1.00,429,backpressure,false,
candidateA_saturation_hard,2026-09-13T18:54:16.77426+08:00,12,true,1.60,-1.00,429,backpressure,false,
candidateA_saturation_hard,2026-09-13T18:54:16.776156+08:00,4,false,0.28,-1.00,429,backpressure,false,
candidateA_saturation_hard,2026-09-13T18:54:16.925188+08:00,5,true,1.46,-1.00,429,backpressure,false,
candidateA_saturation_hard,2026-09-13T18:54:16.925355+08:00,7,false,1.36,-1.00,429,backpressure,false,
candidateA_saturation_hard,2026-09-13T18:54:16.925597+08:00,11,true,1.15,-1.00,429,backpressure,false,
candidateA_saturation_hard,2026-09-13T18:54:16.925423+08:00,10,true,1.34,-1.00,429,backpressure,false,
candidateA_saturation_hard,2026-09-13T18:54:16.925207+08:00,12,true,1.58,-1.00,429,backpressure,false,
candidateA_saturation_hard,2026-09-13T18:54:16.92635+08:00,4,true,0.85,-1.00,429,backpressure,false,
candidateA_saturation_hard,2026-09-13T18:54:17.076365+08:00,4,false,1.06,-1.00,429,backpressure,false,
candidateA_saturation_hard,2026-09-13T18:54:17.075756+08:00,11,false,1.70,-1.00,429,backpressure,false,
candidateA_saturation_hard,2026-09-13T18:54:17.075589+08:00,7,true,1.95,-1.00,429,backpressure,false,
candidateA_saturation_hard,2026-09-13T18:54:17.0756+08:00,10,false,1.99,-1.00,429,backpressure,false,
candidateA_saturation_hard,2026-09-13T18:54:17.075676+08:00,12,false,1.94,-1.00,429,backpressure,false,
candidateA_saturation_hard,2026-09-13T18:54:17.07579+08:00,5,true,1.84,-1.00,429,backpressure,false,
candidateA_saturation_hard,2026-09-13T18:54:17.226786+08:00,10,false,1.56,-1.00,429,backpressure,false,
candidateA_saturation_hard,2026-09-13T18:54:17.226758+08:00,4,true,1.65,-1.00,429,backpressure,false,
candidateA_saturation_hard,2026-09-13T18:54:17.227095+08:00,11,true,1.39,-1.00,429,backpressure,false,
candidateA_saturation_hard,2026-09-13T18:54:17.227173+08:00,12,true,1.35,-1.00,429,backpressure,false,
candidateA_saturation_hard,2026-09-13T18:54:17.22695+08:00,7,true,1.63,-1.00,429,backpressure,false,
candidateA_saturation_hard,2026-09-13T18:54:17.226758+08:00,5,true,1.85,-1.00,429,backpressure,false,
candidateA_saturation_hard,2026-09-13T18:54:11.041048+08:00,1,true,6207.21,5667.62,200,,true,
candidateA_saturation_hard,2026-09-13T18:54:17.378185+08:00,12,true,3.97,-1.00,429,backpressure,false,
candidateA_saturation_hard,2026-09-13T18:54:17.377798+08:00,5,false,4.53,-1.00,429,backpressure,false,
candidateA_saturation_hard,2026-09-13T18:54:17.377965+08:00,11,false,5.00,-1.00,429,backpressure,false,
candidateA_saturation_hard,2026-09-13T18:54:17.377816+08:00,7,false,5.22,-1.00,429,backpressure,false,
candidateA_saturation_hard,2026-09-13T18:54:17.378417+08:00,10,false,4.69,-1.00,429,backpressure,false,
candidateA_saturation_hard,2026-09-13T18:54:17.377849+08:00,4,false,5.57,-1.00,429,backpressure,false,
candidateA_saturation_hard,2026-09-13T18:54:17.52885+08:00,12,true,1.61,-1.00,429,backpressure,false,
candidateA_saturation_hard,2026-09-13T18:54:17.528815+08:00,10,false,1.71,-1.00,429,backpressure,false,
candidateA_saturation_hard,2026-09-13T18:54:17.52928+08:00,11,true,1.29,-1.00,429,backpressure,false,
candidateA_saturation_hard,2026-09-13T18:54:17.529209+08:00,7,true,1.37,-1.00,429,backpressure,false,
candidateA_saturation_hard,2026-09-13T18:54:17.529052+08:00,4,false,1.56,-1.00,429,backpressure,false,
candidateA_saturation_hard,2026-09-13T18:54:17.528988+08:00,5,true,1.65,-1.00,429,backpressure,false,
candidateA_saturation_hard,2026-09-13T18:54:17.680055+08:00,10,false,2.04,-1.00,429,backpressure,false,
candidateA_saturation_hard,2026-09-13T18:54:17.680108+08:00,4,true,2.02,-1.00,429,backpressure,false,
candidateA_saturation_hard,2026-09-13T18:54:17.680471+08:00,5,false,1.68,-1.00,429,backpressure,false,
candidateA_saturation_hard,2026-09-13T18:54:17.67997+08:00,12,true,2.21,-1.00,429,backpressure,false,
candidateA_saturation_hard,2026-09-13T18:54:17.680358+08:00,7,true,1.86,-1.00,429,backpressure,false,
candidateA_saturation_hard,2026-09-13T18:54:17.679882+08:00,11,false,2.35,-1.00,429,backpressure,false,
candidateA_saturation_hard,2026-09-13T18:54:17.830621+08:00,12,false,1.43,-1.00,429,backpressure,false,
candidateA_saturation_hard,2026-09-13T18:54:17.830756+08:00,5,true,1.35,-1.00,429,backpressure,false,
candidateA_saturation_hard,2026-09-13T18:54:17.83065+08:00,10,false,1.51,-1.00,429,backpressure,false,
candidateA_saturation_hard,2026-09-13T18:54:17.830964+08:00,4,false,1.24,-1.00,429,backpressure,false,
candidateA_saturation_hard,2026-09-13T18:54:17.831028+08:00,11,true,1.20,-1.00,429,backpressure,false,
candidateA_saturation_hard,2026-09-13T18:54:17.830621+08:00,7,true,1.62,-1.00,429,backpressure,false,
candidateA_saturation_hard,2026-09-13T18:54:11.694513+08:00,0,false,6249.36,-1.00,200,,true,
candidateA_saturation_hard,2026-09-13T18:54:17.982785+08:00,10,true,1.97,-1.00,429,backpressure,false,
candidateA_saturation_hard,2026-09-13T18:54:17.982892+08:00,7,true,1.91,-1.00,429,backpressure,false,
candidateA_saturation_hard,2026-09-13T18:54:17.98267+08:00,12,false,2.21,-1.00,429,backpressure,false,
candidateA_saturation_hard,2026-09-13T18:54:17.983033+08:00,5,false,1.91,-1.00,429,backpressure,false,
candidateA_saturation_hard,2026-09-13T18:54:17.982475+08:00,4,true,2.53,-1.00,429,backpressure,false,
candidateA_saturation_hard,2026-09-13T18:54:17.982384+08:00,11,false,2.68,-1.00,429,backpressure,false,
candidateA_saturation_hard,2026-09-13T18:54:18.133884+08:00,4,true,1.75,-1.00,429,backpressure,false,
candidateA_saturation_hard,2026-09-13T18:54:18.133453+08:00,5,false,2.26,-1.00,429,backpressure,false,
candidateA_saturation_hard,2026-09-13T18:54:18.133464+08:00,12,true,2.31,-1.00,429,backpressure,false,
candidateA_saturation_hard,2026-09-13T18:54:18.134131+08:00,7,false,1.66,-1.00,429,backpressure,false,
candidateA_saturation_hard,2026-09-13T18:54:18.13349+08:00,10,false,2.34,-1.00,429,backpressure,false,
candidateA_saturation_hard,2026-09-13T18:54:18.133634+08:00,11,true,2.24,-1.00,429,backpressure,false,
candidateA_saturation_hard,2026-09-13T18:54:18.284522+08:00,12,true,3.67,-1.00,429,backpressure,false,
candidateA_saturation_hard,2026-09-13T18:54:18.284998+08:00,7,false,3.54,-1.00,429,backpressure,false,
candidateA_saturation_hard,2026-09-13T18:54:18.28514+08:00,11,true,3.53,-1.00,429,backpressure,false,
candidateA_saturation_hard,2026-09-13T18:54:18.284449+08:00,5,false,4.27,-1.00,429,backpressure,false,
candidateA_saturation_hard,2026-09-13T18:54:18.285287+08:00,4,true,3.48,-1.00,429,backpressure,false,
candidateA_saturation_hard,2026-09-13T18:54:18.284204+08:00,10,false,4.58,-1.00,429,backpressure,false,
candidateA_saturation_hard,2026-09-13T18:54:18.435445+08:00,10,true,1.07,-1.00,429,backpressure,false,
candidateA_saturation_hard,2026-09-13T18:54:18.435662+08:00,5,false,0.93,-1.00,429,backpressure,false,
candidateA_saturation_hard,2026-09-13T18:54:18.436733+08:00,11,false,0.62,-1.00,429,backpressure,false,
candidateA_saturation_hard,2026-09-13T18:54:18.436607+08:00,12,false,0.79,-1.00,429,backpressure,false,
candidateA_saturation_hard,2026-09-13T18:54:18.43639+08:00,7,true,1.04,-1.00,429,backpressure,false,
candidateA_saturation_hard,2026-09-13T18:54:18.436671+08:00,4,false,0.91,-1.00,429,backpressure,false,
candidateA_saturation_hard,2026-09-13T18:54:18.588399+08:00,5,false,1.50,-1.00,429,backpressure,false,
candidateA_saturation_hard,2026-09-13T18:54:18.587681+08:00,4,false,2.21,-1.00,429,backpressure,false,
candidateA_saturation_hard,2026-09-13T18:54:18.587989+08:00,12,true,1.95,-1.00,429,backpressure,false,
candidateA_saturation_hard,2026-09-13T18:54:18.588575+08:00,10,true,1.39,-1.00,429,backpressure,false,
candidateA_saturation_hard,2026-09-13T18:54:18.587758+08:00,7,true,2.22,-1.00,429,backpressure,false,
candidateA_saturation_hard,2026-09-13T18:54:18.587697+08:00,11,false,2.33,-1.00,429,backpressure,false,
candidateA_saturation_hard,2026-09-13T18:54:12.667381+08:00,9,false,5973.74,-1.00,200,,true,
candidateA_saturation_hard,2026-09-13T18:54:18.738642+08:00,11,true,2.27,-1.00,429,backpressure,false,
candidateA_saturation_hard,2026-09-13T18:54:18.739105+08:00,4,true,2.49,-1.00,429,backpressure,false,
candidateA_saturation_hard,2026-09-13T18:54:18.738828+08:00,12,true,2.77,-1.00,429,backpressure,false,
candidateA_saturation_hard,2026-09-13T18:54:18.739212+08:00,7,false,2.58,-1.00,429,backpressure,false,
candidateA_saturation_hard,2026-09-13T18:54:18.738763+08:00,10,true,3.44,-1.00,429,backpressure,false,
candidateA_saturation_hard,2026-09-13T18:54:18.739276+08:00,5,false,3.06,-1.00,429,backpressure,false,
candidateA_saturation_hard,2026-09-13T18:54:18.890219+08:00,12,false,1.22,-1.00,429,backpressure,false,
candidateA_saturation_hard,2026-09-13T18:54:18.889943+08:00,7,false,1.72,-1.00,429,backpressure,false,
candidateA_saturation_hard,2026-09-13T18:54:18.889719+08:00,5,true,2.00,-1.00,429,backpressure,false,
candidateA_saturation_hard,2026-09-13T18:54:18.889863+08:00,10,false,2.43,-1.00,429,backpressure,false,
candidateA_saturation_hard,2026-09-13T18:54:18.88972+08:00,11,false,2.62,-1.00,429,backpressure,false,
candidateA_saturation_hard,2026-09-13T18:54:18.890508+08:00,4,false,2.00,-1.00,429,backpressure,false,
candidateA_saturation_hard,2026-09-13T18:54:19.040805+08:00,12,true,1.90,-1.00,429,backpressure,false,
candidateA_saturation_hard,2026-09-13T18:54:19.041143+08:00,7,false,1.62,-1.00,429,backpressure,false,
candidateA_saturation_hard,2026-09-13T18:54:19.041074+08:00,10,true,1.75,-1.00,429,backpressure,false,
candidateA_saturation_hard,2026-09-13T18:54:19.040652+08:00,4,false,2.22,-1.00,429,backpressure,false,
candidateA_saturation_hard,2026-09-13T18:54:19.040854+08:00,11,true,2.06,-1.00,429,backpressure,false,
candidateA_saturation_hard,2026-09-13T18:54:19.041235+08:00,5,false,1.71,-1.00,429,backpressure,false,
candidateA_saturation_hard,2026-09-13T18:54:19.192298+08:00,5,false,1.64,-1.00,429,backpressure,false,
candidateA_saturation_hard,2026-09-13T18:54:19.191925+08:00,10,false,2.10,-1.00,429,backpressure,false,
candidateA_saturation_hard,2026-09-13T18:54:19.191836+08:00,11,true,2.29,-1.00,429,backpressure,false,
candidateA_saturation_hard,2026-09-13T18:54:19.191763+08:00,4,false,2.43,-1.00,429,backpressure,false,
candidateA_saturation_hard,2026-09-13T18:54:19.191763+08:00,7,true,2.51,-1.00,429,backpressure,false,
candidateA_saturation_hard,2026-09-13T18:54:19.19204+08:00,12,true,2.35,-1.00,429,backpressure,false,
candidateA_saturation_hard,2026-09-13T18:54:19.342886+08:00,5,false,4.14,-1.00,429,backpressure,false,
candidateA_saturation_hard,2026-09-13T18:54:19.342831+08:00,7,false,4.51,-1.00,429,backpressure,false,
candidateA_saturation_hard,2026-09-13T18:54:19.343099+08:00,4,false,5.55,-1.00,429,backpressure,false,
candidateA_saturation_hard,2026-09-13T18:54:19.343012+08:00,12,false,5.76,-1.00,429,backpressure,false,
candidateA_saturation_hard,2026-09-13T18:54:19.342831+08:00,11,false,5.99,-1.00,429,backpressure,false,
candidateA_saturation_hard,2026-09-13T18:54:19.342871+08:00,10,false,6.00,-1.00,429,backpressure,false,
candidateA_saturation_hard,2026-09-13T18:54:13.414164+08:00,8,false,5980.13,-1.00,200,,true,
candidateA_saturation_hard,2026-09-13T18:54:19.493638+08:00,4,false,1.68,-1.00,429,backpressure,false,
candidateA_saturation_hard,2026-09-13T18:54:19.494267+08:00,7,false,1.32,-1.00,429,backpressure,false,
candidateA_saturation_hard,2026-09-13T18:54:19.494218+08:00,10,true,1.41,-1.00,429,backpressure,false,
candidateA_saturation_hard,2026-09-13T18:54:19.494429+08:00,12,false,1.20,-1.00,429,backpressure,false,
candidateA_saturation_hard,2026-09-13T18:54:19.494152+08:00,11,false,1.55,-1.00,429,backpressure,false,
candidateA_saturation_hard,2026-09-13T18:54:19.493873+08:00,5,true,1.85,-1.00,429,backpressure,false,
candidateA_saturation_hard,2026-09-13T18:54:19.644559+08:00,12,false,1.49,-1.00,429,backpressure,false,
candidateA_saturation_hard,2026-09-13T18:54:19.644519+08:00,4,true,1.86,-1.00,429,backpressure,false,
candidateA_saturation_hard,2026-09-13T18:54:19.644922+08:00,11,false,1.51,-1.00,429,backpressure,false,
candidateA_saturation_hard,2026-09-13T18:54:19.644499+08:00,7,false,4.13,-1.00,429,backpressure,false,
candidateA_saturation_hard,2026-09-13T18:54:19.644703+08:00,10,true,4.00,-1.00,429,backpressure,false,
candidateA_saturation_hard,2026-09-13T18:54:19.645219+08:00,5,false,3.49,-1.00,429,backpressure,false,
candidateA_saturation_hard,2026-09-13T18:54:19.795595+08:00,11,true,2.32,-1.00,429,backpressure,false,
candidateA_saturation_hard,2026-09-13T18:54:19.796045+08:00,5,false,1.92,-1.00,429,backpressure,false,
candidateA_saturation_hard,2026-09-13T18:54:19.795614+08:00,4,false,2.46,-1.00,429,backpressure,false,
candidateA_saturation_hard,2026-09-13T18:54:19.79588+08:00,7,false,2.83,-1.00,429,backpressure,false,
candidateA_saturation_hard,2026-09-13T18:54:19.796192+08:00,10,false,2.58,-1.00,429,backpressure,false,
candidateA_saturation_hard,2026-09-13T18:54:19.795674+08:00,12,true,3.11,-1.00,429,backpressure,false,
candidateA_saturation_hard,2026-09-13T18:54:19.947495+08:00,7,false,1.66,-1.00,429,backpressure,false,
candidateA_saturation_hard,2026-09-13T18:54:19.948787+08:00,12,false,0.58,-1.00,429,backpressure,false,
candidateA_saturation_hard,2026-09-13T18:54:19.94811+08:00,5,true,1.33,-1.00,429,backpressure,false,
candidateA_saturation_hard,2026-09-13T18:54:19.94846+08:00,4,true,1.30,-1.00,429,backpressure,false,
candidateA_saturation_hard,2026-09-13T18:54:19.948191+08:00,11,true,1.68,-1.00,429,backpressure,false,
candidateA_saturation_hard,2026-09-13T18:54:19.948637+08:00,10,false,1.57,-1.00,429,backpressure,false,
candidateA_saturation_hard,2026-09-13T18:54:20.098126+08:00,7,false,2.99,-1.00,429,backpressure,false,
candidateA_saturation_hard,2026-09-13T18:54:20.098162+08:00,5,true,3.08,-1.00,429,backpressure,false,
candidateA_saturation_hard,2026-09-13T18:54:20.098703+08:00,10,false,3.27,-1.00,429,backpressure,false,
candidateA_saturation_hard,2026-09-13T18:54:20.098835+08:00,12,true,3.19,-1.00,429,backpressure,false,
candidateA_saturation_hard,2026-09-13T18:54:20.098332+08:00,11,false,3.73,-1.00,429,backpressure,false,
candidateA_saturation_hard,2026-09-13T18:54:20.098617+08:00,4,false,3.48,-1.00,429,backpressure,false,
candidateA_saturation_hard,2026-09-13T18:54:14.259043+08:00,2,true,5919.89,5242.42,200,,true,
candidateA_saturation_hard,2026-09-13T18:54:20.250447+08:00,5,true,2.87,-1.00,429,backpressure,false,
candidateA_saturation_hard,2026-09-13T18:54:20.250191+08:00,10,true,3.18,-1.00,429,backpressure,false,
candidateA_saturation_hard,2026-09-13T18:54:20.249803+08:00,11,true,3.60,-1.00,429,backpressure,false,
candidateA_saturation_hard,2026-09-13T18:54:20.250107+08:00,4,false,3.30,-1.00,429,backpressure,false,
candidateA_saturation_hard,2026-09-13T18:54:20.249536+08:00,12,true,3.88,-1.00,429,backpressure,false,
candidateA_saturation_hard,2026-09-13T18:54:20.250528+08:00,7,false,3.12,-1.00,429,backpressure,false,
candidateA_saturation_hard,2026-09-13T18:54:20.401107+08:00,5,true,1.08,-1.00,429,backpressure,false,
candidateA_saturation_hard,2026-09-13T18:54:20.400624+08:00,7,false,1.60,-1.00,429,backpressure,false,
candidateA_saturation_hard,2026-09-13T18:54:20.400898+08:00,10,true,1.41,-1.00,429,backpressure,false,
candidateA_saturation_hard,2026-09-13T18:54:20.401177+08:00,12,false,1.14,-1.00,429,backpressure,false,
candidateA_saturation_hard,2026-09-13T18:54:20.400943+08:00,11,false,1.40,-1.00,429,backpressure,false,
candidateA_saturation_hard,2026-09-13T18:54:20.400624+08:00,4,true,2.02,-1.00,429,backpressure,false,
candidateA_saturation_hard,2026-09-13T18:54:20.553168+08:00,10,false,1.77,-1.00,429,backpressure,false,
candidateA_saturation_hard,2026-09-13T18:54:20.55192+08:00,7,true,3.07,-1.00,429,backpressure,false,
candidateA_saturation_hard,2026-09-13T18:54:20.551671+08:00,12,true,3.36,-1.00,429,backpressure,false,
candidateA_saturation_hard,2026-09-13T18:54:20.553049+08:00,11,true,2.04,-1.00,429,backpressure,false,
candidateA_saturation_hard,2026-09-13T18:54:20.552581+08:00,4,false,2.56,-1.00,429,backpressure,false,
candidateA_saturation_hard,2026-09-13T18:54:20.551989+08:00,5,true,3.49,-1.00,429,backpressure,false,
candidateA_saturation_hard,2026-09-13T18:54:20.702645+08:00,12,false,4.80,-1.00,429,backpressure,false,
candidateA_saturation_hard,2026-09-13T18:54:20.702289+08:00,5,false,5.33,-1.00,429,backpressure,false,
candidateA_saturation_hard,2026-09-13T18:54:20.70307+08:00,11,true,4.64,-1.00,429,backpressure,false,
candidateA_saturation_hard,2026-09-13T18:54:20.703213+08:00,10,false,4.76,-1.00,429,backpressure,false,
candidateA_saturation_hard,2026-09-13T18:54:20.70248+08:00,7,true,4.87,-1.00,429,backpressure,false,
candidateA_saturation_hard,2026-09-13T18:54:20.702691+08:00,4,false,6.15,-1.00,429,backpressure,false,
candidateA_saturation_hard,2026-09-13T18:54:20.853878+08:00,4,false,2.30,-1.00,429,backpressure,false,
candidateA_saturation_hard,2026-09-13T18:54:20.854203+08:00,10,false,2.85,-1.00,429,backpressure,false,
candidateA_saturation_hard,2026-09-13T18:54:20.855137+08:00,11,false,1.97,-1.00,429,backpressure,false,
candidateA_saturation_hard,2026-09-13T18:54:20.855856+08:00,12,false,1.28,-1.00,429,backpressure,false,
candidateA_saturation_hard,2026-09-13T18:54:20.85335+08:00,7,false,3.80,-1.00,429,backpressure,false,
candidateA_saturation_hard,2026-09-13T18:54:20.855723+08:00,5,false,1.46,-1.00,429,backpressure,false,
candidateA_saturation_hard,2026-09-13T18:54:14.958645+08:00,13,false,5974.10,-1.00,200,,true,
candidateA_saturation_hard,2026-09-13T18:54:21.003661+08:00,4,true,1.08,-1.00,429,backpressure,false,
candidateA_saturation_hard,2026-09-13T18:54:21.003621+08:00,7,true,1.26,-1.00,429,backpressure,false,
candidateA_saturation_hard,2026-09-13T18:54:21.004298+08:00,10,false,0.95,-1.00,429,backpressure,false,
candidateA_saturation_hard,2026-09-13T18:54:21.005195+08:00,11,true,0.40,-1.00,429,backpressure,false,
candidateA_saturation_hard,2026-09-13T18:54:21.005786+08:00,5,true,0.51,-1.00,429,backpressure,false,
candidateA_saturation_hard,2026-09-13T18:54:21.006198+08:00,12,false,0.36,-1.00,429,backpressure,false,
candidateA_saturation_hard,2026-09-13T18:54:21.154819+08:00,4,true,0.96,-1.00,429,backpressure,false,
candidateA_saturation_hard,2026-09-13T18:54:21.154829+08:00,7,false,1.09,-1.00,429,backpressure,false,
candidateA_saturation_hard,2026-09-13T18:54:21.154999+08:00,10,false,1.39,-1.00,429,backpressure,false,
candidateA_saturation_hard,2026-09-13T18:54:21.155232+08:00,11,false,1.19,-1.00,429,backpressure,false,
candidateA_saturation_hard,2026-09-13T18:54:21.155802+08:00,5,true,0.63,-1.00,429,backpressure,false,
candidateA_saturation_hard,2026-09-13T18:54:21.156458+08:00,12,true,0.30,-1.00,429,backpressure,false,
candidateA_saturation_hard,2026-09-13T18:54:21.306155+08:00,4,false,3.76,-1.00,429,backpressure,false,
candidateA_saturation_hard,2026-09-13T18:54:21.307049+08:00,5,false,2.86,-1.00,429,backpressure,false,
candidateA_saturation_hard,2026-09-13T18:54:21.307469+08:00,10,true,2.49,-1.00,429,backpressure,false,
candidateA_saturation_hard,2026-09-13T18:54:21.305802+08:00,11,false,4.20,-1.00,429,backpressure,false,
candidateA_saturation_hard,2026-09-13T18:54:21.306844+08:00,12,true,3.20,-1.00,429,backpressure,false,
candidateA_saturation_hard,2026-09-13T18:54:21.306251+08:00,7,false,4.14,-1.00,429,backpressure,false,
candidateA_saturation_hard,2026-09-13T18:54:21.457155+08:00,7,true,1.78,-1.00,429,backpressure,false,
candidateA_saturation_hard,2026-09-13T18:54:21.457262+08:00,4,true,1.67,-1.00,429,backpressure,false,
candidateA_saturation_hard,2026-09-13T18:54:21.457251+08:00,5,true,1.76,-1.00,429,backpressure,false,
candidateA_saturation_hard,2026-09-13T18:54:21.457017+08:00,11,false,2.01,-1.00,429,backpressure,false,
candidateA_saturation_hard,2026-09-13T18:54:21.457498+08:00,12,false,1.56,-1.00,429,backpressure,false,
candidateA_saturation_hard,2026-09-13T18:54:21.457602+08:00,10,true,1.47,-1.00,429,backpressure,false,
candidateA_saturation_hard,2026-09-13T18:54:15.870171+08:00,6,false,5727.06,-1.00,200,,true,
candidateA_saturation_hard,2026-09-13T18:54:21.608419+08:00,4,false,2.31,-1.00,429,backpressure,false,
candidateA_saturation_hard,2026-09-13T18:54:21.608116+08:00,10,true,2.66,-1.00,429,backpressure,false,
candidateA_saturation_hard,2026-09-13T18:54:21.608082+08:00,7,false,2.75,-1.00,429,backpressure,false,
candidateA_saturation_hard,2026-09-13T18:54:21.608456+08:00,11,false,2.42,-1.00,429,backpressure,false,
candidateA_saturation_hard,2026-09-13T18:54:21.608498+08:00,5,false,2.41,-1.00,429,backpressure,false,
candidateA_saturation_hard,2026-09-13T18:54:21.60834+08:00,12,false,3.16,-1.00,429,backpressure,false,
candidateA_saturation_hard,2026-09-13T18:54:21.75936+08:00,4,true,1.15,-1.00,429,backpressure,false,
candidateA_saturation_hard,2026-09-13T18:54:21.758806+08:00,5,false,1.75,-1.00,429,backpressure,false,
candidateA_saturation_hard,2026-09-13T18:54:21.75908+08:00,10,false,1.52,-1.00,429,backpressure,false,
candidateA_saturation_hard,2026-09-13T18:54:21.759439+08:00,12,true,1.20,-1.00,429,backpressure,false,
candidateA_saturation_hard,2026-09-13T18:54:21.759196+08:00,11,true,1.47,-1.00,429,backpressure,false,
candidateA_saturation_hard,2026-09-13T18:54:21.759014+08:00,7,false,1.85,-1.00,429,backpressure,false,
candidateA_saturation_hard,2026-09-13T18:54:21.910711+08:00,5,false,1.64,-1.00,429,backpressure,false,
candidateA_saturation_hard,2026-09-13T18:54:21.910147+08:00,10,false,2.26,-1.00,429,backpressure,false,
candidateA_saturation_hard,2026-09-13T18:54:21.910503+08:00,4,false,2.10,-1.00,429,backpressure,false,
candidateA_saturation_hard,2026-09-13T18:54:21.910757+08:00,7,false,2.33,-1.00,429,backpressure,false,
candidateA_saturation_hard,2026-09-13T18:54:21.910059+08:00,12,false,3.12,-1.00,429,backpressure,false,
candidateA_saturation_hard,2026-09-13T18:54:21.910241+08:00,11,true,3.01,-1.00,429,backpressure,false,
candidateA_saturation_hard,2026-09-13T18:54:22.061107+08:00,7,false,3.30,-1.00,429,backpressure,false,
candidateA_saturation_hard,2026-09-13T18:54:22.061156+08:00,12,false,3.39,-1.00,429,backpressure,false,
candidateA_saturation_hard,2026-09-13T18:54:22.061543+08:00,5,false,3.02,-1.00,429,backpressure,false,
candidateA_saturation_hard,2026-09-13T18:54:22.061276+08:00,4,false,3.36,-1.00,429,backpressure,false,
candidateA_saturation_hard,2026-09-13T18:54:22.061116+08:00,11,true,3.54,-1.00,429,backpressure,false,
candidateA_saturation_hard,2026-09-13T18:54:22.061348+08:00,10,false,3.80,-1.00,429,backpressure,false,
candidateA_saturation_hard,2026-09-13T18:54:22.211711+08:00,10,false,1.94,-1.00,429,backpressure,false,
candidateA_saturation_hard,2026-09-13T18:54:22.211259+08:00,12,false,4.30,-1.00,429,backpressure,false,
candidateA_saturation_hard,2026-09-13T18:54:22.211954+08:00,5,false,4.43,-1.00,429,backpressure,false,
candidateA_saturation_hard,2026-09-13T18:54:22.213512+08:00,11,false,2.92,-1.00,429,backpressure,false,
candidateA_saturation_hard,2026-09-13T18:54:22.21571+08:00,7,true,0.94,-1.00,429,backpressure,false,
candidateA_saturation_hard,2026-09-13T18:54:22.212286+08:00,4,true,4.41,-1.00,429,backpressure,false,
candidateA_saturation_hard,2026-09-13T18:54:16.573348+08:00,3,true,5678.80,5130.36,200,,true,
candidateA_saturation_hard,2026-09-13T18:54:22.361547+08:00,12,false,1.61,-1.00,429,backpressure,false,
candidateA_saturation_hard,2026-09-13T18:54:22.362785+08:00,4,true,1.22,-1.00,429,backpressure,false,
candidateA_saturation_hard,2026-09-13T18:54:22.362353+08:00,5,false,1.70,-1.00,429,backpressure,false,
candidateA_saturation_hard,2026-09-13T18:54:22.361794+08:00,10,false,2.31,-1.00,429,backpressure,false,
candidateA_saturation_hard,2026-09-13T18:54:22.363563+08:00,11,true,0.58,-1.00,429,backpressure,false,
candidateA_saturation_hard,2026-09-13T18:54:22.366173+08:00,7,true,0.84,-1.00,429,backpressure,false,
candidateA_saturation_hard,2026-09-13T18:54:22.512829+08:00,4,false,1.05,-1.00,429,backpressure,false,
candidateA_saturation_hard,2026-09-13T18:54:22.512641+08:00,12,true,1.26,-1.00,429,backpressure,false,
candidateA_saturation_hard,2026-09-13T18:54:22.512641+08:00,5,false,1.30,-1.00,429,backpressure,false,
candidateA_saturation_hard,2026-09-13T18:54:22.512703+08:00,10,false,1.29,-1.00,429,backpressure,false,
candidateA_saturation_hard,2026-09-13T18:54:22.513726+08:00,11,true,0.61,-1.00,429,backpressure,false,
candidateA_saturation_hard,2026-09-13T18:54:22.516215+08:00,7,false,0.62,-1.00,429,backpressure,false,
candidateA_saturation_hard,2026-09-13T18:54:22.66309+08:00,10,false,1.61,-1.00,429,backpressure,false,
candidateA_saturation_hard,2026-09-13T18:54:22.66319+08:00,5,false,1.70,-1.00,429,backpressure,false,
candidateA_saturation_hard,2026-09-13T18:54:22.663781+08:00,11,false,2.01,-1.00,429,backpressure,false,
candidateA_saturation_hard,2026-09-13T18:54:22.663293+08:00,4,false,2.55,-1.00,429,backpressure,false,
candidateA_saturation_hard,2026-09-13T18:54:22.663349+08:00,12,false,2.52,-1.00,429,backpressure,false,
candidateA_saturation_hard,2026-09-13T18:54:22.666305+08:00,7,true,0.47,-1.00,429,backpressure,false,
candidateA_saturation_hard,2026-09-13T18:54:22.813959+08:00,10,false,0.75,-1.00,429,backpressure,false,
candidateA_saturation_hard,2026-09-13T18:54:22.813929+08:00,5,false,0.87,-1.00,429,backpressure,false,
candidateA_saturation_hard,2026-09-13T18:54:22.813934+08:00,11,false,0.89,-1.00,429,backpressure,false,
candidateA_saturation_hard,2026-09-13T18:54:22.813962+08:00,12,false,0.88,-1.00,429,backpressure,false,
candidateA_saturation_hard,2026-09-13T18:54:22.814+08:00,4,false,0.91,-1.00,429,backpressure,false,
candidateA_saturation_hard,2026-09-13T18:54:22.816521+08:00,7,true,0.35,-1.00,429,backpressure,false,
candidateA_saturation_hard,2026-09-13T18:54:17.248481+08:00,1,true,5610.59,5110.76,200,,true,
candidateA_saturation_hard,2026-09-13T18:54:22.965102+08:00,5,false,1.96,-1.00,429,backpressure,false,
candidateA_saturation_hard,2026-09-13T18:54:22.965024+08:00,10,true,2.09,-1.00,429,backpressure,false,
candidateA_saturation_hard,2026-09-13T18:54:22.965024+08:00,4,true,2.17,-1.00,429,backpressure,false,
candidateA_saturation_hard,2026-09-13T18:54:22.965286+08:00,11,true,1.94,-1.00,429,backpressure,false,
candidateA_saturation_hard,2026-09-13T18:54:22.965395+08:00,12,true,1.85,-1.00,429,backpressure,false,
candidateA_saturation_hard,2026-09-13T18:54:22.967269+08:00,7,true,0.65,-1.00,429,backpressure,false,
candidateA_saturation_hard,2026-09-13T18:54:23.116784+08:00,11,false,2.01,-1.00,429,backpressure,false,
candidateA_saturation_hard,2026-09-13T18:54:23.116338+08:00,4,false,2.50,-1.00,429,backpressure,false,
candidateA_saturation_hard,2026-09-13T18:54:23.116618+08:00,5,false,2.34,-1.00,429,backpressure,false,
candidateA_saturation_hard,2026-09-13T18:54:23.116064+08:00,10,true,3.04,-1.00,429,backpressure,false,
candidateA_saturation_hard,2026-09-13T18:54:23.116275+08:00,12,true,2.90,-1.00,429,backpressure,false,
candidateA_saturation_hard,2026-09-13T18:54:23.118301+08:00,7,false,2.49,-1.00,429,backpressure,false,
candidateA_saturation_hard,2026-09-13T18:54:23.267261+08:00,10,false,2.49,-1.00,429,backpressure,false,
candidateA_saturation_hard,2026-09-13T18:54:23.267755+08:00,5,false,2.08,-1.00,429,backpressure,false,
candidateA_saturation_hard,2026-09-13T18:54:23.267734+08:00,4,true,2.23,-1.00,429,backpressure,false,
candidateA_saturation_hard,2026-09-13T18:54:23.267066+08:00,11,true,3.16,-1.00,429,backpressure,false,
candidateA_saturation_hard,2026-09-13T18:54:23.267162+08:00,12,false,3.10,-1.00,429,backpressure,false,
candidateA_saturation_hard,2026-09-13T18:54:23.268515+08:00,7,true,2.42,-1.00,429,backpressure,false,
candidateA_saturation_hard,2026-09-13T18:54:23.41815+08:00,11,false,3.08,-1.00,429,backpressure,false,
candidateA_saturation_hard,2026-09-13T18:54:23.418468+08:00,5,false,2.76,-1.00,429,backpressure,false,
candidateA_saturation_hard,2026-09-13T18:54:23.42032+08:00,7,false,2.32,-1.00,429,backpressure,false,
candidateA_saturation_hard,2026-09-13T18:54:23.41857+08:00,10,true,4.14,-1.00,429,backpressure,false,
candidateA_saturation_hard,2026-09-13T18:54:23.420482+08:00,12,false,2.38,-1.00,429,backpressure,false,
candidateA_saturation_hard,2026-09-13T18:54:23.419952+08:00,4,true,2.93,-1.00,429,backpressure,false,
candidateA_saturation_hard,2026-09-13T18:54:23.569244+08:00,10,true,1.45,-1.00,429,backpressure,false,
candidateA_saturation_hard,2026-09-13T18:54:23.569467+08:00,5,false,1.31,-1.00,429,backpressure,false,
candidateA_saturation_hard,2026-09-13T18:54:23.569991+08:00,4,true,1.60,-1.00,429,backpressure,false,
candidateA_saturation_hard,2026-09-13T18:54:23.570581+08:00,7,false,1.04,-1.00,429,backpressure,false,
candidateA_saturation_hard,2026-09-13T18:54:23.56957+08:00,11,true,2.06,-1.00,429,backpressure,false,
candidateA_saturation_hard,2026-09-13T18:54:23.570548+08:00,12,false,1.12,-1.00,429,backpressure,false,
candidateA_saturation_hard,2026-09-13T18:54:17.944126+08:00,0,false,5695.95,-1.00,200,,true,
candidateA_saturation_hard,2026-09-13T18:54:23.719792+08:00,10,false,1.91,-1.00,429,backpressure,false,
candidateA_saturation_hard,2026-09-13T18:54:23.720034+08:00,4,false,2.61,-1.00,429,backpressure,false,
candidateA_saturation_hard,2026-09-13T18:54:23.721233+08:00,5,false,1.45,-1.00,429,backpressure,false,
candidateA_saturation_hard,2026-09-13T18:54:23.7206+08:00,7,true,2.15,-1.00,429,backpressure,false,
candidateA_saturation_hard,2026-09-13T18:54:23.720578+08:00,11,true,2.22,-1.00,429,backpressure,false,
candidateA_saturation_hard,2026-09-13T18:54:23.721784+08:00,12,true,1.06,-1.00,429,backpressure,false,
candidateA_saturation_hard,2026-09-13T18:54:23.870916+08:00,7,true,4.00,-1.00,429,backpressure,false,
candidateA_saturation_hard,2026-09-13T18:54:23.870989+08:00,11,true,4.05,-1.00,429,backpressure,false,
candidateA_saturation_hard,2026-09-13T18:54:23.871195+08:00,10,false,3.94,-1.00,429,backpressure,false,
candidateA_saturation_hard,2026-09-13T18:54:23.871424+08:00,5,false,4.28,-1.00,429,backpressure,false,
candidateA_saturation_hard,2026-09-13T18:54:23.873224+08:00,12,true,3.96,-1.00,429,backpressure,false,
candidateA_saturation_hard,2026-09-13T18:54:23.870934+08:00,4,false,6.31,-1.00,429,backpressure,false,
candidateA_saturation_hard,2026-09-13T18:54:24.021615+08:00,4,false,1.39,-1.00,429,backpressure,false,
candidateA_saturation_hard,2026-09-13T18:54:24.021328+08:00,10,true,1.75,-1.00,429,backpressure,false,
candidateA_saturation_hard,2026-09-13T18:54:24.02144+08:00,5,true,1.66,-1.00,429,backpressure,false,
candidateA_saturation_hard,2026-09-13T18:54:24.022185+08:00,11,true,0.95,-1.00,429,backpressure,false,
candidateA_saturation_hard,2026-09-13T18:54:24.021582+08:00,7,true,1.79,-1.00,429,backpressure,false,
candidateA_saturation_hard,2026-09-13T18:54:24.023295+08:00,12,true,0.31,-1.00,429,backpressure,false,
candidateA_saturation_hard,2026-09-13T18:54:24.17264+08:00,4,true,2.55,-1.00,429,backpressure,false,
candidateA_saturation_hard,2026-09-13T18:54:24.172592+08:00,10,true,2.85,-1.00,429,backpressure,false,
candidateA_saturation_hard,2026-09-13T18:54:24.172831+08:00,5,false,2.75,-1.00,429,backpressure,false,
candidateA_saturation_hard,2026-09-13T18:54:24.172386+08:00,11,true,3.22,-1.00,429,backpressure,false,
candidateA_saturation_hard,2026-09-13T18:54:24.173508+08:00,12,false,2.66,-1.00,429,backpressure,false,
candidateA_saturation_hard,2026-09-13T18:54:24.172597+08:00,7,false,3.63,-1.00,429,backpressure,false,
candidateA_saturation_hard,2026-09-13T18:54:24.32348+08:00,5,false,0.76,-1.00,429,backpressure,false,
candidateA_saturation_hard,2026-09-13T18:54:24.323454+08:00,7,true,0.93,-1.00,429,backpressure,false,
candidateA_saturation_hard,2026-09-13T18:54:24.323541+08:00,10,false,1.15,-1.00,429,backpressure,false,
candidateA_saturation_hard,2026-09-13T18:54:24.323553+08:00,4,true,1.15,-1.00,429,backpressure,false,
candidateA_saturation_hard,2026-09-13T18:54:24.323552+08:00,12,false,1.16,-1.00,429,backpressure,false,
candidateA_saturation_hard,2026-09-13T18:54:24.323593+08:00,11,false,1.14,-1.00,429,backpressure,false,
candidateA_saturation_hard,2026-09-13T18:54:18.641346+08:00,9,true,5696.80,5103.73,200,,true,
candidateA_saturation_hard,2026-09-13T18:54:24.474626+08:00,11,false,1.40,-1.00,429,backpressure,false,
candidateA_saturation_hard,2026-09-13T18:54:24.47497+08:00,12,true,1.10,-1.00,429,backpressure,false,
candidateA_saturation_hard,2026-09-13T18:54:24.474554+08:00,4,true,1.56,-1.00,429,backpressure,false,
candidateA_saturation_hard,2026-09-13T18:54:24.474782+08:00,10,false,1.36,-1.00,429,backpressure,false,
candidateA_saturation_hard,2026-09-13T18:54:24.474589+08:00,7,false,1.71,-1.00,429,backpressure,false,
candidateA_saturation_hard,2026-09-13T18:54:24.474562+08:00,5,false,1.80,-1.00,429,backpressure,false,
candidateA_saturation_hard,2026-09-13T18:54:24.625585+08:00,5,true,0.68,-1.00,429,backpressure,false,
candidateA_saturation_hard,2026-09-13T18:54:24.625623+08:00,4,false,0.72,-1.00,429,backpressure,false,
candidateA_saturation_hard,2026-09-13T18:54:24.62567+08:00,11,false,0.77,-1.00,429,backpressure,false,
candidateA_saturation_hard,2026-09-13T18:54:24.625605+08:00,12,false,0.94,-1.00,429,backpressure,false,
candidateA_saturation_hard,2026-09-13T18:54:24.625702+08:00,10,false,0.91,-1.00,429,backpressure,false,
candidateA_saturation_hard,2026-09-13T18:54:24.62568+08:00,7,true,0.96,-1.00,429,backpressure,false,
candidateA_saturation_hard,2026-09-13T18:54:24.776812+08:00,11,false,1.51,-1.00,429,backpressure,false,
candidateA_saturation_hard,2026-09-13T18:54:24.776859+08:00,7,false,1.53,-1.00,429,backpressure,false,
candidateA_saturation_hard,2026-09-13T18:54:24.776669+08:00,10,false,1.75,-1.00,429,backpressure,false,
candidateA_saturation_hard,2026-09-13T18:54:24.776705+08:00,5,true,1.80,-1.00,429,backpressure,false,
candidateA_saturation_hard,2026-09-13T18:54:24.777011+08:00,4,false,1.59,-1.00,429,backpressure,false,
candidateA_saturation_hard,2026-09-13T18:54:24.776669+08:00,12,false,2.17,-1.00,429,backpressure,false,
candidateA_saturation_hard,2026-09-13T18:54:24.928199+08:00,7,false,1.02,-1.00,429,backpressure,false,
candidateA_saturation_hard,2026-09-13T18:54:24.927694+08:00,4,false,1.56,-1.00,429,backpressure,false,
candidateA_saturation_hard,2026-09-13T18:54:24.92812+08:00,11,false,1.18,-1.00,429,backpressure,false,
candidateA_saturation_hard,2026-09-13T18:54:24.928027+08:00,10,false,1.30,-1.00,429,backpressure,false,
candidateA_saturation_hard,2026-09-13T18:54:24.927898+08:00,12,true,1.47,-1.00,429,backpressure,false,
candidateA_saturation_hard,2026-09-13T18:54:24.927851+08:00,5,true,1.55,-1.00,429,backpressure,false,
candidateA_saturation_hard,2026-09-13T18:54:25.078795+08:00,12,true,2.16,-1.00,429,backpressure,false,
candidateA_saturation_hard,2026-09-13T18:54:25.079244+08:00,5,false,1.71,-1.00,429,backpressure,false,
candidateA_saturation_hard,2026-09-13T18:54:25.078978+08:00,4,true,2.01,-1.00,429,backpressure,false,
candidateA_saturation_hard,2026-09-13T18:54:25.078837+08:00,10,false,2.21,-1.00,429,backpressure,false,
candidateA_saturation_hard,2026-09-13T18:54:25.078785+08:00,7,true,2.27,-1.00,429,backpressure,false,
candidateA_saturation_hard,2026-09-13T18:54:25.079065+08:00,11,false,2.31,-1.00,429,backpressure,false,
candidateA_saturation_hard,2026-09-13T18:54:19.394528+08:00,8,false,5730.30,-1.00,200,,true,
candidateA_saturation_hard,2026-09-13T18:54:25.230524+08:00,10,false,1.57,-1.00,429,backpressure,false,
candidateA_saturation_hard,2026-09-13T18:54:25.231002+08:00,11,true,1.13,-1.00,429,backpressure,false,
candidateA_saturation_hard,2026-09-13T18:54:25.230908+08:00,5,true,1.85,-1.00,429,backpressure,false,
candidateA_saturation_hard,2026-09-13T18:54:25.230787+08:00,12,false,1.99,-1.00,429,backpressure,false,
candidateA_saturation_hard,2026-09-13T18:54:25.230294+08:00,7,false,2.52,-1.00,429,backpressure,false,
candidateA_saturation_hard,2026-09-13T18:54:25.230101+08:00,4,false,2.76,-1.00,429,backpressure,false,
candidateA_saturation_hard,2026-09-13T18:54:25.381325+08:00,10,true,1.64,-1.00,429,backpressure,false,
candidateA_saturation_hard,2026-09-13T18:54:25.381614+08:00,12,true,1.35,-1.00,429,backpressure,false,
candidateA_saturation_hard,2026-09-13T18:54:25.381334+08:00,7,true,1.67,-1.00,429,backpressure,false,
candidateA_saturation_hard,2026-09-13T18:54:25.381292+08:00,5,true,1.75,-1.00,429,backpressure,false,
candidateA_saturation_hard,2026-09-13T18:54:25.381215+08:00,11,false,1.84,-1.00,429,backpressure,false,
candidateA_saturation_hard,2026-09-13T18:54:25.381675+08:00,4,false,1.39,-1.00,429,backpressure,false,
candidateA_saturation_hard,2026-09-13T18:54:25.532517+08:00,10,false,1.07,-1.00,429,backpressure,false,
candidateA_saturation_hard,2026-09-13T18:54:25.533145+08:00,12,false,0.82,-1.00,429,backpressure,false,
candidateA_saturation_hard,2026-09-13T18:54:25.532338+08:00,11,true,1.71,-1.00,429,backpressure,false,
candidateA_saturation_hard,2026-09-13T18:54:25.53301+08:00,7,false,1.20,-1.00,429,backpressure,false,
candidateA_saturation_hard,2026-09-13T18:54:25.532899+08:00,5,true,1.82,-1.00,429,backpressure,false,
candidateA_saturation_hard,2026-09-13T18:54:25.532616+08:00,4,false,2.17,-1.00,429,backpressure,false,
candidateA_saturation_hard,2026-09-13T18:54:25.684006+08:00,5,false,2.44,-1.00,429,backpressure,false,
candidateA_saturation_hard,2026-09-13T18:54:25.683968+08:00,4,true,2.80,-1.00,429,backpressure,false,
candidateA_saturation_hard,2026-09-13T18:54:25.684584+08:00,10,false,6.26,-1.00,429,backpressure,false,
candidateA_saturation_hard,2026-09-13T18:54:25.684133+08:00,7,false,6.84,-1.00,429,backpressure,false,
candidateA_saturation_hard,2026-09-13T18:54:25.684215+08:00,11,false,6.77,-1.00,429,backpressure,false,
candidateA_saturation_hard,2026-09-13T18:54:25.683955+08:00,12,false,7.47,-1.00,429,backpressure,false,
candidateA_saturation_hard,2026-09-13T18:54:20.179147+08:00,2,true,5641.03,5053.55,200,,true,
candidateA_saturation_hard,2026-09-13T18:54:25.834693+08:00,7,false,1.62,-1.00,429,backpressure,false,
candidateA_saturation_hard,2026-09-13T18:54:25.83504+08:00,4,false,1.34,-1.00,429,backpressure,false,
candidateA_saturation_hard,2026-09-13T18:54:25.835007+08:00,5,true,1.45,-1.00,429,backpressure,false,
candidateA_saturation_hard,2026-09-13T18:54:25.834931+08:00,11,false,1.57,-1.00,429,backpressure,false,
candidateA_saturation_hard,2026-09-13T18:54:25.834693+08:00,10,false,1.85,-1.00,429,backpressure,false,
candidateA_saturation_hard,2026-09-13T18:54:25.834724+08:00,12,false,1.86,-1.00,429,backpressure,false,
candidateA_saturation_hard,2026-09-13T18:54:25.986547+08:00,5,true,4.03,-1.00,429,backpressure,false,
candidateA_saturation_hard,2026-09-13T18:54:25.986331+08:00,7,false,4.29,-1.00,429,backpressure,false,
candidateA_saturation_hard,2026-09-13T18:54:25.986447+08:00,11,false,4.21,-1.00,429,backpressure,false,
candidateA_saturation_hard,2026-09-13T18:54:25.986013+08:00,10,true,4.67,-1.00,429,backpressure,false,
candidateA_saturation_hard,2026-09-13T18:54:25.985764+08:00,12,false,4.94,-1.00,429,backpressure,false,
candidateA_saturation_hard,2026-09-13T18:54:25.985943+08:00,4,true,4.79,-1.00,429,backpressure,false,
candidateA_saturation_hard,2026-09-13T18:54:26.137848+08:00,10,false,1.91,-1.00,429,backpressure,false,
candidateA_saturation_hard,2026-09-13T18:54:26.137929+08:00,7,false,1.85,-1.00,429,backpressure,false,
candidateA_saturation_hard,2026-09-13T18:54:26.137641+08:00,5,true,2.33,-1.00,429,backpressure,false,
candidateA_saturation_hard,2026-09-13T18:54:26.138876+08:00,4,false,1.71,-1.00,429,backpressure,false,
candidateA_saturation_hard,2026-09-13T18:54:26.13873+08:00,12,true,1.92,-1.00,429,backpressure,false,
candidateA_saturation_hard,2026-09-13T18:54:26.138514+08:00,11,false,2.18,-1.00,429,backpressure,false,
candidateA_saturation_hard,2026-09-13T18:54:26.2884+08:00,10,false,1.06,-1.00,429,backpressure,false,
candidateA_saturation_hard,2026-09-13T18:54:26.288141+08:00,7,true,1.79,-1.00,429,backpressure,false,
candidateA_saturation_hard,2026-09-13T18:54:26.28893+08:00,5,false,1.18,-1.00,429,backpressure,false,
candidateA_saturation_hard,2026-09-13T18:54:26.289676+08:00,11,true,0.76,-1.00,429,backpressure,false,
candidateA_saturation_hard,2026-09-13T18:54:26.28959+08:00,4,true,0.89,-1.00,429,backpressure,false,
candidateA_saturation_hard,2026-09-13T18:54:26.289782+08:00,12,false,0.71,-1.00,429,backpressure,false,
candidateA_saturation_hard,2026-09-13T18:54:26.439208+08:00,7,false,1.29,-1.00,429,backpressure,false,
candidateA_saturation_hard,2026-09-13T18:54:26.440008+08:00,11,true,1.17,-1.00,429,backpressure,false,
candidateA_saturation_hard,2026-09-13T18:54:26.439249+08:00,5,true,1.93,-1.00,429,backpressure,false,
candidateA_saturation_hard,2026-09-13T18:54:26.440145+08:00,4,false,1.08,-1.00,429,backpressure,false,
candidateA_saturation_hard,2026-09-13T18:54:26.440527+08:00,12,true,0.73,-1.00,429,backpressure,false,
candidateA_saturation_hard,2026-09-13T18:54:26.43904+08:00,10,false,2.23,-1.00,429,backpressure,false,
candidateA_saturation_hard,2026-09-13T18:54:20.932983+08:00,13,false,5607.34,-1.00,200,,true,
candidateA_saturation_hard,2026-09-13T18:54:26.59049+08:00,11,false,1.19,-1.00,429,backpressure,false,
candidateA_saturation_hard,2026-09-13T18:54:26.590115+08:00,10,false,1.61,-1.00,429,backpressure,false,
candidateA_saturation_hard,2026-09-13T18:54:26.590145+08:00,7,true,1.62,-1.00,429,backpressure,false,
candidateA_saturation_hard,2026-09-13T18:54:26.590163+08:00,4,false,1.63,-1.00,429,backpressure,false,
candidateA_saturation_hard,2026-09-13T18:54:26.590101+08:00,5,true,1.73,-1.00,429,backpressure,false,
candidateA_saturation_hard,2026-09-13T18:54:26.59066+08:00,12,false,1.20,-1.00,429,backpressure,false,
candidateA_saturation_hard,2026-09-13T18:54:26.741225+08:00,10,true,1.82,-1.00,429,backpressure,false,
candidateA_saturation_hard,2026-09-13T18:54:26.741872+08:00,12,true,1.21,-1.00,429,backpressure,false,
candidateA_saturation_hard,2026-09-13T18:54:26.741314+08:00,7,true,1.85,-1.00,429,backpressure,false,
candidateA_saturation_hard,2026-09-13T18:54:26.740957+08:00,11,true,2.49,-1.00,429,backpressure,false,
candidateA_saturation_hard,2026-09-13T18:54:26.741154+08:00,5,false,2.34,-1.00,429,backpressure,false,
candidateA_saturation_hard,2026-09-13T18:54:26.741512+08:00,4,false,2.08,-1.00,429,backpressure,false,
candidateA_saturation_hard,2026-09-13T18:54:26.891265+08:00,10,true,1.26,-1.00,429,backpressure,false,
candidateA_saturation_hard,2026-09-13T18:54:26.891185+08:00,5,true,1.46,-1.00,429,backpressure,false,
candidateA_saturation_hard,2026-09-13T18:54:26.891098+08:00,11,true,1.64,-1.00,429,backpressure,false,
candidateA_saturation_hard,2026-09-13T18:54:26.891333+08:00,7,false,1.46,-1.00,429,backpressure,false,
candidateA_saturation_hard,2026-09-13T18:54:26.892257+08:00,12,true,0.79,-1.00,429,backpressure,false,
candidateA_saturation_hard,2026-09-13T18:54:26.891527+08:00,4,true,1.57,-1.00,429,backpressure,false,
candidateA_saturation_hard,2026-09-13T18:54:27.042686+08:00,11,false,2.19,-1.00,429,backpressure,false,
candidateA_saturation_hard,2026-09-13T18:54:27.043261+08:00,10,false,1.66,-1.00,429,backpressure,false,
candidateA_saturation_hard,2026-09-13T18:54:27.043435+08:00,4,true,1.54,-1.00,429,backpressure,false,
candidateA_saturation_hard,2026-09-13T18:54:27.042549+08:00,12,false,2.46,-1.00,429,backpressure,false,
candidateA_saturation_hard,2026-09-13T18:54:27.042482+08:00,7,false,2.55,-1.00,429,backpressure,false,
candidateA_saturation_hard,2026-09-13T18:54:27.043096+08:00,5,false,1.97,-1.00,429,backpressure,false,
candidateA_saturation_hard,2026-09-13T18:54:21.597461+08:00,6,false,5554.26,-1.00,200,,true,
candidateA_saturation_hard,2026-09-13T18:54:27.193799+08:00,11,false,1.67,-1.00,429,backpressure,false,
candidateA_saturation_hard,2026-09-13T18:54:27.193926+08:00,10,false,1.59,-1.00,429,backpressure,false,
candidateA_saturation_hard,2026-09-13T18:54:27.193584+08:00,7,false,2.07,-1.00,429,backpressure,false,
candidateA_saturation_hard,2026-09-13T18:54:27.19355+08:00,4,false,2.12,-1.00,429,backpressure,false,
candidateA_saturation_hard,2026-09-13T18:54:27.194007+08:00,12,true,1.71,-1.00,429,backpressure,false,
candidateA_saturation_hard,2026-09-13T18:54:27.19355+08:00,5,false,2.20,-1.00,429,backpressure,false,
candidateA_saturation_hard,2026-09-13T18:54:27.344667+08:00,4,false,2.34,-1.00,429,backpressure,false,
candidateA_saturation_hard,2026-09-13T18:54:27.34464+08:00,7,false,3.94,-1.00,429,backpressure,false,
candidateA_saturation_hard,2026-09-13T18:54:27.344628+08:00,12,false,4.08,-1.00,429,backpressure,false,
candidateA_saturation_hard,2026-09-13T18:54:27.345086+08:00,11,false,3.62,-1.00,429,backpressure,false,
candidateA_saturation_hard,2026-09-13T18:54:27.344756+08:00,10,true,3.95,-1.00,429,backpressure,false,
candidateA_saturation_hard,2026-09-13T18:54:27.345367+08:00,5,false,3.35,-1.00,429,backpressure,false,
candidateA_saturation_hard,2026-09-13T18:54:27.495542+08:00,10,false,1.61,-1.00,429,backpressure,false,
candidateA_saturation_hard,2026-09-13T18:54:27.495984+08:00,5,false,1.17,-1.00,429,backpressure,false,
candidateA_saturation_hard,2026-09-13T18:54:27.49548+08:00,12,true,1.72,-1.00,429,backpressure,false,
candidateA_saturation_hard,2026-09-13T18:54:27.495561+08:00,7,true,1.66,-1.00,429,backpressure,false,
candidateA_saturation_hard,2026-09-13T18:54:27.495474+08:00,11,true,1.76,-1.00,429,backpressure,false,
candidateA_saturation_hard,2026-09-13T18:54:27.495544+08:00,4,true,1.72,-1.00,429,backpressure,false,
candidateA_saturation_hard,2026-09-13T18:54:27.647069+08:00,7,true,2.60,-1.00,429,backpressure,false,
candidateA_saturation_hard,2026-09-13T18:54:27.646621+08:00,5,false,3.13,-1.00,429,backpressure,false,
candidateA_saturation_hard,2026-09-13T18:54:27.649107+08:00,12,false,1.23,-1.00,429,backpressure,false,
candidateA_saturation_hard,2026-09-13T18:54:27.649018+08:00,11,true,1.39,-1.00,429,backpressure,false,
candidateA_saturation_hard,2026-09-13T18:54:27.64866+08:00,4,false,1.82,-1.00,429,backpressure,false,
candidateA_saturation_hard,2026-09-13T18:54:27.649184+08:00,10,true,1.30,-1.00,429,backpressure,false,
candidateA_saturation_hard,2026-09-13T18:54:27.797732+08:00,7,true,0.97,-1.00,429,backpressure,false,
candidateA_saturation_hard,2026-09-13T18:54:27.79777+08:00,5,true,0.96,-1.00,429,backpressure,false,
candidateA_saturation_hard,2026-09-13T18:54:27.798697+08:00,4,true,0.32,-1.00,429,backpressure,false,
candidateA_saturation_hard,2026-09-13T18:54:27.799136+08:00,12,false,0.50,-1.00,429,backpressure,false,
candidateA_saturation_hard,2026-09-13T18:54:27.799072+08:00,11,false,0.60,-1.00,429,backpressure,false,
candidateA_saturation_hard,2026-09-13T18:54:27.799205+08:00,10,false,0.78,-1.00,429,backpressure,false,
candidateA_saturation_hard,2026-09-13T18:54:22.252354+08:00,3,true,5604.09,5006.74,200,,true,
candidateA_saturation_hard,2026-09-13T18:54:27.949479+08:00,7,true,2.74,-1.00,429,backpressure,false,
candidateA_saturation_hard,2026-09-13T18:54:27.949437+08:00,12,false,3.03,-1.00,429,backpressure,false,
candidateA_saturation_hard,2026-09-13T18:54:27.949772+08:00,11,false,2.84,-1.00,429,backpressure,false,
candidateA_saturation_hard,2026-09-13T18:54:27.949699+08:00,4,true,2.95,-1.00,429,backpressure,false,
candidateA_saturation_hard,2026-09-13T18:54:27.949449+08:00,5,false,3.23,-1.00,429,backpressure,false,
candidateA_saturation_hard,2026-09-13T18:54:27.950031+08:00,10,false,2.71,-1.00,429,backpressure,false,
candidateA_saturation_hard,2026-09-13T18:54:28.100519+08:00,12,true,1.55,-1.00,429,backpressure,false,
candidateA_saturation_hard,2026-09-13T18:54:28.100783+08:00,10,false,1.53,-1.00,429,backpressure,false,
candidateA_saturation_hard,2026-09-13T18:54:28.101575+08:00,7,false,0.92,-1.00,429,backpressure,false,
candidateA_saturation_hard,2026-09-13T18:54:28.100856+08:00,4,false,2.51,-1.00,429,backpressure,false,
candidateA_saturation_hard,2026-09-13T18:54:28.101305+08:00,11,false,2.08,-1.00,429,backpressure,false,
candidateA_saturation_hard,2026-09-13T18:54:28.101434+08:00,5,false,2.56,-1.00,429,backpressure,false,
candidateA_saturation_hard,2026-09-13T18:54:28.251675+08:00,7,false,1.80,-1.00,429,backpressure,false,
candidateA_saturation_hard,2026-09-13T18:54:28.251049+08:00,12,false,2.44,-1.00,429,backpressure,false,
candidateA_saturation_hard,2026-09-13T18:54:28.250928+08:00,10,false,2.60,-1.00,429,backpressure,false,
candidateA_saturation_hard,2026-09-13T18:54:28.25334+08:00,5,true,1.26,-1.00,429,backpressure,false,
candidateA_saturation_hard,2026-09-13T18:54:28.252034+08:00,11,true,2.58,-1.00,429,backpressure,false,
candidateA_saturation_hard,2026-09-13T18:54:28.251023+08:00,4,true,3.61,-1.00,429,backpressure,false,
candidateA_saturation_hard,2026-09-13T18:54:28.402001+08:00,7,true,1.71,-1.00,429,backpressure,false,
candidateA_saturation_hard,2026-09-13T18:54:28.40226+08:00,4,true,1.52,-1.00,429,backpressure,false,
candidateA_saturation_hard,2026-09-13T18:54:28.40242+08:00,12,false,1.41,-1.00,429,backpressure,false,
candidateA_saturation_hard,2026-09-13T18:54:28.402064+08:00,11,true,2.08,-1.00,429,backpressure,false,
candidateA_saturation_hard,2026-09-13T18:54:28.402019+08:00,10,false,2.16,-1.00,429,backpressure,false,
candidateA_saturation_hard,2026-09-13T18:54:28.404043+08:00,5,true,0.52,-1.00,429,backpressure,false,
candidateA_saturation_hard,2026-09-13T18:54:22.85926+08:00,1,false,5630.51,-1.00,200,,true,
candidateA_saturation_hard,2026-09-13T18:54:28.554063+08:00,5,false,1.23,-1.00,429,backpressure,false,
candidateA_saturation_hard,2026-09-13T18:54:28.553671+08:00,11,true,1.66,-1.00,429,backpressure,false,
candidateA_saturation_hard,2026-09-13T18:54:28.553079+08:00,12,false,2.29,-1.00,429,backpressure,false,
candidateA_saturation_hard,2026-09-13T18:54:28.553409+08:00,7,true,2.02,-1.00,429,backpressure,false,
candidateA_saturation_hard,2026-09-13T18:54:28.554127+08:00,4,true,1.31,-1.00,429,backpressure,false,
candidateA_saturation_hard,2026-09-13T18:54:28.553986+08:00,10,true,1.48,-1.00,429,backpressure,false,
candidateA_saturation_hard,2026-09-13T18:54:28.703584+08:00,7,true,0.82,-1.00,429,backpressure,false,
candidateA_saturation_hard,2026-09-13T18:54:28.703331+08:00,12,true,1.13,-1.00,429,backpressure,false,
candidateA_saturation_hard,2026-09-13T18:54:28.704248+08:00,10,false,1.04,-1.00,429,backpressure,false,
candidateA_saturation_hard,2026-09-13T18:54:28.70412+08:00,5,false,1.22,-1.00,429,backpressure,false,
candidateA_saturation_hard,2026-09-13T18:54:28.704542+08:00,4,true,0.84,-1.00,429,backpressure,false,
candidateA_saturation_hard,2026-09-13T18:54:28.703717+08:00,11,true,1.68,-1.00,429,backpressure,false,
candidateA_saturation_hard,2026-09-13T18:54:28.854652+08:00,4,true,0.92,-1.00,429,backpressure,false,
candidateA_saturation_hard,2026-09-13T18:54:28.854403+08:00,10,false,1.26,-1.00,429,backpressure,false,
candidateA_saturation_hard,2026-09-13T18:54:28.854688+08:00,7,false,1.41,-1.00,429,backpressure,false,
candidateA_saturation_hard,2026-09-13T18:54:28.855254+08:00,12,true,0.89,-1.00,429,backpressure,false,
candidateA_saturation_hard,2026-09-13T18:54:28.855027+08:00,11,false,1.26,-1.00,429,backpressure,false,
candidateA_saturation_hard,2026-09-13T18:54:28.85472+08:00,5,true,1.60,-1.00,429,backpressure,false,
candidateA_saturation_hard,2026-09-13T18:54:29.005114+08:00,7,true,2.40,-1.00,429,backpressure,false,
candidateA_saturation_hard,2026-09-13T18:54:29.005826+08:00,11,false,1.77,-1.00,429,backpressure,false,
candidateA_saturation_hard,2026-09-13T18:54:29.004824+08:00,5,true,2.84,-1.00,429,backpressure,false,
candidateA_saturation_hard,2026-09-13T18:54:29.004662+08:00,10,false,3.01,-1.00,429,backpressure,false,
candidateA_saturation_hard,2026-09-13T18:54:29.004708+08:00,4,false,2.97,-1.00,429,backpressure,false,
candidateA_saturation_hard,2026-09-13T18:54:29.005343+08:00,12,false,2.38,-1.00,429,backpressure,false,
candidateA_saturation_hard,2026-09-13T18:54:29.155129+08:00,7,false,1.20,-1.00,429,backpressure,false,
candidateA_saturation_hard,2026-09-13T18:54:29.154896+08:00,10,true,1.49,-1.00,429,backpressure,false,
candidateA_saturation_hard,2026-09-13T18:54:29.154876+08:00,5,true,1.58,-1.00,429,backpressure,false,
candidateA_saturation_hard,2026-09-13T18:54:29.154854+08:00,4,false,1.64,-1.00,429,backpressure,false,
candidateA_saturation_hard,2026-09-13T18:54:29.155387+08:00,12,true,1.12,-1.00,429,backpressure,false,
candidateA_saturation_hard,2026-09-13T18:54:29.156527+08:00,11,true,0.28,-1.00,429,backpressure,false,
candidateA_saturation_hard,2026-09-13T18:54:29.305679+08:00,7,false,2.23,-1.00,429,backpressure,false,
candidateA_saturation_hard,2026-09-13T18:54:29.305727+08:00,4,false,2.23,-1.00,429,backpressure,false,
candidateA_saturation_hard,2026-09-13T18:54:29.305854+08:00,10,false,2.17,-1.00,429,backpressure,false,
candidateA_saturation_hard,2026-09-13T18:54:29.305684+08:00,5,true,2.39,-1.00,429,backpressure,false,
candidateA_saturation_hard,2026-09-13T18:54:29.306117+08:00,12,true,2.00,-1.00,429,backpressure,false,
candidateA_saturation_hard,2026-09-13T18:54:29.307287+08:00,11,false,1.13,-1.00,429,backpressure,false,
candidateA_saturation_hard,2026-09-13T18:54:23.640279+08:00,0,true,5776.73,4953.77,200,,true,
candidateA_saturation_hard,2026-09-13T18:54:29.456769+08:00,4,true,1.41,-1.00,429,backpressure,false,
candidateA_saturation_hard,2026-09-13T18:54:29.456769+08:00,7,false,1.51,-1.00,429,backpressure,false,
candidateA_saturation_hard,2026-09-13T18:54:29.457008+08:00,12,false,1.27,-1.00,429,backpressure,false,
candidateA_saturation_hard,2026-09-13T18:54:29.456806+08:00,5,false,1.58,-1.00,429,backpressure,false,
candidateA_saturation_hard,2026-09-13T18:54:29.456959+08:00,10,false,1.44,-1.00,429,backpressure,false,
candidateA_saturation_hard,2026-09-13T18:54:29.457688+08:00,11,false,1.10,-1.00,429,backpressure,false,
candidateA_saturation_hard,2026-09-13T18:54:29.607706+08:00,11,true,1.51,-1.00,429,backpressure,false,
candidateA_saturation_hard,2026-09-13T18:54:29.607029+08:00,5,false,2.24,-1.00,429,backpressure,false,
candidateA_saturation_hard,2026-09-13T18:54:29.607481+08:00,7,false,1.87,-1.00,429,backpressure,false,
candidateA_saturation_hard,2026-09-13T18:54:29.607045+08:00,12,false,2.37,-1.00,429,backpressure,false,
candidateA_saturation_hard,2026-09-13T18:54:29.607304+08:00,10,true,2.16,-1.00,429,backpressure,false,
candidateA_saturation_hard,2026-09-13T18:54:29.607079+08:00,4,true,2.44,-1.00,429,backpressure,false,
candidateA_saturation_hard,2026-09-13T18:54:29.757127+08:00,12,false,1.55,-1.00,429,backpressure,false,
candidateA_saturation_hard,2026-09-13T18:54:29.757526+08:00,7,true,1.27,-1.00,429,backpressure,false,
candidateA_saturation_hard,2026-09-13T18:54:29.757128+08:00,5,false,1.67,-1.00,429,backpressure,false,
candidateA_saturation_hard,2026-09-13T18:54:29.757177+08:00,4,true,1.66,-1.00,429,backpressure,false,
candidateA_saturation_hard,2026-09-13T18:54:29.757307+08:00,10,true,1.57,-1.00,429,backpressure,false,
candidateA_saturation_hard,2026-09-13T18:54:29.757756+08:00,11,true,1.79,-1.00,429,backpressure,false,
candidateA_saturation_hard,2026-09-13T18:54:29.908604+08:00,11,true,1.85,-1.00,429,backpressure,false,
candidateA_saturation_hard,2026-09-13T18:54:29.908265+08:00,12,false,2.24,-1.00,429,backpressure,false,
candidateA_saturation_hard,2026-09-13T18:54:29.908439+08:00,4,false,2.11,-1.00,429,backpressure,false,
candidateA_saturation_hard,2026-09-13T18:54:29.90822+08:00,7,true,2.39,-1.00,429,backpressure,false,
candidateA_saturation_hard,2026-09-13T18:54:29.909081+08:00,10,false,1.57,-1.00,429,backpressure,false,
candidateA_saturation_hard,2026-09-13T18:54:29.90822+08:00,5,true,2.78,-1.00,429,backpressure,false,
candidateA_saturation_hard,2026-09-13T18:54:24.33833+08:00,9,false,5687.16,-1.00,200,,true,
candidateA_saturation_hard,2026-09-13T18:54:30.059304+08:00,11,true,1.43,-1.00,429,backpressure,false,
candidateA_saturation_hard,2026-09-13T18:54:30.059266+08:00,4,false,1.53,-1.00,429,backpressure,false,
candidateA_saturation_hard,2026-09-13T18:54:30.059266+08:00,10,false,1.63,-1.00,429,backpressure,false,
candidateA_saturation_hard,2026-09-13T18:54:30.059721+08:00,12,true,1.28,-1.00,429,backpressure,false,
candidateA_saturation_hard,2026-09-13T18:54:30.059653+08:00,7,false,1.39,-1.00,429,backpressure,false,
candidateA_saturation_hard,2026-09-13T18:54:30.059583+08:00,5,true,1.49,-1.00,429,backpressure,false,
candidateA_saturation_hard,2026-09-13T18:54:30.210287+08:00,10,false,3.06,-1.00,429,backpressure,false,
candidateA_saturation_hard,2026-09-13T18:54:30.210038+08:00,11,true,3.35,-1.00,429,backpressure,false,
candidateA_saturation_hard,2026-09-13T18:54:30.210202+08:00,5,true,3.25,-1.00,429,backpressure,false,
candidateA_saturation_hard,2026-09-13T18:54:30.210072+08:00,4,false,3.43,-1.00,429,backpressure,false,
candidateA_saturation_hard,2026-09-13T18:54:30.21002+08:00,12,true,3.53,-1.00,429,backpressure,false,
candidateA_saturation_hard,2026-09-13T18:54:30.210484+08:00,7,true,3.11,-1.00,429,backpressure,false,
candidateA_saturation_hard,2026-09-13T18:54:30.361454+08:00,12,false,2.04,-1.00,429,backpressure,false,
candidateA_saturation_hard,2026-09-13T18:54:30.362008+08:00,5,false,1.55,-1.00,429,backpressure,false,
candidateA_saturation_hard,2026-09-13T18:54:30.361876+08:00,4,true,1.76,-1.00,429,backpressure,false,
candidateA_saturation_hard,2026-09-13T18:54:30.361526+08:00,11,true,2.17,-1.00,429,backpressure,false,
candidateA_saturation_hard,2026-09-13T18:54:30.361266+08:00,7,false,2.53,-1.00,429,backpressure,false,
candidateA_saturation_hard,2026-09-13T18:54:30.362144+08:00,10,false,1.73,-1.00,429,backpressure,false,
candidateA_saturation_hard,2026-09-13T18:54:30.512322+08:00,11,false,3.04,-1.00,429,backpressure,false,
candidateA_saturation_hard,2026-09-13T18:54:30.512319+08:00,10,true,3.13,-1.00,429,backpressure,false,
candidateA_saturation_hard,2026-09-13T18:54:30.512359+08:00,7,true,3.15,-1.00,429,backpressure,false,
candidateA_saturation_hard,2026-09-13T18:54:30.512466+08:00,12,true,3.08,-1.00,429,backpressure,false,
candidateA_saturation_hard,2026-09-13T18:54:30.512525+08:00,4,false,3.07,-1.00,429,backpressure,false,
candidateA_saturation_hard,2026-09-13T18:54:30.512683+08:00,5,true,2.94,-1.00,429,backpressure,false,
candidateA_saturation_hard,2026-09-13T18:54:30.663368+08:00,11,true,1.29,-1.00,429,backpressure,false,
candidateA_saturation_hard,2026-09-13T18:54:30.663228+08:00,7,false,1.49,-1.00,429,backpressure,false,
candidateA_saturation_hard,2026-09-13T18:54:30.663262+08:00,10,true,1.53,-1.00,429,backpressure,false,
candidateA_saturation_hard,2026-09-13T18:54:30.663429+08:00,12,true,1.43,-1.00,429,backpressure,false,
candidateA_saturation_hard,2026-09-13T18:54:30.663607+08:00,4,true,1.33,-1.00,429,backpressure,false,
candidateA_saturation_hard,2026-09-13T18:54:30.663223+08:00,5,true,1.76,-1.00,429,backpressure,false,
candidateA_saturation_hard,2026-09-13T18:54:25.125035+08:00,8,false,5555.89,-1.00,200,,true,
candidateA_saturation_hard,2026-09-13T18:54:30.81596+08:00,7,true,2.29,-1.00,429,backpressure,false,
candidateA_saturation_hard,2026-09-13T18:54:30.816472+08:00,10,true,1.83,-1.00,429,backpressure,false,
candidateA_saturation_hard,2026-09-13T18:54:30.814285+08:00,4,false,4.11,-1.00,429,backpressure,false,
candidateA_saturation_hard,2026-09-13T18:54:30.816346+08:00,12,true,2.12,-1.00,429,backpressure,false,
candidateA_saturation_hard,2026-09-13T18:54:30.816584+08:00,5,false,1.95,-1.00,429,backpressure,false,
candidateA_saturation_hard,2026-09-13T18:54:30.816005+08:00,11,true,2.63,-1.00,429,backpressure,false,
candidateA_saturation_hard,2026-09-13T18:54:30.965359+08:00,4,false,1.76,-1.00,429,backpressure,false,
candidateA_saturation_hard,2026-09-13T18:54:30.966139+08:00,11,false,2.17,-1.00,429,backpressure,false,
candidateA_saturation_hard,2026-09-13T18:54:30.966534+08:00,10,false,2.91,-1.00,429,backpressure,false,
candidateA_saturation_hard,2026-09-13T18:54:30.966671+08:00,12,true,2.89,-1.00,429,backpressure,false,
candidateA_saturation_hard,2026-09-13T18:54:30.966009+08:00,7,true,3.59,-1.00,429,backpressure,false,
candidateA_saturation_hard,2026-09-13T18:54:30.968602+08:00,5,false,1.37,-1.00,429,backpressure,false,
candidateA_saturation_hard,2026-09-13T18:54:31.116879+08:00,12,false,1.01,-1.00,429,backpressure,false,
candidateA_saturation_hard,2026-09-13T18:54:31.116431+08:00,11,true,1.50,-1.00,429,backpressure,false,
candidateA_saturation_hard,2026-09-13T18:54:31.116618+08:00,4,false,1.69,-1.00,429,backpressure,false,
candidateA_saturation_hard,2026-09-13T18:54:31.116669+08:00,7,false,1.70,-1.00,429,backpressure,false,
candidateA_saturation_hard,2026-09-13T18:54:31.116572+08:00,10,false,1.85,-1.00,429,backpressure,false,
candidateA_saturation_hard,2026-09-13T18:54:31.118453+08:00,5,false,0.62,-1.00,429,backpressure,false,
candidateA_saturation_hard,2026-09-13T18:54:31.267431+08:00,10,false,1.52,-1.00,429,backpressure,false,
candidateA_saturation_hard,2026-09-13T18:54:31.267641+08:00,12,false,1.32,-1.00,429,backpressure,false,
candidateA_saturation_hard,2026-09-13T18:54:31.267941+08:00,11,true,1.07,-1.00,429,backpressure,false,
candidateA_saturation_hard,2026-09-13T18:54:31.267424+08:00,7,false,1.61,-1.00,429,backpressure,false,
candidateA_saturation_hard,2026-09-13T18:54:31.267466+08:00,4,true,1.58,-1.00,429,backpressure,false,
candidateA_saturation_hard,2026-09-13T18:54:31.269073+08:00,5,false,0.29,-1.00,429,backpressure,false,
candidateA_saturation_hard,2026-09-13T18:54:25.820392+08:00,2,false,5555.24,-1.00,200,,true,
candidateA_saturation_hard,2026-09-13T18:54:31.417995+08:00,10,true,2.93,-1.00,429,backpressure,false,
candidateA_saturation_hard,2026-09-13T18:54:31.41823+08:00,7,true,2.83,-1.00,429,backpressure,false,
candidateA_saturation_hard,2026-09-13T18:54:31.42073+08:00,5,false,1.81,-1.00,429,backpressure,false,
candidateA_saturation_hard,2026-09-13T18:54:31.419224+08:00,12,true,3.40,-1.00,429,backpressure,false,
candidateA_saturation_hard,2026-09-13T18:54:31.419098+08:00,4,true,3.68,-1.00,429,backpressure,false,
candidateA_saturation_hard,2026-09-13T18:54:31.418904+08:00,11,true,3.89,-1.00,429,backpressure,false,
candidateA_saturation_hard,2026-09-13T18:54:31.569243+08:00,11,false,3.58,-1.00,429,backpressure,false,
candidateA_saturation_hard,2026-09-13T18:54:31.56938+08:00,12,false,3.62,-1.00,429,backpressure,false,
candidateA_saturation_hard,2026-09-13T18:54:31.569236+08:00,7,false,3.79,-1.00,429,backpressure,false,
candidateA_saturation_hard,2026-09-13T18:54:31.569321+08:00,4,false,3.75,-1.00,429,backpressure,false,
candidateA_saturation_hard,2026-09-13T18:54:31.569279+08:00,10,false,3.82,-1.00,429,backpressure,false,
candidateA_saturation_hard,2026-09-13T18:54:31.572315+08:00,5,true,1.98,-1.00,429,backpressure,false,
candidateA_saturation_hard,2026-09-13T18:54:31.721446+08:00,4,false,4.18,-1.00,429,backpressure,false,
candidateA_saturation_hard,2026-09-13T18:54:31.720924+08:00,11,false,4.72,-1.00,429,backpressure,false,
candidateA_saturation_hard,2026-09-13T18:54:31.722135+08:00,5,false,3.55,-1.00,429,backpressure,false,
candidateA_saturation_hard,2026-09-13T18:54:31.72031+08:00,7,false,5.40,-1.00,429,backpressure,false,
candidateA_saturation_hard,2026-09-13T18:54:31.720016+08:00,10,false,5.71,-1.00,429,backpressure,false,
candidateA_saturation_hard,2026-09-13T18:54:31.720559+08:00,12,true,5.39,-1.00,429,backpressure,false,
candidateA_saturation_hard,2026-09-13T18:54:31.870603+08:00,12,true,1.28,-1.00,429,backpressure,false,
candidateA_saturation_hard,2026-09-13T18:54:31.870655+08:00,10,false,1.27,-1.00,429,backpressure,false,
candidateA_saturation_hard,2026-09-13T18:54:31.871685+08:00,4,false,1.27,-1.00,429,backpressure,false,
candidateA_saturation_hard,2026-09-13T18:54:31.870603+08:00,7,true,2.43,-1.00,429,backpressure,false,
candidateA_saturation_hard,2026-09-13T18:54:31.872151+08:00,5,true,0.93,-1.00,429,backpressure,false,
candidateA_saturation_hard,2026-09-13T18:54:31.871089+08:00,11,true,2.01,-1.00,429,backpressure,false,
candidateA_saturation_hard,2026-09-13T18:54:32.022738+08:00,10,true,1.03,-1.00,429,backpressure,false,
candidateA_saturation_hard,2026-09-13T18:54:32.022316+08:00,11,false,1.51,-1.00,429,backpressure,false,
candidateA_saturation_hard,2026-09-13T18:54:32.02247+08:00,4,false,1.42,-1.00,429,backpressure,false,
candidateA_saturation_hard,2026-09-13T18:54:32.022316+08:00,5,true,1.60,-1.00,429,backpressure,false,
candidateA_saturation_hard,2026-09-13T18:54:32.022528+08:00,7,true,1.42,-1.00,429,backpressure,false,
candidateA_saturation_hard,2026-09-13T18:54:32.022367+08:00,12,true,1.60,-1.00,429,backpressure,false,
candidateA_saturation_hard,2026-09-13T18:54:26.540536+08:00,13,true,5521.62,4943.01,200,,true,
candidateA_saturation_hard,2026-09-13T18:54:32.172616+08:00,12,false,1.44,-1.00,429,backpressure,false,
candidateA_saturation_hard,2026-09-13T18:54:32.173214+08:00,11,false,3.72,-1.00,429,backpressure,false,
candidateA_saturation_hard,2026-09-13T18:54:32.173103+08:00,5,true,3.92,-1.00,429,backpressure,false,
candidateA_saturation_hard,2026-09-13T18:54:32.173311+08:00,4,true,3.76,-1.00,429,backpressure,false,
candidateA_saturation_hard,2026-09-13T18:54:32.172825+08:00,10,false,4.75,-1.00,429,backpressure,false,
candidateA_saturation_hard,2026-09-13T18:54:32.173409+08:00,7,false,4.24,-1.00,429,backpressure,false,
candidateA_saturation_hard,2026-09-13T18:54:32.323824+08:00,10,true,1.74,-1.00,429,backpressure,false,
candidateA_saturation_hard,2026-09-13T18:54:32.324291+08:00,4,false,1.31,-1.00,429,backpressure,false,
candidateA_saturation_hard,2026-09-13T18:54:32.32356+08:00,7,true,2.09,-1.00,429,backpressure,false,
candidateA_saturation_hard,2026-09-13T18:54:32.323761+08:00,12,true,1.97,-1.00,429,backpressure,false,
candidateA_saturation_hard,2026-09-13T18:54:32.324081+08:00,5,false,1.68,-1.00,429,backpressure,false,
candidateA_saturation_hard,2026-09-13T18:54:32.32419+08:00,11,true,1.59,-1.00,429,backpressure,false,
candidateA_saturation_hard,2026-09-13T18:54:32.475339+08:00,11,false,1.60,-1.00,429,backpressure,false,
candidateA_saturation_hard,2026-09-13T18:54:32.475031+08:00,12,false,1.96,-1.00,429,backpressure,false,
candidateA_saturation_hard,2026-09-13T18:54:32.474822+08:00,7,false,2.43,-1.00,429,backpressure,false,
candidateA_saturation_hard,2026-09-13T18:54:32.474797+08:00,4,true,2.47,-1.00,429,backpressure,false,
candidateA_saturation_hard,2026-09-13T18:54:32.474783+08:00,5,false,2.55,-1.00,429,backpressure,false,
candidateA_saturation_hard,2026-09-13T18:54:32.475234+08:00,10,false,2.15,-1.00,429,backpressure,false,
candidateA_saturation_hard,2026-09-13T18:54:32.625943+08:00,11,true,2.21,-1.00,429,backpressure,false,
candidateA_saturation_hard,2026-09-13T18:54:32.625934+08:00,10,false,2.25,-1.00,429,backpressure,false,
candidateA_saturation_hard,2026-09-13T18:54:32.626122+08:00,7,false,2.10,-1.00,429,backpressure,false,
candidateA_saturation_hard,2026-09-13T18:54:32.626198+08:00,12,false,2.08,-1.00,429,backpressure,false,
candidateA_saturation_hard,2026-09-13T18:54:32.625987+08:00,4,false,2.32,-1.00,429,backpressure,false,
candidateA_saturation_hard,2026-09-13T18:54:32.626415+08:00,5,true,1.91,-1.00,429,backpressure,false,
candidateA_saturation_hard,2026-09-13T18:54:27.15192+08:00,6,true,5524.77,5019.09,200,,true,
candidateA_saturation_hard,2026-09-13T18:54:32.776998+08:00,4,false,2.27,-1.00,429,backpressure,false,
candidateA_saturation_hard,2026-09-13T18:54:32.777568+08:00,11,false,1.76,-1.00,429,backpressure,false,
candidateA_saturation_hard,2026-09-13T18:54:32.777245+08:00,5,true,2.13,-1.00,429,backpressure,false,
candidateA_saturation_hard,2026-09-13T18:54:32.777622+08:00,12,true,1.82,-1.00,429,backpressure,false,
candidateA_saturation_hard,2026-09-13T18:54:32.777154+08:00,10,true,2.37,-1.00,429,backpressure,false,
candidateA_saturation_hard,2026-09-13T18:54:32.777457+08:00,7,false,2.09,-1.00,429,backpressure,false,
candidateA_saturation_hard,2026-09-13T18:54:32.928208+08:00,4,false,1.13,-1.00,429,backpressure,false,
candidateA_saturation_hard,2026-09-13T18:54:32.92855+08:00,11,false,1.53,-1.00,429,backpressure,false,
candidateA_saturation_hard,2026-09-13T18:54:32.929382+08:00,7,false,0.72,-1.00,429,backpressure,false,
candidateA_saturation_hard,2026-09-13T18:54:32.928478+08:00,5,true,1.68,-1.00,429,backpressure,false,
candidateA_saturation_hard,2026-09-13T18:54:32.928059+08:00,12,false,2.12,-1.00,429,backpressure,false,
candidateA_saturation_hard,2026-09-13T18:54:32.928248+08:00,10,true,1.94,-1.00,429,backpressure,false,
candidateA_saturation_hard,2026-09-13T18:54:33.079358+08:00,5,false,3.85,-1.00,429,backpressure,false,
candidateA_saturation_hard,2026-09-13T18:54:33.079116+08:00,11,true,4.15,-1.00,429,backpressure,false,
candidateA_saturation_hard,2026-09-13T18:54:33.079156+08:00,4,false,4.37,-1.00,429,backpressure,false,
candidateA_saturation_hard,2026-09-13T18:54:33.079531+08:00,10,false,4.29,-1.00,429,backpressure,false,
candidateA_saturation_hard,2026-09-13T18:54:33.079388+08:00,7,false,4.49,-1.00,429,backpressure,false,
candidateA_saturation_hard,2026-09-13T18:54:33.079131+08:00,12,false,4.87,-1.00,429,backpressure,false,
candidateA_saturation_hard,2026-09-13T18:54:33.230071+08:00,10,true,1.99,-1.00,429,backpressure,false,
candidateA_saturation_hard,2026-09-13T18:54:33.229983+08:00,4,false,2.16,-1.00,429,backpressure,false,
candidateA_saturation_hard,2026-09-13T18:54:33.230544+08:00,7,true,1.66,-1.00,429,backpressure,false,
candidateA_saturation_hard,2026-09-13T18:54:33.230436+08:00,5,true,1.78,-1.00,429,backpressure,false,
candidateA_saturation_hard,2026-09-13T18:54:33.230166+08:00,11,true,2.10,-1.00,429,backpressure,false,
candidateA_saturation_hard,2026-09-13T18:54:33.229983+08:00,12,false,2.34,-1.00,429,backpressure,false,
candidateA_saturation_hard,2026-09-13T18:54:27.856647+08:00,3,false,5480.58,-1.00,200,,true,
candidateA_saturation_hard,2026-09-13T18:54:33.382606+08:00,5,false,1.92,-1.00,429,backpressure,false,
candidateA_saturation_hard,2026-09-13T18:54:33.382803+08:00,4,true,3.89,-1.00,429,backpressure,false,
candidateA_saturation_hard,2026-09-13T18:54:33.382932+08:00,10,true,3.89,-1.00,429,backpressure,false,
candidateA_saturation_hard,2026-09-13T18:54:33.386654+08:00,12,true,0.28,-1.00,429,backpressure,false,
candidateA_saturation_hard,2026-09-13T18:54:33.386645+08:00,7,false,0.39,-1.00,429,backpressure,false,
candidateA_saturation_hard,2026-09-13T18:54:33.384002+08:00,11,false,3.17,-1.00,429,backpressure,false,
candidateA_saturation_hard,2026-09-13T18:54:33.533789+08:00,10,true,1.34,-1.00,429,backpressure,false,
candidateA_saturation_hard,2026-09-13T18:54:33.533697+08:00,11,false,1.61,-1.00,429,backpressure,false,
candidateA_saturation_hard,2026-09-13T18:54:33.533994+08:00,5,false,1.80,-1.00,429,backpressure,false,
candidateA_saturation_hard,2026-09-13T18:54:33.533706+08:00,4,false,2.15,-1.00,429,backpressure,false,
candidateA_saturation_hard,2026-09-13T18:54:33.536366+08:00,12,false,0.46,-1.00,429,backpressure,false,
candidateA_saturation_hard,2026-09-13T18:54:33.536456+08:00,7,false,0.50,-1.00,429,backpressure,false,
candidateA_saturation_hard,2026-09-13T18:54:33.68473+08:00,10,false,2.87,-1.00,429,backpressure,false,
candidateA_saturation_hard,2026-09-13T18:54:33.68493+08:00,11,false,2.74,-1.00,429,backpressure,false,
candidateA_saturation_hard,2026-09-13T18:54:33.685774+08:00,4,true,3.80,-1.00,429,backpressure,false,
candidateA_saturation_hard,2026-09-13T18:54:33.685117+08:00,5,false,4.55,-1.00,429,backpressure,false,
candidateA_saturation_hard,2026-09-13T18:54:33.687257+08:00,12,false,2.47,-1.00,429,backpressure,false,
candidateA_saturation_hard,2026-09-13T18:54:33.68688+08:00,7,false,3.28,-1.00,429,backpressure,false,
candidateA_saturation_hard,2026-09-13T18:54:33.836179+08:00,5,false,1.41,-1.00,429,backpressure,false,
candidateA_saturation_hard,2026-09-13T18:54:33.836099+08:00,10,false,1.60,-1.00,429,backpressure,false,
candidateA_saturation_hard,2026-09-13T18:54:33.835943+08:00,11,false,1.80,-1.00,429,backpressure,false,
candidateA_saturation_hard,2026-09-13T18:54:33.835911+08:00,4,true,1.95,-1.00,429,backpressure,false,
candidateA_saturation_hard,2026-09-13T18:54:33.837397+08:00,7,false,0.75,-1.00,429,backpressure,false,
candidateA_saturation_hard,2026-09-13T18:54:33.838092+08:00,12,false,0.81,-1.00,429,backpressure,false,
candidateA_saturation_hard,2026-09-13T18:54:33.987133+08:00,5,true,4.24,-1.00,429,backpressure,false,
candidateA_saturation_hard,2026-09-13T18:54:33.989049+08:00,12,false,2.37,-1.00,429,backpressure,false,
candidateA_saturation_hard,2026-09-13T18:54:33.989601+08:00,4,false,1.86,-1.00,429,backpressure,false,
candidateA_saturation_hard,2026-09-13T18:54:33.98968+08:00,10,true,1.82,-1.00,429,backpressure,false,
candidateA_saturation_hard,2026-09-13T18:54:33.989996+08:00,7,true,2.22,-1.00,429,backpressure,false,
candidateA_saturation_hard,2026-09-13T18:54:33.989891+08:00,11,false,2.40,-1.00,429,backpressure,false,
candidateA_saturation_hard,2026-09-13T18:54:28.489968+08:00,1,true,5521.74,4953.98,200,,true,
candidateA_saturation_hard,2026-09-13T18:54:34.138187+08:00,5,false,0.81,-1.00,429,backpressure,false,
candidateA_saturation_hard,2026-09-13T18:54:34.139042+08:00,12,true,0.45,-1.00,429,backpressure,false,
candidateA_saturation_hard,2026-09-13T18:54:34.139649+08:00,4,true,0.58,-1.00,429,backpressure,false,
candidateA_saturation_hard,2026-09-13T18:54:34.139708+08:00,10,true,0.95,-1.00,429,backpressure,false,
candidateA_saturation_hard,2026-09-13T18:54:34.140277+08:00,7,false,0.50,-1.00,429,backpressure,false,
candidateA_saturation_hard,2026-09-13T18:54:34.139966+08:00,11,true,0.87,-1.00,429,backpressure,false,
candidateA_saturation_hard,2026-09-13T18:54:34.289328+08:00,5,true,0.92,-1.00,429,backpressure,false,
candidateA_saturation_hard,2026-09-13T18:54:34.289328+08:00,12,false,0.97,-1.00,429,backpressure,false,
candidateA_saturation_hard,2026-09-13T18:54:34.290391+08:00,11,true,0.53,-1.00,429,backpressure,false,
candidateA_saturation_hard,2026-09-13T18:54:34.290276+08:00,7,false,0.69,-1.00,429,backpressure,false,
candidateA_saturation_hard,2026-09-13T18:54:34.290063+08:00,4,false,0.92,-1.00,429,backpressure,false,
candidateA_saturation_hard,2026-09-13T18:54:34.289851+08:00,10,false,1.15,-1.00,429,backpressure,false,
candidateA_saturation_hard,2026-09-13T18:54:34.439947+08:00,5,true,1.39,-1.00,429,backpressure,false,
candidateA_saturation_hard,2026-09-13T18:54:34.440417+08:00,11,true,1.01,-1.00,429,backpressure,false,
candidateA_saturation_hard,2026-09-13T18:54:34.4402+08:00,4,true,1.40,-1.00,429,backpressure,false,
candidateA_saturation_hard,2026-09-13T18:54:34.439947+08:00,12,false,1.70,-1.00,429,backpressure,false,
candidateA_saturation_hard,2026-09-13T18:54:34.439985+08:00,10,false,1.74,-1.00,429,backpressure,false,
candidateA_saturation_hard,2026-09-13T18:54:34.440301+08:00,7,false,1.44,-1.00,429,backpressure,false,
candidateA_saturation_hard,2026-09-13T18:54:34.590848+08:00,10,false,1.43,-1.00,429,backpressure,false,
candidateA_saturation_hard,2026-09-13T18:54:34.591046+08:00,5,true,1.27,-1.00,429,backpressure,false,
candidateA_saturation_hard,2026-09-13T18:54:34.591306+08:00,12,false,1.05,-1.00,429,backpressure,false,
candidateA_saturation_hard,2026-09-13T18:54:34.590995+08:00,7,false,1.40,-1.00,429,backpressure,false,
candidateA_saturation_hard,2026-09-13T18:54:34.590916+08:00,4,false,1.53,-1.00,429,backpressure,false,
candidateA_saturation_hard,2026-09-13T18:54:34.590867+08:00,11,true,1.63,-1.00,429,backpressure,false,
candidateA_saturation_hard,2026-09-13T18:54:29.417224+08:00,0,true,5319.45,4703.63,200,,true,
candidateA_saturation_hard,2026-09-13T18:54:34.741603+08:00,11,false,1.15,-1.00,429,backpressure,false,
candidateA_saturation_hard,2026-09-13T18:54:34.74153+08:00,10,true,1.26,-1.00,429,backpressure,false,
candidateA_saturation_hard,2026-09-13T18:54:34.741399+08:00,4,true,1.43,-1.00,429,backpressure,false,
candidateA_saturation_hard,2026-09-13T18:54:34.741327+08:00,5,false,1.57,-1.00,429,backpressure,false,
candidateA_saturation_hard,2026-09-13T18:54:34.741642+08:00,7,false,1.29,-1.00,429,backpressure,false,
candidateA_saturation_hard,2026-09-13T18:54:34.741356+08:00,12,true,1.61,-1.00,429,backpressure,false,
candidateA_saturation_hard,2026-09-13T18:54:34.892598+08:00,12,true,1.47,-1.00,429,backpressure,false,
candidateA_saturation_hard,2026-09-13T18:54:34.892416+08:00,4,true,1.69,-1.00,429,backpressure,false,
candidateA_saturation_hard,2026-09-13T18:54:34.892921+08:00,10,false,1.22,-1.00,429,backpressure,false,
candidateA_saturation_hard,2026-09-13T18:54:34.892816+08:00,11,true,1.35,-1.00,429,backpressure,false,
candidateA_saturation_hard,2026-09-13T18:54:34.892408+08:00,7,false,1.77,-1.00,429,backpressure,false,
candidateA_saturation_hard,2026-09-13T18:54:34.892572+08:00,5,true,1.64,-1.00,429,backpressure,false,
candidateA_saturation_hard,2026-09-13T18:54:35.042745+08:00,12,false,1.82,-1.00,429,backpressure,false,
candidateA_saturation_hard,2026-09-13T18:54:35.043079+08:00,11,true,1.56,-1.00,429,backpressure,false,
candidateA_saturation_hard,2026-09-13T18:54:35.042622+08:00,4,false,2.07,-1.00,429,backpressure,false,
candidateA_saturation_hard,2026-09-13T18:54:35.042721+08:00,5,false,2.00,-1.00,429,backpressure,false,
candidateA_saturation_hard,2026-09-13T18:54:35.042972+08:00,10,false,1.77,-1.00,429,backpressure,false,
candidateA_saturation_hard,2026-09-13T18:54:35.042572+08:00,7,true,2.22,-1.00,429,backpressure,false,
candidateA_saturation_hard,2026-09-13T18:54:35.194193+08:00,12,false,1.60,-1.00,429,backpressure,false,
candidateA_saturation_hard,2026-09-13T18:54:35.193751+08:00,5,true,2.13,-1.00,429,backpressure,false,
candidateA_saturation_hard,2026-09-13T18:54:35.193842+08:00,11,false,2.11,-1.00,429,backpressure,false,
candidateA_saturation_hard,2026-09-13T18:54:35.193781+08:00,7,false,2.19,-1.00,429,backpressure,false,
candidateA_saturation_hard,2026-09-13T18:54:35.194019+08:00,4,false,1.99,-1.00,429,backpressure,false,
candidateA_saturation_hard,2026-09-13T18:54:35.194301+08:00,10,false,1.76,-1.00,429,backpressure,false,
candidateA_saturation_hard,2026-09-13T18:54:35.345282+08:00,10,false,2.80,-1.00,429,backpressure,false,
candidateA_saturation_hard,2026-09-13T18:54:35.344829+08:00,11,false,3.33,-1.00,429,backpressure,false,
candidateA_saturation_hard,2026-09-13T18:54:35.34495+08:00,4,true,4.36,-1.00,429,backpressure,false,
candidateA_saturation_hard,2026-09-13T18:54:35.345528+08:00,7,false,4.03,-1.00,429,backpressure,false,
candidateA_saturation_hard,2026-09-13T18:54:35.344815+08:00,12,true,4.80,-1.00,429,backpressure,false,
candidateA_saturation_hard,2026-09-13T18:54:35.344857+08:00,5,true,4.80,-1.00,429,backpressure,false,
candidateA_saturation_hard,2026-09-13T18:54:30.0257+08:00,9,false,5411.78,-1.00,200,,true,
candidateA_saturation_hard,2026-09-13T18:54:35.496319+08:00,4,true,2.16,-1.00,429,backpressure,false,
candidateA_saturation_hard,2026-09-13T18:54:35.496464+08:00,5,false,2.05,-1.00,429,backpressure,false,
candidateA_saturation_hard,2026-09-13T18:54:35.496545+08:00,10,false,2.02,-1.00,429,backpressure,false,
candidateA_saturation_hard,2026-09-13T18:54:35.496143+08:00,11,false,2.45,-1.00,429,backpressure,false,
candidateA_saturation_hard,2026-09-13T18:54:35.496568+08:00,7,false,2.05,-1.00,429,backpressure,false,
candidateA_saturation_hard,2026-09-13T18:54:35.495948+08:00,12,false,2.71,-1.00,429,backpressure,false,
candidateA_saturation_hard,2026-09-13T18:54:35.648283+08:00,5,false,1.43,-1.00,429,backpressure,false,
candidateA_saturation_hard,2026-09-13T18:54:35.648497+08:00,10,true,1.31,-1.00,429,backpressure,false,
candidateA_saturation_hard,2026-09-13T18:54:35.64864+08:00,7,false,1.25,-1.00,429,backpressure,false,
candidateA_saturation_hard,2026-09-13T18:54:35.648712+08:00,12,false,1.22,-1.00,429,backpressure,false,
candidateA_saturation_hard,2026-09-13T18:54:35.648343+08:00,11,false,1.63,-1.00,429,backpressure,false,
candidateA_saturation_hard,2026-09-13T18:54:35.648442+08:00,4,true,1.60,-1.00,429,backpressure,false,
candidateA_saturation_hard,2026-09-13T18:54:35.79937+08:00,12,false,3.22,-1.00,429,backpressure,false,
candidateA_saturation_hard,2026-09-13T18:54:35.799385+08:00,4,false,3.28,-1.00,429,backpressure,false,
candidateA_saturation_hard,2026-09-13T18:54:35.799877+08:00,11,true,2.89,-1.00,429,backpressure,false,
candidateA_saturation_hard,2026-09-13T18:54:35.799548+08:00,7,false,3.28,-1.00,429,backpressure,false,
candidateA_saturation_hard,2026-09-13T18:54:35.799639+08:00,5,true,3.25,-1.00,429,backpressure,false,
candidateA_saturation_hard,2026-09-13T18:54:35.79942+08:00,10,true,3.53,-1.00,429,backpressure,false,
candidateA_saturation_hard,2026-09-13T18:54:35.952063+08:00,7,false,3.98,-1.00,429,backpressure,false,
candidateA_saturation_hard,2026-09-13T18:54:35.952359+08:00,5,false,3.69,-1.00,429,backpressure,false,
candidateA_saturation_hard,2026-09-13T18:54:35.950974+08:00,12,true,5.09,-1.00,429,backpressure,false,
candidateA_saturation_hard,2026-09-13T18:54:35.951045+08:00,4,true,5.02,-1.00,429,backpressure,false,
candidateA_saturation_hard,2026-09-13T18:54:35.951884+08:00,10,true,4.18,-1.00,429,backpressure,false,
candidateA_saturation_hard,2026-09-13T18:54:35.950692+08:00,11,false,5.38,-1.00,429,backpressure,false,
candidateA_saturation_hard,2026-09-13T18:54:36.101546+08:00,11,false,0.89,-1.00,429,backpressure,false,
candidateA_saturation_hard,2026-09-13T18:54:36.101546+08:00,4,false,0.98,-1.00,429,backpressure,false,
candidateA_saturation_hard,2026-09-13T18:54:36.101656+08:00,12,false,1.29,-1.00,429,backpressure,false,
candidateA_saturation_hard,2026-09-13T18:54:36.101936+08:00,10,false,1.06,-1.00,429,backpressure,false,
candidateA_saturation_hard,2026-09-13T18:54:36.102469+08:00,5,true,0.57,-1.00,429,backpressure,false,
candidateA_saturation_hard,2026-09-13T18:54:36.102538+08:00,7,false,0.53,-1.00,429,backpressure,false,
candidateA_saturation_hard,2026-09-13T18:54:36.252615+08:00,5,false,3.61,-1.00,429,backpressure,false,
candidateA_saturation_hard,2026-09-13T18:54:36.253251+08:00,12,false,3.03,-1.00,429,backpressure,false,
candidateA_saturation_hard,2026-09-13T18:54:36.252842+08:00,4,true,3.51,-1.00,429,backpressure,false,
candidateA_saturation_hard,2026-09-13T18:54:36.253748+08:00,7,true,2.64,-1.00,429,backpressure,false,
candidateA_saturation_hard,2026-09-13T18:54:36.25291+08:00,11,false,3.69,-1.00,429,backpressure,false,
candidateA_saturation_hard,2026-09-13T18:54:36.253377+08:00,10,true,3.27,-1.00,429,backpressure,false,
candidateA_saturation_hard,2026-09-13T18:54:30.681127+08:00,8,false,5639.79,-1.00,200,,true,
candidateA_saturation_hard,2026-09-13T18:54:36.404333+08:00,11,true,1.67,-1.00,429,backpressure,false,
candidateA_saturation_hard,2026-09-13T18:54:36.404219+08:00,10,false,1.81,-1.00,429,backpressure,false,
candidateA_saturation_hard,2026-09-13T18:54:36.403814+08:00,4,true,2.26,-1.00,429,backpressure,false,
candidateA_saturation_hard,2026-09-13T18:54:36.403736+08:00,12,false,2.37,-1.00,429,backpressure,false,
candidateA_saturation_hard,2026-09-13T18:54:36.403759+08:00,5,false,2.41,-1.00,429,backpressure,false,
candidateA_saturation_hard,2026-09-13T18:54:36.40381+08:00,7,true,2.32,-1.00,429,backpressure,false,
candidateA_saturation_hard,2026-09-13T18:54:36.554984+08:00,7,false,1.64,-1.00,429,backpressure,false,
candidateA_saturation_hard,2026-09-13T18:54:36.554839+08:00,12,false,1.83,-1.00,429,backpressure,false,
candidateA_saturation_hard,2026-09-13T18:54:36.554806+08:00,10,false,1.90,-1.00,429,backpressure,false,
candidateA_saturation_hard,2026-09-13T18:54:36.555379+08:00,4,false,1.38,-1.00,429,backpressure,false,
candidateA_saturation_hard,2026-09-13T18:54:36.554866+08:00,11,false,1.93,-1.00,429,backpressure,false,
candidateA_saturation_hard,2026-09-13T18:54:36.554806+08:00,5,true,2.02,-1.00,429,backpressure,false,
candidateA_saturation_hard,2026-09-13T18:54:36.705632+08:00,10,false,2.32,-1.00,429,backpressure,false,
candidateA_saturation_hard,2026-09-13T18:54:36.706034+08:00,11,true,1.95,-1.00,429,backpressure,false,
candidateA_saturation_hard,2026-09-13T18:54:36.705751+08:00,12,false,2.31,-1.00,429,backpressure,false,
candidateA_saturation_hard,2026-09-13T18:54:36.705624+08:00,4,false,2.48,-1.00,429,backpressure,false,
candidateA_saturation_hard,2026-09-13T18:54:36.705883+08:00,5,false,2.25,-1.00,429,backpressure,false,
candidateA_saturation_hard,2026-09-13T18:54:36.705358+08:00,7,false,2.79,-1.00,429,backpressure,false,
candidateA_saturation_hard,2026-09-13T18:54:36.856571+08:00,4,true,1.51,-1.00,429,backpressure,false,
candidateA_saturation_hard,2026-09-13T18:54:36.856458+08:00,7,true,1.68,-1.00,429,backpressure,false,
candidateA_saturation_hard,2026-09-13T18:54:36.85621+08:00,11,true,2.00,-1.00,429,backpressure,false,
candidateA_saturation_hard,2026-09-13T18:54:36.856134+08:00,10,true,2.12,-1.00,429,backpressure,false,
candidateA_saturation_hard,2026-09-13T18:54:36.856679+08:00,12,true,1.61,-1.00,429,backpressure,false,
candidateA_saturation_hard,2026-09-13T18:54:36.856006+08:00,5,false,2.29,-1.00,429,backpressure,false,
candidateA_saturation_hard,2026-09-13T18:54:37.007317+08:00,10,true,1.10,-1.00,429,backpressure,false,
candidateA_saturation_hard,2026-09-13T18:54:37.007746+08:00,4,false,1.60,-1.00,429,backpressure,false,
candidateA_saturation_hard,2026-09-13T18:54:37.007462+08:00,7,false,1.91,-1.00,429,backpressure,false,
candidateA_saturation_hard,2026-09-13T18:54:37.007884+08:00,5,false,1.54,-1.00,429,backpressure,false,
candidateA_saturation_hard,2026-09-13T18:54:37.007388+08:00,11,false,2.08,-1.00,429,backpressure,false,
candidateA_saturation_hard,2026-09-13T18:54:37.007153+08:00,12,false,2.36,-1.00,429,backpressure,false,
candidateA_saturation_hard,2026-09-13T18:54:31.375833+08:00,2,false,5708.45,-1.00,200,,true,
candidateA_saturation_hard,2026-09-13T18:54:37.158444+08:00,11,false,1.53,-1.00,429,backpressure,false,
candidateA_saturation_hard,2026-09-13T18:54:37.158578+08:00,7,true,1.40,-1.00,429,backpressure,false,
candidateA_saturation_hard,2026-09-13T18:54:37.158237+08:00,10,true,1.78,-1.00,429,backpressure,false,
candidateA_saturation_hard,2026-09-13T18:54:37.158272+08:00,12,false,1.78,-1.00,429,backpressure,false,
candidateA_saturation_hard,2026-09-13T18:54:37.158237+08:00,5,true,1.82,-1.00,429,backpressure,false,
candidateA_saturation_hard,2026-09-13T18:54:37.158504+08:00,4,true,1.59,-1.00,429,backpressure,false,
candidateA_saturation_hard,2026-09-13T18:54:37.309557+08:00,10,true,1.93,-1.00,429,backpressure,false,
candidateA_saturation_hard,2026-09-13T18:54:37.309483+08:00,5,true,2.09,-1.00,429,backpressure,false,
candidateA_saturation_hard,2026-09-13T18:54:37.309859+08:00,11,true,1.80,-1.00,429,backpressure,false,
candidateA_saturation_hard,2026-09-13T18:54:37.309299+08:00,4,true,2.37,-1.00,429,backpressure,false,
candidateA_saturation_hard,2026-09-13T18:54:37.309335+08:00,12,false,2.40,-1.00,429,backpressure,false,
candidateA_saturation_hard,2026-09-13T18:54:37.309299+08:00,7,false,2.45,-1.00,429,backpressure,false,
candidateA_saturation_hard,2026-09-13T18:54:37.46073+08:00,10,true,1.21,-1.00,429,backpressure,false,
candidateA_saturation_hard,2026-09-13T18:54:37.460397+08:00,11,false,1.61,-1.00,429,backpressure,false,
candidateA_saturation_hard,2026-09-13T18:54:37.460834+08:00,5,true,1.23,-1.00,429,backpressure,false,
candidateA_saturation_hard,2026-09-13T18:54:37.460518+08:00,7,true,1.57,-1.00,429,backpressure,false,
candidateA_saturation_hard,2026-09-13T18:54:37.460351+08:00,4,true,1.75,-1.00,429,backpressure,false,
candidateA_saturation_hard,2026-09-13T18:54:37.460342+08:00,12,false,1.80,-1.00,429,backpressure,false,
candidateA_saturation_hard,2026-09-13T18:54:37.611483+08:00,7,false,1.68,-1.00,429,backpressure,false,
candidateA_saturation_hard,2026-09-13T18:54:37.611639+08:00,12,false,1.61,-1.00,429,backpressure,false,
candidateA_saturation_hard,2026-09-13T18:54:37.612+08:00,4,false,4.29,-1.00,429,backpressure,false,
candidateA_saturation_hard,2026-09-13T18:54:37.612121+08:00,11,false,4.17,-1.00,429,backpressure,false,
candidateA_saturation_hard,2026-09-13T18:54:37.612223+08:00,5,false,4.07,-1.00,429,backpressure,false,
candidateA_saturation_hard,2026-09-13T18:54:37.611717+08:00,10,true,4.60,-1.00,429,backpressure,false,
candidateA_saturation_hard,2026-09-13T18:54:37.762805+08:00,11,false,3.12,-1.00,429,backpressure,false,
candidateA_saturation_hard,2026-09-13T18:54:37.762605+08:00,4,false,3.32,-1.00,429,backpressure,false,
candidateA_saturation_hard,2026-09-13T18:54:37.762622+08:00,12,false,3.36,-1.00,429,backpressure,false,
candidateA_saturation_hard,2026-09-13T18:54:37.762655+08:00,7,true,3.35,-1.00,429,backpressure,false,
candidateA_saturation_hard,2026-09-13T18:54:37.763198+08:00,5,false,2.83,-1.00,429,backpressure,false,
candidateA_saturation_hard,2026-09-13T18:54:37.763093+08:00,10,false,2.98,-1.00,429,backpressure,false,
candidateA_saturation_hard,2026-09-13T18:54:32.062359+08:00,13,false,5721.00,-1.00,200,,true,
candidateA_saturation_hard,2026-09-13T18:54:37.913665+08:00,5,true,3.25,-1.00,429,backpressure,false,
candidateA_saturation_hard,2026-09-13T18:54:37.913921+08:00,4,false,3.17,-1.00,429,backpressure,false,
candidateA_saturation_hard,2026-09-13T18:54:37.914281+08:00,12,true,2.97,-1.00,429,backpressure,false,
candidateA_saturation_hard,2026-09-13T18:54:37.916135+08:00,11,false,1.62,-1.00,429,backpressure,false,
candidateA_saturation_hard,2026-09-13T18:54:37.916649+08:00,7,true,1.16,-1.00,429,backpressure,false,
candidateA_saturation_hard,2026-09-13T18:54:37.916517+08:00,10,false,1.31,-1.00,429,backpressure,false,
candidateA_saturation_hard,2026-09-13T18:54:38.064626+08:00,4,false,1.06,-1.00,429,backpressure,false,
candidateA_saturation_hard,2026-09-13T18:54:38.064705+08:00,5,false,1.03,-1.00,429,backpressure,false,
candidateA_saturation_hard,2026-09-13T18:54:38.064626+08:00,12,false,1.33,-1.00,429,backpressure,false,
candidateA_saturation_hard,2026-09-13T18:54:38.066181+08:00,11,true,0.38,-1.00,429,backpressure,false,
candidateA_saturation_hard,2026-09-13T18:54:38.066607+08:00,10,false,0.47,-1.00,429,backpressure,false,
candidateA_saturation_hard,2026-09-13T18:54:38.066659+08:00,7,false,0.45,-1.00,429,backpressure,false,
candidateA_saturation_hard,2026-09-13T18:54:38.216666+08:00,10,false,1.32,-1.00,429,backpressure,false,
candidateA_saturation_hard,2026-09-13T18:54:38.215654+08:00,5,false,2.34,-1.00,429,backpressure,false,
candidateA_saturation_hard,2026-09-13T18:54:38.216025+08:00,12,false,2.00,-1.00,429,backpressure,false,
candidateA_saturation_hard,2026-09-13T18:54:38.216683+08:00,7,false,1.45,-1.00,429,backpressure,false,
candidateA_saturation_hard,2026-09-13T18:54:38.216432+08:00,11,true,1.76,-1.00,429,backpressure,false,
candidateA_saturation_hard,2026-09-13T18:54:38.216361+08:00,4,false,2.55,-1.00,429,backpressure,false,
candidateA_saturation_hard,2026-09-13T18:54:38.367159+08:00,10,false,1.24,-1.00,429,backpressure,false,
candidateA_saturation_hard,2026-09-13T18:54:38.366746+08:00,12,true,1.67,-1.00,429,backpressure,false,
candidateA_saturation_hard,2026-09-13T18:54:38.36678+08:00,7,false,1.66,-1.00,429,backpressure,false,
candidateA_saturation_hard,2026-09-13T18:54:38.366883+08:00,4,false,1.61,-1.00,429,backpressure,false,
candidateA_saturation_hard,2026-09-13T18:54:38.366738+08:00,11,false,1.78,-1.00,429,backpressure,false,
candidateA_saturation_hard,2026-09-13T18:54:38.366932+08:00,5,false,1.90,-1.00,429,backpressure,false,
candidateA_saturation_hard,2026-09-13T18:54:32.676899+08:00,6,true,5756.00,5211.89,200,,true,
candidateA_saturation_hard,2026-09-13T18:54:38.517678+08:00,5,true,2.38,-1.00,429,backpressure,false,
candidateA_saturation_hard,2026-09-13T18:54:38.517692+08:00,12,true,2.59,-1.00,429,backpressure,false,
candidateA_saturation_hard,2026-09-13T18:54:38.517724+08:00,11,true,4.60,-1.00,429,backpressure,false,
candidateA_saturation_hard,2026-09-13T18:54:38.51784+08:00,7,false,4.51,-1.00,429,backpressure,false,
candidateA_saturation_hard,2026-09-13T18:54:38.522358+08:00,4,false,0.24,-1.00,429,backpressure,false,
candidateA_saturation_hard,2026-09-13T18:54:38.522341+08:00,10,true,0.30,-1.00,429,backpressure,false,
candidateA_saturation_hard,2026-09-13T18:54:38.669272+08:00,7,false,1.37,-1.00,429,backpressure,false,
candidateA_saturation_hard,2026-09-13T18:54:38.669179+08:00,11,true,1.47,-1.00,429,backpressure,false,
candidateA_saturation_hard,2026-09-13T18:54:38.66901+08:00,5,true,1.72,-1.00,429,backpressure,false,
candidateA_saturation_hard,2026-09-13T18:54:38.668967+08:00,12,false,1.81,-1.00,429,backpressure,false,
candidateA_saturation_hard,2026-09-13T18:54:38.671505+08:00,10,true,0.79,-1.00,429,backpressure,false,
candidateA_saturation_hard,2026-09-13T18:54:38.671475+08:00,4,false,0.83,-1.00,429,backpressure,false,
candidateA_saturation_hard,2026-09-13T18:54:38.820149+08:00,7,true,1.32,-1.00,429,backpressure,false,
candidateA_saturation_hard,2026-09-13T18:54:38.821236+08:00,11,true,3.23,-1.00,429,backpressure,false,
candidateA_saturation_hard,2026-09-13T18:54:38.821509+08:00,10,false,2.98,-1.00,429,backpressure,false,
candidateA_saturation_hard,2026-09-13T18:54:38.822036+08:00,5,false,2.49,-1.00,429,backpressure,false,
candidateA_saturation_hard,2026-09-13T18:54:38.82228+08:00,4,false,2.26,-1.00,429,backpressure,false,
candidateA_saturation_hard,2026-09-13T18:54:38.819815+08:00,12,false,4.75,-1.00,429,backpressure,false,
candidateA_saturation_hard,2026-09-13T18:54:38.970983+08:00,7,false,0.94,-1.00,429,backpressure,false,
candidateA_saturation_hard,2026-09-13T18:54:38.970955+08:00,12,false,1.11,-1.00,429,backpressure,false,
candidateA_saturation_hard,2026-09-13T18:54:38.97238+08:00,10,false,0.63,-1.00,429,backpressure,false,
candidateA_saturation_hard,2026-09-13T18:54:38.972316+08:00,5,false,0.78,-1.00,429,backpressure,false,
candidateA_saturation_hard,2026-09-13T18:54:38.971534+08:00,11,false,1.60,-1.00,429,backpressure,false,
candidateA_saturation_hard,2026-09-13T18:54:38.972867+08:00,4,true,0.75,-1.00,429,backpressure,false,
candidateA_saturation_hard,2026-09-13T18:54:39.122087+08:00,7,true,1.45,-1.00,429,backpressure,false,
candidateA_saturation_hard,2026-09-13T18:54:39.122417+08:00,10,true,1.16,-1.00,429,backpressure,false,
candidateA_saturation_hard,2026-09-13T18:54:39.122577+08:00,5,true,1.06,-1.00,429,backpressure,false,
candidateA_saturation_hard,2026-09-13T18:54:39.122048+08:00,11,false,1.87,-1.00,429,backpressure,false,
candidateA_saturation_hard,2026-09-13T18:54:39.123152+08:00,4,true,0.82,-1.00,429,backpressure,false,
candidateA_saturation_hard,2026-09-13T18:54:39.122062+08:00,12,true,1.94,-1.00,429,backpressure,false,
candidateA_saturation_hard,2026-09-13T18:54:33.337428+08:00,3,true,5817.34,5202.34,200,,true,
candidateA_saturation_hard,2026-09-13T18:54:39.272934+08:00,11,false,1.59,-1.00,429,backpressure,false,
candidateA_saturation_hard,2026-09-13T18:54:39.273331+08:00,4,true,1.24,-1.00,429,backpressure,false,
candidateA_saturation_hard,2026-09-13T18:54:39.272934+08:00,12,false,1.70,-1.00,429,backpressure,false,
candidateA_saturation_hard,2026-09-13T18:54:39.272998+08:00,5,false,1.69,-1.00,429,backpressure,false,
candidateA_saturation_hard,2026-09-13T18:54:39.273215+08:00,7,true,1.52,-1.00,429,backpressure,false,
candidateA_saturation_hard,2026-09-13T18:54:39.273283+08:00,10,false,1.65,-1.00,429,backpressure,false,
candidateA_saturation_hard,2026-09-13T18:54:39.424202+08:00,12,true,1.65,-1.00,429,backpressure,false,
candidateA_saturation_hard,2026-09-13T18:54:39.424029+08:00,4,false,1.87,-1.00,429,backpressure,false,
candidateA_saturation_hard,2026-09-13T18:54:39.424589+08:00,10,false,1.33,-1.00,429,backpressure,false,
candidateA_saturation_hard,2026-09-13T18:54:39.424278+08:00,5,false,1.72,-1.00,429,backpressure,false,
candidateA_saturation_hard,2026-09-13T18:54:39.424088+08:00,11,false,1.96,-1.00,429,backpressure,false,
candidateA_saturation_hard,2026-09-13T18:54:39.424458+08:00,7,false,1.62,-1.00,429,backpressure,false,
candidateA_saturation_hard,2026-09-13T18:54:39.575168+08:00,11,false,2.49,-1.00,429,backpressure,false,
candidateA_saturation_hard,2026-09-13T18:54:39.575636+08:00,7,true,2.08,-1.00,429,backpressure,false,
candidateA_saturation_hard,2026-09-13T18:54:39.575182+08:00,4,true,2.63,-1.00,429,backpressure,false,
candidateA_saturation_hard,2026-09-13T18:54:39.575445+08:00,5,false,2.43,-1.00,429,backpressure,false,
candidateA_saturation_hard,2026-09-13T18:54:39.575739+08:00,12,false,3.04,-1.00,429,backpressure,false,
candidateA_saturation_hard,2026-09-13T18:54:39.575367+08:00,10,false,3.46,-1.00,429,backpressure,false,
candidateA_saturation_hard,2026-09-13T18:54:39.725807+08:00,11,false,1.74,-1.00,429,backpressure,false,
candidateA_saturation_hard,2026-09-13T18:54:39.726065+08:00,12,false,1.50,-1.00,429,backpressure,false,
candidateA_saturation_hard,2026-09-13T18:54:39.725576+08:00,5,true,2.22,-1.00,429,backpressure,false,
candidateA_saturation_hard,2026-09-13T18:54:39.725659+08:00,4,true,2.18,-1.00,429,backpressure,false,
candidateA_saturation_hard,2026-09-13T18:54:39.726192+08:00,7,true,1.77,-1.00,429,backpressure,false,
candidateA_saturation_hard,2026-09-13T18:54:39.725562+08:00,10,false,2.42,-1.00,429,backpressure,false,
candidateA_saturation_hard,2026-09-13T18:54:34.011912+08:00,1,true,5753.90,5248.31,200,,true,
candidateA_saturation_hard,2026-09-13T18:54:39.876372+08:00,7,false,1.70,-1.00,429,backpressure,false,
candidateA_saturation_hard,2026-09-13T18:54:39.877573+08:00,12,true,1.41,-1.00,429,backpressure,false,
candidateA_saturation_hard,2026-09-13T18:54:39.878057+08:00,11,false,1.04,-1.00,429,backpressure,false,
candidateA_saturation_hard,2026-09-13T18:54:39.876595+08:00,10,false,2.64,-1.00,429,backpressure,false,
candidateA_saturation_hard,2026-09-13T18:54:39.878138+08:00,4,false,1.47,-1.00,429,backpressure,false,
candidateA_saturation_hard,2026-09-13T18:54:39.878105+08:00,5,false,1.57,-1.00,429,backpressure,false,
candidateA_saturation_hard,2026-09-13T18:54:40.027436+08:00,10,false,0.86,-1.00,429,backpressure,false,
candidateA_saturation_hard,2026-09-13T18:54:40.027616+08:00,12,false,1.00,-1.00,429,backpressure,false,
candidateA_saturation_hard,2026-09-13T18:54:40.027443+08:00,7,false,1.21,-1.00,429,backpressure,false,
candidateA_saturation_hard,2026-09-13T18:54:40.02844+08:00,11,false,0.58,-1.00,429,backpressure,false,
candidateA_saturation_hard,2026-09-13T18:54:40.028526+08:00,5,false,0.53,-1.00,429,backpressure,false,
candidateA_saturation_hard,2026-09-13T18:54:40.028371+08:00,4,true,0.88,-1.00,429,backpressure,false,
candidateA_saturation_hard,2026-09-13T18:54:40.178562+08:00,12,false,4.32,-1.00,429,backpressure,false,
candidateA_saturation_hard,2026-09-13T18:54:40.178551+08:00,11,false,4.40,-1.00,429,backpressure,false,
candidateA_saturation_hard,2026-09-13T18:54:40.178618+08:00,5,false,4.40,-1.00,429,backpressure,false,
candidateA_saturation_hard,2026-09-13T18:54:40.179128+08:00,10,false,3.93,-1.00,429,backpressure,false,
candidateA_saturation_hard,2026-09-13T18:54:40.178976+08:00,7,true,4.12,-1.00,429,backpressure,false,
candidateA_saturation_hard,2026-09-13T18:54:40.178601+08:00,4,false,4.71,-1.00,429,backpressure,false,
candidateA_saturation_hard,2026-09-13T18:54:40.329709+08:00,4,false,1.72,-1.00,429,backpressure,false,
candidateA_saturation_hard,2026-09-13T18:54:40.329394+08:00,7,false,2.08,-1.00,429,backpressure,false,
candidateA_saturation_hard,2026-09-13T18:54:40.329206+08:00,10,true,2.33,-1.00,429,backpressure,false,
candidateA_saturation_hard,2026-09-13T18:54:40.32921+08:00,12,false,2.37,-1.00,429,backpressure,false,
candidateA_saturation_hard,2026-09-13T18:54:40.329259+08:00,11,false,2.37,-1.00,429,backpressure,false,
candidateA_saturation_hard,2026-09-13T18:54:40.329473+08:00,5,false,2.21,-1.00,429,backpressure,false,
candidateA_saturation_hard,2026-09-13T18:54:40.480781+08:00,10,true,2.50,-1.00,429,backpressure,false,
candidateA_saturation_hard,2026-09-13T18:54:40.481861+08:00,11,true,1.48,-1.00,429,backpressure,false,
candidateA_saturation_hard,2026-09-13T18:54:40.4804+08:00,4,false,3.00,-1.00,429,backpressure,false,
candidateA_saturation_hard,2026-09-13T18:54:40.481828+08:00,5,false,1.62,-1.00,429,backpressure,false,
candidateA_saturation_hard,2026-09-13T18:54:40.481816+08:00,12,true,1.66,-1.00,429,backpressure,false,
candidateA_saturation_hard,2026-09-13T18:54:40.482185+08:00,7,false,1.30,-1.00,429,backpressure,false,
candidateA_saturation_hard,2026-09-13T18:54:34.736876+08:00,0,false,5814.40,-1.00,200,,true,
candidateA_saturation_hard,2026-09-13T18:54:40.631036+08:00,5,false,1.31,-1.00,429,backpressure,false,
candidateA_saturation_hard,2026-09-13T18:54:40.631066+08:00,4,true,1.37,-1.00,429,backpressure,false,
candidateA_saturation_hard,2026-09-13T18:54:40.631019+08:00,10,true,1.52,-1.00,429,backpressure,false,
candidateA_saturation_hard,2026-09-13T18:54:40.632166+08:00,12,false,0.83,-1.00,429,backpressure,false,
candidateA_saturation_hard,2026-09-13T18:54:40.632558+08:00,7,true,0.53,-1.00,429,backpressure,false,
candidateA_saturation_hard,2026-09-13T18:54:40.63261+08:00,11,true,0.60,-1.00,429,backpressure,false,
candidateA_saturation_hard,2026-09-13T18:54:40.782925+08:00,11,false,3.30,-1.00,429,backpressure,false,
candidateA_saturation_hard,2026-09-13T18:54:40.783571+08:00,7,true,2.71,-1.00,429,backpressure,false,
candidateA_saturation_hard,2026-09-13T18:54:40.78331+08:00,5,true,3.05,-1.00,429,backpressure,false,
candidateA_saturation_hard,2026-09-13T18:54:40.782965+08:00,10,true,3.46,-1.00,429,backpressure,false,
candidateA_saturation_hard,2026-09-13T18:54:40.783005+08:00,12,true,3.48,-1.00,429,backpressure,false,
candidateA_saturation_hard,2026-09-13T18:54:40.782388+08:00,4,false,4.22,-1.00,429,backpressure,false,
candidateA_saturation_hard,2026-09-13T18:54:40.933857+08:00,12,false,1.90,-1.00,429,backpressure,false,
candidateA_saturation_hard,2026-09-13T18:54:40.933478+08:00,5,false,2.34,-1.00,429,backpressure,false,
candidateA_saturation_hard,2026-09-13T18:54:40.933484+08:00,11,true,2.40,-1.00,429,backpressure,false,
candidateA_saturation_hard,2026-09-13T18:54:40.934097+08:00,7,false,2.14,-1.00,429,backpressure,false,
candidateA_saturation_hard,2026-09-13T18:54:40.933515+08:00,4,true,2.75,-1.00,429,backpressure,false,
candidateA_saturation_hard,2026-09-13T18:54:40.933648+08:00,10,true,2.63,-1.00,429,backpressure,false,
candidateA_saturation_hard,2026-09-13T18:54:41.084468+08:00,10,false,2.67,-1.00,429,backpressure,false,
candidateA_saturation_hard,2026-09-13T18:54:41.084432+08:00,11,false,2.75,-1.00,429,backpressure,false,
candidateA_saturation_hard,2026-09-13T18:54:41.084636+08:00,5,false,2.76,-1.00,429,backpressure,false,
candidateA_saturation_hard,2026-09-13T18:54:41.084577+08:00,12,false,3.06,-1.00,429,backpressure,false,
candidateA_saturation_hard,2026-09-13T18:54:41.0849+08:00,4,true,2.80,-1.00,429,backpressure,false,
candidateA_saturation_hard,2026-09-13T18:54:41.084426+08:00,7,false,3.67,-1.00,429,backpressure,false,
candidateA_saturation_hard,2026-09-13T18:54:41.235477+08:00,7,false,2.07,-1.00,429,backpressure,false,
candidateA_saturation_hard,2026-09-13T18:54:41.235506+08:00,4,false,2.18,-1.00,429,backpressure,false,
candidateA_saturation_hard,2026-09-13T18:54:41.235976+08:00,5,true,1.78,-1.00,429,backpressure,false,
candidateA_saturation_hard,2026-09-13T18:54:41.235694+08:00,11,false,2.12,-1.00,429,backpressure,false,
candidateA_saturation_hard,2026-09-13T18:54:41.235766+08:00,12,true,2.51,-1.00,429,backpressure,false,
candidateA_saturation_hard,2026-09-13T18:54:41.236081+08:00,10,true,2.24,-1.00,429,backpressure,false,
candidateA_saturation_hard,2026-09-13T18:54:41.387104+08:00,10,false,1.86,-1.00,429,backpressure,false,
candidateA_saturation_hard,2026-09-13T18:54:41.387552+08:00,12,true,1.42,-1.00,429,backpressure,false,
candidateA_saturation_hard,2026-09-13T18:54:41.388674+08:00,11,false,1.30,-1.00,429,backpressure,false,
candidateA_saturation_hard,2026-09-13T18:54:41.38843+08:00,7,false,1.56,-1.00,429,backpressure,false,
candidateA_saturation_hard,2026-09-13T18:54:41.387621+08:00,5,false,2.42,-1.00,429,backpressure,false,
candidateA_saturation_hard,2026-09-13T18:54:41.388817+08:00,4,false,1.27,-1.00,429,backpressure,false,
candidateA_saturation_hard,2026-09-13T18:54:41.538144+08:00,10,false,3.52,-1.00,429,backpressure,false,
candidateA_saturation_hard,2026-09-13T18:54:41.538131+08:00,12,true,3.58,-1.00,429,backpressure,false,
candidateA_saturation_hard,2026-09-13T18:54:41.53914+08:00,11,false,3.18,-1.00,429,backpressure,false,
candidateA_saturation_hard,2026-09-13T18:54:41.538568+08:00,7,false,3.81,-1.00,429,backpressure,false,
candidateA_saturation_hard,2026-09-13T18:54:41.538948+08:00,4,false,3.44,-1.00,429,backpressure,false,
candidateA_saturation_hard,2026-09-13T18:54:41.538268+08:00,5,true,4.13,-1.00,429,backpressure,false,
candidateA_saturation_hard,2026-09-13T18:54:35.437687+08:00,9,false,6175.02,-1.00,200,,true,
candidateA_saturation_hard,2026-09-13T18:54:41.689655+08:00,4,true,1.84,-1.00,429,backpressure,false,
candidateA_saturation_hard,2026-09-13T18:54:41.690872+08:00,5,true,1.33,-1.00,429,backpressure,false,
candidateA_saturation_hard,2026-09-13T18:54:41.690709+08:00,10,false,1.56,-1.00,429,backpressure,false,
candidateA_saturation_hard,2026-09-13T18:54:41.690806+08:00,12,true,1.48,-1.00,429,backpressure,false,
candidateA_saturation_hard,2026-09-13T18:54:41.690621+08:00,11,false,1.69,-1.00,429,backpressure,false,
candidateA_saturation_hard,2026-09-13T18:54:41.690312+08:00,7,true,2.05,-1.00,429,backpressure,false,
candidateA_saturation_hard,2026-09-13T18:54:41.84192+08:00,12,true,2.04,-1.00,429,backpressure,false,
candidateA_saturation_hard,2026-09-13T18:54:41.841315+08:00,11,false,2.67,-1.00,429,backpressure,false,
candidateA_saturation_hard,2026-09-13T18:54:41.841844+08:00,4,true,2.63,-1.00,429,backpressure,false,
candidateA_saturation_hard,2026-09-13T18:54:41.841746+08:00,5,true,2.73,-1.00,429,backpressure,false,
candidateA_saturation_hard,2026-09-13T18:54:41.8414+08:00,7,true,3.17,-1.00,429,backpressure,false,
candidateA_saturation_hard,2026-09-13T18:54:41.841178+08:00,10,true,3.40,-1.00,429,backpressure,false,
candidateA_saturation_hard,2026-09-13T18:54:41.993132+08:00,4,true,1.62,-1.00,429,backpressure,false,
candidateA_saturation_hard,2026-09-13T18:54:41.993396+08:00,5,false,1.43,-1.00,429,backpressure,false,
candidateA_saturation_hard,2026-09-13T18:54:41.993465+08:00,10,false,1.43,-1.00,429,backpressure,false,
candidateA_saturation_hard,2026-09-13T18:54:41.993157+08:00,12,true,1.78,-1.00,429,backpressure,false,
candidateA_saturation_hard,2026-09-13T18:54:41.992976+08:00,7,false,2.00,-1.00,429,backpressure,false,
candidateA_saturation_hard,2026-09-13T18:54:41.993103+08:00,11,true,2.52,-1.00,429,backpressure,false,
candidateA_saturation_hard,2026-09-13T18:54:42.144064+08:00,7,false,1.44,-1.00,429,backpressure,false,
candidateA_saturation_hard,2026-09-13T18:54:42.144394+08:00,5,false,1.15,-1.00,429,backpressure,false,
candidateA_saturation_hard,2026-09-13T18:54:42.144028+08:00,12,true,1.56,-1.00,429,backpressure,false,
candidateA_saturation_hard,2026-09-13T18:54:42.144075+08:00,10,true,1.55,-1.00,429,backpressure,false,
candidateA_saturation_hard,2026-09-13T18:54:42.144028+08:00,11,false,1.63,-1.00,429,backpressure,false,
candidateA_saturation_hard,2026-09-13T18:54:42.144184+08:00,4,false,1.50,-1.00,429,backpressure,false,
candidateA_saturation_hard,2026-09-13T18:54:36.321107+08:00,8,true,5949.36,5402.50,200,,true,
candidateA_saturation_hard,2026-09-13T18:54:42.295389+08:00,4,false,1.23,-1.00,429,backpressure,false,
candidateA_saturation_hard,2026-09-13T18:54:42.295101+08:00,10,true,1.57,-1.00,429,backpressure,false,
candidateA_saturation_hard,2026-09-13T18:54:42.295061+08:00,5,true,1.66,-1.00,429,backpressure,false,
candidateA_saturation_hard,2026-09-13T18:54:42.295258+08:00,7,false,1.52,-1.00,429,backpressure,false,
candidateA_saturation_hard,2026-09-13T18:54:42.295067+08:00,11,false,1.75,-1.00,429,backpressure,false,
candidateA_saturation_hard,2026-09-13T18:54:42.295317+08:00,12,false,1.52,-1.00,429,backpressure,false,
candidateA_saturation_hard,2026-09-13T18:54:42.446175+08:00,10,true,4.84,-1.00,429,backpressure,false,
candidateA_saturation_hard,2026-09-13T18:54:42.446149+08:00,11,false,5.02,-1.00,429,backpressure,false,
candidateA_saturation_hard,2026-09-13T18:54:42.446134+08:00,4,false,5.11,-1.00,429,backpressure,false,
candidateA_saturation_hard,2026-09-13T18:54:42.446832+08:00,12,false,4.45,-1.00,429,backpressure,false,
candidateA_saturation_hard,2026-09-13T18:54:42.44627+08:00,7,false,5.13,-1.00,429,backpressure,false,
candidateA_saturation_hard,2026-09-13T18:54:42.446569+08:00,5,true,4.72,-1.00,429,backpressure,false,
candidateA_saturation_hard,2026-09-13T18:54:42.596962+08:00,12,false,2.24,-1.00,429,backpressure,false,
candidateA_saturation_hard,2026-09-13T18:54:42.597655+08:00,7,true,1.57,-1.00,429,backpressure,false,
candidateA_saturation_hard,2026-09-13T18:54:42.597371+08:00,10,true,1.91,-1.00,429,backpressure,false,
candidateA_saturation_hard,2026-09-13T18:54:42.596962+08:00,5,true,2.35,-1.00,429,backpressure,false,
candidateA_saturation_hard,2026-09-13T18:54:42.596999+08:00,4,false,2.33,-1.00,429,backpressure,false,
candidateA_saturation_hard,2026-09-13T18:54:42.597234+08:00,11,true,2.13,-1.00,429,backpressure,false,
candidateA_saturation_hard,2026-09-13T18:54:42.749515+08:00,5,false,1.09,-1.00,429,backpressure,false,
candidateA_saturation_hard,2026-09-13T18:54:42.748022+08:00,7,true,2.92,-1.00,429,backpressure,false,
candidateA_saturation_hard,2026-09-13T18:54:42.750227+08:00,11,true,0.81,-1.00,429,backpressure,false,
candidateA_saturation_hard,2026-09-13T18:54:42.750067+08:00,4,true,3.36,-1.00,429,backpressure,false,
candidateA_saturation_hard,2026-09-13T18:54:42.749539+08:00,10,true,3.95,-1.00,429,backpressure,false,
candidateA_saturation_hard,2026-09-13T18:54:42.749855+08:00,12,true,3.65,-1.00,429,backpressure,false,
candidateA_saturation_hard,2026-09-13T18:54:42.89957+08:00,10,false,0.60,-1.00,429,backpressure,false,
candidateA_saturation_hard,2026-09-13T18:54:42.899121+08:00,7,false,1.07,-1.00,429,backpressure,false,
candidateA_saturation_hard,2026-09-13T18:54:42.900259+08:00,11,true,0.48,-1.00,429,backpressure,false,
candidateA_saturation_hard,2026-09-13T18:54:42.899665+08:00,5,true,1.10,-1.00,429,backpressure,false,
candidateA_saturation_hard,2026-09-13T18:54:42.900216+08:00,4,false,0.58,-1.00,429,backpressure,false,
candidateA_saturation_hard,2026-09-13T18:54:42.89996+08:00,12,true,0.86,-1.00,429,backpressure,false,
candidateA_saturation_hard,2026-09-13T18:54:43.050294+08:00,11,false,2.78,-1.00,429,backpressure,false,
candidateA_saturation_hard,2026-09-13T18:54:43.050665+08:00,7,false,2.46,-1.00,429,backpressure,false,
candidateA_saturation_hard,2026-09-13T18:54:43.050439+08:00,4,true,2.78,-1.00,429,backpressure,false,
candidateA_saturation_hard,2026-09-13T18:54:43.050219+08:00,12,true,3.08,-1.00,429,backpressure,false,
candidateA_saturation_hard,2026-09-13T18:54:43.050836+08:00,10,false,2.54,-1.00,429,backpressure,false,
candidateA_saturation_hard,2026-09-13T18:54:43.050219+08:00,5,false,3.23,-1.00,429,backpressure,false,
candidateA_saturation_hard,2026-09-13T18:54:43.201191+08:00,4,false,2.27,-1.00,429,backpressure,false,
candidateA_saturation_hard,2026-09-13T18:54:43.201161+08:00,11,false,2.36,-1.00,429,backpressure,false,
candidateA_saturation_hard,2026-09-13T18:54:43.201767+08:00,7,false,1.81,-1.00,429,backpressure,false,
candidateA_saturation_hard,2026-09-13T18:54:43.201927+08:00,12,false,1.69,-1.00,429,backpressure,false,
candidateA_saturation_hard,2026-09-13T18:54:43.201283+08:00,5,false,2.39,-1.00,429,backpressure,false,
candidateA_saturation_hard,2026-09-13T18:54:43.201146+08:00,10,false,2.56,-1.00,429,backpressure,false,
candidateA_saturation_hard,2026-09-13T18:54:37.084509+08:00,2,false,6199.53,-1.00,200,,true,
candidateA_saturation_hard,2026-09-13T18:54:43.352212+08:00,10,true,4.00,-1.00,429,backpressure,false,
candidateA_saturation_hard,2026-09-13T18:54:43.355438+08:00,11,false,1.50,-1.00,429,backpressure,false,
candidateA_saturation_hard,2026-09-13T18:54:43.355014+08:00,4,false,1.97,-1.00,429,backpressure,false,
candidateA_saturation_hard,2026-09-13T18:54:43.35542+08:00,7,false,1.60,-1.00,429,backpressure,false,
candidateA_saturation_hard,2026-09-13T18:54:43.352443+08:00,12,true,4.63,-1.00,429,backpressure,false,
candidateA_saturation_hard,2026-09-13T18:54:43.355183+08:00,5,false,1.93,-1.00,429,backpressure,false,
candidateA_saturation_hard,2026-09-13T18:54:43.504417+08:00,10,true,1.22,-1.00,429,backpressure,false,
candidateA_saturation_hard,2026-09-13T18:54:43.503603+08:00,12,true,2.24,-1.00,429,backpressure,false,
candidateA_saturation_hard,2026-09-13T18:54:43.505577+08:00,11,true,1.34,-1.00,429,backpressure,false,
candidateA_saturation_hard,2026-09-13T18:54:43.505886+08:00,7,false,1.11,-1.00,429,backpressure,false,
candidateA_saturation_hard,2026-09-13T18:54:43.505917+08:00,4,true,1.13,-1.00,429,backpressure,false,
candidateA_saturation_hard,2026-09-13T18:54:43.505856+08:00,5,false,1.21,-1.00,429,backpressure,false,
candidateA_saturation_hard,2026-09-13T18:54:43.653832+08:00,12,false,1.50,-1.00,429,backpressure,false,
candidateA_saturation_hard,2026-09-13T18:54:43.654588+08:00,10,false,0.85,-1.00,429,backpressure,false,
candidateA_saturation_hard,2026-09-13T18:54:43.655896+08:00,7,true,0.86,-1.00,429,backpressure,false,
candidateA_saturation_hard,2026-09-13T18:54:43.655851+08:00,11,true,1.53,-1.00,429,backpressure,false,
candidateA_saturation_hard,2026-09-13T18:54:43.656041+08:00,4,true,1.40,-1.00,429,backpressure,false,
candidateA_saturation_hard,2026-09-13T18:54:43.65592+08:00,5,false,1.58,-1.00,429,backpressure,false,
candidateA_saturation_hard,2026-09-13T18:54:43.804927+08:00,12,true,1.28,-1.00,429,backpressure,false,
candidateA_saturation_hard,2026-09-13T18:54:43.804916+08:00,10,false,1.41,-1.00,429,backpressure,false,
candidateA_saturation_hard,2026-09-13T18:54:43.806551+08:00,5,false,0.99,-1.00,429,backpressure,false,
candidateA_saturation_hard,2026-09-13T18:54:43.806092+08:00,7,false,1.51,-1.00,429,backpressure,false,
candidateA_saturation_hard,2026-09-13T18:54:43.806351+08:00,4,true,1.29,-1.00,429,backpressure,false,
candidateA_saturation_hard,2026-09-13T18:54:43.806449+08:00,11,false,1.31,-1.00,429,backpressure,false,
candidateA_saturation_hard,2026-09-13T18:54:43.955556+08:00,10,false,0.80,-1.00,429,backpressure,false,
candidateA_saturation_hard,2026-09-13T18:54:43.955416+08:00,12,true,1.01,-1.00,429,backpressure,false,
candidateA_saturation_hard,2026-09-13T18:54:43.956594+08:00,5,false,0.63,-1.00,429,backpressure,false,
candidateA_saturation_hard,2026-09-13T18:54:43.956384+08:00,4,false,0.92,-1.00,429,backpressure,false,
candidateA_saturation_hard,2026-09-13T18:54:43.956355+08:00,7,true,0.99,-1.00,429,backpressure,false,
candidateA_saturation_hard,2026-09-13T18:54:43.956483+08:00,11,true,0.88,-1.00,429,backpressure,false,
candidateA_saturation_hard,2026-09-13T18:54:37.783562+08:00,13,false,6299.39,-1.00,200,,true,
candidateA_saturation_hard,2026-09-13T18:54:44.10642+08:00,7,true,0.55,-1.00,429,backpressure,false,
candidateA_saturation_hard,2026-09-13T18:54:44.106624+08:00,5,true,0.46,-1.00,429,backpressure,false,
candidateA_saturation_hard,2026-09-13T18:54:44.106504+08:00,11,false,0.64,-1.00,429,backpressure,false,
candidateA_saturation_hard,2026-09-13T18:54:44.10641+08:00,12,false,0.76,-1.00,429,backpressure,false,
candidateA_saturation_hard,2026-09-13T18:54:44.106436+08:00,4,true,0.77,-1.00,429,backpressure,false,
candidateA_saturation_hard,2026-09-13T18:54:44.106494+08:00,10,true,0.73,-1.00,429,backpressure,false,
candidateA_saturation_hard,2026-09-13T18:54:44.257827+08:00,5,true,1.08,-1.00,429,backpressure,false,
candidateA_saturation_hard,2026-09-13T18:54:44.258498+08:00,4,false,0.68,-1.00,429,backpressure,false,
candidateA_saturation_hard,2026-09-13T18:54:44.257485+08:00,7,false,1.77,-1.00,429,backpressure,false,
candidateA_saturation_hard,2026-09-13T18:54:44.25834+08:00,11,false,1.37,-1.00,429,backpressure,false,
candidateA_saturation_hard,2026-09-13T18:54:44.257899+08:00,12,false,1.87,-1.00,429,backpressure,false,
candidateA_saturation_hard,2026-09-13T18:54:44.25817+08:00,10,false,1.61,-1.00,429,backpressure,false,
candidateA_saturation_hard,2026-09-13T18:54:44.409531+08:00,7,true,1.38,-1.00,429,backpressure,false,
candidateA_saturation_hard,2026-09-13T18:54:44.409431+08:00,4,true,1.60,-1.00,429,backpressure,false,
candidateA_saturation_hard,2026-09-13T18:54:44.408864+08:00,10,true,2.20,-1.00,429,backpressure,false,
candidateA_saturation_hard,2026-09-13T18:54:44.409536+08:00,5,true,2.10,-1.00,429,backpressure,false,
candidateA_saturation_hard,2026-09-13T18:54:44.411134+08:00,11,true,0.58,-1.00,429,backpressure,false,
candidateA_saturation_hard,2026-09-13T18:54:44.411181+08:00,12,false,0.58,-1.00,429,backpressure,false,
candidateA_saturation_hard,2026-09-13T18:54:44.559479+08:00,4,true,0.81,-1.00,429,backpressure,false,
candidateA_saturation_hard,2026-09-13T18:54:44.559202+08:00,10,false,1.17,-1.00,429,backpressure,false,
candidateA_saturation_hard,2026-09-13T18:54:44.55988+08:00,12,false,1.33,-1.00,429,backpressure,false,
candidateA_saturation_hard,2026-09-13T18:54:44.560125+08:00,5,true,1.14,-1.00,429,backpressure,false,
candidateA_saturation_hard,2026-09-13T18:54:44.560042+08:00,11,false,1.29,-1.00,429,backpressure,false,
candidateA_saturation_hard,2026-09-13T18:54:44.559561+08:00,7,false,1.79,-1.00,429,backpressure,false,
candidateA_saturation_hard,2026-09-13T18:54:44.710287+08:00,11,false,1.55,-1.00,429,backpressure,false,
candidateA_saturation_hard,2026-09-13T18:54:44.709854+08:00,7,true,2.04,-1.00,429,backpressure,false,
candidateA_saturation_hard,2026-09-13T18:54:44.710182+08:00,5,false,1.77,-1.00,429,backpressure,false,
candidateA_saturation_hard,2026-09-13T18:54:44.710001+08:00,12,true,2.00,-1.00,429,backpressure,false,
candidateA_saturation_hard,2026-09-13T18:54:44.709792+08:00,10,false,2.25,-1.00,429,backpressure,false,
candidateA_saturation_hard,2026-09-13T18:54:44.709792+08:00,4,false,2.42,-1.00,429,backpressure,false,
candidateA_saturation_hard,2026-09-13T18:54:38.433109+08:00,6,true,6294.98,5756.58,200,,true,
candidateA_saturation_hard,2026-09-13T18:54:44.861259+08:00,10,true,2.17,-1.00,429,backpressure,false,
candidateA_saturation_hard,2026-09-13T18:54:44.861467+08:00,4,false,2.02,-1.00,429,backpressure,false,
candidateA_saturation_hard,2026-09-13T18:54:44.861366+08:00,5,true,2.15,-1.00,429,backpressure,false,
candidateA_saturation_hard,2026-09-13T18:54:44.860979+08:00,7,false,2.55,-1.00,429,backpressure,false,
candidateA_saturation_hard,2026-09-13T18:54:44.860908+08:00,11,true,2.67,-1.00,429,backpressure,false,
candidateA_saturation_hard,2026-09-13T18:54:44.86115+08:00,12,false,2.28,-1.00,429,backpressure,false,
candidateA_saturation_hard,2026-09-13T18:54:45.011981+08:00,5,true,2.27,-1.00,429,backpressure,false,
candidateA_saturation_hard,2026-09-13T18:54:45.012427+08:00,7,false,1.87,-1.00,429,backpressure,false,
candidateA_saturation_hard,2026-09-13T18:54:45.012242+08:00,4,false,2.15,-1.00,429,backpressure,false,
candidateA_saturation_hard,2026-09-13T18:54:45.011993+08:00,10,true,2.46,-1.00,429,backpressure,false,
candidateA_saturation_hard,2026-09-13T18:54:45.012538+08:00,11,true,1.97,-1.00,429,backpressure,false,
candidateA_saturation_hard,2026-09-13T18:54:45.01206+08:00,12,true,2.67,-1.00,429,backpressure,false,
candidateA_saturation_hard,2026-09-13T18:54:45.163118+08:00,5,false,3.35,-1.00,429,backpressure,false,
candidateA_saturation_hard,2026-09-13T18:54:45.163076+08:00,11,true,3.44,-1.00,429,backpressure,false,
candidateA_saturation_hard,2026-09-13T18:54:45.163236+08:00,10,false,3.48,-1.00,429,backpressure,false,
candidateA_saturation_hard,2026-09-13T18:54:45.163323+08:00,4,false,3.46,-1.00,429,backpressure,false,
candidateA_saturation_hard,2026-09-13T18:54:45.163578+08:00,7,false,3.27,-1.00,429,backpressure,false,
candidateA_saturation_hard,2026-09-13T18:54:45.16307+08:00,12,false,4.64,-1.00,429,backpressure,false,
candidateA_saturation_hard,2026-09-13T18:54:45.316316+08:00,12,false,2.55,-1.00,429,backpressure,false,
candidateA_saturation_hard,2026-09-13T18:54:45.315917+08:00,5,true,3.00,-1.00,429,backpressure,false,
candidateA_saturation_hard,2026-09-13T18:54:45.31585+08:00,11,true,3.14,-1.00,429,backpressure,false,
candidateA_saturation_hard,2026-09-13T18:54:45.314197+08:00,7,false,4.83,-1.00,429,backpressure,false,
candidateA_saturation_hard,2026-09-13T18:54:45.317027+08:00,4,false,2.00,-1.00,429,backpressure,false,
candidateA_saturation_hard,2026-09-13T18:54:45.316773+08:00,10,false,2.27,-1.00,429,backpressure,false,
candidateA_saturation_hard,2026-09-13T18:54:45.464784+08:00,7,false,1.52,-1.00,429,backpressure,false,
candidateA_saturation_hard,2026-09-13T18:54:45.466119+08:00,11,true,1.14,-1.00,429,backpressure,false,
candidateA_saturation_hard,2026-09-13T18:54:45.467371+08:00,10,false,0.67,-1.00,429,backpressure,false,
candidateA_saturation_hard,2026-09-13T18:54:45.466734+08:00,12,false,1.47,-1.00,429,backpressure,false,
candidateA_saturation_hard,2026-09-13T18:54:45.467111+08:00,4,false,1.24,-1.00,429,backpressure,false,
candidateA_saturation_hard,2026-09-13T18:54:45.466822+08:00,5,false,1.63,-1.00,429,backpressure,false,
candidateA_saturation_hard,2026-09-13T18:54:39.15498+08:00,3,false,6315.77,-1.00,200,,true,
candidateA_saturation_hard,2026-09-13T18:54:45.618271+08:00,5,true,2.79,-1.00,429,backpressure,false,
candidateA_saturation_hard,2026-09-13T18:54:45.620514+08:00,12,false,1.19,-1.00,429,backpressure,false,
candidateA_saturation_hard,2026-09-13T18:54:45.6206+08:00,7,true,1.21,-1.00,429,backpressure,false,
candidateA_saturation_hard,2026-09-13T18:54:45.620514+08:00,10,true,1.37,-1.00,429,backpressure,false,
candidateA_saturation_hard,2026-09-13T18:54:45.620464+08:00,11,true,1.48,-1.00,429,backpressure,false,
candidateA_saturation_hard,2026-09-13T18:54:45.620565+08:00,4,false,1.49,-1.00,429,backpressure,false,
candidateA_saturation_hard,2026-09-13T18:54:45.769411+08:00,5,false,0.72,-1.00,429,backpressure,false,
candidateA_saturation_hard,2026-09-13T18:54:45.770613+08:00,4,false,1.00,-1.00,429,backpressure,false,
candidateA_saturation_hard,2026-09-13T18:54:45.770775+08:00,7,true,0.87,-1.00,429,backpressure,false,
candidateA_saturation_hard,2026-09-13T18:54:45.770543+08:00,10,true,1.12,-1.00,429,backpressure,false,
candidateA_saturation_hard,2026-09-13T18:54:45.770546+08:00,12,true,1.16,-1.00,429,backpressure,false,
candidateA_saturation_hard,2026-09-13T18:54:45.770518+08:00,11,false,1.20,-1.00,429,backpressure,false,
candidateA_saturation_hard,2026-09-13T18:54:45.920531+08:00,5,true,2.02,-1.00,429,backpressure,false,
candidateA_saturation_hard,2026-09-13T18:54:45.920776+08:00,4,false,1.83,-1.00,429,backpressure,false,
candidateA_saturation_hard,2026-09-13T18:54:45.922196+08:00,11,true,0.98,-1.00,429,backpressure,false,
candidateA_saturation_hard,2026-09-13T18:54:45.920948+08:00,10,false,2.30,-1.00,429,backpressure,false,
candidateA_saturation_hard,2026-09-13T18:54:45.922067+08:00,7,false,1.21,-1.00,429,backpressure,false,
candidateA_saturation_hard,2026-09-13T18:54:45.922034+08:00,12,true,1.26,-1.00,429,backpressure,false,
candidateA_saturation_hard,2026-09-13T18:54:46.072499+08:00,11,true,1.42,-1.00,429,backpressure,false,
candidateA_saturation_hard,2026-09-13T18:54:46.072598+08:00,7,false,1.33,-1.00,429,backpressure,false,
candidateA_saturation_hard,2026-09-13T18:54:46.071614+08:00,10,true,2.38,-1.00,429,backpressure,false,
candidateA_saturation_hard,2026-09-13T18:54:46.072046+08:00,12,false,1.98,-1.00,429,backpressure,false,
candidateA_saturation_hard,2026-09-13T18:54:46.071735+08:00,4,true,2.31,-1.00,429,backpressure,false,
candidateA_saturation_hard,2026-09-13T18:54:46.071614+08:00,5,false,2.49,-1.00,429,backpressure,false,
candidateA_saturation_hard,2026-09-13T18:54:39.766027+08:00,1,false,6352.54,-1.00,200,,true,
candidateA_saturation_hard,2026-09-13T18:54:46.222988+08:00,11,false,2.04,-1.00,429,backpressure,false,
candidateA_saturation_hard,2026-09-13T18:54:46.22317+08:00,5,true,2.01,-1.00,429,backpressure,false,
candidateA_saturation_hard,2026-09-13T18:54:46.223721+08:00,4,true,1.64,-1.00,429,backpressure,false,
candidateA_saturation_hard,2026-09-13T18:54:46.223621+08:00,10,false,1.88,-1.00,429,backpressure,false,
candidateA_saturation_hard,2026-09-13T18:54:46.223513+08:00,7,true,2.06,-1.00,429,backpressure,false,
candidateA_saturation_hard,2026-09-13T18:54:46.222992+08:00,12,true,3.22,-1.00,429,backpressure,false,
candidateA_saturation_hard,2026-09-13T18:54:46.37441+08:00,11,false,1.35,-1.00,429,backpressure,false,
candidateA_saturation_hard,2026-09-13T18:54:46.37435+08:00,5,true,1.45,-1.00,429,backpressure,false,
candidateA_saturation_hard,2026-09-13T18:54:46.374574+08:00,10,false,1.26,-1.00,429,backpressure,false,
candidateA_saturation_hard,2026-09-13T18:54:46.374525+08:00,12,true,1.34,-1.00,429,backpressure,false,
candidateA_saturation_hard,2026-09-13T18:54:46.374459+08:00,7,true,1.48,-1.00,429,backpressure,false,
candidateA_saturation_hard,2026-09-13T18:54:46.37435+08:00,4,true,1.75,-1.00,429,backpressure,false,
candidateA_saturation_hard,2026-09-13T18:54:46.52569+08:00,5,true,1.66,-1.00,429,backpressure,false,
candidateA_saturation_hard,2026-09-13T18:54:46.525547+08:00,11,false,1.87,-1.00,429,backpressure,false,
candidateA_saturation_hard,2026-09-13T18:54:46.52509+08:00,4,true,2.41,-1.00,429,backpressure,false,
candidateA_saturation_hard,2026-09-13T18:54:46.525419+08:00,12,true,2.10,-1.00,429,backpressure,false,
candidateA_saturation_hard,2026-09-13T18:54:46.524838+08:00,10,true,2.74,-1.00,429,backpressure,false,
candidateA_saturation_hard,2026-09-13T18:54:46.524705+08:00,7,true,2.89,-1.00,429,backpressure,false,
candidateA_saturation_hard,2026-09-13T18:54:46.675865+08:00,11,true,1.92,-1.00,429,backpressure,false,
candidateA_saturation_hard,2026-09-13T18:54:46.675726+08:00,10,true,2.13,-1.00,429,backpressure,false,
candidateA_saturation_hard,2026-09-13T18:54:46.675763+08:00,5,true,2.16,-1.00,429,backpressure,false,
candidateA_saturation_hard,2026-09-13T18:54:46.676326+08:00,7,false,1.61,-1.00,429,backpressure,false,
candidateA_saturation_hard,2026-09-13T18:54:46.675716+08:00,12,false,2.25,-1.00,429,backpressure,false,
candidateA_saturation_hard,2026-09-13T18:54:46.676141+08:00,4,true,1.86,-1.00,429,backpressure,false,
candidateA_saturation_hard,2026-09-13T18:54:46.826285+08:00,11,true,1.56,-1.00,429,backpressure,false,
candidateA_saturation_hard,2026-09-13T18:54:46.826589+08:00,7,false,1.31,-1.00,429,backpressure,false,
candidateA_saturation_hard,2026-09-13T18:54:46.826322+08:00,5,true,1.63,-1.00,429,backpressure,false,
candidateA_saturation_hard,2026-09-13T18:54:46.82655+08:00,12,false,1.46,-1.00,429,backpressure,false,
candidateA_saturation_hard,2026-09-13T18:54:46.826663+08:00,4,true,1.39,-1.00,429,backpressure,false,
candidateA_saturation_hard,2026-09-13T18:54:46.826284+08:00,10,false,1.79,-1.00,429,backpressure,false,
candidateA_saturation_hard,2026-09-13T18:54:40.551512+08:00,0,true,6332.71,5674.57,200,,true,
candidateA_saturation_hard,2026-09-13T18:54:46.977607+08:00,12,false,1.69,-1.00,429,backpressure,false,
candidateA_saturation_hard,2026-09-13T18:54:46.977934+08:00,10,false,1.41,-1.00,429,backpressure,false,
candidateA_saturation_hard,2026-09-13T18:54:46.977371+08:00,5,false,2.04,-1.00,429,backpressure,false,
candidateA_saturation_hard,2026-09-13T18:54:46.977406+08:00,11,true,2.05,-1.00,429,backpressure,false,
candidateA_saturation_hard,2026-09-13T18:54:46.977682+08:00,7,true,2.04,-1.00,429,backpressure,false,
candidateA_saturation_hard,2026-09-13T18:54:46.977361+08:00,4,false,2.38,-1.00,429,backpressure,false,
candidateA_saturation_hard,2026-09-13T18:54:47.128456+08:00,7,false,4.34,-1.00,429,backpressure,false,
candidateA_saturation_hard,2026-09-13T18:54:47.128481+08:00,10,false,4.37,-1.00,429,backpressure,false,
candidateA_saturation_hard,2026-09-13T18:54:47.128929+08:00,4,false,4.00,-1.00,429,backpressure,false,
candidateA_saturation_hard,2026-09-13T18:54:47.128624+08:00,5,false,4.45,-1.00,429,backpressure,false,
candidateA_saturation_hard,2026-09-13T18:54:47.129132+08:00,12,false,4.76,-1.00,429,backpressure,false,
candidateA_saturation_hard,2026-09-13T18:54:47.128675+08:00,11,false,5.23,-1.00,429,backpressure,false,
candidateA_saturation_hard,2026-09-13T18:54:47.279995+08:00,10,true,3.84,-1.00,429,backpressure,false,
candidateA_saturation_hard,2026-09-13T18:54:47.279706+08:00,11,false,4.15,-1.00,429,backpressure,false,
candidateA_saturation_hard,2026-09-13T18:54:47.279554+08:00,12,true,4.32,-1.00,429,backpressure,false,
candidateA_saturation_hard,2026-09-13T18:54:47.283417+08:00,5,false,0.77,-1.00,429,backpressure,false,
candidateA_saturation_hard,2026-09-13T18:54:47.28305+08:00,7,false,1.21,-1.00,429,backpressure,false,
candidateA_saturation_hard,2026-09-13T18:54:47.281342+08:00,4,false,2.93,-1.00,429,backpressure,false,
candidateA_saturation_hard,2026-09-13T18:54:47.431435+08:00,4,true,0.80,-1.00,429,backpressure,false,
candidateA_saturation_hard,2026-09-13T18:54:47.430636+08:00,10,true,1.60,-1.00,429,backpressure,false,
candidateA_saturation_hard,2026-09-13T18:54:47.430875+08:00,11,false,1.42,-1.00,429,backpressure,false,
candidateA_saturation_hard,2026-09-13T18:54:47.430932+08:00,12,true,1.39,-1.00,429,backpressure,false,
candidateA_saturation_hard,2026-09-13T18:54:47.433164+08:00,7,false,0.33,-1.00,429,backpressure,false,
candidateA_saturation_hard,2026-09-13T18:54:47.433523+08:00,5,false,0.31,-1.00,429,backpressure,false,
candidateA_saturation_hard,2026-09-13T18:54:41.612959+08:00,9,false,5832.34,-1.00,200,,true,
candidateA_saturation_hard,2026-09-13T18:54:47.583298+08:00,11,false,2.32,-1.00,429,backpressure,false,
candidateA_saturation_hard,2026-09-13T18:54:47.583485+08:00,10,true,2.17,-1.00,429,backpressure,false,
candidateA_saturation_hard,2026-09-13T18:54:47.583983+08:00,4,true,1.69,-1.00,429,backpressure,false,
candidateA_saturation_hard,2026-09-13T18:54:47.584061+08:00,12,true,1.63,-1.00,429,backpressure,false,
candidateA_saturation_hard,2026-09-13T18:54:47.583774+08:00,7,true,2.01,-1.00,429,backpressure,false,
candidateA_saturation_hard,2026-09-13T18:54:47.583717+08:00,5,true,2.11,-1.00,429,backpressure,false,
candidateA_saturation_hard,2026-09-13T18:54:47.734468+08:00,12,true,1.89,-1.00,429,backpressure,false,
candidateA_saturation_hard,2026-09-13T18:54:47.734388+08:00,7,true,2.07,-1.00,429,backpressure,false,
candidateA_saturation_hard,2026-09-13T18:54:47.735197+08:00,10,true,1.45,-1.00,429,backpressure,false,
candidateA_saturation_hard,2026-09-13T18:54:47.734388+08:00,5,false,2.96,-1.00,429,backpressure,false,
candidateA_saturation_hard,2026-09-13T18:54:47.734577+08:00,11,false,2.82,-1.00,429,backpressure,false,
candidateA_saturation_hard,2026-09-13T18:54:47.734977+08:00,4,true,2.44,-1.00,429,backpressure,false,
candidateA_saturation_hard,2026-09-13T18:54:47.885446+08:00,11,true,2.46,-1.00,429,backpressure,false,
candidateA_saturation_hard,2026-09-13T18:54:47.885655+08:00,5,true,2.25,-1.00,429,backpressure,false,
candidateA_saturation_hard,2026-09-13T18:54:47.887182+08:00,7,true,2.03,-1.00,429,backpressure,false,
candidateA_saturation_hard,2026-09-13T18:54:47.885741+08:00,4,false,3.49,-1.00,429,backpressure,false,
candidateA_saturation_hard,2026-09-13T18:54:47.886935+08:00,10,true,2.33,-1.00,429,backpressure,false,
candidateA_saturation_hard,2026-09-13T18:54:47.887316+08:00,12,false,1.97,-1.00,429,backpressure,false,
candidateA_saturation_hard,2026-09-13T18:54:48.035752+08:00,5,true,1.35,-1.00,429,backpressure,false,
candidateA_saturation_hard,2026-09-13T18:54:48.035919+08:00,4,true,1.24,-1.00,429,backpressure,false,
candidateA_saturation_hard,2026-09-13T18:54:48.036044+08:00,11,false,1.17,-1.00,429,backpressure,false,
candidateA_saturation_hard,2026-09-13T18:54:48.037342+08:00,10,true,0.62,-1.00,429,backpressure,false,
candidateA_saturation_hard,2026-09-13T18:54:48.037256+08:00,7,true,0.83,-1.00,429,backpressure,false,
candidateA_saturation_hard,2026-09-13T18:54:48.037429+08:00,12,true,1.01,-1.00,429,backpressure,false,
candidateA_saturation_hard,2026-09-13T18:54:48.18684+08:00,11,true,1.11,-1.00,429,backpressure,false,
candidateA_saturation_hard,2026-09-13T18:54:48.186995+08:00,5,true,1.02,-1.00,429,backpressure,false,
candidateA_saturation_hard,2026-09-13T18:54:48.187398+08:00,10,false,1.20,-1.00,429,backpressure,false,
candidateA_saturation_hard,2026-09-13T18:54:48.187539+08:00,7,true,1.10,-1.00,429,backpressure,false,
candidateA_saturation_hard,2026-09-13T18:54:48.187056+08:00,4,false,1.62,-1.00,429,backpressure,false,
candidateA_saturation_hard,2026-09-13T18:54:48.187922+08:00,12,false,0.86,-1.00,429,backpressure,false,
candidateA_saturation_hard,2026-09-13T18:54:42.270687+08:00,8,false,6051.16,-1.00,200,,true,
candidateA_saturation_hard,2026-09-13T18:54:48.33827+08:00,10,false,1.52,-1.00,429,backpressure,false,
candidateA_saturation_hard,2026-09-13T18:54:48.33796+08:00,12,false,1.85,-1.00,429,backpressure,false,
candidateA_saturation_hard,2026-09-13T18:54:48.338242+08:00,4,true,1.61,-1.00,429,backpressure,false,
candidateA_saturation_hard,2026-09-13T18:54:48.337904+08:00,5,false,1.97,-1.00,429,backpressure,false,
candidateA_saturation_hard,2026-09-13T18:54:48.337966+08:00,7,false,1.96,-1.00,429,backpressure,false,
candidateA_saturation_hard,2026-09-13T18:54:48.337904+08:00,11,false,2.03,-1.00,429,backpressure,false,
candidateA_saturation_hard,2026-09-13T18:54:48.488813+08:00,4,false,1.29,-1.00,429,backpressure,false,
candidateA_saturation_hard,2026-09-13T18:54:48.489001+08:00,7,true,1.19,-1.00,429,backpressure,false,
candidateA_saturation_hard,2026-09-13T18:54:48.489217+08:00,5,false,1.02,-1.00,429,backpressure,false,
candidateA_saturation_hard,2026-09-13T18:54:48.489285+08:00,11,true,1.13,-1.00,429,backpressure,false,
candidateA_saturation_hard,2026-09-13T18:54:48.488844+08:00,12,false,1.66,-1.00,429,backpressure,false,
candidateA_saturation_hard,2026-09-13T18:54:48.48904+08:00,10,false,1.56,-1.00,429,backpressure,false,
candidateA_saturation_hard,2026-09-13T18:54:48.640071+08:00,10,false,1.53,-1.00,429,backpressure,false,
candidateA_saturation_hard,2026-09-13T18:54:48.639573+08:00,5,false,2.07,-1.00,429,backpressure,false,
candidateA_saturation_hard,2026-09-13T18:54:48.639777+08:00,12,false,2.31,-1.00,429,backpressure,false,
candidateA_saturation_hard,2026-09-13T18:54:48.640003+08:00,7,false,2.10,-1.00,429,backpressure,false,
candidateA_saturation_hard,2026-09-13T18:54:48.639733+08:00,4,true,2.41,-1.00,429,backpressure,false,
candidateA_saturation_hard,2026-09-13T18:54:48.640254+08:00,11,false,1.93,-1.00,429,backpressure,false,
candidateA_saturation_hard,2026-09-13T18:54:48.790175+08:00,4,true,1.66,-1.00,429,backpressure,false,
candidateA_saturation_hard,2026-09-13T18:54:48.789957+08:00,12,false,1.99,-1.00,429,backpressure,false,
candidateA_saturation_hard,2026-09-13T18:54:48.790074+08:00,7,false,5.04,-1.00,429,backpressure,false,
candidateA_saturation_hard,2026-09-13T18:54:48.790601+08:00,11,false,4.52,-1.00,429,backpressure,false,
candidateA_saturation_hard,2026-09-13T18:54:48.790024+08:00,5,false,5.11,-1.00,429,backpressure,false,
candidateA_saturation_hard,2026-09-13T18:54:48.790103+08:00,10,false,5.62,-1.00,429,backpressure,false,
candidateA_saturation_hard,2026-09-13T18:54:48.94061+08:00,10,true,1.50,-1.00,429,backpressure,false,
candidateA_saturation_hard,2026-09-13T18:54:48.940618+08:00,7,false,1.55,-1.00,429,backpressure,false,
candidateA_saturation_hard,2026-09-13T18:54:48.94071+08:00,11,true,1.51,-1.00,429,backpressure,false,
candidateA_saturation_hard,2026-09-13T18:54:48.940952+08:00,4,false,1.30,-1.00,429,backpressure,false,
candidateA_saturation_hard,2026-09-13T18:54:48.940665+08:00,5,true,1.59,-1.00,429,backpressure,false,
candidateA_saturation_hard,2026-09-13T18:54:48.941022+08:00,12,true,1.26,-1.00,429,backpressure,false,
candidateA_saturation_hard,2026-09-13T18:54:43.284292+08:00,2,false,5788.19,-1.00,200,,true,
candidateA_saturation_hard,2026-09-13T18:54:49.092458+08:00,11,false,1.01,-1.00,429,backpressure,false,
candidateA_saturation_hard,2026-09-13T18:54:49.09216+08:00,7,false,2.01,-1.00,429,backpressure,false,
candidateA_saturation_hard,2026-09-13T18:54:49.091879+08:00,10,false,2.36,-1.00,429,backpressure,false,
candidateA_saturation_hard,2026-09-13T18:54:49.091691+08:00,12,false,2.61,-1.00,429,backpressure,false,
candidateA_saturation_hard,2026-09-13T18:54:49.091777+08:00,4,false,2.59,-1.00,429,backpressure,false,
candidateA_saturation_hard,2026-09-13T18:54:49.091988+08:00,5,false,2.38,-1.00,429,backpressure,false,
candidateA_saturation_hard,2026-09-13T18:54:49.24299+08:00,10,false,1.17,-1.00,429,backpressure,false,
candidateA_saturation_hard,2026-09-13T18:54:49.243256+08:00,4,false,0.97,-1.00,429,backpressure,false,
candidateA_saturation_hard,2026-09-13T18:54:49.242822+08:00,5,true,1.47,-1.00,429,backpressure,false,
candidateA_saturation_hard,2026-09-13T18:54:49.242822+08:00,7,false,1.51,-1.00,429,backpressure,false,
candidateA_saturation_hard,2026-09-13T18:54:49.242867+08:00,12,false,1.58,-1.00,429,backpressure,false,
candidateA_saturation_hard,2026-09-13T18:54:49.243202+08:00,11,true,1.47,-1.00,429,backpressure,false,
candidateA_saturation_hard,2026-09-13T18:54:49.393844+08:00,4,false,1.55,-1.00,429,backpressure,false,
candidateA_saturation_hard,2026-09-13T18:54:49.394041+08:00,5,true,1.39,-1.00,429,backpressure,false,
candidateA_saturation_hard,2026-09-13T18:54:49.394205+08:00,11,false,1.30,-1.00,429,backpressure,false,
candidateA_saturation_hard,2026-09-13T18:54:49.393844+08:00,10,false,1.68,-1.00,429,backpressure,false,
candidateA_saturation_hard,2026-09-13T18:54:49.393882+08:00,7,true,1.67,-1.00,429,backpressure,false,
candidateA_saturation_hard,2026-09-13T18:54:49.393978+08:00,12,true,1.61,-1.00,429,backpressure,false,
candidateA_saturation_hard,2026-09-13T18:54:49.545604+08:00,12,true,1.22,-1.00,429,backpressure,false,
candidateA_saturation_hard,2026-09-13T18:54:49.545152+08:00,4,false,1.69,-1.00,429,backpressure,false,
candidateA_saturation_hard,2026-09-13T18:54:49.545784+08:00,10,true,1.10,-1.00,429,backpressure,false,
candidateA_saturation_hard,2026-09-13T18:54:49.54508+08:00,7,false,1.86,-1.00,429,backpressure,false,
candidateA_saturation_hard,2026-09-13T18:54:49.544921+08:00,11,true,2.05,-1.00,429,backpressure,false,
candidateA_saturation_hard,2026-09-13T18:54:49.545139+08:00,5,false,4.08,-1.00,429,backpressure,false,
candidateA_saturation_hard,2026-09-13T18:54:49.696301+08:00,5,false,1.83,-1.00,429,backpressure,false,
candidateA_saturation_hard,2026-09-13T18:54:49.696534+08:00,12,false,1.63,-1.00,429,backpressure,false,
candidateA_saturation_hard,2026-09-13T18:54:49.696343+08:00,10,false,1.85,-1.00,429,backpressure,false,
candidateA_saturation_hard,2026-09-13T18:54:49.696264+08:00,7,false,1.97,-1.00,429,backpressure,false,
candidateA_saturation_hard,2026-09-13T18:54:49.696059+08:00,4,true,2.20,-1.00,429,backpressure,false,
candidateA_saturation_hard,2026-09-13T18:54:49.696637+08:00,11,true,1.64,-1.00,429,backpressure,false,
candidateA_saturation_hard,2026-09-13T18:54:44.083199+08:00,13,false,5689.90,-1.00,200,,true,
candidateA_saturation_hard,2026-09-13T18:54:49.847244+08:00,4,false,2.99,-1.00,429,backpressure,false,
candidateA_saturation_hard,2026-09-13T18:54:49.84716+08:00,7,true,3.13,-1.00,429,backpressure,false,
candidateA_saturation_hard,2026-09-13T18:54:49.847369+08:00,5,false,2.98,-1.00,429,backpressure,false,
candidateA_saturation_hard,2026-09-13T18:54:49.847124+08:00,12,false,3.51,-1.00,429,backpressure,false,
candidateA_saturation_hard,2026-09-13T18:54:49.847437+08:00,10,false,3.21,-1.00,429,backpressure,false,
candidateA_saturation_hard,2026-09-13T18:54:49.847123+08:00,11,false,3.56,-1.00,429,backpressure,false,
candidateA_saturation_hard,2026-09-13T18:54:49.998222+08:00,4,false,1.75,-1.00,429,backpressure,false,
candidateA_saturation_hard,2026-09-13T18:54:49.998447+08:00,7,true,1.55,-1.00,429,backpressure,false,
candidateA_saturation_hard,2026-09-13T18:54:49.998245+08:00,5,false,1.80,-1.00,429,backpressure,false,
candidateA_saturation_hard,2026-09-13T18:54:49.998331+08:00,11,false,1.74,-1.00,429,backpressure,false,
candidateA_saturation_hard,2026-09-13T18:54:49.998668+08:00,12,false,1.41,-1.00,429,backpressure,false,
candidateA_saturation_hard,2026-09-13T18:54:49.998211+08:00,10,true,1.90,-1.00,429,backpressure,false,
candidateA_saturation_hard,2026-09-13T18:54:50.149359+08:00,7,true,1.69,-1.00,429,backpressure,false,
candidateA_saturation_hard,2026-09-13T18:54:50.149597+08:00,11,false,1.54,-1.00,429,backpressure,false,
candidateA_saturation_hard,2026-09-13T18:54:50.150647+08:00,5,false,1.40,-1.00,429,backpressure,false,
candidateA_saturation_hard,2026-09-13T18:54:50.150369+08:00,10,false,1.74,-1.00,429,backpressure,false,
candidateA_saturation_hard,2026-09-13T18:54:50.150503+08:00,4,true,1.68,-1.00,429,backpressure,false,
candidateA_saturation_hard,2026-09-13T18:54:50.149992+08:00,12,false,2.42,-1.00,429,backpressure,false,
candidateA_saturation_hard,2026-09-13T18:54:50.300449+08:00,10,false,9.86,-1.00,429,backpressure,false,
candidateA_saturation_hard,2026-09-13T18:54:50.300407+08:00,12,true,11.30,-1.00,429,backpressure,false,
candidateA_saturation_hard,2026-09-13T18:54:50.300539+08:00,4,true,11.21,-1.00,429,backpressure,false,
candidateA_saturation_hard,2026-09-13T18:54:50.300812+08:00,7,false,11.01,-1.00,429,backpressure,false,
candidateA_saturation_hard,2026-09-13T18:54:50.300412+08:00,11,true,11.44,-1.00,429,backpressure,false,
candidateA_saturation_hard,2026-09-13T18:54:50.300742+08:00,5,false,11.11,-1.00,429,backpressure,false,
candidateA_saturation_hard,2026-09-13T18:54:44.728318+08:00,6,true,5690.53,5151.36,200,,true,
candidateA_saturation_hard,2026-09-13T18:54:50.452552+08:00,11,true,2.33,-1.00,429,backpressure,false,
candidateA_saturation_hard,2026-09-13T18:54:50.45235+08:00,10,true,2.57,-1.00,429,backpressure,false,
candidateA_saturation_hard,2026-09-13T18:54:50.452135+08:00,5,true,2.85,-1.00,429,backpressure,false,
candidateA_saturation_hard,2026-09-13T18:54:50.451665+08:00,12,true,3.35,-1.00,429,backpressure,false,
candidateA_saturation_hard,2026-09-13T18:54:50.4515+08:00,7,false,3.56,-1.00,429,backpressure,false,
candidateA_saturation_hard,2026-09-13T18:54:50.451746+08:00,4,false,4.54,-1.00,429,backpressure,false,
candidateA_saturation_hard,2026-09-13T18:54:50.602995+08:00,10,true,1.70,-1.00,429,backpressure,false,
candidateA_saturation_hard,2026-09-13T18:54:50.602643+08:00,4,false,2.06,-1.00,429,backpressure,false,
candidateA_saturation_hard,2026-09-13T18:54:50.602579+08:00,12,false,2.19,-1.00,429,backpressure,false,
candidateA_saturation_hard,2026-09-13T18:54:50.603097+08:00,5,true,1.73,-1.00,429,backpressure,false,
candidateA_saturation_hard,2026-09-13T18:54:50.602588+08:00,7,false,2.28,-1.00,429,backpressure,false,
candidateA_saturation_hard,2026-09-13T18:54:50.60266+08:00,11,false,2.26,-1.00,429,backpressure,false,
candidateA_saturation_hard,2026-09-13T18:54:50.753956+08:00,7,false,4.33,-1.00,429,backpressure,false,
candidateA_saturation_hard,2026-09-13T18:54:50.753648+08:00,5,true,4.70,-1.00,429,backpressure,false,
candidateA_saturation_hard,2026-09-13T18:54:50.754523+08:00,4,true,3.89,-1.00,429,backpressure,false,
candidateA_saturation_hard,2026-09-13T18:54:50.754989+08:00,11,false,3.54,-1.00,429,backpressure,false,
candidateA_saturation_hard,2026-09-13T18:54:50.754292+08:00,10,false,4.31,-1.00,429,backpressure,false,
candidateA_saturation_hard,2026-09-13T18:54:50.753847+08:00,12,true,4.70,-1.00,429,backpressure,false,
candidateA_saturation_hard,2026-09-13T18:54:50.905132+08:00,11,false,2.96,-1.00,429,backpressure,false,
candidateA_saturation_hard,2026-09-13T18:54:50.904728+08:00,4,true,3.42,-1.00,429,backpressure,false,
candidateA_saturation_hard,2026-09-13T18:54:50.904734+08:00,5,true,3.50,-1.00,429,backpressure,false,
candidateA_saturation_hard,2026-09-13T18:54:50.904775+08:00,7,true,3.54,-1.00,429,backpressure,false,
candidateA_saturation_hard,2026-09-13T18:54:50.905243+08:00,10,true,3.15,-1.00,429,backpressure,false,
candidateA_saturation_hard,2026-09-13T18:54:50.904948+08:00,12,false,3.46,-1.00,429,backpressure,false,
candidateA_saturation_hard,2026-09-13T18:54:51.055563+08:00,10,false,1.96,-1.00,429,backpressure,false,
candidateA_saturation_hard,2026-09-13T18:54:51.05583+08:00,11,false,1.93,-1.00,429,backpressure,false,
candidateA_saturation_hard,2026-09-13T18:54:51.055911+08:00,4,false,2.72,-1.00,429,backpressure,false,
candidateA_saturation_hard,2026-09-13T18:54:51.057165+08:00,7,false,1.62,-1.00,429,backpressure,false,
candidateA_saturation_hard,2026-09-13T18:54:51.056911+08:00,5,true,2.00,-1.00,429,backpressure,false,
candidateA_saturation_hard,2026-09-13T18:54:51.057246+08:00,12,false,1.82,-1.00,429,backpressure,false,
candidateA_saturation_hard,2026-09-13T18:54:45.470958+08:00,3,false,5652.54,-1.00,200,,true,
candidateA_saturation_hard,2026-09-13T18:54:51.206803+08:00,5,false,2.30,-1.00,429,backpressure,false,
candidateA_saturation_hard,2026-09-13T18:54:51.20721+08:00,7,true,1.95,-1.00,429,backpressure,false,
candidateA_saturation_hard,2026-09-13T18:54:51.207109+08:00,4,false,2.11,-1.00,429,backpressure,false,
candidateA_saturation_hard,2026-09-13T18:54:51.207347+08:00,12,false,1.92,-1.00,429,backpressure,false,
candidateA_saturation_hard,2026-09-13T18:54:51.206721+08:00,10,true,2.60,-1.00,429,backpressure,false,
candidateA_saturation_hard,2026-09-13T18:54:51.206725+08:00,11,false,2.67,-1.00,429,backpressure,false,
candidateA_saturation_hard,2026-09-13T18:54:51.35782+08:00,12,false,3.38,-1.00,429,backpressure,false,
candidateA_saturation_hard,2026-09-13T18:54:51.358061+08:00,10,true,3.19,-1.00,429,backpressure,false,
candidateA_saturation_hard,2026-09-13T18:54:51.358474+08:00,4,false,2.85,-1.00,429,backpressure,false,
candidateA_saturation_hard,2026-09-13T18:54:51.358621+08:00,7,true,2.72,-1.00,429,backpressure,false,
candidateA_saturation_hard,2026-09-13T18:54:51.358124+08:00,5,true,3.25,-1.00,429,backpressure,false,
candidateA_saturation_hard,2026-09-13T18:54:51.359013+08:00,11,true,2.40,-1.00,429,backpressure,false,
candidateA_saturation_hard,2026-09-13T18:54:51.508766+08:00,5,true,1.30,-1.00,429,backpressure,false,
candidateA_saturation_hard,2026-09-13T18:54:51.508585+08:00,4,true,1.77,-1.00,429,backpressure,false,
candidateA_saturation_hard,2026-09-13T18:54:51.509328+08:00,12,false,1.79,-1.00,429,backpressure,false,
candidateA_saturation_hard,2026-09-13T18:54:51.509497+08:00,10,false,1.80,-1.00,429,backpressure,false,
candidateA_saturation_hard,2026-09-13T18:54:51.510103+08:00,11,false,1.27,-1.00,429,backpressure,false,
candidateA_saturation_hard,2026-09-13T18:54:51.50888+08:00,7,false,2.54,-1.00,429,backpressure,false,
candidateA_saturation_hard,2026-09-13T18:54:51.660167+08:00,11,false,1.07,-1.00,429,backpressure,false,
candidateA_saturation_hard,2026-09-13T18:54:51.659801+08:00,12,false,1.51,-1.00,429,backpressure,false,
candidateA_saturation_hard,2026-09-13T18:54:51.659764+08:00,5,true,1.63,-1.00,429,backpressure,false,
candidateA_saturation_hard,2026-09-13T18:54:51.659728+08:00,4,true,1.70,-1.00,429,backpressure,false,
candidateA_saturation_hard,2026-09-13T18:54:51.659728+08:00,10,false,1.73,-1.00,429,backpressure,false,
candidateA_saturation_hard,2026-09-13T18:54:51.660097+08:00,7,true,1.40,-1.00,429,backpressure,false,
candidateA_saturation_hard,2026-09-13T18:54:46.118792+08:00,1,true,5651.58,5108.69,200,,true,
candidateA_saturation_hard,2026-09-13T18:54:51.810511+08:00,4,true,1.80,-1.00,429,backpressure,false,
candidateA_saturation_hard,2026-09-13T18:54:51.81029+08:00,10,false,2.07,-1.00,429,backpressure,false,
candidateA_saturation_hard,2026-09-13T18:54:51.81012+08:00,12,false,2.30,-1.00,429,backpressure,false,
candidateA_saturation_hard,2026-09-13T18:54:51.810705+08:00,5,false,1.77,-1.00,429,backpressure,false,
candidateA_saturation_hard,2026-09-13T18:54:51.81083+08:00,7,true,1.69,-1.00,429,backpressure,false,
candidateA_saturation_hard,2026-09-13T18:54:51.810188+08:00,11,false,2.38,-1.00,429,backpressure,false,
candidateA_saturation_hard,2026-09-13T18:54:51.961261+08:00,10,false,2.02,-1.00,429,backpressure,false,
candidateA_saturation_hard,2026-09-13T18:54:51.96127+08:00,12,false,2.09,-1.00,429,backpressure,false,
candidateA_saturation_hard,2026-09-13T18:54:51.961774+08:00,7,false,1.61,-1.00,429,backpressure,false,
candidateA_saturation_hard,2026-09-13T18:54:51.961509+08:00,5,false,1.91,-1.00,429,backpressure,false,
candidateA_saturation_hard,2026-09-13T18:54:51.961429+08:00,11,false,2.01,-1.00,429,backpressure,false,
candidateA_saturation_hard,2026-09-13T18:54:51.961312+08:00,4,false,2.23,-1.00,429,backpressure,false,
candidateA_saturation_hard,2026-09-13T18:54:52.11234+08:00,12,true,1.35,-1.00,429,backpressure,false,
candidateA_saturation_hard,2026-09-13T18:54:52.112235+08:00,11,true,1.51,-1.00,429,backpressure,false,
candidateA_saturation_hard,2026-09-13T18:54:52.112235+08:00,5,false,1.58,-1.00,429,backpressure,false,
candidateA_saturation_hard,2026-09-13T18:54:52.112265+08:00,4,false,1.63,-1.00,429,backpressure,false,
candidateA_saturation_hard,2026-09-13T18:54:52.112549+08:00,7,true,1.39,-1.00,429,backpressure,false,
candidateA_saturation_hard,2026-09-13T18:54:52.112398+08:00,10,true,1.59,-1.00,429,backpressure,false,
candidateA_saturation_hard,2026-09-13T18:54:52.263905+08:00,12,true,1.79,-1.00,429,backpressure,false,
candidateA_saturation_hard,2026-09-13T18:54:52.263399+08:00,7,false,2.36,-1.00,429,backpressure,false,
candidateA_saturation_hard,2026-09-13T18:54:52.263562+08:00,11,false,2.30,-1.00,429,backpressure,false,
candidateA_saturation_hard,2026-09-13T18:54:52.263428+08:00,5,true,2.50,-1.00,429,backpressure,false,
candidateA_saturation_hard,2026-09-13T18:54:52.263399+08:00,10,true,2.55,-1.00,429,backpressure,false,
candidateA_saturation_hard,2026-09-13T18:54:52.263778+08:00,4,false,2.19,-1.00,429,backpressure,false,
candidateA_saturation_hard,2026-09-13T18:54:52.413975+08:00,12,false,3.53,-1.00,429,backpressure,false,
candidateA_saturation_hard,2026-09-13T18:54:52.413952+08:00,10,false,3.74,-1.00,429,backpressure,false,
candidateA_saturation_hard,2026-09-13T18:54:52.417155+08:00,5,false,0.63,-1.00,429,backpressure,false,
candidateA_saturation_hard,2026-09-13T18:54:52.41414+08:00,7,true,4.15,-1.00,429,backpressure,false,
candidateA_saturation_hard,2026-09-13T18:54:52.416722+08:00,4,false,1.67,-1.00,429,backpressure,false,
candidateA_saturation_hard,2026-09-13T18:54:52.414725+08:00,11,true,3.70,-1.00,429,backpressure,false,
candidateA_saturation_hard,2026-09-13T18:54:46.884444+08:00,0,true,5680.21,4992.23,200,,true,
candidateA_saturation_hard,2026-09-13T18:54:52.564834+08:00,0,true,0.76,-1.00,429,backpressure,false,
candidateA_saturation_hard,2026-09-13T18:54:52.564921+08:00,12,true,1.40,-1.00,429,backpressure,false,
candidateA_saturation_hard,2026-09-13T18:54:52.564767+08:00,11,false,1.61,-1.00,429,backpressure,false,
candidateA_saturation_hard,2026-09-13T18:54:52.565113+08:00,10,false,1.31,-1.00,429,backpressure,false,
candidateA_saturation_hard,2026-09-13T18:54:52.566784+08:00,4,true,0.36,-1.00,429,backpressure,false,
candidateA_saturation_hard,2026-09-13T18:54:52.567206+08:00,5,false,0.32,-1.00,429,backpressure,false,
candidateA_saturation_hard,2026-09-13T18:54:52.716925+08:00,11,true,6.26,-1.00,429,backpressure,false,
candidateA_saturation_hard,2026-09-13T18:54:52.71725+08:00,5,true,6.15,-1.00,429,backpressure,false,
candidateA_saturation_hard,2026-09-13T18:54:52.717168+08:00,12,true,6.26,-1.00,429,backpressure,false,
candidateA_saturation_hard,2026-09-13T18:54:52.716554+08:00,10,false,6.93,-1.00,429,backpressure,false,
candidateA_saturation_hard,2026-09-13T18:54:52.716856+08:00,4,true,6.67,-1.00,429,backpressure,false,
candidateA_saturation_hard,2026-09-13T18:54:52.716905+08:00,0,true,7.34,-1.00,429,backpressure,false,
candidateA_saturation_hard,2026-09-13T18:54:52.867676+08:00,5,false,3.05,-1.00,429,backpressure,false,
candidateA_saturation_hard,2026-09-13T18:54:52.867643+08:00,0,true,3.19,-1.00,429,backpressure,false,
candidateA_saturation_hard,2026-09-13T18:54:52.867803+08:00,10,true,3.11,-1.00,429,backpressure,false,
candidateA_saturation_hard,2026-09-13T18:54:52.868206+08:00,4,false,2.82,-1.00,429,backpressure,false,
candidateA_saturation_hard,2026-09-13T18:54:52.867874+08:00,11,false,3.32,-1.00,429,backpressure,false,
candidateA_saturation_hard,2026-09-13T18:54:52.868092+08:00,12,false,3.28,-1.00,429,backpressure,false,
candidateA_saturation_hard,2026-09-13T18:54:53.019687+08:00,0,false,3.12,-1.00,429,backpressure,false,
candidateA_saturation_hard,2026-09-13T18:54:53.019801+08:00,5,false,3.01,-1.00,429,backpressure,false,
candidateA_saturation_hard,2026-09-13T18:54:53.020344+08:00,11,false,2.47,-1.00,429,backpressure,false,
candidateA_saturation_hard,2026-09-13T18:54:53.0205+08:00,12,false,2.33,-1.00,429,backpressure,false,
candidateA_saturation_hard,2026-09-13T18:54:53.019429+08:00,4,false,3.42,-1.00,429,backpressure,false,
candidateA_saturation_hard,2026-09-13T18:54:53.020184+08:00,10,true,2.94,-1.00,429,backpressure,false,
candidateA_saturation_hard,2026-09-13T18:54:53.170513+08:00,0,true,2.10,-1.00,429,backpressure,false,
candidateA_saturation_hard,2026-09-13T18:54:53.170513+08:00,10,false,3.07,-1.00,429,backpressure,false,
candidateA_saturation_hard,2026-09-13T18:54:53.170568+08:00,4,true,3.91,-1.00,429,backpressure,false,
candidateA_saturation_hard,2026-09-13T18:54:53.171049+08:00,12,false,3.43,-1.00,429,backpressure,false,
candidateA_saturation_hard,2026-09-13T18:54:53.171158+08:00,11,true,3.35,-1.00,429,backpressure,false,
candidateA_saturation_hard,2026-09-13T18:54:53.170803+08:00,5,true,3.90,-1.00,429,backpressure,false,
candidateA_saturation_hard,2026-09-13T18:54:47.445507+08:00,9,false,5773.20,-1.00,200,,true,
candidateA_saturation_hard,2026-09-13T18:54:53.322839+08:00,11,false,1.17,-1.00,429,backpressure,false,
candidateA_saturation_hard,2026-09-13T18:54:53.322157+08:00,0,false,1.93,-1.00,429,backpressure,false,
candidateA_saturation_hard,2026-09-13T18:54:53.32275+08:00,4,false,1.42,-1.00,429,backpressure,false,
candidateA_saturation_hard,2026-09-13T18:54:53.322903+08:00,10,true,1.31,-1.00,429,backpressure,false,
candidateA_saturation_hard,2026-09-13T18:54:53.322458+08:00,5,true,2.07,-1.00,429,backpressure,false,
candidateA_saturation_hard,2026-09-13T18:54:53.322527+08:00,12,true,2.15,-1.00,429,backpressure,false,
candidateA_saturation_hard,2026-09-13T18:54:53.472298+08:00,0,false,1.03,-1.00,429,backpressure,false,
candidateA_saturation_hard,2026-09-13T18:54:53.472762+08:00,4,true,1.12,-1.00,429,backpressure,false,
candidateA_saturation_hard,2026-09-13T18:54:53.472547+08:00,12,false,1.42,-1.00,429,backpressure,false,
candidateA_saturation_hard,2026-09-13T18:54:53.47293+08:00,10,true,1.05,-1.00,429,backpressure,false,
candidateA_saturation_hard,2026-09-13T18:54:53.472863+08:00,11,true,1.15,-1.00,429,backpressure,false,
candidateA_saturation_hard,2026-09-13T18:54:53.472489+08:00,5,true,1.54,-1.00,429,backpressure,false,
candidateA_saturation_hard,2026-09-13T18:54:53.623853+08:00,11,true,1.09,-1.00,429,backpressure,false,
candidateA_saturation_hard,2026-09-13T18:54:53.623622+08:00,0,false,1.42,-1.00,429,backpressure,false,
candidateA_saturation_hard,2026-09-13T18:54:53.623689+08:00,4,true,1.38,-1.00,429,backpressure,false,
candidateA_saturation_hard,2026-09-13T18:54:53.623528+08:00,12,true,1.71,-1.00,429,backpressure,false,
candidateA_saturation_hard,2026-09-13T18:54:53.62347+08:00,10,false,1.81,-1.00,429,backpressure,false,
candidateA_saturation_hard,2026-09-13T18:54:53.624038+08:00,5,false,1.28,-1.00,429,backpressure,false,
candidateA_saturation_hard,2026-09-13T18:54:53.773623+08:00,10,false,2.05,-1.00,429,backpressure,false,
candidateA_saturation_hard,2026-09-13T18:54:53.773775+08:00,4,true,1.96,-1.00,429,backpressure,false,
candidateA_saturation_hard,2026-09-13T18:54:53.773612+08:00,12,false,2.18,-1.00,429,backpressure,false,
candidateA_saturation_hard,2026-09-13T18:54:53.77369+08:00,0,true,2.13,-1.00,429,backpressure,false,
candidateA_saturation_hard,2026-09-13T18:54:53.774139+08:00,5,true,1.71,-1.00,429,backpressure,false,
candidateA_saturation_hard,2026-09-13T18:54:53.774035+08:00,11,true,1.90,-1.00,429,backpressure,false,
candidateA_saturation_hard,2026-09-13T18:54:53.925148+08:00,12,false,2.00,-1.00,429,backpressure,false,
candidateA_saturation_hard,2026-09-13T18:54:53.925511+08:00,4,false,1.69,-1.00,429,backpressure,false,
candidateA_saturation_hard,2026-09-13T18:54:53.925047+08:00,0,false,2.22,-1.00,429,backpressure,false,
candidateA_saturation_hard,2026-09-13T18:54:53.924858+08:00,11,true,2.46,-1.00,429,backpressure,false,
candidateA_saturation_hard,2026-09-13T18:54:53.924922+08:00,5,false,2.45,-1.00,429,backpressure,false,
candidateA_saturation_hard,2026-09-13T18:54:53.925354+08:00,10,false,2.06,-1.00,429,backpressure,false,
candidateA_saturation_hard,2026-09-13T18:54:48.32209+08:00,8,false,5691.47,-1.00,200,,true,
candidateA_saturation_hard,2026-09-13T18:54:54.076427+08:00,12,false,1.85,-1.00,429,backpressure,false,
candidateA_saturation_hard,2026-09-13T18:54:54.075979+08:00,10,false,2.35,-1.00,429,backpressure,false,
candidateA_saturation_hard,2026-09-13T18:54:54.076029+08:00,11,true,2.40,-1.00,429,backpressure,false,
candidateA_saturation_hard,2026-09-13T18:54:54.075983+08:00,4,false,2.48,-1.00,429,backpressure,false,
candidateA_saturation_hard,2026-09-13T18:54:54.076727+08:00,5,false,1.75,-1.00,429,backpressure,false,
candidateA_saturation_hard,2026-09-13T18:54:54.076343+08:00,0,false,2.17,-1.00,429,backpressure,false,
candidateA_saturation_hard,2026-09-13T18:54:54.227106+08:00,10,false,1.37,-1.00,429,backpressure,false,
candidateA_saturation_hard,2026-09-13T18:54:54.227069+08:00,12,false,1.53,-1.00,429,backpressure,false,
candidateA_saturation_hard,2026-09-13T18:54:54.227482+08:00,5,false,1.15,-1.00,429,backpressure,false,
candidateA_saturation_hard,2026-09-13T18:54:54.227417+08:00,0,false,1.25,-1.00,429,backpressure,false,
candidateA_saturation_hard,2026-09-13T18:54:54.227069+08:00,4,true,1.61,-1.00,429,backpressure,false,
candidateA_saturation_hard,2026-09-13T18:54:54.227206+08:00,11,false,1.49,-1.00,429,backpressure,false,
candidateA_saturation_hard,2026-09-13T18:54:54.378133+08:00,4,false,1.69,-1.00,429,backpressure,false,
candidateA_saturation_hard,2026-09-13T18:54:54.378106+08:00,10,true,1.84,-1.00,429,backpressure,false,
candidateA_saturation_hard,2026-09-13T18:54:54.378397+08:00,0,false,2.08,-1.00,429,backpressure,false,
candidateA_saturation_hard,2026-09-13T18:54:54.378296+08:00,12,true,2.24,-1.00,429,backpressure,false,
candidateA_saturation_hard,2026-09-13T18:54:54.378619+08:00,5,false,2.01,-1.00,429,backpressure,false,
candidateA_saturation_hard,2026-09-13T18:54:54.378744+08:00,11,false,1.92,-1.00,429,backpressure,false,
candidateA_saturation_hard,2026-09-13T18:54:54.52947+08:00,5,false,2.23,-1.00,429,backpressure,false,
candidateA_saturation_hard,2026-09-13T18:54:54.529801+08:00,12,true,1.93,-1.00,429,backpressure,false,
candidateA_saturation_hard,2026-09-13T18:54:54.529693+08:00,0,false,2.10,-1.00,429,backpressure,false,
candidateA_saturation_hard,2026-09-13T18:54:54.529199+08:00,11,false,2.64,-1.00,429,backpressure,false,
candidateA_saturation_hard,2026-09-13T18:54:54.529255+08:00,4,true,2.64,-1.00,429,backpressure,false,
candidateA_saturation_hard,2026-09-13T18:54:54.52921+08:00,10,false,2.74,-1.00,429,backpressure,false,
candidateA_saturation_hard,2026-09-13T18:54:54.680286+08:00,4,false,5.57,-1.00,429,backpressure,false,
candidateA_saturation_hard,2026-09-13T18:54:54.680317+08:00,11,true,5.64,-1.00,429,backpressure,false,
candidateA_saturation_hard,2026-09-13T18:54:54.680909+08:00,5,false,5.07,-1.00,429,backpressure,false,
candidateA_saturation_hard,2026-09-13T18:54:54.680432+08:00,10,true,5.65,-1.00,429,backpressure,false,
candidateA_saturation_hard,2026-09-13T18:54:54.680266+08:00,12,false,5.82,-1.00,429,backpressure,false,
candidateA_saturation_hard,2026-09-13T18:54:54.680467+08:00,0,false,6.70,-1.00,429,backpressure,false,
candidateA_saturation_hard,2026-09-13T18:54:49.072694+08:00,2,false,5644.72,-1.00,200,,true,
candidateA_saturation_hard,2026-09-13T18:54:54.830966+08:00,0,true,1.91,-1.00,429,backpressure,false,
candidateA_saturation_hard,2026-09-13T18:54:54.831366+08:00,5,true,2.33,-1.00,429,backpressure,false,
candidateA_saturation_hard,2026-09-13T18:54:54.832218+08:00,4,false,1.53,-1.00,429,backpressure,false,
candidateA_saturation_hard,2026-09-13T18:54:54.832517+08:00,10,true,1.26,-1.00,429,backpressure,false,
candidateA_saturation_hard,2026-09-13T18:54:54.832456+08:00,11,false,1.33,-1.00,429,backpressure,false,
candidateA_saturation_hard,2026-09-13T18:54:54.83238+08:00,12,true,1.44,-1.00,429,backpressure,false,
candidateA_saturation_hard,2026-09-13T18:54:54.981937+08:00,5,false,0.91,-1.00,429,backpressure,false,
candidateA_saturation_hard,2026-09-13T18:54:54.98186+08:00,0,false,1.05,-1.00,429,backpressure,false,
candidateA_saturation_hard,2026-09-13T18:54:54.982924+08:00,11,false,0.51,-1.00,429,backpressure,false,
candidateA_saturation_hard,2026-09-13T18:54:54.982943+08:00,4,false,0.54,-1.00,429,backpressure,false,
candidateA_saturation_hard,2026-09-13T18:54:54.98267+08:00,10,true,0.86,-1.00,429,backpressure,false,
candidateA_saturation_hard,2026-09-13T18:54:54.98245+08:00,12,true,1.12,-1.00,429,backpressure,false,
candidateA_saturation_hard,2026-09-13T18:54:55.132678+08:00,12,false,2.02,-1.00,429,backpressure,false,
candidateA_saturation_hard,2026-09-13T18:54:55.13295+08:00,11,true,1.88,-1.00,429,backpressure,false,
candidateA_saturation_hard,2026-09-13T18:54:55.132976+08:00,4,false,2.73,-1.00,429,backpressure,false,
candidateA_saturation_hard,2026-09-13T18:54:55.133315+08:00,0,true,2.46,-1.00,429,backpressure,false,
candidateA_saturation_hard,2026-09-13T18:54:55.133442+08:00,5,true,2.37,-1.00,429,backpressure,false,
candidateA_saturation_hard,2026-09-13T18:54:55.133579+08:00,10,false,2.26,-1.00,429,backpressure,false,
candidateA_saturation_hard,2026-09-13T18:54:55.283869+08:00,4,true,4.86,-1.00,429,backpressure,false,
candidateA_saturation_hard,2026-09-13T18:54:55.284193+08:00,11,false,4.53,-1.00,429,backpressure,false,
candidateA_saturation_hard,2026-09-13T18:54:55.284251+08:00,12,false,4.57,-1.00,429,backpressure,false,
candidateA_saturation_hard,2026-09-13T18:54:55.283934+08:00,5,true,5.39,-1.00,429,backpressure,false,
candidateA_saturation_hard,2026-09-13T18:54:55.283706+08:00,10,false,5.63,-1.00,429,backpressure,false,
candidateA_saturation_hard,2026-09-13T18:54:55.283721+08:00,0,false,5.63,-1.00,429,backpressure,false,
candidateA_saturation_hard,2026-09-13T18:54:49.773312+08:00,13,false,5599.62,-1.00,200,,true,
candidateA_saturation_hard,2026-09-13T18:54:55.435806+08:00,0,true,1.85,-1.00,429,backpressure,false,
candidateA_saturation_hard,2026-09-13T18:54:55.435606+08:00,5,false,2.09,-1.00,429,backpressure,false,
candidateA_saturation_hard,2026-09-13T18:54:55.435025+08:00,10,true,2.72,-1.00,429,backpressure,false,
candidateA_saturation_hard,2026-09-13T18:54:55.435925+08:00,11,false,1.87,-1.00,429,backpressure,false,
candidateA_saturation_hard,2026-09-13T18:54:55.436063+08:00,4,true,1.77,-1.00,429,backpressure,false,
candidateA_saturation_hard,2026-09-13T18:54:55.434811+08:00,12,false,3.04,-1.00,429,backpressure,false,
candidateA_saturation_hard,2026-09-13T18:54:55.58547+08:00,10,true,2.22,-1.00,429,backpressure,false,
candidateA_saturation_hard,2026-09-13T18:54:55.585679+08:00,5,false,2.12,-1.00,429,backpressure,false,
candidateA_saturation_hard,2026-09-13T18:54:55.585774+08:00,12,false,3.77,-1.00,429,backpressure,false,
candidateA_saturation_hard,2026-09-13T18:54:55.587255+08:00,11,false,2.33,-1.00,429,backpressure,false,
candidateA_saturation_hard,2026-09-13T18:54:55.586881+08:00,4,false,2.70,-1.00,429,backpressure,false,
candidateA_saturation_hard,2026-09-13T18:54:55.587125+08:00,0,false,2.64,-1.00,429,backpressure,false,
candidateA_saturation_hard,2026-09-13T18:54:55.736673+08:00,10,false,1.29,-1.00,429,backpressure,false,
candidateA_saturation_hard,2026-09-13T18:54:55.736597+08:00,5,false,1.42,-1.00,429,backpressure,false,
candidateA_saturation_hard,2026-09-13T18:54:55.736894+08:00,4,false,1.81,-1.00,429,backpressure,false,
candidateA_saturation_hard,2026-09-13T18:54:55.7366+08:00,12,false,2.16,-1.00,429,backpressure,false,
candidateA_saturation_hard,2026-09-13T18:54:55.737651+08:00,0,false,1.16,-1.00,429,backpressure,false,
candidateA_saturation_hard,2026-09-13T18:54:55.737277+08:00,11,false,1.59,-1.00,429,backpressure,false,
candidateA_saturation_hard,2026-09-13T18:54:55.888718+08:00,11,false,2.22,-1.00,429,backpressure,false,
candidateA_saturation_hard,2026-09-13T18:54:55.888129+08:00,12,false,2.85,-1.00,429,backpressure,false,
candidateA_saturation_hard,2026-09-13T18:54:55.888189+08:00,10,false,2.75,-1.00,429,backpressure,false,
candidateA_saturation_hard,2026-09-13T18:54:55.888642+08:00,0,true,2.37,-1.00,429,backpressure,false,
candidateA_saturation_hard,2026-09-13T18:54:55.887719+08:00,4,true,3.31,-1.00,429,backpressure,false,
candidateA_saturation_hard,2026-09-13T18:54:55.887954+08:00,5,false,3.11,-1.00,429,backpressure,false,
candidateA_saturation_hard,2026-09-13T18:54:50.41905+08:00,6,true,5586.97,5060.89,200,,true,
candidateA_saturation_hard,2026-09-13T18:54:56.038803+08:00,5,false,2.87,-1.00,429,backpressure,false,
candidateA_saturation_hard,2026-09-13T18:54:56.038866+08:00,4,false,2.85,-1.00,429,backpressure,false,
candidateA_saturation_hard,2026-09-13T18:54:56.038872+08:00,11,false,2.89,-1.00,429,backpressure,false,
candidateA_saturation_hard,2026-09-13T18:54:56.038804+08:00,12,true,2.98,-1.00,429,backpressure,false,
candidateA_saturation_hard,2026-09-13T18:54:56.039177+08:00,0,true,2.63,-1.00,429,backpressure,false,
candidateA_saturation_hard,2026-09-13T18:54:56.038895+08:00,10,true,2.96,-1.00,429,backpressure,false,
candidateA_saturation_hard,2026-09-13T18:54:56.190055+08:00,11,false,1.51,-1.00,429,backpressure,false,
candidateA_saturation_hard,2026-09-13T18:54:56.189709+08:00,4,true,1.86,-1.00,429,backpressure,false,
candidateA_saturation_hard,2026-09-13T18:54:56.190184+08:00,10,true,1.43,-1.00,429,backpressure,false,
candidateA_saturation_hard,2026-09-13T18:54:56.189158+08:00,5,true,2.49,-1.00,429,backpressure,false,
candidateA_saturation_hard,2026-09-13T18:54:56.18958+08:00,0,true,2.08,-1.00,429,backpressure,false,
candidateA_saturation_hard,2026-09-13T18:54:56.189095+08:00,12,false,2.93,-1.00,429,backpressure,false,
candidateA_saturation_hard,2026-09-13T18:54:56.340403+08:00,12,false,1.18,-1.00,429,backpressure,false,
candidateA_saturation_hard,2026-09-13T18:54:56.340214+08:00,4,false,1.43,-1.00,429,backpressure,false,
candidateA_saturation_hard,2026-09-13T18:54:56.340449+08:00,0,true,1.27,-1.00,429,backpressure,false,
candidateA_saturation_hard,2026-09-13T18:54:56.340823+08:00,10,false,0.95,-1.00,429,backpressure,false,
candidateA_saturation_hard,2026-09-13T18:54:56.341278+08:00,5,true,0.54,-1.00,429,backpressure,false,
candidateA_saturation_hard,2026-09-13T18:54:56.341279+08:00,11,true,0.57,-1.00,429,backpressure,false,
candidateA_saturation_hard,2026-09-13T18:54:56.491215+08:00,4,true,1.51,-1.00,429,backpressure,false,
candidateA_saturation_hard,2026-09-13T18:54:56.491556+08:00,11,true,1.21,-1.00,429,backpressure,false,
candidateA_saturation_hard,2026-09-13T18:54:56.491272+08:00,12,false,1.51,-1.00,429,backpressure,false,
candidateA_saturation_hard,2026-09-13T18:54:56.491178+08:00,0,true,1.64,-1.00,429,backpressure,false,
candidateA_saturation_hard,2026-09-13T18:54:56.49151+08:00,5,false,1.33,-1.00,429,backpressure,false,
candidateA_saturation_hard,2026-09-13T18:54:56.491164+08:00,10,true,1.69,-1.00,429,backpressure,false,
candidateA_saturation_hard,2026-09-13T18:54:56.642169+08:00,10,false,1.62,-1.00,429,backpressure,false,
candidateA_saturation_hard,2026-09-13T18:54:56.642367+08:00,4,false,1.54,-1.00,429,backpressure,false,
candidateA_saturation_hard,2026-09-13T18:54:56.641693+08:00,11,false,2.34,-1.00,429,backpressure,false,
candidateA_saturation_hard,2026-09-13T18:54:56.641619+08:00,5,false,2.54,-1.00,429,backpressure,false,
candidateA_saturation_hard,2026-09-13T18:54:56.642269+08:00,0,false,1.96,-1.00,429,backpressure,false,
candidateA_saturation_hard,2026-09-13T18:54:56.64186+08:00,12,false,2.40,-1.00,429,backpressure,false,
candidateA_saturation_hard,2026-09-13T18:54:51.123706+08:00,3,false,5582.39,-1.00,200,,true,
candidateA_saturation_hard,2026-09-13T18:54:56.793376+08:00,5,false,2.83,-1.00,429,backpressure,false,
candidateA_saturation_hard,2026-09-13T18:54:56.792709+08:00,11,false,3.72,-1.00,429,backpressure,false,
candidateA_saturation_hard,2026-09-13T18:54:56.792987+08:00,10,false,4.21,-1.00,429,backpressure,false,
candidateA_saturation_hard,2026-09-13T18:54:56.793435+08:00,12,true,3.78,-1.00,429,backpressure,false,
candidateA_saturation_hard,2026-09-13T18:54:56.793029+08:00,0,false,4.18,-1.00,429,backpressure,false,
candidateA_saturation_hard,2026-09-13T18:54:56.792711+08:00,4,false,4.55,-1.00,429,backpressure,false,
candidateA_saturation_hard,2026-09-13T18:54:56.944703+08:00,4,false,1.55,-1.00,429,backpressure,false,
candidateA_saturation_hard,2026-09-13T18:54:56.944805+08:00,10,true,1.75,-1.00,429,backpressure,false,
candidateA_saturation_hard,2026-09-13T18:54:56.945508+08:00,0,false,1.08,-1.00,429,backpressure,false,
candidateA_saturation_hard,2026-09-13T18:54:56.943865+08:00,12,false,2.82,-1.00,429,backpressure,false,
candidateA_saturation_hard,2026-09-13T18:54:56.945328+08:00,5,true,1.56,-1.00,429,backpressure,false,
candidateA_saturation_hard,2026-09-13T18:54:56.944785+08:00,11,true,2.29,-1.00,429,backpressure,false,
candidateA_saturation_hard,2026-09-13T18:54:57.094804+08:00,12,true,1.29,-1.00,429,backpressure,false,
candidateA_saturation_hard,2026-09-13T18:54:57.095251+08:00,11,false,1.67,-1.00,429,backpressure,false,
candidateA_saturation_hard,2026-09-13T18:54:57.095798+08:00,0,false,1.20,-1.00,429,backpressure,false,
candidateA_saturation_hard,2026-09-13T18:54:57.09538+08:00,5,true,1.63,-1.00,429,backpressure,false,
candidateA_saturation_hard,2026-09-13T18:54:57.094863+08:00,10,true,2.17,-1.00,429,backpressure,false,
candidateA_saturation_hard,2026-09-13T18:54:57.0948+08:00,4,false,2.27,-1.00,429,backpressure,false,
candidateA_saturation_hard,2026-09-13T18:54:57.246325+08:00,5,false,0.85,-1.00,429,backpressure,false,
candidateA_saturation_hard,2026-09-13T18:54:57.246024+08:00,11,false,1.24,-1.00,429,backpressure,false,
candidateA_saturation_hard,2026-09-13T18:54:57.245907+08:00,0,true,1.72,-1.00,429,backpressure,false,
candidateA_saturation_hard,2026-09-13T18:54:57.24594+08:00,12,false,1.74,-1.00,429,backpressure,false,
candidateA_saturation_hard,2026-09-13T18:54:57.246247+08:00,4,false,1.51,-1.00,429,backpressure,false,
candidateA_saturation_hard,2026-09-13T18:54:57.245918+08:00,10,false,1.88,-1.00,429,backpressure,false,
candidateA_saturation_hard,2026-09-13T18:54:51.77059+08:00,1,true,5593.09,5041.32,200,,true,
candidateA_saturation_hard,2026-09-13T18:54:57.397416+08:00,0,true,1.54,-1.00,429,backpressure,false,
candidateA_saturation_hard,2026-09-13T18:54:57.397089+08:00,4,false,1.91,-1.00,429,backpressure,false,
candidateA_saturation_hard,2026-09-13T18:54:57.397035+08:00,11,true,2.11,-1.00,429,backpressure,false,
candidateA_saturation_hard,2026-09-13T18:54:57.397401+08:00,12,true,1.76,-1.00,429,backpressure,false,
candidateA_saturation_hard,2026-09-13T18:54:57.397025+08:00,5,false,2.20,-1.00,429,backpressure,false,
candidateA_saturation_hard,2026-09-13T18:54:57.397345+08:00,10,false,2.28,-1.00,429,backpressure,false,
candidateA_saturation_hard,2026-09-13T18:54:57.548109+08:00,0,true,0.66,-1.00,429,backpressure,false,
candidateA_saturation_hard,2026-09-13T18:54:57.548146+08:00,5,true,0.68,-1.00,429,backpressure,false,
candidateA_saturation_hard,2026-09-13T18:54:57.548228+08:00,11,false,1.11,-1.00,429,backpressure,false,
candidateA_saturation_hard,2026-09-13T18:54:57.548212+08:00,12,true,1.16,-1.00,429,backpressure,false,
candidateA_saturation_hard,2026-09-13T18:54:57.548264+08:00,4,false,1.14,-1.00,429,backpressure,false,
candidateA_saturation_hard,2026-09-13T18:54:57.548273+08:00,10,true,1.23,-1.00,429,backpressure,false,
candidateA_saturation_hard,2026-09-13T18:54:57.699828+08:00,11,true,1.18,-1.00,429,backpressure,false,
candidateA_saturation_hard,2026-09-13T18:54:57.699581+08:00,5,true,1.47,-1.00,429,backpressure,false,
candidateA_saturation_hard,2026-09-13T18:54:57.69938+08:00,4,false,1.71,-1.00,429,backpressure,false,
candidateA_saturation_hard,2026-09-13T18:54:57.699221+08:00,0,false,1.92,-1.00,429,backpressure,false,
candidateA_saturation_hard,2026-09-13T18:54:57.699439+08:00,12,false,1.74,-1.00,429,backpressure,false,
candidateA_saturation_hard,2026-09-13T18:54:57.699221+08:00,10,false,2.54,-1.00,429,backpressure,false,
candidateA_saturation_hard,2026-09-13T18:54:57.850501+08:00,5,false,1.48,-1.00,429,backpressure,false,
candidateA_saturation_hard,2026-09-13T18:54:57.85044+08:00,12,true,1.58,-1.00,429,backpressure,false,
candidateA_saturation_hard,2026-09-13T18:54:57.850382+08:00,0,false,1.70,-1.00,429,backpressure,false,
candidateA_saturation_hard,2026-09-13T18:54:57.850817+08:00,10,true,1.32,-1.00,429,backpressure,false,
candidateA_saturation_hard,2026-09-13T18:54:57.850544+08:00,4,false,1.65,-1.00,429,backpressure,false,
candidateA_saturation_hard,2026-09-13T18:54:57.850382+08:00,11,false,1.85,-1.00,429,backpressure,false,
candidateA_saturation_hard,2026-09-13T18:54:58.001677+08:00,0,false,2.09,-1.00,429,backpressure,false,
candidateA_saturation_hard,2026-09-13T18:54:58.002137+08:00,11,true,1.67,-1.00,429,backpressure,false,
candidateA_saturation_hard,2026-09-13T18:54:58.002121+08:00,5,false,1.73,-1.00,429,backpressure,false,
candidateA_saturation_hard,2026-09-13T18:54:58.001486+08:00,12,true,2.42,-1.00,429,backpressure,false,
candidateA_saturation_hard,2026-09-13T18:54:58.001466+08:00,10,true,2.46,-1.00,429,backpressure,false,
candidateA_saturation_hard,2026-09-13T18:54:58.001763+08:00,4,false,2.18,-1.00,429,backpressure,false,
candidateA_saturation_hard,2026-09-13T18:54:52.564636+08:00,7,true,5538.61,4907.75,200,,true,
candidateA_saturation_hard,2026-09-13T18:54:58.155349+08:00,10,false,2.15,-1.00,429,backpressure,false,
candidateA_saturation_hard,2026-09-13T18:54:58.152771+08:00,5,true,4.80,-1.00,429,backpressure,false,
candidateA_saturation_hard,2026-09-13T18:54:58.153802+08:00,4,true,3.79,-1.00,429,backpressure,false,
candidateA_saturation_hard,2026-09-13T18:54:58.154883+08:00,11,true,2.84,-1.00,429,backpressure,false,
candidateA_saturation_hard,2026-09-13T18:54:58.152953+08:00,12,true,4.79,-1.00,429,backpressure,false,
candidateA_saturation_hard,2026-09-13T18:54:58.15362+08:00,0,true,4.15,-1.00,429,backpressure,false,
candidateA_saturation_hard,2026-09-13T18:54:58.303411+08:00,12,true,0.84,-1.00,429,backpressure,false,
candidateA_saturation_hard,2026-09-13T18:54:58.303348+08:00,5,false,1.18,-1.00,429,backpressure,false,
candidateA_saturation_hard,2026-09-13T18:54:58.304103+08:00,0,true,0.99,-1.00,429,backpressure,false,
candidateA_saturation_hard,2026-09-13T18:54:58.304553+08:00,4,true,0.70,-1.00,429,backpressure,false,
candidateA_saturation_hard,2026-09-13T18:54:58.305172+08:00,11,true,0.47,-1.00,429,backpressure,false,
candidateA_saturation_hard,2026-09-13T18:54:58.305391+08:00,10,false,0.49,-1.00,429,backpressure,false,
candidateA_saturation_hard,2026-09-13T18:54:58.45532+08:00,5,false,2.13,-1.00,429,backpressure,false,
candidateA_saturation_hard,2026-09-13T18:54:58.455009+08:00,12,false,2.53,-1.00,429,backpressure,false,
candidateA_saturation_hard,2026-09-13T18:54:58.456184+08:00,4,false,1.44,-1.00,429,backpressure,false,
candidateA_saturation_hard,2026-09-13T18:54:58.455386+08:00,0,false,2.30,-1.00,429,backpressure,false,
candidateA_saturation_hard,2026-09-13T18:54:58.455265+08:00,11,true,3.40,-1.00,429,backpressure,false,
candidateA_saturation_hard,2026-09-13T18:54:58.455409+08:00,10,true,3.32,-1.00,429,backpressure,false,
candidateA_saturation_hard,2026-09-13T18:54:58.606002+08:00,5,true,2.81,-1.00,429,backpressure,false,
candidateA_saturation_hard,2026-09-13T18:54:58.605832+08:00,0,true,3.04,-1.00,429,backpressure,false,
candidateA_saturation_hard,2026-09-13T18:54:58.606273+08:00,10,true,2.65,-1.00,429,backpressure,false,
candidateA_saturation_hard,2026-09-13T18:54:58.605882+08:00,12,true,3.09,-1.00,429,backpressure,false,
candidateA_saturation_hard,2026-09-13T18:54:58.606433+08:00,4,false,2.56,-1.00,429,backpressure,false,
candidateA_saturation_hard,2026-09-13T18:54:58.605832+08:00,11,true,3.20,-1.00,429,backpressure,false,
candidateA_saturation_hard,2026-09-13T18:54:58.756039+08:00,5,false,2.77,-1.00,429,backpressure,false,
candidateA_saturation_hard,2026-09-13T18:54:58.755954+08:00,0,false,2.98,-1.00,429,backpressure,false,
candidateA_saturation_hard,2026-09-13T18:54:58.757803+08:00,11,false,1.20,-1.00,429,backpressure,false,
candidateA_saturation_hard,2026-09-13T18:54:58.758075+08:00,4,false,1.22,-1.00,429,backpressure,false,
candidateA_saturation_hard,2026-09-13T18:54:58.756139+08:00,10,false,3.21,-1.00,429,backpressure,false,
candidateA_saturation_hard,2026-09-13T18:54:58.75612+08:00,12,false,3.44,-1.00,429,backpressure,false,
candidateA_saturation_hard,2026-09-13T18:54:53.218918+08:00,9,true,5647.38,4991.51,200,,true,
candidateA_saturation_hard,2026-09-13T18:54:58.907111+08:00,0,false,2.13,-1.00,429,backpressure,false,
candidateA_saturation_hard,2026-09-13T18:54:58.907627+08:00,10,false,1.65,-1.00,429,backpressure,false,
candidateA_saturation_hard,2026-09-13T18:54:58.907798+08:00,11,false,1.53,-1.00,429,backpressure,false,
candidateA_saturation_hard,2026-09-13T18:54:58.906859+08:00,12,true,2.51,-1.00,429,backpressure,false,
candidateA_saturation_hard,2026-09-13T18:54:58.907509+08:00,5,true,1.90,-1.00,429,backpressure,false,
candidateA_saturation_hard,2026-09-13T18:54:58.90885+08:00,4,false,0.74,-1.00,429,backpressure,false,
candidateA_saturation_hard,2026-09-13T18:54:59.058031+08:00,0,false,2.14,-1.00,429,backpressure,false,
candidateA_saturation_hard,2026-09-13T18:54:59.058206+08:00,5,false,3.16,-1.00,429,backpressure,false,
candidateA_saturation_hard,2026-09-13T18:54:59.058392+08:00,10,true,3.00,-1.00,429,backpressure,false,
candidateA_saturation_hard,2026-09-13T18:54:59.058128+08:00,12,false,3.43,-1.00,429,backpressure,false,
candidateA_saturation_hard,2026-09-13T18:54:59.057951+08:00,11,true,3.76,-1.00,429,backpressure,false,
candidateA_saturation_hard,2026-09-13T18:54:59.061618+08:00,4,true,0.44,-1.00,429,backpressure,false,
candidateA_saturation_hard,2026-09-13T18:54:59.209157+08:00,0,true,1.16,-1.00,429,backpressure,false,
candidateA_saturation_hard,2026-09-13T18:54:59.20898+08:00,5,false,1.42,-1.00,429,backpressure,false,
candidateA_saturation_hard,2026-09-13T18:54:59.208982+08:00,11,true,1.49,-1.00,429,backpressure,false,
candidateA_saturation_hard,2026-09-13T18:54:59.209322+08:00,10,false,1.20,-1.00,429,backpressure,false,
candidateA_saturation_hard,2026-09-13T18:54:59.209044+08:00,12,false,1.53,-1.00,429,backpressure,false,
candidateA_saturation_hard,2026-09-13T18:54:59.210651+08:00,4,true,0.28,-1.00,429,backpressure,false,
candidateA_saturation_hard,2026-09-13T18:54:59.360395+08:00,0,false,0.90,-1.00,429,backpressure,false,
candidateA_saturation_hard,2026-09-13T18:54:59.360053+08:00,5,false,1.30,-1.00,429,backpressure,false,
candidateA_saturation_hard,2026-09-13T18:54:59.360035+08:00,10,false,1.42,-1.00,429,backpressure,false,
candidateA_saturation_hard,2026-09-13T18:54:59.360076+08:00,11,true,1.41,-1.00,429,backpressure,false,
candidateA_saturation_hard,2026-09-13T18:54:59.360662+08:00,4,true,1.21,-1.00,429,backpressure,false,
candidateA_saturation_hard,2026-09-13T18:54:59.360243+08:00,12,true,1.68,-1.00,429,backpressure,false,
candidateA_saturation_hard,2026-09-13T18:54:59.511134+08:00,4,false,1.98,-1.00,429,backpressure,false,
candidateA_saturation_hard,2026-09-13T18:54:59.511376+08:00,12,true,1.82,-1.00,429,backpressure,false,
candidateA_saturation_hard,2026-09-13T18:54:59.511302+08:00,10,true,2.01,-1.00,429,backpressure,false,
candidateA_saturation_hard,2026-09-13T18:54:59.511108+08:00,11,false,2.21,-1.00,429,backpressure,false,
candidateA_saturation_hard,2026-09-13T18:54:59.511699+08:00,5,false,1.67,-1.00,429,backpressure,false,
candidateA_saturation_hard,2026-09-13T18:54:59.511597+08:00,0,false,1.78,-1.00,429,backpressure,false,
candidateA_saturation_hard,2026-09-13T18:54:54.01378+08:00,8,false,5555.57,-1.00,200,,true,
candidateA_saturation_hard,2026-09-13T18:54:59.663011+08:00,12,false,1.66,-1.00,429,backpressure,false,
candidateA_saturation_hard,2026-09-13T18:54:59.662191+08:00,5,false,2.48,-1.00,429,backpressure,false,
candidateA_saturation_hard,2026-09-13T18:54:59.662577+08:00,10,false,2.15,-1.00,429,backpressure,false,
candidateA_saturation_hard,2026-09-13T18:54:59.662193+08:00,0,true,2.58,-1.00,429,backpressure,false,
candidateA_saturation_hard,2026-09-13T18:54:59.66268+08:00,4,false,2.10,-1.00,429,backpressure,false,
candidateA_saturation_hard,2026-09-13T18:54:59.662238+08:00,11,true,2.59,-1.00,429,backpressure,false,
candidateA_saturation_hard,2026-09-13T18:54:59.813335+08:00,4,true,3.88,-1.00,429,backpressure,false,
candidateA_saturation_hard,2026-09-13T18:54:59.813546+08:00,5,false,3.66,-1.00,429,backpressure,false,
candidateA_saturation_hard,2026-09-13T18:54:59.8144+08:00,12,false,3.34,-1.00,429,backpressure,false,
candidateA_saturation_hard,2026-09-13T18:54:59.816242+08:00,0,true,1.54,-1.00,429,backpressure,false,
candidateA_saturation_hard,2026-09-13T18:54:59.813715+08:00,11,false,4.10,-1.00,429,backpressure,false,
candidateA_saturation_hard,2026-09-13T18:54:59.816572+08:00,10,false,1.42,-1.00,429,backpressure,false,
candidateA_saturation_hard,2026-09-13T18:54:59.964448+08:00,4,true,0.92,-1.00,429,backpressure,false,
candidateA_saturation_hard,2026-09-13T18:54:59.964238+08:00,5,true,1.16,-1.00,429,backpressure,false,
candidateA_saturation_hard,2026-09-13T18:54:59.964235+08:00,12,false,1.21,-1.00,429,backpressure,false,
candidateA_saturation_hard,2026-09-13T18:54:59.964173+08:00,11,false,1.36,-1.00,429,backpressure,false,
candidateA_saturation_hard,2026-09-13T18:54:59.966354+08:00,0,false,0.30,-1.00,429,backpressure,false,
candidateA_saturation_hard,2026-09-13T18:54:59.966657+08:00,10,true,0.29,-1.00,429,backpressure,false,
candidateA_saturation_hard,2026-09-13T18:55:00.11528+08:00,12,true,2.41,-1.00,429,backpressure,false,
candidateA_saturation_hard,2026-09-13T18:55:00.115217+08:00,4,false,2.60,-1.00,429,backpressure,false,
candidateA_saturation_hard,2026-09-13T18:55:00.115225+08:00,11,true,2.64,-1.00,429,backpressure,false,
candidateA_saturation_hard,2026-09-13T18:55:00.117888+08:00,10,true,1.10,-1.00,429,backpressure,false,
candidateA_saturation_hard,2026-09-13T18:55:00.1174+08:00,0,true,1.67,-1.00,429,backpressure,false,
candidateA_saturation_hard,2026-09-13T18:55:00.115345+08:00,5,false,3.79,-1.00,429,backpressure,false,
candidateA_saturation_hard,2026-09-13T18:55:00.266278+08:00,11,false,1.12,-1.00,429,backpressure,false,
candidateA_saturation_hard,2026-09-13T18:55:00.266273+08:00,12,false,1.17,-1.00,429,backpressure,false,
candidateA_saturation_hard,2026-09-13T18:55:00.266484+08:00,5,true,1.01,-1.00,429,backpressure,false,
candidateA_saturation_hard,2026-09-13T18:55:00.266327+08:00,4,false,1.20,-1.00,429,backpressure,false,
candidateA_saturation_hard,2026-09-13T18:55:00.267523+08:00,0,false,0.29,-1.00,429,backpressure,false,
candidateA_saturation_hard,2026-09-13T18:55:00.267949+08:00,10,false,0.24,-1.00,429,backpressure,false,
candidateA_saturation_hard,2026-09-13T18:55:00.417369+08:00,5,false,1.60,-1.00,429,backpressure,false,
candidateA_saturation_hard,2026-09-13T18:55:00.417397+08:00,12,false,1.60,-1.00,429,backpressure,false,
candidateA_saturation_hard,2026-09-13T18:55:00.417561+08:00,0,false,1.50,-1.00,429,backpressure,false,
candidateA_saturation_hard,2026-09-13T18:55:00.417369+08:00,4,false,1.74,-1.00,429,backpressure,false,
candidateA_saturation_hard,2026-09-13T18:55:00.418629+08:00,10,false,1.28,-1.00,429,backpressure,false,
candidateA_saturation_hard,2026-09-13T18:55:00.41741+08:00,11,false,2.55,-1.00,429,backpressure,false,
candidateA_saturation_hard,2026-09-13T18:54:54.717624+08:00,2,false,5722.80,-1.00,200,,true,
candidateA_saturation_hard,2026-09-13T18:55:00.569362+08:00,4,false,2.08,-1.00,429,backpressure,false,
candidateA_saturation_hard,2026-09-13T18:55:00.568549+08:00,11,false,2.94,-1.00,429,backpressure,false,
candidateA_saturation_hard,2026-09-13T18:55:00.56893+08:00,0,false,2.63,-1.00,429,backpressure,false,
candidateA_saturation_hard,2026-09-13T18:55:00.56892+08:00,10,false,2.68,-1.00,429,backpressure,false,
candidateA_saturation_hard,2026-09-13T18:55:00.569285+08:00,12,false,2.46,-1.00,429,backpressure,false,
candidateA_saturation_hard,2026-09-13T18:55:00.569202+08:00,5,true,2.66,-1.00,429,backpressure,false,
candidateA_saturation_hard,2026-09-13T18:55:00.72193+08:00,10,false,2.74,-1.00,429,backpressure,false,
candidateA_saturation_hard,2026-09-13T18:55:00.723173+08:00,12,true,1.54,-1.00,429,backpressure,false,
candidateA_saturation_hard,2026-09-13T18:55:00.722178+08:00,0,true,2.59,-1.00,429,backpressure,false,
candidateA_saturation_hard,2026-09-13T18:55:00.720876+08:00,4,true,3.93,-1.00,429,backpressure,false,
candidateA_saturation_hard,2026-09-13T18:55:00.721649+08:00,11,true,3.26,-1.00,429,backpressure,false,
candidateA_saturation_hard,2026-09-13T18:55:00.723219+08:00,5,false,1.71,-1.00,429,backpressure,false,
candidateA_saturation_hard,2026-09-13T18:55:00.872241+08:00,0,false,1.38,-1.00,429,backpressure,false,
candidateA_saturation_hard,2026-09-13T18:55:00.871968+08:00,4,false,1.68,-1.00,429,backpressure,false,
candidateA_saturation_hard,2026-09-13T18:55:00.871954+08:00,11,true,1.75,-1.00,429,backpressure,false,
candidateA_saturation_hard,2026-09-13T18:55:00.872011+08:00,10,false,1.74,-1.00,429,backpressure,false,
candidateA_saturation_hard,2026-09-13T18:55:00.873319+08:00,12,true,0.87,-1.00,429,backpressure,false,
candidateA_saturation_hard,2026-09-13T18:55:00.873792+08:00,5,false,0.47,-1.00,429,backpressure,false,
candidateA_saturation_hard,2026-09-13T18:55:01.023422+08:00,10,false,1.77,-1.00,429,backpressure,false,
candidateA_saturation_hard,2026-09-13T18:55:01.023828+08:00,5,false,1.45,-1.00,429,backpressure,false,
candidateA_saturation_hard,2026-09-13T18:55:01.023092+08:00,0,false,2.24,-1.00,429,backpressure,false,
candidateA_saturation_hard,2026-09-13T18:55:01.023664+08:00,4,false,1.72,-1.00,429,backpressure,false,
candidateA_saturation_hard,2026-09-13T18:55:01.023357+08:00,12,true,2.05,-1.00,429,backpressure,false,
candidateA_saturation_hard,2026-09-13T18:55:01.023096+08:00,11,false,2.32,-1.00,429,backpressure,false,
candidateA_saturation_hard,2026-09-13T18:54:55.37315+08:00,13,false,5767.62,-1.00,200,,true,
candidateA_saturation_hard,2026-09-13T18:55:01.173617+08:00,10,true,1.96,-1.00,429,backpressure,false,
candidateA_saturation_hard,2026-09-13T18:55:01.174151+08:00,4,false,1.48,-1.00,429,backpressure,false,
candidateA_saturation_hard,2026-09-13T18:55:01.173868+08:00,5,true,1.83,-1.00,429,backpressure,false,
candidateA_saturation_hard,2026-09-13T18:55:01.173573+08:00,0,true,2.17,-1.00,429,backpressure,false,
candidateA_saturation_hard,2026-09-13T18:55:01.174215+08:00,11,true,1.83,-1.00,429,backpressure,false,
candidateA_saturation_hard,2026-09-13T18:55:01.173573+08:00,12,false,2.53,-1.00,429,backpressure,false,
candidateA_saturation_hard,2026-09-13T18:55:01.32488+08:00,4,false,1.26,-1.00,429,backpressure,false,
candidateA_saturation_hard,2026-09-13T18:55:01.324827+08:00,5,false,1.39,-1.00,429,backpressure,false,
candidateA_saturation_hard,2026-09-13T18:55:01.324706+08:00,10,false,1.59,-1.00,429,backpressure,false,
candidateA_saturation_hard,2026-09-13T18:55:01.324674+08:00,12,false,1.67,-1.00,429,backpressure,false,
candidateA_saturation_hard,2026-09-13T18:55:01.325041+08:00,0,true,1.34,-1.00,429,backpressure,false,
candidateA_saturation_hard,2026-09-13T18:55:01.324674+08:00,11,false,1.74,-1.00,429,backpressure,false,
candidateA_saturation_hard,2026-09-13T18:55:01.475783+08:00,12,true,2.04,-1.00,429,backpressure,false,
candidateA_saturation_hard,2026-09-13T18:55:01.476209+08:00,4,false,1.65,-1.00,429,backpressure,false,
candidateA_saturation_hard,2026-09-13T18:55:01.475751+08:00,10,false,2.16,-1.00,429,backpressure,false,
candidateA_saturation_hard,2026-09-13T18:55:01.475733+08:00,0,true,2.23,-1.00,429,backpressure,false,
candidateA_saturation_hard,2026-09-13T18:55:01.476115+08:00,5,true,1.89,-1.00,429,backpressure,false,
candidateA_saturation_hard,2026-09-13T18:55:01.475926+08:00,11,false,2.12,-1.00,429,backpressure,false,
candidateA_saturation_hard,2026-09-13T18:55:01.627061+08:00,10,false,1.05,-1.00,429,backpressure,false,
candidateA_saturation_hard,2026-09-13T18:55:01.626746+08:00,11,false,1.40,-1.00,429,backpressure,false,
candidateA_saturation_hard,2026-09-13T18:55:01.626715+08:00,12,false,1.51,-1.00,429,backpressure,false,
candidateA_saturation_hard,2026-09-13T18:55:01.626712+08:00,4,false,1.70,-1.00,429,backpressure,false,
candidateA_saturation_hard,2026-09-13T18:55:01.626861+08:00,0,false,1.62,-1.00,429,backpressure,false,
candidateA_saturation_hard,2026-09-13T18:55:01.626919+08:00,5,false,1.60,-1.00,429,backpressure,false,
candidateA_saturation_hard,2026-09-13T18:54:56.006235+08:00,6,true,5767.91,5244.63,200,,true,
candidateA_saturation_hard,2026-09-13T18:55:01.7774+08:00,11,false,1.31,-1.00,429,backpressure,false,
candidateA_saturation_hard,2026-09-13T18:55:01.777075+08:00,10,false,1.67,-1.00,429,backpressure,false,
candidateA_saturation_hard,2026-09-13T18:55:01.776964+08:00,5,false,1.82,-1.00,429,backpressure,false,
candidateA_saturation_hard,2026-09-13T18:55:01.777584+08:00,0,true,1.24,-1.00,429,backpressure,false,
candidateA_saturation_hard,2026-09-13T18:55:01.77729+08:00,4,false,1.56,-1.00,429,backpressure,false,
candidateA_saturation_hard,2026-09-13T18:55:01.776999+08:00,12,false,1.90,-1.00,429,backpressure,false,
candidateA_saturation_hard,2026-09-13T18:55:01.928056+08:00,5,true,0.46,-1.00,429,backpressure,false,
candidateA_saturation_hard,2026-09-13T18:55:01.928034+08:00,0,true,0.53,-1.00,429,backpressure,false,
candidateA_saturation_hard,2026-09-13T18:55:01.928078+08:00,11,true,0.60,-1.00,429,backpressure,false,
candidateA_saturation_hard,2026-09-13T18:55:01.928128+08:00,12,false,0.56,-1.00,429,backpressure,false,
candidateA_saturation_hard,2026-09-13T18:55:01.92804+08:00,10,false,0.69,-1.00,429,backpressure,false,
candidateA_saturation_hard,2026-09-13T18:55:01.928099+08:00,4,false,0.65,-1.00,429,backpressure,false,
candidateA_saturation_hard,2026-09-13T18:55:02.07824+08:00,12,false,4.13,-1.00,429,backpressure,false,
candidateA_saturation_hard,2026-09-13T18:55:02.078972+08:00,11,true,3.44,-1.00,429,backpressure,false,
candidateA_saturation_hard,2026-09-13T18:55:02.078526+08:00,4,false,3.96,-1.00,429,backpressure,false,
candidateA_saturation_hard,2026-09-13T18:55:02.07886+08:00,10,false,3.63,-1.00,429,backpressure,false,
candidateA_saturation_hard,2026-09-13T18:55:02.078442+08:00,5,false,4.05,-1.00,429,backpressure,false,
candidateA_saturation_hard,2026-09-13T18:55:02.080559+08:00,0,true,2.28,-1.00,429,backpressure,false,
candidateA_saturation_hard,2026-09-13T18:55:02.229722+08:00,4,true,1.76,-1.00,429,backpressure,false,
candidateA_saturation_hard,2026-09-13T18:55:02.229443+08:00,11,false,2.13,-1.00,429,backpressure,false,
candidateA_saturation_hard,2026-09-13T18:55:02.23007+08:00,10,true,3.72,-1.00,429,backpressure,false,
candidateA_saturation_hard,2026-09-13T18:55:02.229525+08:00,0,false,4.27,-1.00,429,backpressure,false,
candidateA_saturation_hard,2026-09-13T18:55:02.229445+08:00,5,false,4.36,-1.00,429,backpressure,false,
candidateA_saturation_hard,2026-09-13T18:55:02.229498+08:00,12,true,4.33,-1.00,429,backpressure,false,
candidateA_saturation_hard,2026-09-13T18:55:02.380138+08:00,10,false,1.14,-1.00,429,backpressure,false,
candidateA_saturation_hard,2026-09-13T18:55:02.380076+08:00,4,true,1.30,-1.00,429,backpressure,false,
candidateA_saturation_hard,2026-09-13T18:55:02.380905+08:00,0,true,1.00,-1.00,429,backpressure,false,
candidateA_saturation_hard,2026-09-13T18:55:02.380751+08:00,12,false,1.24,-1.00,429,backpressure,false,
candidateA_saturation_hard,2026-09-13T18:55:02.380381+08:00,5,false,1.64,-1.00,429,backpressure,false,
candidateA_saturation_hard,2026-09-13T18:55:02.38036+08:00,11,true,1.69,-1.00,429,backpressure,false,
candidateA_saturation_hard,2026-09-13T18:55:02.531267+08:00,5,false,2.80,-1.00,429,backpressure,false,
candidateA_saturation_hard,2026-09-13T18:55:02.531451+08:00,11,false,2.76,-1.00,429,backpressure,false,
candidateA_saturation_hard,2026-09-13T18:55:02.531927+08:00,4,false,2.35,-1.00,429,backpressure,false,
candidateA_saturation_hard,2026-09-13T18:55:02.531537+08:00,12,true,2.90,-1.00,429,backpressure,false,
candidateA_saturation_hard,2026-09-13T18:55:02.531238+08:00,0,false,3.24,-1.00,429,backpressure,false,
candidateA_saturation_hard,2026-09-13T18:55:02.531793+08:00,10,false,2.98,-1.00,429,backpressure,false,
candidateA_saturation_hard,2026-09-13T18:54:56.706344+08:00,3,true,5932.91,5184.19,200,,true,
candidateA_saturation_hard,2026-09-13T18:55:02.682286+08:00,5,false,2.19,-1.00,429,backpressure,false,
candidateA_saturation_hard,2026-09-13T18:55:02.681617+08:00,11,false,2.92,-1.00,429,backpressure,false,
candidateA_saturation_hard,2026-09-13T18:55:02.68256+08:00,10,false,2.00,-1.00,429,backpressure,false,
candidateA_saturation_hard,2026-09-13T18:55:02.682459+08:00,4,false,2.16,-1.00,429,backpressure,false,
candidateA_saturation_hard,2026-09-13T18:55:02.681663+08:00,0,false,3.01,-1.00,429,backpressure,false,
candidateA_saturation_hard,2026-09-13T18:55:02.681636+08:00,12,false,3.30,-1.00,429,backpressure,false,
candidateA_saturation_hard,2026-09-13T18:55:02.833322+08:00,12,false,1.47,-1.00,429,backpressure,false,
candidateA_saturation_hard,2026-09-13T18:55:02.833486+08:00,11,true,1.35,-1.00,429,backpressure,false,
candidateA_saturation_hard,2026-09-13T18:55:02.833309+08:00,4,false,1.57,-1.00,429,backpressure,false,
candidateA_saturation_hard,2026-09-13T18:55:02.833801+08:00,0,false,1.40,-1.00,429,backpressure,false,
candidateA_saturation_hard,2026-09-13T18:55:02.833345+08:00,5,false,1.87,-1.00,429,backpressure,false,
candidateA_saturation_hard,2026-09-13T18:55:02.833725+08:00,10,false,1.51,-1.00,429,backpressure,false,
candidateA_saturation_hard,2026-09-13T18:55:02.98416+08:00,11,true,1.75,-1.00,429,backpressure,false,
candidateA_saturation_hard,2026-09-13T18:55:02.98462+08:00,5,false,1.33,-1.00,429,backpressure,false,
candidateA_saturation_hard,2026-09-13T18:55:02.984186+08:00,4,false,1.80,-1.00,429,backpressure,false,
candidateA_saturation_hard,2026-09-13T18:55:02.984346+08:00,12,false,1.67,-1.00,429,backpressure,false,
candidateA_saturation_hard,2026-09-13T18:55:02.984153+08:00,0,true,1.93,-1.00,429,backpressure,false,
candidateA_saturation_hard,2026-09-13T18:55:02.984293+08:00,10,false,1.74,-1.00,429,backpressure,false,
candidateA_saturation_hard,2026-09-13T18:55:03.135413+08:00,12,false,2.54,-1.00,429,backpressure,false,
candidateA_saturation_hard,2026-09-13T18:55:03.136227+08:00,0,true,1.81,-1.00,429,backpressure,false,
candidateA_saturation_hard,2026-09-13T18:55:03.138356+08:00,10,false,0.97,-1.00,429,backpressure,false,
candidateA_saturation_hard,2026-09-13T18:55:03.138165+08:00,11,false,1.24,-1.00,429,backpressure,false,
candidateA_saturation_hard,2026-09-13T18:55:03.138224+08:00,4,false,1.21,-1.00,429,backpressure,false,
candidateA_saturation_hard,2026-09-13T18:55:03.137849+08:00,5,true,1.59,-1.00,429,backpressure,false,
candidateA_saturation_hard,2026-09-13T18:55:03.287047+08:00,12,false,1.26,-1.00,429,backpressure,false,
candidateA_saturation_hard,2026-09-13T18:55:03.286829+08:00,0,false,1.89,-1.00,429,backpressure,false,
candidateA_saturation_hard,2026-09-13T18:55:03.288254+08:00,5,true,1.40,-1.00,429,backpressure,false,
candidateA_saturation_hard,2026-09-13T18:55:03.288855+08:00,10,false,0.84,-1.00,429,backpressure,false,
candidateA_saturation_hard,2026-09-13T18:55:03.288764+08:00,4,false,0.97,-1.00,429,backpressure,false,
candidateA_saturation_hard,2026-09-13T18:55:03.28822+08:00,11,false,1.54,-1.00,429,backpressure,false,
candidateA_saturation_hard,2026-09-13T18:54:57.363889+08:00,1,true,5939.16,5384.44,200,,true,
candidateA_saturation_hard,2026-09-13T18:55:03.438388+08:00,5,false,4.88,-1.00,429,backpressure,false,
candidateA_saturation_hard,2026-09-13T18:55:03.438798+08:00,4,false,4.49,-1.00,429,backpressure,false,
candidateA_saturation_hard,2026-09-13T18:55:03.438268+08:00,11,false,5.05,-1.00,429,backpressure,false,
candidateA_saturation_hard,2026-09-13T18:55:03.43797+08:00,0,true,5.36,-1.00,429,backpressure,false,
candidateA_saturation_hard,2026-09-13T18:55:03.438891+08:00,10,true,4.49,-1.00,429,backpressure,false,
candidateA_saturation_hard,2026-09-13T18:55:03.437957+08:00,12,false,5.50,-1.00,429,backpressure,false,
candidateA_saturation_hard,2026-09-13T18:55:03.589508+08:00,12,true,1.50,-1.00,429,backpressure,false,
candidateA_saturation_hard,2026-09-13T18:55:03.589234+08:00,10,false,1.80,-1.00,429,backpressure,false,
candidateA_saturation_hard,2026-09-13T18:55:03.589873+08:00,4,false,1.19,-1.00,429,backpressure,false,
candidateA_saturation_hard,2026-09-13T18:55:03.589296+08:00,11,false,1.88,-1.00,429,backpressure,false,
candidateA_saturation_hard,2026-09-13T18:55:03.589388+08:00,5,false,1.89,-1.00,429,backpressure,false,
candidateA_saturation_hard,2026-09-13T18:55:03.589642+08:00,0,false,1.70,-1.00,429,backpressure,false,
candidateA_saturation_hard,2026-09-13T18:55:03.740291+08:00,11,false,2.16,-1.00,429,backpressure,false,
candidateA_saturation_hard,2026-09-13T18:55:03.74153+08:00,4,false,1.05,-1.00,429,backpressure,false,
candidateA_saturation_hard,2026-09-13T18:55:03.742199+08:00,10,false,0.53,-1.00,429,backpressure,false,
candidateA_saturation_hard,2026-09-13T18:55:03.741641+08:00,5,true,1.49,-1.00,429,backpressure,false,
candidateA_saturation_hard,2026-09-13T18:55:03.741928+08:00,12,true,1.22,-1.00,429,backpressure,false,
candidateA_saturation_hard,2026-09-13T18:55:03.742058+08:00,0,false,1.12,-1.00,429,backpressure,false,
candidateA_saturation_hard,2026-09-13T18:55:03.891279+08:00,11,false,0.97,-1.00,429,backpressure,false,
candidateA_saturation_hard,2026-09-13T18:55:03.891383+08:00,4,false,0.91,-1.00,429,backpressure,false,
candidateA_saturation_hard,2026-09-13T18:55:03.892367+08:00,12,false,0.60,-1.00,429,backpressure,false,
candidateA_saturation_hard,2026-09-13T18:55:03.892338+08:00,0,true,0.89,-1.00,429,backpressure,false,
candidateA_saturation_hard,2026-09-13T18:55:03.892436+08:00,10,false,1.01,-1.00,429,backpressure,false,
candidateA_saturation_hard,2026-09-13T18:55:03.89242+08:00,5,true,1.07,-1.00,429,backpressure,false,
candidateA_saturation_hard,2026-09-13T18:54:58.1035+08:00,7,true,5907.73,5308.15,200,,true,
candidateA_saturation_hard,2026-09-13T18:55:04.042627+08:00,10,false,1.78,-1.00,429,backpressure,false,
candidateA_saturation_hard,2026-09-13T18:55:04.042627+08:00,0,false,1.78,-1.00,429,backpressure,false,
candidateA_saturation_hard,2026-09-13T18:55:04.042782+08:00,11,true,1.65,-1.00,429,backpressure,false,
candidateA_saturation_hard,2026-09-13T18:55:04.042904+08:00,5,false,1.65,-1.00,429,backpressure,false,
candidateA_saturation_hard,2026-09-13T18:55:04.042668+08:00,12,false,1.92,-1.00,429,backpressure,false,
candidateA_saturation_hard,2026-09-13T18:55:04.043009+08:00,4,true,1.61,-1.00,429,backpressure,false,
candidateA_saturation_hard,2026-09-13T18:55:04.193979+08:00,11,false,4.42,-1.00,429,backpressure,false,
candidateA_saturation_hard,2026-09-13T18:55:04.194282+08:00,0,true,4.14,-1.00,429,backpressure,false,
candidateA_saturation_hard,2026-09-13T18:55:04.193784+08:00,4,true,4.69,-1.00,429,backpressure,false,
candidateA_saturation_hard,2026-09-13T18:55:04.195503+08:00,12,true,3.34,-1.00,429,backpressure,false,
candidateA_saturation_hard,2026-09-13T18:55:04.195051+08:00,5,false,3.86,-1.00,429,backpressure,false,
candidateA_saturation_hard,2026-09-13T18:55:04.198439+08:00,10,true,0.55,-1.00,429,backpressure,false,
candidateA_saturation_hard,2026-09-13T18:55:04.347815+08:00,5,true,0.67,-1.00,429,backpressure,false,
candidateA_saturation_hard,2026-09-13T18:55:04.348139+08:00,10,false,0.42,-1.00,429,backpressure,false,
candidateA_saturation_hard,2026-09-13T18:55:04.348206+08:00,4,true,0.56,-1.00,429,backpressure,false,
candidateA_saturation_hard,2026-09-13T18:55:04.348132+08:00,12,false,0.66,-1.00,429,backpressure,false,
candidateA_saturation_hard,2026-09-13T18:55:04.348206+08:00,11,false,0.72,-1.00,429,backpressure,false,
candidateA_saturation_hard,2026-09-13T18:55:04.348206+08:00,0,false,0.72,-1.00,429,backpressure,false,
candidateA_saturation_hard,2026-09-13T18:55:04.499095+08:00,10,true,1.16,-1.00,429,backpressure,false,
candidateA_saturation_hard,2026-09-13T18:55:04.499176+08:00,4,false,1.42,-1.00,429,backpressure,false,
candidateA_saturation_hard,2026-09-13T18:55:04.498865+08:00,11,false,1.79,-1.00,429,backpressure,false,
candidateA_saturation_hard,2026-09-13T18:55:04.499556+08:00,0,false,1.40,-1.00,429,backpressure,false,
candidateA_saturation_hard,2026-09-13T18:55:04.499895+08:00,12,false,1.10,-1.00,429,backpressure,false,
candidateA_saturation_hard,2026-09-13T18:55:04.499824+08:00,5,true,1.21,-1.00,429,backpressure,false,
candidateA_saturation_hard,2026-09-13T18:55:04.649668+08:00,0,false,1.66,-1.00,429,backpressure,false,
candidateA_saturation_hard,2026-09-13T18:55:04.649592+08:00,11,true,1.78,-1.00,429,backpressure,false,
candidateA_saturation_hard,2026-09-13T18:55:04.649699+08:00,10,false,1.73,-1.00,429,backpressure,false,
candidateA_saturation_hard,2026-09-13T18:55:04.6499+08:00,5,false,1.57,-1.00,429,backpressure,false,
candidateA_saturation_hard,2026-09-13T18:55:04.649401+08:00,4,false,2.08,-1.00,429,backpressure,false,
candidateA_saturation_hard,2026-09-13T18:55:04.650109+08:00,12,true,1.71,-1.00,429,backpressure,false,
candidateA_saturation_hard,2026-09-13T18:55:04.799648+08:00,11,false,2.05,-1.00,429,backpressure,false,
candidateA_saturation_hard,2026-09-13T18:55:04.79991+08:00,5,true,1.87,-1.00,429,backpressure,false,
candidateA_saturation_hard,2026-09-13T18:55:04.799744+08:00,10,false,2.14,-1.00,429,backpressure,false,
candidateA_saturation_hard,2026-09-13T18:55:04.799888+08:00,0,true,2.10,-1.00,429,backpressure,false,
candidateA_saturation_hard,2026-09-13T18:55:04.800209+08:00,12,false,1.94,-1.00,429,backpressure,false,
candidateA_saturation_hard,2026-09-13T18:55:04.799631+08:00,4,false,2.72,-1.00,429,backpressure,false,
candidateA_saturation_hard,2026-09-13T18:54:58.866505+08:00,9,false,6015.57,-1.00,200,,true,
candidateA_saturation_hard,2026-09-13T18:55:04.950786+08:00,10,false,3.23,-1.00,429,backpressure,false,
candidateA_saturation_hard,2026-09-13T18:55:04.950743+08:00,12,true,3.32,-1.00,429,backpressure,false,
candidateA_saturation_hard,2026-09-13T18:55:04.950987+08:00,0,true,3.16,-1.00,429,backpressure,false,
candidateA_saturation_hard,2026-09-13T18:55:04.951671+08:00,11,false,2.66,-1.00,429,backpressure,false,
candidateA_saturation_hard,2026-09-13T18:55:04.951587+08:00,4,true,2.97,-1.00,429,backpressure,false,
candidateA_saturation_hard,2026-09-13T18:55:04.951386+08:00,5,false,3.25,-1.00,429,backpressure,false,
candidateA_saturation_hard,2026-09-13T18:55:05.102298+08:00,11,false,0.95,-1.00,429,backpressure,false,
candidateA_saturation_hard,2026-09-13T18:55:05.101839+08:00,4,false,1.47,-1.00,429,backpressure,false,
candidateA_saturation_hard,2026-09-13T18:55:05.102602+08:00,10,true,1.24,-1.00,429,backpressure,false,
candidateA_saturation_hard,2026-09-13T18:55:05.102676+08:00,0,true,1.20,-1.00,429,backpressure,false,
candidateA_saturation_hard,2026-09-13T18:55:05.102895+08:00,5,true,1.02,-1.00,429,backpressure,false,
candidateA_saturation_hard,2026-09-13T18:55:05.102378+08:00,12,false,1.57,-1.00,429,backpressure,false,
candidateA_saturation_hard,2026-09-13T18:55:05.252886+08:00,0,true,5.61,-1.00,429,backpressure,false,
candidateA_saturation_hard,2026-09-13T18:55:05.252966+08:00,5,false,5.53,-1.00,429,backpressure,false,
candidateA_saturation_hard,2026-09-13T18:55:05.254673+08:00,4,true,3.85,-1.00,429,backpressure,false,
candidateA_saturation_hard,2026-09-13T18:55:05.253213+08:00,11,false,5.31,-1.00,429,backpressure,false,
candidateA_saturation_hard,2026-09-13T18:55:05.253931+08:00,10,true,4.60,-1.00,429,backpressure,false,
candidateA_saturation_hard,2026-09-13T18:55:05.253685+08:00,12,false,4.85,-1.00,429,backpressure,false,
candidateA_saturation_hard,2026-09-13T18:55:05.403938+08:00,0,true,1.65,-1.00,429,backpressure,false,
candidateA_saturation_hard,2026-09-13T18:55:05.404231+08:00,12,false,2.13,-1.00,429,backpressure,false,
candidateA_saturation_hard,2026-09-13T18:55:05.405274+08:00,5,false,2.33,-1.00,429,backpressure,false,
candidateA_saturation_hard,2026-09-13T18:55:05.406616+08:00,10,true,1.06,-1.00,429,backpressure,false,
candidateA_saturation_hard,2026-09-13T18:55:05.406486+08:00,4,false,1.23,-1.00,429,backpressure,false,
candidateA_saturation_hard,2026-09-13T18:55:05.406397+08:00,11,false,1.36,-1.00,429,backpressure,false,
candidateA_saturation_hard,2026-09-13T18:55:05.555028+08:00,0,false,1.14,-1.00,429,backpressure,false,
candidateA_saturation_hard,2026-09-13T18:55:05.55502+08:00,12,false,1.18,-1.00,429,backpressure,false,
candidateA_saturation_hard,2026-09-13T18:55:05.55556+08:00,5,true,1.26,-1.00,429,backpressure,false,
candidateA_saturation_hard,2026-09-13T18:55:05.556622+08:00,4,false,0.61,-1.00,429,backpressure,false,
candidateA_saturation_hard,2026-09-13T18:55:05.556705+08:00,11,false,0.60,-1.00,429,backpressure,false,
candidateA_saturation_hard,2026-09-13T18:55:05.556841+08:00,10,true,0.57,-1.00,429,backpressure,false,
candidateA_saturation_hard,2026-09-13T18:55:05.706627+08:00,4,false,0.84,-1.00,429,backpressure,false,
candidateA_saturation_hard,2026-09-13T18:55:05.706004+08:00,0,false,1.47,-1.00,429,backpressure,false,
candidateA_saturation_hard,2026-09-13T18:55:05.705996+08:00,5,false,1.50,-1.00,429,backpressure,false,
candidateA_saturation_hard,2026-09-13T18:55:05.706045+08:00,12,false,1.50,-1.00,429,backpressure,false,
candidateA_saturation_hard,2026-09-13T18:55:05.706708+08:00,11,false,0.87,-1.00,429,backpressure,false,
candidateA_saturation_hard,2026-09-13T18:55:05.706857+08:00,10,false,1.02,-1.00,429,backpressure,false,
candidateA_saturation_hard,2026-09-13T18:54:59.569579+08:00,8,false,6153.61,-1.00,200,,true,
candidateA_saturation_hard,2026-09-13T18:55:05.857066+08:00,10,false,2.15,-1.00,429,backpressure,false,
candidateA_saturation_hard,2026-09-13T18:55:05.857727+08:00,0,false,1.56,-1.00,429,backpressure,false,
candidateA_saturation_hard,2026-09-13T18:55:05.857085+08:00,4,false,2.23,-1.00,429,backpressure,false,
candidateA_saturation_hard,2026-09-13T18:55:05.857758+08:00,5,true,1.60,-1.00,429,backpressure,false,
candidateA_saturation_hard,2026-09-13T18:55:05.857118+08:00,12,true,2.27,-1.00,429,backpressure,false,
candidateA_saturation_hard,2026-09-13T18:55:05.857363+08:00,11,true,2.04,-1.00,429,backpressure,false,
candidateA_saturation_hard,2026-09-13T18:55:06.008011+08:00,10,false,3.53,-1.00,429,backpressure,false,
candidateA_saturation_hard,2026-09-13T18:55:06.008339+08:00,4,true,3.20,-1.00,429,backpressure,false,
candidateA_saturation_hard,2026-09-13T18:55:06.007516+08:00,11,true,4.05,-1.00,429,backpressure,false,
candidateA_saturation_hard,2026-09-13T18:55:06.007908+08:00,5,false,3.67,-1.00,429,backpressure,false,
candidateA_saturation_hard,2026-09-13T18:55:06.008747+08:00,0,true,3.08,-1.00,429,backpressure,false,
candidateA_saturation_hard,2026-09-13T18:55:06.008889+08:00,12,false,2.97,-1.00,429,backpressure,false,
candidateA_saturation_hard,2026-09-13T18:55:06.158622+08:00,5,false,3.43,-1.00,429,backpressure,false,
candidateA_saturation_hard,2026-09-13T18:55:06.158582+08:00,11,true,3.51,-1.00,429,backpressure,false,
candidateA_saturation_hard,2026-09-13T18:55:06.159065+08:00,0,false,3.09,-1.00,429,backpressure,false,
candidateA_saturation_hard,2026-09-13T18:55:06.158593+08:00,4,false,3.61,-1.00,429,backpressure,false,
candidateA_saturation_hard,2026-09-13T18:55:06.159316+08:00,12,false,2.94,-1.00,429,backpressure,false,
candidateA_saturation_hard,2026-09-13T18:55:06.158833+08:00,10,true,4.09,-1.00,429,backpressure,false,
candidateA_saturation_hard,2026-09-13T18:55:06.309738+08:00,10,false,2.82,-1.00,429,backpressure,false,
candidateA_saturation_hard,2026-09-13T18:55:06.310081+08:00,12,false,2.52,-1.00,429,backpressure,false,
candidateA_saturation_hard,2026-09-13T18:55:06.311957+08:00,5,false,2.29,-1.00,429,backpressure,false,
candidateA_saturation_hard,2026-09-13T18:55:06.311708+08:00,4,false,2.63,-1.00,429,backpressure,false,
candidateA_saturation_hard,2026-09-13T18:55:06.312067+08:00,0,true,2.30,-1.00,429,backpressure,false,
candidateA_saturation_hard,2026-09-13T18:55:06.310171+08:00,11,false,4.21,-1.00,429,backpressure,false,
candidateA_saturation_hard,2026-09-13T18:55:06.461125+08:00,12,false,2.51,-1.00,429,backpressure,false,
candidateA_saturation_hard,2026-09-13T18:55:06.462603+08:00,5,true,2.78,-1.00,429,backpressure,false,
candidateA_saturation_hard,2026-09-13T18:55:06.460785+08:00,11,true,4.62,-1.00,429,backpressure,false,
candidateA_saturation_hard,2026-09-13T18:55:06.462946+08:00,4,false,2.47,-1.00,429,backpressure,false,
candidateA_saturation_hard,2026-09-13T18:55:06.463742+08:00,0,false,2.07,-1.00,429,backpressure,false,
candidateA_saturation_hard,2026-09-13T18:55:06.461282+08:00,10,false,4.57,-1.00,429,backpressure,false,
candidateA_saturation_hard,2026-09-13T18:55:00.440633+08:00,2,false,6038.32,-1.00,200,,true,
candidateA_saturation_hard,2026-09-13T18:55:06.613331+08:00,4,false,1.43,-1.00,429,backpressure,false,
candidateA_saturation_hard,2026-09-13T18:55:06.612883+08:00,12,false,2.01,-1.00,429,backpressure,false,
candidateA_saturation_hard,2026-09-13T18:55:06.611989+08:00,10,false,2.92,-1.00,429,backpressure,false,
candidateA_saturation_hard,2026-09-13T18:55:06.612621+08:00,5,false,2.32,-1.00,429,backpressure,false,
candidateA_saturation_hard,2026-09-13T18:55:06.612224+08:00,11,false,2.77,-1.00,429,backpressure,false,
candidateA_saturation_hard,2026-09-13T18:55:06.614639+08:00,0,false,0.77,-1.00,429,backpressure,false,
candidateA_saturation_hard,2026-09-13T18:55:06.763113+08:00,12,false,1.93,-1.00,429,backpressure,false,
candidateA_saturation_hard,2026-09-13T18:55:06.76489+08:00,0,false,0.91,-1.00,429,backpressure,false,
candidateA_saturation_hard,2026-09-13T18:55:06.763152+08:00,11,false,2.71,-1.00,429,backpressure,false,
candidateA_saturation_hard,2026-09-13T18:55:06.7631+08:00,10,true,2.85,-1.00,429,backpressure,false,
candidateA_saturation_hard,2026-09-13T18:55:06.763599+08:00,4,true,2.40,-1.00,429,backpressure,false,
candidateA_saturation_hard,2026-09-13T18:55:06.763297+08:00,5,true,2.75,-1.00,429,backpressure,false,
candidateA_saturation_hard,2026-09-13T18:55:06.914274+08:00,10,true,1.93,-1.00,429,backpressure,false,
candidateA_saturation_hard,2026-09-13T18:55:06.914397+08:00,11,false,1.93,-1.00,429,backpressure,false,
candidateA_saturation_hard,2026-09-13T18:55:06.914515+08:00,4,true,2.49,-1.00,429,backpressure,false,
candidateA_saturation_hard,2026-09-13T18:55:06.914677+08:00,5,false,2.61,-1.00,429,backpressure,false,
candidateA_saturation_hard,2026-09-13T18:55:06.914452+08:00,12,false,3.17,-1.00,429,backpressure,false,
candidateA_saturation_hard,2026-09-13T18:55:06.916684+08:00,0,true,1.41,-1.00,429,backpressure,false,
candidateA_saturation_hard,2026-09-13T18:55:07.065079+08:00,5,false,1.91,-1.00,429,backpressure,false,
candidateA_saturation_hard,2026-09-13T18:55:07.065459+08:00,10,false,1.62,-1.00,429,backpressure,false,
candidateA_saturation_hard,2026-09-13T18:55:07.065406+08:00,11,false,1.70,-1.00,429,backpressure,false,
candidateA_saturation_hard,2026-09-13T18:55:07.065012+08:00,12,false,2.19,-1.00,429,backpressure,false,
candidateA_saturation_hard,2026-09-13T18:55:07.065198+08:00,4,false,2.01,-1.00,429,backpressure,false,
candidateA_saturation_hard,2026-09-13T18:55:07.066819+08:00,0,false,0.91,-1.00,429,backpressure,false,
candidateA_saturation_hard,2026-09-13T18:55:01.140982+08:00,13,false,6043.39,-1.00,200,,true,
candidateA_saturation_hard,2026-09-13T18:55:07.2153+08:00,5,false,1.35,-1.00,429,backpressure,false,
candidateA_saturation_hard,2026-09-13T18:55:07.2153+08:00,12,false,1.39,-1.00,429,backpressure,false,
candidateA_saturation_hard,2026-09-13T18:55:07.215338+08:00,4,false,1.39,-1.00,429,backpressure,false,
candidateA_saturation_hard,2026-09-13T18:55:07.215619+08:00,10,false,1.15,-1.00,429,backpressure,false,
candidateA_saturation_hard,2026-09-13T18:55:07.215695+08:00,11,true,1.10,-1.00,429,backpressure,false,
candidateA_saturation_hard,2026-09-13T18:55:07.216814+08:00,0,true,0.37,-1.00,429,backpressure,false,
candidateA_saturation_hard,2026-09-13T18:55:07.366622+08:00,5,false,1.68,-1.00,429,backpressure,false,
candidateA_saturation_hard,2026-09-13T18:55:07.366586+08:00,4,true,1.80,-1.00,429,backpressure,false,
candidateA_saturation_hard,2026-09-13T18:55:07.366516+08:00,12,true,2.03,-1.00,429,backpressure,false,
candidateA_saturation_hard,2026-09-13T18:55:07.366424+08:00,10,true,2.25,-1.00,429,backpressure,false,
candidateA_saturation_hard,2026-09-13T18:55:07.366426+08:00,11,true,2.30,-1.00,429,backpressure,false,
candidateA_saturation_hard,2026-09-13T18:55:07.366944+08:00,0,false,1.84,-1.00,429,backpressure,false,
candidateA_saturation_hard,2026-09-13T18:55:07.518079+08:00,12,false,1.40,-1.00,429,backpressure,false,
candidateA_saturation_hard,2026-09-13T18:55:07.517748+08:00,10,false,1.82,-1.00,429,backpressure,false,
candidateA_saturation_hard,2026-09-13T18:55:07.518183+08:00,4,true,1.43,-1.00,429,backpressure,false,
candidateA_saturation_hard,2026-09-13T18:55:07.518317+08:00,0,false,1.34,-1.00,429,backpressure,false,
candidateA_saturation_hard,2026-09-13T18:55:07.517487+08:00,5,false,2.22,-1.00,429,backpressure,false,
candidateA_saturation_hard,2026-09-13T18:55:07.517679+08:00,11,true,2.13,-1.00,429,backpressure,false,
candidateA_saturation_hard,2026-09-13T18:55:07.669024+08:00,4,false,1.49,-1.00,429,backpressure,false,
candidateA_saturation_hard,2026-09-13T18:55:07.668604+08:00,5,false,2.00,-1.00,429,backpressure,false,
candidateA_saturation_hard,2026-09-13T18:55:07.668687+08:00,10,true,1.98,-1.00,429,backpressure,false,
candidateA_saturation_hard,2026-09-13T18:55:07.668561+08:00,0,true,2.14,-1.00,429,backpressure,false,
candidateA_saturation_hard,2026-09-13T18:55:07.668566+08:00,11,true,2.16,-1.00,429,backpressure,false,
candidateA_saturation_hard,2026-09-13T18:55:07.668921+08:00,12,true,1.85,-1.00,429,backpressure,false,
candidateA_saturation_hard,2026-09-13T18:55:07.81963+08:00,4,true,2.06,-1.00,429,backpressure,false,
candidateA_saturation_hard,2026-09-13T18:55:07.820339+08:00,12,true,1.46,-1.00,429,backpressure,false,
candidateA_saturation_hard,2026-09-13T18:55:07.820083+08:00,10,false,1.79,-1.00,429,backpressure,false,
candidateA_saturation_hard,2026-09-13T18:55:07.819898+08:00,5,false,2.04,-1.00,429,backpressure,false,
candidateA_saturation_hard,2026-09-13T18:55:07.819629+08:00,0,true,2.38,-1.00,429,backpressure,false,
candidateA_saturation_hard,2026-09-13T18:55:07.819685+08:00,11,false,2.38,-1.00,429,backpressure,false,
candidateA_saturation_hard,2026-09-13T18:55:01.774362+08:00,6,false,6074.24,-1.00,200,,true,
candidateA_saturation_hard,2026-09-13T18:55:07.970694+08:00,11,false,1.50,-1.00,429,backpressure,false,
candidateA_saturation_hard,2026-09-13T18:55:07.971029+08:00,4,false,1.23,-1.00,429,backpressure,false,
candidateA_saturation_hard,2026-09-13T18:55:07.970732+08:00,5,true,1.56,-1.00,429,backpressure,false,
candidateA_saturation_hard,2026-09-13T18:55:07.970959+08:00,10,true,1.34,-1.00,429,backpressure,false,
candidateA_saturation_hard,2026-09-13T18:55:07.970694+08:00,12,true,1.64,-1.00,429,backpressure,false,
candidateA_saturation_hard,2026-09-13T18:55:07.970879+08:00,0,true,1.47,-1.00,429,backpressure,false,
candidateA_saturation_hard,2026-09-13T18:55:08.121824+08:00,10,false,2.79,-1.00,429,backpressure,false,
candidateA_saturation_hard,2026-09-13T18:55:08.121824+08:00,4,false,2.89,-1.00,429,backpressure,false,
candidateA_saturation_hard,2026-09-13T18:55:08.122082+08:00,5,false,2.65,-1.00,429,backpressure,false,
candidateA_saturation_hard,2026-09-13T18:55:08.122903+08:00,0,false,1.90,-1.00,429,backpressure,false,
candidateA_saturation_hard,2026-09-13T18:55:08.121906+08:00,11,false,2.95,-1.00,429,backpressure,false,
candidateA_saturation_hard,2026-09-13T18:55:08.122572+08:00,12,true,2.70,-1.00,429,backpressure,false,
candidateA_saturation_hard,2026-09-13T18:55:08.273058+08:00,0,false,4.19,-1.00,429,backpressure,false,
candidateA_saturation_hard,2026-09-13T18:55:08.273271+08:00,10,true,4.01,-1.00,429,backpressure,false,
candidateA_saturation_hard,2026-09-13T18:55:08.275713+08:00,11,true,1.75,-1.00,429,backpressure,false,
candidateA_saturation_hard,2026-09-13T18:55:08.273511+08:00,5,false,4.01,-1.00,429,backpressure,false,
candidateA_saturation_hard,2026-09-13T18:55:08.273393+08:00,4,true,4.88,-1.00,429,backpressure,false,
candidateA_saturation_hard,2026-09-13T18:55:08.276333+08:00,12,false,2.00,-1.00,429,backpressure,false,
candidateA_saturation_hard,2026-09-13T18:55:08.423783+08:00,4,true,1.11,-1.00,429,backpressure,false,
candidateA_saturation_hard,2026-09-13T18:55:08.423746+08:00,0,true,1.22,-1.00,429,backpressure,false,
candidateA_saturation_hard,2026-09-13T18:55:08.42394+08:00,10,false,1.06,-1.00,429,backpressure,false,
candidateA_saturation_hard,2026-09-13T18:55:08.423741+08:00,5,true,1.27,-1.00,429,backpressure,false,
candidateA_saturation_hard,2026-09-13T18:55:08.425806+08:00,11,false,0.27,-1.00,429,backpressure,false,
candidateA_saturation_hard,2026-09-13T18:55:08.426596+08:00,12,true,0.52,-1.00,429,backpressure,false,
candidateA_saturation_hard,2026-09-13T18:55:08.57572+08:00,5,true,1.78,-1.00,429,backpressure,false,
candidateA_saturation_hard,2026-09-13T18:55:08.575445+08:00,10,false,2.11,-1.00,429,backpressure,false,
candidateA_saturation_hard,2026-09-13T18:55:08.57595+08:00,11,false,1.68,-1.00,429,backpressure,false,
candidateA_saturation_hard,2026-09-13T18:55:08.575531+08:00,0,true,2.17,-1.00,429,backpressure,false,
candidateA_saturation_hard,2026-09-13T18:55:08.575633+08:00,4,true,2.12,-1.00,429,backpressure,false,
candidateA_saturation_hard,2026-09-13T18:55:08.577995+08:00,12,true,0.62,-1.00,429,backpressure,false,
candidateA_saturation_hard,2026-09-13T18:55:02.639467+08:00,3,false,6039.67,-1.00,200,,true,
candidateA_saturation_hard,2026-09-13T18:55:08.726345+08:00,0,false,2.54,-1.00,429,backpressure,false,
candidateA_saturation_hard,2026-09-13T18:55:08.726553+08:00,4,true,3.42,-1.00,429,backpressure,false,
candidateA_saturation_hard,2026-09-13T18:55:08.726324+08:00,11,true,3.69,-1.00,429,backpressure,false,
candidateA_saturation_hard,2026-09-13T18:55:08.726639+08:00,5,true,3.49,-1.00,429,backpressure,false,
candidateA_saturation_hard,2026-09-13T18:55:08.726379+08:00,10,false,3.79,-1.00,429,backpressure,false,
candidateA_saturation_hard,2026-09-13T18:55:08.729705+08:00,12,false,1.10,-1.00,429,backpressure,false,
candidateA_saturation_hard,2026-09-13T18:55:08.876547+08:00,11,false,1.99,-1.00,429,backpressure,false,
candidateA_saturation_hard,2026-09-13T18:55:08.87661+08:00,0,false,1.98,-1.00,429,backpressure,false,
candidateA_saturation_hard,2026-09-13T18:55:08.876535+08:00,10,true,3.83,-1.00,429,backpressure,false,
candidateA_saturation_hard,2026-09-13T18:55:08.876921+08:00,4,true,3.55,-1.00,429,backpressure,false,
candidateA_saturation_hard,2026-09-13T18:55:08.876744+08:00,5,true,3.79,-1.00,429,backpressure,false,
candidateA_saturation_hard,2026-09-13T18:55:08.880116+08:00,12,true,1.85,-1.00,429,backpressure,false,
candidateA_saturation_hard,2026-09-13T18:55:09.027738+08:00,11,true,1.87,-1.00,429,backpressure,false,
candidateA_saturation_hard,2026-09-13T18:55:09.027772+08:00,0,false,1.89,-1.00,429,backpressure,false,
candidateA_saturation_hard,2026-09-13T18:55:09.027897+08:00,10,false,1.85,-1.00,429,backpressure,false,
candidateA_saturation_hard,2026-09-13T18:55:09.027725+08:00,4,false,2.09,-1.00,429,backpressure,false,
candidateA_saturation_hard,2026-09-13T18:55:09.027969+08:00,5,false,1.87,-1.00,429,backpressure,false,
candidateA_saturation_hard,2026-09-13T18:55:09.030176+08:00,12,true,0.33,-1.00,429,backpressure,false,
candidateA_saturation_hard,2026-09-13T18:55:09.179834+08:00,5,true,1.65,-1.00,429,backpressure,false,
candidateA_saturation_hard,2026-09-13T18:55:09.178811+08:00,4,false,2.69,-1.00,429,backpressure,false,
candidateA_saturation_hard,2026-09-13T18:55:09.179098+08:00,10,true,2.43,-1.00,429,backpressure,false,
candidateA_saturation_hard,2026-09-13T18:55:09.179174+08:00,11,true,2.43,-1.00,429,backpressure,false,
candidateA_saturation_hard,2026-09-13T18:55:09.179538+08:00,0,false,3.98,-1.00,429,backpressure,false,
candidateA_saturation_hard,2026-09-13T18:55:09.18086+08:00,12,false,2.66,-1.00,429,backpressure,false,
candidateA_saturation_hard,2026-09-13T18:55:03.30326+08:00,1,true,6017.59,5481.41,200,,true,
candidateA_saturation_hard,2026-09-13T18:55:09.329831+08:00,0,true,1.15,-1.00,429,backpressure,false,
candidateA_saturation_hard,2026-09-13T18:55:09.329962+08:00,4,true,1.31,-1.00,429,backpressure,false,
candidateA_saturation_hard,2026-09-13T18:55:09.329831+08:00,10,true,2.75,-1.00,429,backpressure,false,
candidateA_saturation_hard,2026-09-13T18:55:09.329859+08:00,11,false,2.83,-1.00,429,backpressure,false,
candidateA_saturation_hard,2026-09-13T18:55:09.331475+08:00,12,true,1.81,-1.00,429,backpressure,false,
candidateA_saturation_hard,2026-09-13T18:55:09.331499+08:00,5,false,1.82,-1.00,429,backpressure,false,
candidateA_saturation_hard,2026-09-13T18:55:09.481237+08:00,0,true,1.54,-1.00,429,backpressure,false,
candidateA_saturation_hard,2026-09-13T18:55:09.481621+08:00,12,false,1.22,-1.00,429,backpressure,false,
candidateA_saturation_hard,2026-09-13T18:55:09.481189+08:00,10,false,1.69,-1.00,429,backpressure,false,
candidateA_saturation_hard,2026-09-13T18:55:09.481264+08:00,4,true,1.67,-1.00,429,backpressure,false,
candidateA_saturation_hard,2026-09-13T18:55:09.480907+08:00,11,false,2.00,-1.00,429,backpressure,false,
candidateA_saturation_hard,2026-09-13T18:55:09.481499+08:00,5,false,1.47,-1.00,429,backpressure,false,
candidateA_saturation_hard,2026-09-13T18:55:09.631309+08:00,10,false,1.18,-1.00,429,backpressure,false,
candidateA_saturation_hard,2026-09-13T18:55:09.631138+08:00,11,true,1.56,-1.00,429,backpressure,false,
candidateA_saturation_hard,2026-09-13T18:55:09.631245+08:00,0,true,1.50,-1.00,429,backpressure,false,
candidateA_saturation_hard,2026-09-13T18:55:09.631367+08:00,4,true,1.41,-1.00,429,backpressure,false,
candidateA_saturation_hard,2026-09-13T18:55:09.631535+08:00,5,false,1.33,-1.00,429,backpressure,false,
candidateA_saturation_hard,2026-09-13T18:55:09.63182+08:00,12,false,1.32,-1.00,429,backpressure,false,
candidateA_saturation_hard,2026-09-13T18:55:09.782483+08:00,5,false,1.03,-1.00,429,backpressure,false,
candidateA_saturation_hard,2026-09-13T18:55:09.782273+08:00,10,false,1.30,-1.00,429,backpressure,false,
candidateA_saturation_hard,2026-09-13T18:55:09.782127+08:00,0,true,1.49,-1.00,429,backpressure,false,
candidateA_saturation_hard,2026-09-13T18:55:09.782064+08:00,12,true,1.61,-1.00,429,backpressure,false,
candidateA_saturation_hard,2026-09-13T18:55:09.782064+08:00,4,false,1.64,-1.00,429,backpressure,false,
candidateA_saturation_hard,2026-09-13T18:55:09.78221+08:00,11,false,1.51,-1.00,429,backpressure,false,
candidateA_saturation_hard,2026-09-13T18:55:09.933504+08:00,11,true,1.95,-1.00,429,backpressure,false,
candidateA_saturation_hard,2026-09-13T18:55:09.933152+08:00,0,true,2.67,-1.00,429,backpressure,false,
candidateA_saturation_hard,2026-09-13T18:55:09.933707+08:00,10,false,2.21,-1.00,429,backpressure,false,
candidateA_saturation_hard,2026-09-13T18:55:09.933812+08:00,12,true,2.17,-1.00,429,backpressure,false,
candidateA_saturation_hard,2026-09-13T18:55:09.933368+08:00,5,false,2.68,-1.00,429,backpressure,false,
candidateA_saturation_hard,2026-09-13T18:55:09.933263+08:00,4,false,3.64,-1.00,429,backpressure,false,
candidateA_saturation_hard,2026-09-13T18:55:10.084316+08:00,5,true,1.79,-1.00,429,backpressure,false,
candidateA_saturation_hard,2026-09-13T18:55:10.08421+08:00,12,false,1.98,-1.00,429,backpressure,false,
candidateA_saturation_hard,2026-09-13T18:55:10.084267+08:00,11,true,1.95,-1.00,429,backpressure,false,
candidateA_saturation_hard,2026-09-13T18:55:10.08421+08:00,4,false,2.09,-1.00,429,backpressure,false,
candidateA_saturation_hard,2026-09-13T18:55:10.084244+08:00,0,false,2.26,-1.00,429,backpressure,false,
candidateA_saturation_hard,2026-09-13T18:55:10.084424+08:00,10,true,2.23,-1.00,429,backpressure,false,
candidateA_saturation_hard,2026-09-13T18:55:04.011434+08:00,7,false,6085.97,-1.00,200,,true,
candidateA_saturation_hard,2026-09-13T18:55:10.235395+08:00,0,false,1.51,-1.00,429,backpressure,false,
candidateA_saturation_hard,2026-09-13T18:55:10.23566+08:00,10,true,2.35,-1.00,429,backpressure,false,
candidateA_saturation_hard,2026-09-13T18:55:10.236421+08:00,11,false,1.68,-1.00,429,backpressure,false,
candidateA_saturation_hard,2026-09-13T18:55:10.236263+08:00,4,true,1.89,-1.00,429,backpressure,false,
candidateA_saturation_hard,2026-09-13T18:55:10.23658+08:00,5,true,1.63,-1.00,429,backpressure,false,
candidateA_saturation_hard,2026-09-13T18:55:10.236076+08:00,12,false,2.16,-1.00,429,backpressure,false,
candidateA_saturation_hard,2026-09-13T18:55:10.385714+08:00,0,false,0.81,-1.00,429,backpressure,false,
candidateA_saturation_hard,2026-09-13T18:55:10.385796+08:00,10,false,0.78,-1.00,429,backpressure,false,
candidateA_saturation_hard,2026-09-13T18:55:10.386185+08:00,12,true,0.69,-1.00,429,backpressure,false,
candidateA_saturation_hard,2026-09-13T18:55:10.386675+08:00,4,false,0.59,-1.00,429,backpressure,false,
candidateA_saturation_hard,2026-09-13T18:55:10.386601+08:00,11,false,0.71,-1.00,429,backpressure,false,
candidateA_saturation_hard,2026-09-13T18:55:10.386625+08:00,5,true,0.70,-1.00,429,backpressure,false,
candidateA_saturation_hard,2026-09-13T18:55:10.536846+08:00,0,false,1.32,-1.00,429,backpressure,false,
candidateA_saturation_hard,2026-09-13T18:55:10.536892+08:00,11,false,1.37,-1.00,429,backpressure,false,
candidateA_saturation_hard,2026-09-13T18:55:10.536847+08:00,4,true,1.51,-1.00,429,backpressure,false,
candidateA_saturation_hard,2026-09-13T18:55:10.536975+08:00,10,true,1.43,-1.00,429,backpressure,false,
candidateA_saturation_hard,2026-09-13T18:55:10.537029+08:00,5,true,1.63,-1.00,429,backpressure,false,
candidateA_saturation_hard,2026-09-13T18:55:10.53736+08:00,12,false,1.51,-1.00,429,backpressure,false,
candidateA_saturation_hard,2026-09-13T18:55:04.88231+08:00,9,true,5777.14,5320.87,200,,true,
candidateA_saturation_hard,2026-09-13T18:55:10.687946+08:00,11,true,1.39,-1.00,429,backpressure,false,
candidateA_saturation_hard,2026-09-13T18:55:10.687973+08:00,4,false,1.42,-1.00,429,backpressure,false,
candidateA_saturation_hard,2026-09-13T18:55:10.688373+08:00,5,false,1.14,-1.00,429,backpressure,false,
candidateA_saturation_hard,2026-09-13T18:55:10.687912+08:00,12,false,1.72,-1.00,429,backpressure,false,
candidateA_saturation_hard,2026-09-13T18:55:10.687914+08:00,0,false,1.92,-1.00,429,backpressure,false,
candidateA_saturation_hard,2026-09-13T18:55:10.688065+08:00,10,false,1.79,-1.00,429,backpressure,false,
candidateA_saturation_hard,2026-09-13T18:55:10.838975+08:00,0,false,4.28,-1.00,429,backpressure,false,
candidateA_saturation_hard,2026-09-13T18:55:10.839272+08:00,10,false,4.11,-1.00,429,backpressure,false,
candidateA_saturation_hard,2026-09-13T18:55:10.839043+08:00,4,true,4.48,-1.00,429,backpressure,false,
candidateA_saturation_hard,2026-09-13T18:55:10.838976+08:00,5,true,4.59,-1.00,429,backpressure,false,
candidateA_saturation_hard,2026-09-13T18:55:10.839012+08:00,12,false,4.67,-1.00,429,backpressure,false,
candidateA_saturation_hard,2026-09-13T18:55:10.839168+08:00,11,true,5.16,-1.00,429,backpressure,false,
candidateA_saturation_hard,2026-09-13T18:55:10.989667+08:00,0,false,1.41,-1.00,429,backpressure,false,
candidateA_saturation_hard,2026-09-13T18:55:10.989593+08:00,12,true,1.54,-1.00,429,backpressure,false,
candidateA_saturation_hard,2026-09-13T18:55:10.989913+08:00,5,false,1.34,-1.00,429,backpressure,false,
candidateA_saturation_hard,2026-09-13T18:55:10.989731+08:00,4,true,1.58,-1.00,429,backpressure,false,
candidateA_saturation_hard,2026-09-13T18:55:10.990031+08:00,11,false,1.32,-1.00,429,backpressure,false,
candidateA_saturation_hard,2026-09-13T18:55:10.989514+08:00,10,false,1.85,-1.00,429,backpressure,false,
candidateA_saturation_hard,2026-09-13T18:55:11.142653+08:00,0,true,1.28,-1.00,429,backpressure,false,
candidateA_saturation_hard,2026-09-13T18:55:11.142733+08:00,4,false,1.29,-1.00,429,backpressure,false,
candidateA_saturation_hard,2026-09-13T18:55:11.142552+08:00,12,true,1.71,-1.00,429,backpressure,false,
candidateA_saturation_hard,2026-09-13T18:55:11.140649+08:00,11,true,3.72,-1.00,429,backpressure,false,
candidateA_saturation_hard,2026-09-13T18:55:11.142902+08:00,5,true,1.53,-1.00,429,backpressure,false,
candidateA_saturation_hard,2026-09-13T18:55:11.143118+08:00,10,true,1.81,-1.00,429,backpressure,false,
candidateA_saturation_hard,2026-09-13T18:55:11.291465+08:00,11,false,0.94,-1.00,429,backpressure,false,
candidateA_saturation_hard,2026-09-13T18:55:11.292585+08:00,12,false,0.66,-1.00,429,backpressure,false,
candidateA_saturation_hard,2026-09-13T18:55:11.292751+08:00,4,false,1.54,-1.00,429,backpressure,false,
candidateA_saturation_hard,2026-09-13T18:55:11.293295+08:00,10,true,1.00,-1.00,429,backpressure,false,
candidateA_saturation_hard,2026-09-13T18:55:11.292997+08:00,5,false,1.36,-1.00,429,backpressure,false,
candidateA_saturation_hard,2026-09-13T18:55:11.292673+08:00,0,true,1.72,-1.00,429,backpressure,false,
candidateA_saturation_hard,2026-09-13T18:55:11.443289+08:00,4,true,1.94,-1.00,429,backpressure,false,
candidateA_saturation_hard,2026-09-13T18:55:11.443095+08:00,5,true,2.22,-1.00,429,backpressure,false,
candidateA_saturation_hard,2026-09-13T18:55:11.443692+08:00,0,false,1.71,-1.00,429,backpressure,false,
candidateA_saturation_hard,2026-09-13T18:55:11.442978+08:00,11,true,2.44,-1.00,429,backpressure,false,
candidateA_saturation_hard,2026-09-13T18:55:11.443548+08:00,12,true,2.48,-1.00,429,backpressure,false,
candidateA_saturation_hard,2026-09-13T18:55:11.443322+08:00,10,false,2.77,-1.00,429,backpressure,false,
candidateA_saturation_hard,2026-09-13T18:55:05.723487+08:00,8,false,5766.99,-1.00,200,,true,
candidateA_saturation_hard,2026-09-13T18:55:11.594585+08:00,5,false,1.90,-1.00,429,backpressure,false,
candidateA_saturation_hard,2026-09-13T18:55:11.59485+08:00,0,false,1.69,-1.00,429,backpressure,false,
candidateA_saturation_hard,2026-09-13T18:55:11.594157+08:00,4,false,2.44,-1.00,429,backpressure,false,
candidateA_saturation_hard,2026-09-13T18:55:11.594213+08:00,10,true,2.41,-1.00,429,backpressure,false,
candidateA_saturation_hard,2026-09-13T18:55:11.594157+08:00,12,false,2.50,-1.00,429,backpressure,false,
candidateA_saturation_hard,2026-09-13T18:55:11.594879+08:00,11,false,1.84,-1.00,429,backpressure,false,
candidateA_saturation_hard,2026-09-13T18:55:11.746152+08:00,0,true,2.07,-1.00,429,backpressure,false,
candidateA_saturation_hard,2026-09-13T18:55:11.746541+08:00,12,true,1.72,-1.00,429,backpressure,false,
candidateA_saturation_hard,2026-09-13T18:55:11.746534+08:00,5,false,1.78,-1.00,429,backpressure,false,
candidateA_saturation_hard,2026-09-13T18:55:11.74636+08:00,4,false,1.99,-1.00,429,backpressure,false,
candidateA_saturation_hard,2026-09-13T18:55:11.746848+08:00,10,false,1.54,-1.00,429,backpressure,false,
candidateA_saturation_hard,2026-09-13T18:55:11.747051+08:00,11,true,1.54,-1.00,429,backpressure,false,
candidateA_saturation_hard,2026-09-13T18:55:11.897281+08:00,11,false,4.61,-1.00,429,backpressure,false,
candidateA_saturation_hard,2026-09-13T18:55:11.897332+08:00,0,false,4.71,-1.00,429,backpressure,false,
candidateA_saturation_hard,2026-09-13T18:55:11.897506+08:00,4,false,4.60,-1.00,429,backpressure,false,
candidateA_saturation_hard,2026-09-13T18:55:11.897295+08:00,12,false,4.83,-1.00,429,backpressure,false,
candidateA_saturation_hard,2026-09-13T18:55:11.897411+08:00,5,false,5.16,-1.00,429,backpressure,false,
candidateA_saturation_hard,2026-09-13T18:55:11.897692+08:00,10,true,4.92,-1.00,429,backpressure,false,
candidateA_saturation_hard,2026-09-13T18:55:12.048495+08:00,10,false,1.94,-1.00,429,backpressure,false,
candidateA_saturation_hard,2026-09-13T18:55:12.048816+08:00,0,false,1.67,-1.00,429,backpressure,false,
candidateA_saturation_hard,2026-09-13T18:55:12.048684+08:00,5,true,1.87,-1.00,429,backpressure,false,
candidateA_saturation_hard,2026-09-13T18:55:12.04875+08:00,4,false,1.85,-1.00,429,backpressure,false,
candidateA_saturation_hard,2026-09-13T18:55:12.049202+08:00,12,true,1.73,-1.00,429,backpressure,false,
candidateA_saturation_hard,2026-09-13T18:55:12.049118+08:00,11,false,1.86,-1.00,429,backpressure,false,
candidateA_saturation_hard,2026-09-13T18:55:12.198892+08:00,0,false,2.17,-1.00,429,backpressure,false,
candidateA_saturation_hard,2026-09-13T18:55:12.199244+08:00,11,false,1.99,-1.00,429,backpressure,false,
candidateA_saturation_hard,2026-09-13T18:55:12.198756+08:00,5,true,2.85,-1.00,429,backpressure,false,
candidateA_saturation_hard,2026-09-13T18:55:12.198754+08:00,10,false,2.91,-1.00,429,backpressure,false,
candidateA_saturation_hard,2026-09-13T18:55:12.199419+08:00,12,false,2.89,-1.00,429,backpressure,false,
candidateA_saturation_hard,2026-09-13T18:55:12.198941+08:00,4,true,3.38,-1.00,429,backpressure,false,
candidateA_saturation_hard,2026-09-13T18:55:06.479164+08:00,2,true,5865.25,5118.49,200,,true,
candidateA_saturation_hard,2026-09-13T18:55:12.349045+08:00,0,false,1.35,-1.00,429,backpressure,false,
candidateA_saturation_hard,2026-09-13T18:55:12.349355+08:00,11,false,1.07,-1.00,429,backpressure,false,
candidateA_saturation_hard,2026-09-13T18:55:12.349283+08:00,5,false,1.19,-1.00,429,backpressure,false,
candidateA_saturation_hard,2026-09-13T18:55:12.348982+08:00,10,false,1.52,-1.00,429,backpressure,false,
candidateA_saturation_hard,2026-09-13T18:55:12.349492+08:00,12,false,1.21,-1.00,429,backpressure,false,
candidateA_saturation_hard,2026-09-13T18:55:12.348985+08:00,4,false,1.81,-1.00,429,backpressure,false,
candidateA_saturation_hard,2026-09-13T18:55:12.500229+08:00,5,false,2.01,-1.00,429,backpressure,false,
candidateA_saturation_hard,2026-09-13T18:55:12.500604+08:00,4,true,1.69,-1.00,429,backpressure,false,
candidateA_saturation_hard,2026-09-13T18:55:12.500075+08:00,0,true,2.26,-1.00,429,backpressure,false,
candidateA_saturation_hard,2026-09-13T18:55:12.500296+08:00,10,false,2.06,-1.00,429,backpressure,false,
candidateA_saturation_hard,2026-09-13T18:55:12.500501+08:00,12,false,1.88,-1.00,429,backpressure,false,
candidateA_saturation_hard,2026-09-13T18:55:12.50006+08:00,11,false,2.38,-1.00,429,backpressure,false,
candidateA_saturation_hard,2026-09-13T18:55:12.652107+08:00,11,false,0.98,-1.00,429,backpressure,false,
candidateA_saturation_hard,2026-09-13T18:55:12.651397+08:00,0,false,1.70,-1.00,429,backpressure,false,
candidateA_saturation_hard,2026-09-13T18:55:12.651453+08:00,5,true,1.71,-1.00,429,backpressure,false,
candidateA_saturation_hard,2026-09-13T18:55:12.651728+08:00,12,true,1.44,-1.00,429,backpressure,false,
candidateA_saturation_hard,2026-09-13T18:55:12.651205+08:00,4,false,2.00,-1.00,429,backpressure,false,
candidateA_saturation_hard,2026-09-13T18:55:12.651994+08:00,10,true,1.23,-1.00,429,backpressure,false,
candidateA_saturation_hard,2026-09-13T18:55:12.802852+08:00,0,false,1.72,-1.00,429,backpressure,false,
candidateA_saturation_hard,2026-09-13T18:55:12.802487+08:00,4,false,2.13,-1.00,429,backpressure,false,
candidateA_saturation_hard,2026-09-13T18:55:12.802282+08:00,11,true,2.40,-1.00,429,backpressure,false,
candidateA_saturation_hard,2026-09-13T18:55:12.802562+08:00,5,true,2.17,-1.00,429,backpressure,false,
candidateA_saturation_hard,2026-09-13T18:55:12.802664+08:00,12,false,2.27,-1.00,429,backpressure,false,
candidateA_saturation_hard,2026-09-13T18:55:12.803123+08:00,10,true,1.84,-1.00,429,backpressure,false,
candidateA_saturation_hard,2026-09-13T18:55:12.953335+08:00,0,true,1.54,-1.00,429,backpressure,false,
candidateA_saturation_hard,2026-09-13T18:55:12.953378+08:00,11,false,1.56,-1.00,429,backpressure,false,
candidateA_saturation_hard,2026-09-13T18:55:12.953354+08:00,12,false,1.64,-1.00,429,backpressure,false,
candidateA_saturation_hard,2026-09-13T18:55:12.953897+08:00,10,false,1.15,-1.00,429,backpressure,false,
candidateA_saturation_hard,2026-09-13T18:55:12.9537+08:00,4,false,1.37,-1.00,429,backpressure,false,
candidateA_saturation_hard,2026-09-13T18:55:12.953455+08:00,5,false,1.63,-1.00,429,backpressure,false,
candidateA_saturation_hard,2026-09-13T18:55:13.104457+08:00,0,false,3.96,-1.00,429,backpressure,false,
candidateA_saturation_hard,2026-09-13T18:55:13.104726+08:00,5,false,3.73,-1.00,429,backpressure,false,
candidateA_saturation_hard,2026-09-13T18:55:13.104425+08:00,12,false,4.07,-1.00,429,backpressure,false,
candidateA_saturation_hard,2026-09-13T18:55:13.1044+08:00,10,false,4.15,-1.00,429,backpressure,false,
candidateA_saturation_hard,2026-09-13T18:55:13.104627+08:00,11,false,3.97,-1.00,429,backpressure,false,
candidateA_saturation_hard,2026-09-13T18:55:13.104752+08:00,4,true,4.57,-1.00,429,backpressure,false,
candidateA_saturation_hard,2026-09-13T18:55:07.184592+08:00,13,false,5961.22,-1.00,200,,true,
candidateA_saturation_hard,2026-09-13T18:55:13.2547+08:00,10,true,2.69,-1.00,429,backpressure,false,
candidateA_saturation_hard,2026-09-13T18:55:13.254698+08:00,11,false,2.74,-1.00,429,backpressure,false,
candidateA_saturation_hard,2026-09-13T18:55:13.254752+08:00,5,true,2.81,-1.00,429,backpressure,false,
candidateA_saturation_hard,2026-09-13T18:55:13.254779+08:00,4,false,2.85,-1.00,429,backpressure,false,
candidateA_saturation_hard,2026-09-13T18:55:13.255056+08:00,12,true,2.59,-1.00,429,backpressure,false,
candidateA_saturation_hard,2026-09-13T18:55:13.255248+08:00,0,false,2.44,-1.00,429,backpressure,false,
candidateA_saturation_hard,2026-09-13T18:55:13.4059+08:00,12,true,3.77,-1.00,429,backpressure,false,
candidateA_saturation_hard,2026-09-13T18:55:13.406219+08:00,11,false,3.48,-1.00,429,backpressure,false,
candidateA_saturation_hard,2026-09-13T18:55:13.406013+08:00,10,false,3.82,-1.00,429,backpressure,false,
candidateA_saturation_hard,2026-09-13T18:55:13.406429+08:00,4,false,3.43,-1.00,429,backpressure,false,
candidateA_saturation_hard,2026-09-13T18:55:13.408735+08:00,0,false,1.52,-1.00,429,backpressure,false,
candidateA_saturation_hard,2026-09-13T18:55:13.406106+08:00,5,true,4.17,-1.00,429,backpressure,false,
candidateA_saturation_hard,2026-09-13T18:55:13.556436+08:00,4,false,1.79,-1.00,429,backpressure,false,
candidateA_saturation_hard,2026-09-13T18:55:13.556704+08:00,5,false,1.54,-1.00,429,backpressure,false,
candidateA_saturation_hard,2026-09-13T18:55:13.556293+08:00,12,false,2.00,-1.00,429,backpressure,false,
candidateA_saturation_hard,2026-09-13T18:55:13.556248+08:00,10,true,2.10,-1.00,429,backpressure,false,
candidateA_saturation_hard,2026-09-13T18:55:13.556254+08:00,11,true,2.10,-1.00,429,backpressure,false,
candidateA_saturation_hard,2026-09-13T18:55:13.558797+08:00,0,false,0.33,-1.00,429,backpressure,false,
candidateA_saturation_hard,2026-09-13T18:55:13.709382+08:00,10,false,1.43,-1.00,429,backpressure,false,
candidateA_saturation_hard,2026-09-13T18:55:13.70903+08:00,5,false,1.88,-1.00,429,backpressure,false,
candidateA_saturation_hard,2026-09-13T18:55:13.709072+08:00,0,false,1.91,-1.00,429,backpressure,false,
candidateA_saturation_hard,2026-09-13T18:55:13.709466+08:00,12,true,1.58,-1.00,429,backpressure,false,
candidateA_saturation_hard,2026-09-13T18:55:13.708419+08:00,11,false,2.68,-1.00,429,backpressure,false,
candidateA_saturation_hard,2026-09-13T18:55:13.709129+08:00,4,false,2.03,-1.00,429,backpressure,false,
candidateA_saturation_hard,2026-09-13T18:55:07.848819+08:00,6,true,5946.71,5405.77,200,,true,
candidateA_saturation_hard,2026-09-13T18:55:13.858389+08:00,5,true,1.84,-1.00,429,backpressure,false,
candidateA_saturation_hard,2026-09-13T18:55:13.859084+08:00,0,true,3.95,-1.00,429,backpressure,false,
candidateA_saturation_hard,2026-09-13T18:55:13.858389+08:00,11,false,4.67,-1.00,429,backpressure,false,
candidateA_saturation_hard,2026-09-13T18:55:13.859536+08:00,12,false,3.83,-1.00,429,backpressure,false,
candidateA_saturation_hard,2026-09-13T18:55:13.859827+08:00,10,false,3.67,-1.00,429,backpressure,false,
candidateA_saturation_hard,2026-09-13T18:55:13.859152+08:00,4,true,4.37,-1.00,429,backpressure,false,
candidateA_saturation_hard,2026-09-13T18:55:14.009457+08:00,4,false,5.39,-1.00,429,backpressure,false,
candidateA_saturation_hard,2026-09-13T18:55:14.012161+08:00,12,false,2.74,-1.00,429,backpressure,false,
candidateA_saturation_hard,2026-09-13T18:55:14.009875+08:00,10,false,5.03,-1.00,429,backpressure,false,
candidateA_saturation_hard,2026-09-13T18:55:14.012547+08:00,5,true,2.37,-1.00,429,backpressure,false,
candidateA_saturation_hard,2026-09-13T18:55:14.009985+08:00,0,false,4.94,-1.00,429,backpressure,false,
candidateA_saturation_hard,2026-09-13T18:55:14.010024+08:00,11,false,5.05,-1.00,429,backpressure,false,
candidateA_saturation_hard,2026-09-13T18:55:14.161219+08:00,10,true,1.12,-1.00,429,backpressure,false,
candidateA_saturation_hard,2026-09-13T18:55:14.160602+08:00,11,true,1.73,-1.00,429,backpressure,false,
candidateA_saturation_hard,2026-09-13T18:55:14.161352+08:00,4,false,1.54,-1.00,429,backpressure,false,
candidateA_saturation_hard,2026-09-13T18:55:14.162421+08:00,12,false,0.75,-1.00,429,backpressure,false,
candidateA_saturation_hard,2026-09-13T18:55:14.161784+08:00,0,true,1.41,-1.00,429,backpressure,false,
candidateA_saturation_hard,2026-09-13T18:55:14.163043+08:00,5,false,0.53,-1.00,429,backpressure,false,
candidateA_saturation_hard,2026-09-13T18:55:14.310949+08:00,11,true,1.04,-1.00,429,backpressure,false,
candidateA_saturation_hard,2026-09-13T18:55:14.311874+08:00,0,false,2.10,-1.00,429,backpressure,false,
candidateA_saturation_hard,2026-09-13T18:55:14.312106+08:00,4,false,2.01,-1.00,429,backpressure,false,
candidateA_saturation_hard,2026-09-13T18:55:14.314106+08:00,12,true,1.23,-1.00,429,backpressure,false,
candidateA_saturation_hard,2026-09-13T18:55:14.313424+08:00,5,true,2.28,-1.00,429,backpressure,false,
candidateA_saturation_hard,2026-09-13T18:55:14.312175+08:00,10,false,3.73,-1.00,429,backpressure,false,
candidateA_saturation_hard,2026-09-13T18:55:14.461121+08:00,11,false,0.84,-1.00,429,backpressure,false,
candidateA_saturation_hard,2026-09-13T18:55:14.46197+08:00,0,true,0.46,-1.00,429,backpressure,false,
candidateA_saturation_hard,2026-09-13T18:55:14.462194+08:00,10,true,0.67,-1.00,429,backpressure,false,
candidateA_saturation_hard,2026-09-13T18:55:14.462166+08:00,4,false,0.72,-1.00,429,backpressure,false,
candidateA_saturation_hard,2026-09-13T18:55:14.46352+08:00,5,false,0.27,-1.00,429,backpressure,false,
candidateA_saturation_hard,2026-09-13T18:55:14.464189+08:00,12,false,0.23,-1.00,429,backpressure,false,
candidateA_saturation_hard,2026-09-13T18:55:08.679356+08:00,3,true,5905.12,5222.91,200,,true,
candidateA_saturation_hard,2026-09-13T18:55:14.612193+08:00,11,false,1.68,-1.00,429,backpressure,false,
candidateA_saturation_hard,2026-09-13T18:55:14.613645+08:00,5,false,1.82,-1.00,429,backpressure,false,
candidateA_saturation_hard,2026-09-13T18:55:14.613826+08:00,0,false,1.78,-1.00,429,backpressure,false,
candidateA_saturation_hard,2026-09-13T18:55:14.613527+08:00,4,true,2.10,-1.00,429,backpressure,false,
candidateA_saturation_hard,2026-09-13T18:55:14.612416+08:00,10,false,3.25,-1.00,429,backpressure,false,
candidateA_saturation_hard,2026-09-13T18:55:14.615343+08:00,12,false,0.68,-1.00,429,backpressure,false,
candidateA_saturation_hard,2026-09-13T18:55:14.763606+08:00,5,true,2.24,-1.00,429,backpressure,false,
candidateA_saturation_hard,2026-09-13T18:55:14.763535+08:00,4,false,2.41,-1.00,429,backpressure,false,
candidateA_saturation_hard,2026-09-13T18:55:14.763349+08:00,11,true,2.62,-1.00,429,backpressure,false,
candidateA_saturation_hard,2026-09-13T18:55:14.763335+08:00,10,false,2.73,-1.00,429,backpressure,false,
candidateA_saturation_hard,2026-09-13T18:55:14.763859+08:00,0,false,2.24,-1.00,429,backpressure,false,
candidateA_saturation_hard,2026-09-13T18:55:14.765526+08:00,12,false,0.94,-1.00,429,backpressure,false,
candidateA_saturation_hard,2026-09-13T18:55:14.914846+08:00,5,true,1.79,-1.00,429,backpressure,false,
candidateA_saturation_hard,2026-09-13T18:55:14.914692+08:00,4,false,1.99,-1.00,429,backpressure,false,
candidateA_saturation_hard,2026-09-13T18:55:14.916467+08:00,12,true,0.83,-1.00,429,backpressure,false,
candidateA_saturation_hard,2026-09-13T18:55:14.914428+08:00,11,true,2.92,-1.00,429,backpressure,false,
candidateA_saturation_hard,2026-09-13T18:55:14.915092+08:00,10,true,2.31,-1.00,429,backpressure,false,
candidateA_saturation_hard,2026-09-13T18:55:14.914428+08:00,0,false,3.00,-1.00,429,backpressure,false,
candidateA_saturation_hard,2026-09-13T18:55:15.065254+08:00,10,false,2.38,-1.00,429,backpressure,false,
candidateA_saturation_hard,2026-09-13T18:55:15.065699+08:00,4,true,1.99,-1.00,429,backpressure,false,
candidateA_saturation_hard,2026-09-13T18:55:15.065295+08:00,0,true,2.46,-1.00,429,backpressure,false,
candidateA_saturation_hard,2026-09-13T18:55:15.066164+08:00,12,false,1.65,-1.00,429,backpressure,false,
candidateA_saturation_hard,2026-09-13T18:55:15.065427+08:00,11,true,2.49,-1.00,429,backpressure,false,
candidateA_saturation_hard,2026-09-13T18:55:15.065255+08:00,5,false,2.73,-1.00,429,backpressure,false,
candidateA_saturation_hard,2026-09-13T18:55:15.216817+08:00,4,true,1.03,-1.00,429,backpressure,false,
candidateA_saturation_hard,2026-09-13T18:55:15.21675+08:00,11,true,1.13,-1.00,429,backpressure,false,
candidateA_saturation_hard,2026-09-13T18:55:15.216538+08:00,0,false,1.40,-1.00,429,backpressure,false,
candidateA_saturation_hard,2026-09-13T18:55:15.216439+08:00,10,true,1.55,-1.00,429,backpressure,false,
candidateA_saturation_hard,2026-09-13T18:55:15.216394+08:00,5,false,1.62,-1.00,429,backpressure,false,
candidateA_saturation_hard,2026-09-13T18:55:15.216407+08:00,12,true,1.69,-1.00,429,backpressure,false,
candidateA_saturation_hard,2026-09-13T18:55:09.321072+08:00,1,true,5980.01,5371.19,200,,true,
candidateA_saturation_hard,2026-09-13T18:55:15.367511+08:00,4,true,2.18,-1.00,429,backpressure,false,
candidateA_saturation_hard,2026-09-13T18:55:15.367516+08:00,10,false,2.28,-1.00,429,backpressure,false,
candidateA_saturation_hard,2026-09-13T18:55:15.36791+08:00,12,false,1.89,-1.00,429,backpressure,false,
candidateA_saturation_hard,2026-09-13T18:55:15.36768+08:00,5,true,2.24,-1.00,429,backpressure,false,
candidateA_saturation_hard,2026-09-13T18:55:15.367563+08:00,0,false,3.31,-1.00,429,backpressure,false,
candidateA_saturation_hard,2026-09-13T18:55:15.368254+08:00,11,false,2.64,-1.00,429,backpressure,false,
candidateA_saturation_hard,2026-09-13T18:55:15.519081+08:00,12,false,1.84,-1.00,429,backpressure,false,
candidateA_saturation_hard,2026-09-13T18:55:15.518566+08:00,0,true,2.36,-1.00,429,backpressure,false,
candidateA_saturation_hard,2026-09-13T18:55:15.518605+08:00,4,false,2.37,-1.00,429,backpressure,false,
candidateA_saturation_hard,2026-09-13T18:55:15.519264+08:00,5,true,1.75,-1.00,429,backpressure,false,
candidateA_saturation_hard,2026-09-13T18:55:15.51897+08:00,10,true,2.06,-1.00,429,backpressure,false,
candidateA_saturation_hard,2026-09-13T18:55:15.518566+08:00,11,true,2.49,-1.00,429,backpressure,false,
candidateA_saturation_hard,2026-09-13T18:55:15.66986+08:00,4,false,1.89,-1.00,429,backpressure,false,
candidateA_saturation_hard,2026-09-13T18:55:15.669384+08:00,10,true,2.42,-1.00,429,backpressure,false,
candidateA_saturation_hard,2026-09-13T18:55:15.66958+08:00,11,false,2.29,-1.00,429,backpressure,false,
candidateA_saturation_hard,2026-09-13T18:55:15.669642+08:00,0,false,2.27,-1.00,429,backpressure,false,
candidateA_saturation_hard,2026-09-13T18:55:15.669475+08:00,5,false,2.50,-1.00,429,backpressure,false,
candidateA_saturation_hard,2026-09-13T18:55:15.670114+08:00,12,false,1.91,-1.00,429,backpressure,false,
candidateA_saturation_hard,2026-09-13T18:55:15.820467+08:00,4,false,1.67,-1.00,429,backpressure,false,
candidateA_saturation_hard,2026-09-13T18:55:15.820512+08:00,5,false,1.63,-1.00,429,backpressure,false,
candidateA_saturation_hard,2026-09-13T18:55:15.82066+08:00,10,false,1.54,-1.00,429,backpressure,false,
candidateA_saturation_hard,2026-09-13T18:55:15.820613+08:00,11,false,1.66,-1.00,429,backpressure,false,
candidateA_saturation_hard,2026-09-13T18:55:15.821374+08:00,12,true,1.33,-1.00,429,backpressure,false,
candidateA_saturation_hard,2026-09-13T18:55:15.820897+08:00,0,true,1.82,-1.00,429,backpressure,false,
candidateA_saturation_hard,2026-09-13T18:55:15.971768+08:00,10,false,5.43,-1.00,429,backpressure,false,
candidateA_saturation_hard,2026-09-13T18:55:15.971705+08:00,4,false,5.57,-1.00,429,backpressure,false,
candidateA_saturation_hard,2026-09-13T18:55:15.971558+08:00,0,false,5.91,-1.00,429,backpressure,false,
candidateA_saturation_hard,2026-09-13T18:55:15.971967+08:00,5,false,5.57,-1.00,429,backpressure,false,
candidateA_saturation_hard,2026-09-13T18:55:15.971621+08:00,11,true,6.49,-1.00,429,backpressure,false,
candidateA_saturation_hard,2026-09-13T18:55:15.971541+08:00,12,true,6.66,-1.00,429,backpressure,false,
candidateA_saturation_hard,2026-09-13T18:55:10.097618+08:00,7,false,5968.12,-1.00,200,,true,
candidateA_saturation_hard,2026-09-13T18:55:16.122875+08:00,4,true,2.16,-1.00,429,backpressure,false,
candidateA_saturation_hard,2026-09-13T18:55:16.123897+08:00,12,true,1.18,-1.00,429,backpressure,false,
candidateA_saturation_hard,2026-09-13T18:55:16.123099+08:00,10,false,2.03,-1.00,429,backpressure,false,
candidateA_saturation_hard,2026-09-13T18:55:16.12365+08:00,11,false,1.52,-1.00,429,backpressure,false,
candidateA_saturation_hard,2026-09-13T18:55:16.122316+08:00,5,true,3.19,-1.00,429,backpressure,false,
candidateA_saturation_hard,2026-09-13T18:55:16.122507+08:00,0,false,3.03,-1.00,429,backpressure,false,
candidateA_saturation_hard,2026-09-13T18:55:16.275246+08:00,11,true,1.48,-1.00,429,backpressure,false,
candidateA_saturation_hard,2026-09-13T18:55:16.273081+08:00,0,true,3.72,-1.00,429,backpressure,false,
candidateA_saturation_hard,2026-09-13T18:55:16.274793+08:00,12,false,2.05,-1.00,429,backpressure,false,
candidateA_saturation_hard,2026-09-13T18:55:16.275011+08:00,4,true,1.85,-1.00,429,backpressure,false,
candidateA_saturation_hard,2026-09-13T18:55:16.27302+08:00,5,false,3.87,-1.00,429,backpressure,false,
candidateA_saturation_hard,2026-09-13T18:55:16.275112+08:00,10,false,1.82,-1.00,429,backpressure,false,
candidateA_saturation_hard,2026-09-13T18:55:16.424164+08:00,0,true,0.87,-1.00,429,backpressure,false,
candidateA_saturation_hard,2026-09-13T18:55:16.424167+08:00,5,false,0.93,-1.00,429,backpressure,false,
candidateA_saturation_hard,2026-09-13T18:55:16.424734+08:00,12,false,0.75,-1.00,429,backpressure,false,
candidateA_saturation_hard,2026-09-13T18:55:16.425168+08:00,4,false,0.46,-1.00,429,backpressure,false,
candidateA_saturation_hard,2026-09-13T18:55:16.425127+08:00,10,false,0.51,-1.00,429,backpressure,false,
candidateA_saturation_hard,2026-09-13T18:55:16.425549+08:00,11,false,0.31,-1.00,429,backpressure,false,
candidateA_saturation_hard,2026-09-13T18:55:16.575746+08:00,4,false,1.83,-1.00,429,backpressure,false,
candidateA_saturation_hard,2026-09-13T18:55:16.57564+08:00,11,true,2.20,-1.00,429,backpressure,false,
candidateA_saturation_hard,2026-09-13T18:55:16.575936+08:00,10,true,2.00,-1.00,429,backpressure,false,
candidateA_saturation_hard,2026-09-13T18:55:16.57529+08:00,0,false,2.73,-1.00,429,backpressure,false,
candidateA_saturation_hard,2026-09-13T18:55:16.576087+08:00,5,false,2.00,-1.00,429,backpressure,false,
candidateA_saturation_hard,2026-09-13T18:55:16.576194+08:00,12,false,2.31,-1.00,429,backpressure,false,
candidateA_saturation_hard,2026-09-13T18:55:10.65966+08:00,9,true,5922.54,5513.50,200,,true,
candidateA_saturation_hard,2026-09-13T18:55:16.726107+08:00,5,false,2.46,-1.00,429,backpressure,false,
candidateA_saturation_hard,2026-09-13T18:55:16.726499+08:00,4,false,2.11,-1.00,429,backpressure,false,
candidateA_saturation_hard,2026-09-13T18:55:16.726035+08:00,10,false,2.64,-1.00,429,backpressure,false,
candidateA_saturation_hard,2026-09-13T18:55:16.726727+08:00,12,false,1.99,-1.00,429,backpressure,false,
candidateA_saturation_hard,2026-09-13T18:55:16.726126+08:00,0,true,2.65,-1.00,429,backpressure,false,
candidateA_saturation_hard,2026-09-13T18:55:16.726092+08:00,11,false,2.75,-1.00,429,backpressure,false,
candidateA_saturation_hard,2026-09-13T18:55:16.8766+08:00,5,false,3.52,-1.00,429,backpressure,false,
candidateA_saturation_hard,2026-09-13T18:55:16.876587+08:00,4,false,3.68,-1.00,429,backpressure,false,
candidateA_saturation_hard,2026-09-13T18:55:16.876639+08:00,0,false,3.65,-1.00,429,backpressure,false,
candidateA_saturation_hard,2026-09-13T18:55:16.87684+08:00,12,false,3.52,-1.00,429,backpressure,false,
candidateA_saturation_hard,2026-09-13T18:55:16.87722+08:00,11,false,3.34,-1.00,429,backpressure,false,
candidateA_saturation_hard,2026-09-13T18:55:16.876769+08:00,10,false,4.75,-1.00,429,backpressure,false,
candidateA_saturation_hard,2026-09-13T18:55:17.027505+08:00,5,false,1.43,-1.00,429,backpressure,false,
candidateA_saturation_hard,2026-09-13T18:55:17.027255+08:00,10,true,1.71,-1.00,429,backpressure,false,
candidateA_saturation_hard,2026-09-13T18:55:17.02762+08:00,11,false,1.39,-1.00,429,backpressure,false,
candidateA_saturation_hard,2026-09-13T18:55:17.027617+08:00,4,false,1.42,-1.00,429,backpressure,false,
candidateA_saturation_hard,2026-09-13T18:55:17.027893+08:00,12,false,1.18,-1.00,429,backpressure,false,
candidateA_saturation_hard,2026-09-13T18:55:17.027821+08:00,0,false,1.29,-1.00,429,backpressure,false,
candidateA_saturation_hard,2026-09-13T18:55:17.177949+08:00,12,false,4.05,-1.00,429,backpressure,false,
candidateA_saturation_hard,2026-09-13T18:55:17.178527+08:00,11,true,3.60,-1.00,429,backpressure,false,
candidateA_saturation_hard,2026-09-13T18:55:17.178393+08:00,5,true,4.15,-1.00,429,backpressure,false,
candidateA_saturation_hard,2026-09-13T18:55:17.178651+08:00,0,false,3.92,-1.00,429,backpressure,false,
candidateA_saturation_hard,2026-09-13T18:55:17.177703+08:00,4,false,4.96,-1.00,429,backpressure,false,
candidateA_saturation_hard,2026-09-13T18:55:17.178027+08:00,10,false,5.53,-1.00,429,backpressure,false,
candidateA_saturation_hard,2026-09-13T18:55:11.490713+08:00,8,true,5751.91,5197.20,200,,true,
candidateA_saturation_hard,2026-09-13T18:55:17.328821+08:00,10,true,3.65,-1.00,429,backpressure,false,
candidateA_saturation_hard,2026-09-13T18:55:17.329129+08:00,11,false,3.34,-1.00,429,backpressure,false,
candidateA_saturation_hard,2026-09-13T18:55:17.329507+08:00,4,false,3.05,-1.00,429,backpressure,false,
candidateA_saturation_hard,2026-09-13T18:55:17.329281+08:00,12,false,3.34,-1.00,429,backpressure,false,
candidateA_saturation_hard,2026-09-13T18:55:17.329015+08:00,5,false,3.65,-1.00,429,backpressure,false,
candidateA_saturation_hard,2026-09-13T18:55:17.328861+08:00,0,false,3.85,-1.00,429,backpressure,false,
candidateA_saturation_hard,2026-09-13T18:55:17.482071+08:00,5,false,2.62,-1.00,429,backpressure,false,
candidateA_saturation_hard,2026-09-13T18:55:17.480242+08:00,4,true,4.48,-1.00,429,backpressure,false,
candidateA_saturation_hard,2026-09-13T18:55:17.480756+08:00,0,true,3.96,-1.00,429,backpressure,false,
candidateA_saturation_hard,2026-09-13T18:55:17.48056+08:00,11,false,4.19,-1.00,429,backpressure,false,
candidateA_saturation_hard,2026-09-13T18:55:17.482408+08:00,12,false,2.34,-1.00,429,backpressure,false,
candidateA_saturation_hard,2026-09-13T18:55:17.481697+08:00,10,false,3.36,-1.00,429,backpressure,false,
candidateA_saturation_hard,2026-09-13T18:55:17.63137+08:00,11,false,1.07,-1.00,429,backpressure,false,
candidateA_saturation_hard,2026-09-13T18:55:17.631355+08:00,0,true,1.08,-1.00,429,backpressure,false,
candidateA_saturation_hard,2026-09-13T18:55:17.631515+08:00,4,true,1.82,-1.00,429,backpressure,false,
candidateA_saturation_hard,2026-09-13T18:55:17.632247+08:00,5,true,1.14,-1.00,429,backpressure,false,
candidateA_saturation_hard,2026-09-13T18:55:17.631827+08:00,10,true,1.58,-1.00,429,backpressure,false,
candidateA_saturation_hard,2026-09-13T18:55:17.63266+08:00,12,true,0.76,-1.00,429,backpressure,false,
candidateA_saturation_hard,2026-09-13T18:55:17.782338+08:00,11,false,1.56,-1.00,429,backpressure,false,
candidateA_saturation_hard,2026-09-13T18:55:17.782873+08:00,0,false,1.03,-1.00,429,backpressure,false,
candidateA_saturation_hard,2026-09-13T18:55:17.782478+08:00,4,false,1.48,-1.00,429,backpressure,false,
candidateA_saturation_hard,2026-09-13T18:55:17.782706+08:00,12,true,1.28,-1.00,429,backpressure,false,
candidateA_saturation_hard,2026-09-13T18:55:17.782316+08:00,5,false,1.68,-1.00,429,backpressure,false,
candidateA_saturation_hard,2026-09-13T18:55:17.78242+08:00,10,false,1.60,-1.00,429,backpressure,false,
candidateA_saturation_hard,2026-09-13T18:55:17.933743+08:00,0,false,1.78,-1.00,429,backpressure,false,
candidateA_saturation_hard,2026-09-13T18:55:17.933477+08:00,12,true,2.26,-1.00,429,backpressure,false,
candidateA_saturation_hard,2026-09-13T18:55:17.934042+08:00,10,false,2.12,-1.00,429,backpressure,false,
candidateA_saturation_hard,2026-09-13T18:55:17.933529+08:00,4,false,2.72,-1.00,429,backpressure,false,
candidateA_saturation_hard,2026-09-13T18:55:17.933671+08:00,5,true,2.65,-1.00,429,backpressure,false,
candidateA_saturation_hard,2026-09-13T18:55:17.933942+08:00,11,false,2.44,-1.00,429,backpressure,false,
candidateA_saturation_hard,2026-09-13T18:55:12.344635+08:00,2,true,5598.84,5006.46,200,,true,
candidateA_saturation_hard,2026-09-13T18:55:18.084534+08:00,10,false,2.60,-1.00,429,backpressure,false,
candidateA_saturation_hard,2026-09-13T18:55:18.086038+08:00,11,false,1.18,-1.00,429,backpressure,false,
candidateA_saturation_hard,2026-09-13T18:55:18.084767+08:00,5,false,2.54,-1.00,429,backpressure,false,
candidateA_saturation_hard,2026-09-13T18:55:18.085639+08:00,4,true,1.70,-1.00,429,backpressure,false,
candidateA_saturation_hard,2026-09-13T18:55:18.085293+08:00,12,false,2.09,-1.00,429,backpressure,false,
candidateA_saturation_hard,2026-09-13T18:55:18.084694+08:00,0,true,3.00,-1.00,429,backpressure,false,
candidateA_saturation_hard,2026-09-13T18:55:18.236354+08:00,4,false,1.71,-1.00,429,backpressure,false,
candidateA_saturation_hard,2026-09-13T18:55:18.236126+08:00,11,false,1.99,-1.00,429,backpressure,false,
candidateA_saturation_hard,2026-09-13T18:55:18.235856+08:00,10,true,2.34,-1.00,429,backpressure,false,
candidateA_saturation_hard,2026-09-13T18:55:18.236628+08:00,5,true,1.62,-1.00,429,backpressure,false,
candidateA_saturation_hard,2026-09-13T18:55:18.235945+08:00,0,false,2.34,-1.00,429,backpressure,false,
candidateA_saturation_hard,2026-09-13T18:55:18.235632+08:00,12,false,2.67,-1.00,429,backpressure,false,
candidateA_saturation_hard,2026-09-13T18:55:18.387067+08:00,11,true,1.34,-1.00,429,backpressure,false,
candidateA_saturation_hard,2026-09-13T18:55:18.386906+08:00,4,false,1.57,-1.00,429,backpressure,false,
candidateA_saturation_hard,2026-09-13T18:55:18.386711+08:00,0,true,1.82,-1.00,429,backpressure,false,
candidateA_saturation_hard,2026-09-13T18:55:18.386741+08:00,12,true,1.82,-1.00,429,backpressure,false,
candidateA_saturation_hard,2026-09-13T18:55:18.386838+08:00,10,true,1.74,-1.00,429,backpressure,false,
candidateA_saturation_hard,2026-09-13T18:55:18.386696+08:00,5,false,1.93,-1.00,429,backpressure,false,
candidateA_saturation_hard,2026-09-13T18:55:13.146026+08:00,13,false,5360.18,-1.00,200,,true,
candidateA_saturation_hard,2026-09-13T18:55:18.537943+08:00,5,true,1.10,-1.00,429,backpressure,false,
candidateA_saturation_hard,2026-09-13T18:55:18.537833+08:00,4,true,1.28,-1.00,429,backpressure,false,
candidateA_saturation_hard,2026-09-13T18:55:18.537619+08:00,11,false,1.52,-1.00,429,backpressure,false,
candidateA_saturation_hard,2026-09-13T18:55:18.537509+08:00,12,false,1.65,-1.00,429,backpressure,false,
candidateA_saturation_hard,2026-09-13T18:55:18.537905+08:00,0,false,1.27,-1.00,429,backpressure,false,
candidateA_saturation_hard,2026-09-13T18:55:18.537717+08:00,10,false,1.48,-1.00,429,backpressure,false,
candidateA_saturation_hard,2026-09-13T18:55:18.689307+08:00,12,false,3.80,-1.00,429,backpressure,false,
candidateA_saturation_hard,2026-09-13T18:55:18.689053+08:00,10,false,4.11,-1.00,429,backpressure,false,
candidateA_saturation_hard,2026-09-13T18:55:18.688599+08:00,4,true,4.65,-1.00,429,backpressure,false,
candidateA_saturation_hard,2026-09-13T18:55:18.688763+08:00,0,true,4.56,-1.00,429,backpressure,false,
candidateA_saturation_hard,2026-09-13T18:55:18.688578+08:00,5,false,4.81,-1.00,429,backpressure,false,
candidateA_saturation_hard,2026-09-13T18:55:18.688626+08:00,11,false,4.82,-1.00,429,backpressure,false,
candidateA_saturation_hard,2026-09-13T18:55:18.839691+08:00,12,true,4.40,-1.00,429,backpressure,false,
candidateA_saturation_hard,2026-09-13T18:55:18.839729+08:00,11,false,4.41,-1.00,429,backpressure,false,
candidateA_saturation_hard,2026-09-13T18:55:18.840177+08:00,0,false,4.08,-1.00,429,backpressure,false,
candidateA_saturation_hard,2026-09-13T18:55:18.839884+08:00,5,false,4.44,-1.00,429,backpressure,false,
candidateA_saturation_hard,2026-09-13T18:55:18.839971+08:00,4,true,5.18,-1.00,429,backpressure,false,
candidateA_saturation_hard,2026-09-13T18:55:18.840275+08:00,10,true,4.94,-1.00,429,backpressure,false,
candidateA_saturation_hard,2026-09-13T18:55:18.990041+08:00,4,false,1.76,-1.00,429,backpressure,false,
candidateA_saturation_hard,2026-09-13T18:55:18.989799+08:00,11,false,2.06,-1.00,429,backpressure,false,
candidateA_saturation_hard,2026-09-13T18:55:18.989939+08:00,5,false,1.95,-1.00,429,backpressure,false,
candidateA_saturation_hard,2026-09-13T18:55:18.990372+08:00,10,false,1.53,-1.00,429,backpressure,false,
candidateA_saturation_hard,2026-09-13T18:55:18.98977+08:00,12,true,2.15,-1.00,429,backpressure,false,
candidateA_saturation_hard,2026-09-13T18:55:18.990267+08:00,0,true,1.54,-1.00,429,backpressure,false,
candidateA_saturation_hard,2026-09-13T18:55:19.142524+08:00,11,false,1.45,-1.00,429,backpressure,false,
candidateA_saturation_hard,2026-09-13T18:55:19.141911+08:00,10,true,2.14,-1.00,429,backpressure,false,
candidateA_saturation_hard,2026-09-13T18:55:19.142448+08:00,12,true,1.63,-1.00,429,backpressure,false,
candidateA_saturation_hard,2026-09-13T18:55:19.142795+08:00,5,false,1.36,-1.00,429,backpressure,false,
candidateA_saturation_hard,2026-09-13T18:55:19.143059+08:00,0,false,1.13,-1.00,429,backpressure,false,
candidateA_saturation_hard,2026-09-13T18:55:19.142505+08:00,4,false,2.12,-1.00,429,backpressure,false,
candidateA_saturation_hard,2026-09-13T18:55:13.795748+08:00,6,false,5361.01,-1.00,200,,true,
candidateA_saturation_hard,2026-09-13T18:55:19.293148+08:00,10,true,2.45,-1.00,429,backpressure,false,
candidateA_saturation_hard,2026-09-13T18:55:19.292975+08:00,11,true,2.71,-1.00,429,backpressure,false,
candidateA_saturation_hard,2026-09-13T18:55:19.293732+08:00,0,false,2.11,-1.00,429,backpressure,false,
candidateA_saturation_hard,2026-09-13T18:55:19.292974+08:00,5,false,3.28,-1.00,429,backpressure,false,
candidateA_saturation_hard,2026-09-13T18:55:19.29302+08:00,12,false,4.42,-1.00,429,backpressure,false,
candidateA_saturation_hard,2026-09-13T18:55:19.293623+08:00,4,true,3.84,-1.00,429,backpressure,false,
candidateA_saturation_hard,2026-09-13T18:55:19.443342+08:00,11,false,1.50,-1.00,429,backpressure,false,
candidateA_saturation_hard,2026-09-13T18:55:19.443342+08:00,12,false,1.96,-1.00,429,backpressure,false,
candidateA_saturation_hard,2026-09-13T18:55:19.443468+08:00,10,true,1.86,-1.00,429,backpressure,false,
candidateA_saturation_hard,2026-09-13T18:55:19.444009+08:00,4,false,1.43,-1.00,429,backpressure,false,
candidateA_saturation_hard,2026-09-13T18:55:19.44351+08:00,5,true,2.15,-1.00,429,backpressure,false,
candidateA_saturation_hard,2026-09-13T18:55:19.443769+08:00,0,false,1.91,-1.00,429,backpressure,false,
candidateA_saturation_hard,2026-09-13T18:55:19.594404+08:00,12,false,1.53,-1.00,429,backpressure,false,
candidateA_saturation_hard,2026-09-13T18:55:19.594585+08:00,11,false,1.38,-1.00,429,backpressure,false,
candidateA_saturation_hard,2026-09-13T18:55:19.594404+08:00,4,false,1.62,-1.00,429,backpressure,false,
candidateA_saturation_hard,2026-09-13T18:55:19.594468+08:00,0,false,1.56,-1.00,429,backpressure,false,
candidateA_saturation_hard,2026-09-13T18:55:19.594756+08:00,5,true,1.31,-1.00,429,backpressure,false,
candidateA_saturation_hard,2026-09-13T18:55:19.59483+08:00,10,true,1.25,-1.00,429,backpressure,false,
candidateA_saturation_hard,2026-09-13T18:55:19.745653+08:00,5,false,2.82,-1.00,429,backpressure,false,
candidateA_saturation_hard,2026-09-13T18:55:19.74628+08:00,12,false,2.23,-1.00,429,backpressure,false,
candidateA_saturation_hard,2026-09-13T18:55:19.74598+08:00,10,true,2.60,-1.00,429,backpressure,false,
candidateA_saturation_hard,2026-09-13T18:55:19.745895+08:00,4,false,2.73,-1.00,429,backpressure,false,
candidateA_saturation_hard,2026-09-13T18:55:19.746517+08:00,11,true,2.14,-1.00,429,backpressure,false,
candidateA_saturation_hard,2026-09-13T18:55:19.746406+08:00,0,true,2.27,-1.00,429,backpressure,false,
candidateA_saturation_hard,2026-09-13T18:55:14.584689+08:00,3,false,5182.64,-1.00,200,,true,
candidateA_saturation_hard,2026-09-13T18:55:19.896772+08:00,10,false,2.98,-1.00,429,backpressure,false,
candidateA_saturation_hard,2026-09-13T18:55:19.896725+08:00,11,true,3.15,-1.00,429,backpressure,false,
candidateA_saturation_hard,2026-09-13T18:55:19.897066+08:00,12,true,2.84,-1.00,429,backpressure,false,
candidateA_saturation_hard,2026-09-13T18:55:19.896974+08:00,5,true,3.01,-1.00,429,backpressure,false,
candidateA_saturation_hard,2026-09-13T18:55:19.896729+08:00,4,true,3.31,-1.00,429,backpressure,false,
candidateA_saturation_hard,2026-09-13T18:55:19.897472+08:00,0,false,3.09,-1.00,429,backpressure,false,
candidateA_saturation_hard,2026-09-13T18:55:20.048998+08:00,5,false,1.18,-1.00,429,backpressure,false,
candidateA_saturation_hard,2026-09-13T18:55:20.048744+08:00,4,false,1.47,-1.00,429,backpressure,false,
candidateA_saturation_hard,2026-09-13T18:55:20.048853+08:00,10,false,1.42,-1.00,429,backpressure,false,
candidateA_saturation_hard,2026-09-13T18:55:20.048088+08:00,0,false,2.24,-1.00,429,backpressure,false,
candidateA_saturation_hard,2026-09-13T18:55:20.048448+08:00,11,false,1.92,-1.00,429,backpressure,false,
candidateA_saturation_hard,2026-09-13T18:55:20.048365+08:00,12,false,2.03,-1.00,429,backpressure,false,
candidateA_saturation_hard,2026-09-13T18:55:15.301298+08:00,1,true,5157.17,4575.49,200,,true,
candidateA_saturation_hard,2026-09-13T18:55:16.065947+08:00,7,true,5127.36,4498.05,200,,true,
candidateA_saturation_hard,2026-09-13T18:55:16.582413+08:00,9,false,5451.27,-1.00,200,,true,
candidateA_saturation_hard,2026-09-13T18:55:17.24282+08:00,8,true,5443.60,4901.09,200,,true,
candidateA_saturation_hard,2026-09-13T18:55:17.943678+08:00,2,false,5504.86,-1.00,200,,true,
candidateA_saturation_hard,2026-09-13T18:55:18.506411+08:00,13,true,5728.11,5048.40,200,,true,
candidateA_saturation_hard,2026-09-13T18:55:19.156958+08:00,6,false,5722.42,-1.00,200,,true,
candidateA_saturation_hard,2026-09-13T18:55:19.76755+08:00,3,false,5854.45,-1.00,200,,true,
