label,timestamp,worker,streaming,latency_ms,ttft_ms,http_status,error_code,success,note
candidateB_disconnect,2026-09-13T19:08:47.221007+08:00,1,true,651.95,147.90,200,,true,
candidateB_disconnect,2026-09-13T19:08:47.220979+08:00,2,false,1534.29,-1.00,200,,true,
candidateB_disconnect,2026-09-13T19:08:47.220966+08:00,0,false,2229.17,-1.00,200,,true,
candidateB_disconnect,2026-09-13T19:08:47.873029+08:00,1,true,2225.36,1684.61,200,,true,
candidateB_disconnect,2026-09-13T19:08:48.755387+08:00,2,true,2226.41,1450.25,200,,true,
candidateB_disconnect,2026-09-13T19:08:49.450225+08:00,0,true,2279.82,1637.16,200,,true,
candidateB_disconnect,2026-09-13T19:08:50.098526+08:00,1,true,2324.16,1740.61,200,,true,
candidateB_disconnect,2026-09-13T19:08:50.981902+08:00,2,true,2427.53,1559.13,200,,true,
candidateB_disconnect,2026-09-13T19:08:51.730153+08:00,0,true,2542.76,1806.31,200,,true,
candidateB_disconnect,2026-09-13T19:08:52.422795+08:00,1,false,2611.69,-1.00,200,,true,
candidateB_disconnect,2026-09-13T19:08:53.409529+08:00,2,true,2457.33,1743.18,200,,true,
candidateB_disconnect,2026-09-13T19:08:54.273013+08:00,0,true,2619.38,1711.13,200,,true,
candidateB_disconnect,2026-09-13T19:08:55.03458+08:00,1,true,2648.44,1968.57,200,,true,
candidateB_disconnect,2026-09-13T19:08:55.866961+08:00,2,false,2615.38,-1.00,200,,true,
candidateB_disconnect,2026-09-13T19:08:56.89249+08:00,0,true,2291.36,1698.93,200,,true,
candidateB_disconnect,2026-09-13T19:08:57.683127+08:00,1,true,2232.75,1610.02,200,,true,
candidateB_disconnect,2026-09-13T19:08:58.482442+08:00,2,false,2471.86,-1.00,200,,true,
candidateB_disconnect,2026-09-13T19:08:59.18394+08:00,0,false,2520.19,-1.00,200,,true,
candidateB_disconnect,2026-09-13T19:08:59.915964+08:00,1,true,2489.95,1903.07,200,,true,
candidateB_disconnect,2026-09-13T19:09:00.954401+08:00,2,false,2340.84,-1.00,200,,true,
candidateB_disconnect,2026-09-13T19:09:01.704225+08:00,0,false,2385.04,-1.00,200,,true,
candidateB_disconnect,2026-09-13T19:09:02.406005+08:00,1,false,2367.40,-1.00,200,,true,
candidateB_disconnect,2026-09-13T19:09:03.295342+08:00,2,false,2232.42,-1.00,200,,true,
candidateB_disconnect,2026-09-13T19:09:04.089353+08:00,0,false,2232.21,-1.00,200,,true,
candidateB_disconnect,2026-09-13T19:09:04.7735+08:00,1,true,2224.88,1657.65,200,,true,
candidateB_disconnect,2026-09-13T19:09:05.527854+08:00,2,true,1733.40,1578.87,200,,true,
candidateB_disconnect,2026-09-13T19:09:06.321649+08:00,0,false,939.77,-1.00,503,connection_failed,false,
candidateB_disconnect,2026-09-13T19:09:06.99845+08:00,1,true,263.01,-1.00,503,connection_failed,false,
candidateB_disconnect,2026-09-13T19:09:07.261318+08:00,2,true,0.94,-1.00,503,connection_failed,false,
candidateB_disconnect,2026-09-13T19:09:07.261447+08:00,0,false,0.85,-1.00,503,connection_failed,false,
candidateB_disconnect,2026-09-13T19:09:07.261481+08:00,1,true,0.88,-1.00,503,connection_failed,false,
candidateB_disconnect,2026-09-13T19:09:07.41187+08:00,0,false,0.49,-1.00,404,model_not_found,false,
candidateB_disconnect,2026-09-13T19:09:07.411855+08:00,1,false,0.54,-1.00,404,model_not_found,false,
candidateB_disconnect,2026-09-13T19:09:07.411912+08:00,2,false,0.65,-1.00,404,model_not_found,false,
candidateB_disconnect,2026-09-13T19:09:07.563582+08:00,2,false,1.71,-1.00,404,model_not_found,false,
candidateB_disconnect,2026-09-13T19:09:07.563809+08:00,1,true,1.58,-1.00,404,model_not_found,false,
candidateB_disconnect,2026-09-13T19:09:07.563897+08:00,0,true,2.03,-1.00,404,model_not_found,false,
candidateB_disconnect,2026-09-13T19:09:07.714689+08:00,1,false,2.36,-1.00,404,model_not_found,false,
candidateB_disconnect,2026-09-13T19:09:07.714808+08:00,2,true,2.34,-1.00,404,model_not_found,false,
candidateB_disconnect,2026-09-13T19:09:07.714687+08:00,0,false,2.77,-1.00,404,model_not_found,false,
candidateB_disconnect,2026-09-13T19:09:07.866504+08:00,1,false,0.70,-1.00,404,model_not_found,false,
candidateB_disconnect,2026-09-13T19:09:07.8661+08:00,2,true,1.19,-1.00,404,model_not_found,false,
candidateB_disconnect,2026-09-13T19:09:07.866562+08:00,0,true,0.94,-1.00,404,model_not_found,false,
candidateB_disconnect,2026-09-13T19:09:08.017321+08:00,2,false,1.46,-1.00,404,model_not_found,false,
candidateB_disconnect,2026-09-13T19:09:08.017144+08:00,0,false,1.71,-1.00,404,model_not_found,false,
candidateB_disconnect,2026-09-13T19:09:08.017144+08:00,1,false,2.03,-1.00,404,model_not_found,false,
candidateB_disconnect,2026-09-13T19:09:08.168176+08:00,2,false,1.26,-1.00,404,model_not_found,false,
candidateB_disconnect,2026-09-13T19:09:08.16821+08:00,1,true,1.23,-1.00,404,model_not_found,false,
candidateB_disconnect,2026-09-13T19:09:08.168168+08:00,0,false,1.41,-1.00,404,model_not_found,false,
candidateB_disconnect,2026-09-13T19:09:08.319453+08:00,2,true,2.02,-1.00,404,model_not_found,false,
candidateB_disconnect,2026-09-13T19:09:08.319331+08:00,0,false,2.15,-1.00,404,model_not_found,false,
candidateB_disconnect,2026-09-13T19:09:08.319331+08:00,1,true,2.20,-1.00,404,model_not_found,false,
candidateB_disconnect,2026-09-13T19:09:08.470645+08:00,2,true,1.76,-1.00,404,model_not_found,false,
candidateB_disconnect,2026-09-13T19:09:08.470611+08:00,1,false,1.80,-1.00,404,model_not_found,false,
candidateB_disconnect,2026-09-13T19:09:08.470496+08:00,0,false,2.30,-1.00,404,model_not_found,false,
candidateB_disconnect,2026-09-13T19:09:08.621449+08:00,1,true,0.71,-1.00,404,model_not_found,false,
candidateB_disconnect,2026-09-13T19:09:08.621424+08:00,2,false,0.82,-1.00,404,model_not_found,false,
candidateB_disconnect,2026-09-13T19:09:08.621579+08:00,0,true,0.90,-1.00,404,model_not_found,false,
candidateB_disconnect,2026-09-13T19:09:08.772695+08:00,0,true,2.04,-1.00,404,model_not_found,false,
candidateB_disconnect,2026-09-13T19:09:08.772697+08:00,2,true,3.19,-1.00,404,model_not_found,false,
candidateB_disconnect,2026-09-13T19:09:08.772785+08:00,1,false,4.56,-1.00,404,model_not_found,false,
candidateB_disconnect,2026-09-13T19:09:08.924045+08:00,0,false,2.04,-1.00,404,model_not_found,false,
candidateB_disconnect,2026-09-13T19:09:08.923037+08:00,1,false,3.13,-1.00,404,model_not_found,false,
candidateB_disconnect,2026-09-13T19:09:08.923884+08:00,2,true,2.38,-1.00,404,model_not_found,false,
candidateB_disconnect,2026-09-13T19:09:09.074155+08:00,2,false,6.15,-1.00,404,model_not_found,false,
candidateB_disconnect,2026-09-13T19:09:09.074155+08:00,1,false,6.21,-1.00,404,model_not_found,false,
candidateB_disconnect,2026-09-13T19:09:09.074379+08:00,0,false,6.33,-1.00,404,model_not_found,false,
candidateB_disconnect,2026-09-13T19:09:09.225042+08:00,0,false,2.98,-1.00,404,model_not_found,false,
candidateB_disconnect,2026-09-13T19:09:09.224556+08:00,1,false,3.60,-1.00,404,model_not_found,false,
candidateB_disconnect,2026-09-13T19:09:09.224556+08:00,2,true,4.07,-1.00,404,model_not_found,false,
candidateB_disconnect,2026-09-13T19:09:09.37677+08:00,2,false,3.13,-1.00,404,model_not_found,false,
candidateB_disconnect,2026-09-13T19:09:09.376042+08:00,0,false,3.93,-1.00,404,model_not_found,false,
candidateB_disconnect,2026-09-13T19:09:09.376651+08:00,1,false,3.42,-1.00,404,model_not_found,false,
candidateB_disconnect,2026-09-13T19:09:09.526644+08:00,0,true,3.08,-1.00,404,model_not_found,false,
candidateB_disconnect,2026-09-13T19:09:09.526805+08:00,2,false,2.99,-1.00,404,model_not_found,false,
candidateB_disconnect,2026-09-13T19:09:09.527219+08:00,1,true,3.38,-1.00,404,model_not_found,false,
candidateB_disconnect,2026-09-13T19:09:09.677689+08:00,1,true,1.03,-1.00,404,model_not_found,false,
candidateB_disconnect,2026-09-13T19:09:09.677689+08:00,2,false,1.09,-1.00,404,model_not_found,false,
candidateB_disconnect,2026-09-13T19:09:09.677723+08:00,0,false,1.28,-1.00,404,model_not_found,false,
candidateB_disconnect,2026-09-13T19:09:09.829455+08:00,2,true,1.60,-1.00,404,model_not_found,false,
candidateB_disconnect,2026-09-13T19:09:09.828906+08:00,0,true,2.21,-1.00,404,model_not_found,false,
candidateB_disconnect,2026-09-13T19:09:09.829628+08:00,1,true,1.84,-1.00,404,model_not_found,false,
candidateB_disconnect,2026-09-13T19:09:09.979934+08:00,1,true,1.68,-1.00,404,model_not_found,false,
candidateB_disconnect,2026-09-13T19:09:09.979386+08:00,0,false,2.28,-1.00,404,model_not_found,false,
candidateB_disconnect,2026-09-13T19:09:09.979874+08:00,2,true,1.74,-1.00,404,model_not_found,false,
candidateB_disconnect,2026-09-13T19:09:10.130473+08:00,2,false,2.16,-1.00,404,model_not_found,false,
candidateB_disconnect,2026-09-13T19:09:10.130473+08:00,0,true,2.95,-1.00,404,model_not_found,false,
candidateB_disconnect,2026-09-13T19:09:10.130824+08:00,1,false,2.82,-1.00,404,model_not_found,false,
candidateB_disconnect,2026-09-13T19:09:10.282393+08:00,1,false,4.32,-1.00,404,model_not_found,false,
candidateB_disconnect,2026-09-13T19:09:10.281676+08:00,0,true,5.19,-1.00,404,model_not_found,false,
candidateB_disconnect,2026-09-13T19:09:10.283608+08:00,2,true,3.75,-1.00,404,model_not_found,false,
candidateB_disconnect,2026-09-13T19:09:10.432989+08:00,1,false,2.56,-1.00,404,model_not_found,false,
candidateB_disconnect,2026-09-13T19:09:10.432942+08:00,0,true,2.74,-1.00,404,model_not_found,false,
candidateB_disconnect,2026-09-13T19:09:10.435013+08:00,2,true,0.99,-1.00,404,model_not_found,false,
candidateB_disconnect,2026-09-13T19:09:10.583969+08:00,0,false,1.43,-1.00,404,model_not_found,false,
candidateB_disconnect,2026-09-13T19:09:10.583969+08:00,1,true,1.52,-1.00,404,model_not_found,false,
candidateB_disconnect,2026-09-13T19:09:10.585021+08:00,2,true,0.76,-1.00,404,model_not_found,false,
candidateB_disconnect,2026-09-13T19:09:10.735148+08:00,0,true,2.63,-1.00,404,model_not_found,false,
candidateB_disconnect,2026-09-13T19:09:10.735805+08:00,1,false,2.03,-1.00,404,model_not_found,false,
candidateB_disconnect,2026-09-13T19:09:10.735759+08:00,2,true,2.60,-1.00,404,model_not_found,false,
candidateB_disconnect,2026-09-13T19:09:10.886421+08:00,1,true,4.51,-1.00,404,model_not_found,false,
candidateB_disconnect,2026-09-13T19:09:10.887085+08:00,2,false,4.09,-1.00,404,model_not_found,false,
candidateB_disconnect,2026-09-13T19:09:10.887181+08:00,0,true,4.53,-1.00,404,model_not_found,false,
candidateB_disconnect,2026-09-13T19:09:11.037916+08:00,0,true,1.69,-1.00,404,model_not_found,false,
candidateB_disconnect,2026-09-13T19:09:11.037774+08:00,2,true,1.88,-1.00,404,model_not_found,false,
candidateB_disconnect,2026-09-13T19:09:11.037691+08:00,1,false,1.99,-1.00,404,model_not_found,false,
candidateB_disconnect,2026-09-13T19:09:11.188829+08:00,2,true,3.33,-1.00,404,model_not_found,false,
candidateB_disconnect,2026-09-13T19:09:11.189487+08:00,0,false,2.87,-1.00,404,model_not_found,false,
candidateB_disconnect,2026-09-13T19:09:11.190839+08:00,1,true,5.03,-1.00,404,model_not_found,false,
candidateB_disconnect,2026-09-13T19:09:11.340014+08:00,2,false,6.85,-1.00,404,model_not_found,false,
candidateB_disconnect,2026-09-13T19:09:11.3409+08:00,1,false,5.99,-1.00,404,model_not_found,false,
candidateB_disconnect,2026-09-13T19:09:11.340014+08:00,0,false,6.94,-1.00,404,model_not_found,false,
candidateB_disconnect,2026-09-13T19:09:11.4912+08:00,2,false,2.97,-1.00,404,model_not_found,false,
candidateB_disconnect,2026-09-13T19:09:11.49178+08:00,0,false,2.39,-1.00,404,model_not_found,false,
candidateB_disconnect,2026-09-13T19:09:11.4912+08:00,1,true,3.02,-1.00,404,model_not_found,false,
candidateB_disconnect,2026-09-13T19:09:11.645357+08:00,2,false,1.87,-1.00,404,model_not_found,false,
candidateB_disconnect,2026-09-13T19:09:11.644963+08:00,0,true,2.37,-1.00,404,model_not_found,false,
candidateB_disconnect,2026-09-13T19:09:11.644686+08:00,1,false,3.47,-1.00,404,model_not_found,false,
candidateB_disconnect,2026-09-13T19:09:11.795989+08:00,2,false,1.76,-1.00,404,model_not_found,false,
candidateB_disconnect,2026-09-13T19:09:11.795866+08:00,0,false,1.95,-1.00,404,model_not_found,false,
candidateB_disconnect,2026-09-13T19:09:11.79594+08:00,1,false,2.05,-1.00,404,model_not_found,false,
candidateB_disconnect,2026-09-13T19:09:11.947018+08:00,2,true,2.07,-1.00,404,model_not_found,false,
candidateB_disconnect,2026-09-13T19:09:11.947522+08:00,0,false,1.66,-1.00,404,model_not_found,false,
candidateB_disconnect,2026-09-13T19:09:11.947639+08:00,1,true,2.01,-1.00,404,model_not_found,false,
candidateB_disconnect,2026-09-13T19:09:12.098002+08:00,0,false,0.73,-1.00,404,model_not_found,false,
candidateB_disconnect,2026-09-13T19:09:12.097995+08:00,1,true,0.84,-1.00,404,model_not_found,false,
candidateB_disconnect,2026-09-13T19:09:12.098132+08:00,2,false,1.12,-1.00,404,model_not_found,false,
candidateB_disconnect,2026-09-13T19:09:12.249176+08:00,0,false,1.12,-1.00,404,model_not_found,false,
candidateB_disconnect,2026-09-13T19:09:12.249137+08:00,1,false,1.24,-1.00,404,model_not_found,false,
candidateB_disconnect,2026-09-13T19:09:12.249137+08:00,2,false,1.30,-1.00,404,model_not_found,false,
candidateB_disconnect,2026-09-13T19:09:12.401036+08:00,2,true,1.68,-1.00,404,model_not_found,false,
candidateB_disconnect,2026-09-13T19:09:12.400438+08:00,1,false,2.38,-1.00,404,model_not_found,false,
candidateB_disconnect,2026-09-13T19:09:12.401149+08:00,0,false,1.95,-1.00,404,model_not_found,false,
candidateB_disconnect,2026-09-13T19:09:12.55043+08:00,0,false,1.96,-1.00,404,model_not_found,false,
candidateB_disconnect,2026-09-13T19:09:12.55043+08:00,1,false,2.03,-1.00,404,model_not_found,false,
candidateB_disconnect,2026-09-13T19:09:12.551107+08:00,2,false,1.43,-1.00,404,model_not_found,false,
candidateB_disconnect,2026-09-13T19:09:12.700854+08:00,1,false,0.64,-1.00,404,model_not_found,false,
candidateB_disconnect,2026-09-13T19:09:12.700742+08:00,0,true,0.82,-1.00,404,model_not_found,false,
candidateB_disconnect,2026-09-13T19:09:12.701282+08:00,2,true,0.59,-1.00,404,model_not_found,false,
candidateB_disconnect,2026-09-13T19:09:12.851828+08:00,1,false,3.63,-1.00,404,model_not_found,false,
candidateB_disconnect,2026-09-13T19:09:12.852531+08:00,0,true,3.00,-1.00,404,model_not_found,false,
candidateB_disconnect,2026-09-13T19:09:12.852377+08:00,2,true,3.23,-1.00,404,model_not_found,false,
candidateB_disconnect,2026-09-13T19:09:13.002823+08:00,0,false,5.31,-1.00,404,model_not_found,false,
candidateB_disconnect,2026-09-13T19:09:13.002924+08:00,2,false,5.21,-1.00,404,model_not_found,false,
candidateB_disconnect,2026-09-13T19:09:13.002823+08:00,1,false,5.37,-1.00,404,model_not_found,false,
candidateB_disconnect,2026-09-13T19:09:13.153974+08:00,0,true,8.34,-1.00,404,model_not_found,false,
candidateB_disconnect,2026-09-13T19:09:13.154629+08:00,2,true,7.69,-1.00,404,model_not_found,false,
candidateB_disconnect,2026-09-13T19:09:13.153974+08:00,1,false,8.43,-1.00,404,model_not_found,false,
candidateB_disconnect,2026-09-13T19:09:13.304745+08:00,2,true,5.98,-1.00,404,model_not_found,false,
candidateB_disconnect,2026-09-13T19:09:13.304745+08:00,0,true,6.01,-1.00,404,model_not_found,false,
candidateB_disconnect,2026-09-13T19:09:13.305627+08:00,1,false,5.36,-1.00,404,model_not_found,false,
candidateB_disconnect,2026-09-13T19:09:13.455973+08:00,1,false,1.97,-1.00,404,model_not_found,false,
candidateB_disconnect,2026-09-13T19:09:13.455849+08:00,2,true,2.18,-1.00,404,model_not_found,false,
candidateB_disconnect,2026-09-13T19:09:13.456149+08:00,0,false,1.92,-1.00,404,model_not_found,false,
candidateB_disconnect,2026-09-13T19:09:13.606962+08:00,2,false,5.78,-1.00,404,model_not_found,false,
candidateB_disconnect,2026-09-13T19:09:13.606962+08:00,0,false,5.86,-1.00,404,model_not_found,false,
candidateB_disconnect,2026-09-13T19:09:13.607378+08:00,1,false,6.04,-1.00,404,model_not_found,false,
candidateB_disconnect,2026-09-13T19:09:13.757967+08:00,1,false,0.60,-1.00,404,model_not_found,false,
candidateB_disconnect,2026-09-13T19:09:13.757967+08:00,0,false,0.60,-1.00,404,model_not_found,false,
candidateB_disconnect,2026-09-13T19:09:13.758073+08:00,2,false,0.78,-1.00,404,model_not_found,false,
candidateB_disconnect,2026-09-13T19:09:13.909067+08:00,2,false,1.81,-1.00,404,model_not_found,false,
candidateB_disconnect,2026-09-13T19:09:13.909272+08:00,1,false,1.62,-1.00,404,model_not_found,false,
candidateB_disconnect,2026-09-13T19:09:13.909562+08:00,0,false,1.76,-1.00,404,model_not_found,false,
candidateB_disconnect,2026-09-13T19:09:14.060202+08:00,1,false,1.07,-1.00,404,model_not_found,false,
candidateB_disconnect,2026-09-13T19:09:14.06025+08:00,2,false,1.03,-1.00,404,model_not_found,false,
candidateB_disconnect,2026-09-13T19:09:14.060181+08:00,0,false,1.42,-1.00,404,model_not_found,false,
candidateB_disconnect,2026-09-13T19:09:14.212252+08:00,1,false,2.67,-1.00,404,model_not_found,false,
candidateB_disconnect,2026-09-13T19:09:14.212149+08:00,2,false,2.82,-1.00,404,model_not_found,false,
candidateB_disconnect,2026-09-13T19:09:14.212149+08:00,0,true,2.86,-1.00,404,model_not_found,false,
candidateB_disconnect,2026-09-13T19:09:14.363112+08:00,0,false,0.74,-1.00,404,model_not_found,false,
candidateB_disconnect,2026-09-13T19:09:14.36317+08:00,1,true,0.72,-1.00,404,model_not_found,false,
candidateB_disconnect,2026-09-13T19:09:14.363107+08:00,2,false,1.04,-1.00,404,model_not_found,false,
candidateB_disconnect,2026-09-13T19:09:14.517348+08:00,0,true,1.43,-1.00,404,model_not_found,false,
candidateB_disconnect,2026-09-13T19:09:14.515968+08:00,1,true,2.92,-1.00,404,model_not_found,false,
candidateB_disconnect,2026-09-13T19:09:14.517315+08:00,2,false,1.92,-1.00,404,model_not_found,false,
candidateB_disconnect,2026-09-13T19:09:14.666417+08:00,1,true,1.97,-1.00,404,model_not_found,false,
candidateB_disconnect,2026-09-13T19:09:14.668535+08:00,0,false,0.96,-1.00,404,model_not_found,false,
candidateB_disconnect,2026-09-13T19:09:14.668658+08:00,2,false,0.85,-1.00,404,model_not_found,false,
candidateB_disconnect,2026-09-13T19:09:14.817621+08:00,1,false,2.47,-1.00,404,model_not_found,false,
candidateB_disconnect,2026-09-13T19:09:14.818773+08:00,2,true,3.59,-1.00,404,model_not_found,false,
candidateB_disconnect,2026-09-13T19:09:14.818649+08:00,0,false,4.25,-1.00,404,model_not_found,false,
candidateB_disconnect,2026-09-13T19:09:14.968675+08:00,1,false,1.81,-1.00,404,model_not_found,false,
candidateB_disconnect,2026-09-13T19:09:14.968881+08:00,2,false,1.62,-1.00,404,model_not_found,false,
candidateB_disconnect,2026-09-13T19:09:14.968693+08:00,0,true,1.86,-1.00,404,model_not_found,false,
candidateB_disconnect,2026-09-13T19:09:15.119759+08:00,2,false,0.81,-1.00,404,model_not_found,false,
candidateB_disconnect,2026-09-13T19:09:15.119794+08:00,0,true,0.93,-1.00,404,model_not_found,false,
candidateB_disconnect,2026-09-13T19:09:15.11976+08:00,1,true,1.01,-1.00,404,model_not_found,false,
candidateB_disconnect,2026-09-13T19:09:15.270855+08:00,0,false,3.74,-1.00,503,connection_failed,false,
candidateB_disconnect,2026-09-13T19:09:15.270867+08:00,1,true,3.75,-1.00,503,connection_failed,false,
candidateB_disconnect,2026-09-13T19:09:15.270855+08:00,2,false,3.80,-1.00,503,connection_failed,false,
candidateB_disconnect,2026-09-13T19:09:15.421725+08:00,1,false,2.01,-1.00,404,model_not_found,false,
candidateB_disconnect,2026-09-13T19:09:15.421725+08:00,0,true,2.01,-1.00,404,model_not_found,false,
candidateB_disconnect,2026-09-13T19:09:15.421858+08:00,2,true,1.97,-1.00,404,model_not_found,false,
candidateB_disconnect,2026-09-13T19:09:15.572323+08:00,1,false,2.85,-1.00,404,model_not_found,false,
candidateB_disconnect,2026-09-13T19:09:15.572206+08:00,0,false,2.97,-1.00,404,model_not_found,false,
candidateB_disconnect,2026-09-13T19:09:15.572206+08:00,2,false,3.18,-1.00,404,model_not_found,false,
candidateB_disconnect,2026-09-13T19:09:15.723339+08:00,0,true,2.16,-1.00,404,model_not_found,false,
candidateB_disconnect,2026-09-13T19:09:15.723735+08:00,1,false,1.82,-1.00,404,model_not_found,false,
candidateB_disconnect,2026-09-13T19:09:15.724024+08:00,2,false,1.83,-1.00,404,model_not_found,false,
candidateB_disconnect,2026-09-13T19:09:15.874477+08:00,2,false,5.12,-1.00,404,model_not_found,false,
candidateB_disconnect,2026-09-13T19:09:15.874477+08:00,0,true,5.36,-1.00,404,model_not_found,false,
candidateB_disconnect,2026-09-13T19:09:15.874633+08:00,1,true,5.26,-1.00,404,model_not_found,false,
candidateB_disconnect,2026-09-13T19:09:16.02619+08:00,2,true,1.30,-1.00,404,model_not_found,false,
candidateB_disconnect,2026-09-13T19:09:16.02567+08:00,1,false,1.91,-1.00,404,model_not_found,false,
candidateB_disconnect,2026-09-13T19:09:16.02633+08:00,0,false,1.55,-1.00,404,model_not_found,false,
candidateB_disconnect,2026-09-13T19:09:16.178941+08:00,0,false,3.32,-1.00,404,model_not_found,false,
candidateB_disconnect,2026-09-13T19:09:16.181094+08:00,2,false,1.18,-1.00,404,model_not_found,false,
candidateB_disconnect,2026-09-13T19:09:16.18137+08:00,1,true,1.47,-1.00,404,model_not_found,false,
candidateB_disconnect,2026-09-13T19:09:16.329924+08:00,0,false,0.62,-1.00,404,model_not_found,false,
candidateB_disconnect,2026-09-13T19:09:16.331182+08:00,2,false,0.25,-1.00,404,model_not_found,false,
candidateB_disconnect,2026-09-13T19:09:16.331416+08:00,1,false,0.25,-1.00,404,model_not_found,false,
candidateB_disconnect,2026-09-13T19:09:16.481262+08:00,2,false,1.79,-1.00,404,model_not_found,false,
candidateB_disconnect,2026-09-13T19:09:16.481098+08:00,0,false,2.30,-1.00,404,model_not_found,false,
candidateB_disconnect,2026-09-13T19:09:16.481534+08:00,1,true,2.04,-1.00,404,model_not_found,false,
candidateB_disconnect,2026-09-13T19:09:16.632366+08:00,0,true,3.81,-1.00,404,model_not_found,false,
candidateB_disconnect,2026-09-13T19:09:16.632236+08:00,1,false,3.94,-1.00,404,model_not_found,false,
candidateB_disconnect,2026-09-13T19:09:16.632236+08:00,2,false,4.33,-1.00,404,model_not_found,false,
candidateB_disconnect,2026-09-13T19:09:16.784148+08:00,1,true,1.53,-1.00,404,model_not_found,false,
candidateB_disconnect,2026-09-13T19:09:16.783943+08:00,0,true,1.74,-1.00,404,model_not_found,false,
candidateB_disconnect,2026-09-13T19:09:16.784304+08:00,2,false,1.69,-1.00,404,model_not_found,false,
candidateB_disconnect,2026-09-13T19:09:16.935037+08:00,2,true,1.64,-1.00,404,model_not_found,false,
candidateB_disconnect,2026-09-13T19:09:16.935037+08:00,0,false,1.70,-1.00,404,model_not_found,false,
candidateB_disconnect,2026-09-13T19:09:16.935363+08:00,1,false,2.08,-1.00,404,model_not_found,false,
candidateB_disconnect,2026-09-13T19:09:17.086313+08:00,1,true,1.96,-1.00,404,model_not_found,false,
candidateB_disconnect,2026-09-13T19:09:17.086231+08:00,2,false,2.14,-1.00,404,model_not_found,false,
candidateB_disconnect,2026-09-13T19:09:17.086231+08:00,0,false,2.15,-1.00,404,model_not_found,false,
candidateB_disconnect,2026-09-13T19:09:17.237387+08:00,0,false,22.39,-1.00,404,model_not_found,false,
candidateB_disconnect,2026-09-13T19:09:17.237316+08:00,1,false,23.31,-1.00,404,model_not_found,false,
candidateB_disconnect,2026-09-13T19:09:17.237308+08:00,2,false,23.44,-1.00,404,model_not_found,false,
candidateB_disconnect,2026-09-13T19:09:17.388452+08:00,1,true,2.04,-1.00,404,model_not_found,false,
candidateB_disconnect,2026-09-13T19:09:17.388452+08:00,0,false,2.09,-1.00,404,model_not_found,false,
candidateB_disconnect,2026-09-13T19:09:17.388591+08:00,2,false,1.90,-1.00,404,model_not_found,false,
candidateB_disconnect,2026-09-13T19:09:17.539397+08:00,0,true,5.27,-1.00,404,model_not_found,false,
candidateB_disconnect,2026-09-13T19:09:17.539397+08:00,1,true,5.32,-1.00,404,model_not_found,false,
candidateB_disconnect,2026-09-13T19:09:17.53951+08:00,2,false,5.21,-1.00,404,model_not_found,false,
candidateB_disconnect,2026-09-13T19:09:17.690798+08:00,1,true,3.61,-1.00,404,model_not_found,false,
candidateB_disconnect,2026-09-13T19:09:17.690176+08:00,0,false,4.35,-1.00,404,model_not_found,false,
candidateB_disconnect,2026-09-13T19:09:17.690928+08:00,2,true,3.77,-1.00,404,model_not_found,false,
candidateB_disconnect,2026-09-13T19:09:17.843385+08:00,0,false,3.29,-1.00,404,model_not_found,false,
candidateB_disconnect,2026-09-13T19:09:17.844719+08:00,2,false,2.31,-1.00,404,model_not_found,false,
candidateB_disconnect,2026-09-13T19:09:17.844907+08:00,1,true,2.32,-1.00,404,model_not_found,false,
candidateB_disconnect,2026-09-13T19:09:17.994786+08:00,2,true,1.77,-1.00,404,model_not_found,false,
candidateB_disconnect,2026-09-13T19:09:17.994566+08:00,0,false,2.06,-1.00,404,model_not_found,false,
candidateB_disconnect,2026-09-13T19:09:17.994935+08:00,1,false,1.84,-1.00,404,model_not_found,false,
candidateB_disconnect,2026-09-13T19:09:18.14565+08:00,2,false,6.99,-1.00,404,model_not_found,false,
candidateB_disconnect,2026-09-13T19:09:18.145579+08:00,0,true,7.14,-1.00,404,model_not_found,false,
candidateB_disconnect,2026-09-13T19:09:18.145579+08:00,1,true,8.29,-1.00,404,model_not_found,false,
candidateB_disconnect,2026-09-13T19:09:18.296748+08:00,0,true,3.19,-1.00,404,model_not_found,false,
candidateB_disconnect,2026-09-13T19:09:18.296748+08:00,2,true,3.26,-1.00,404,model_not_found,false,
candidateB_disconnect,2026-09-13T19:09:18.29688+08:00,1,false,3.19,-1.00,404,model_not_found,false,
candidateB_disconnect,2026-09-13T19:09:18.451995+08:00,1,false,0.95,-1.00,404,model_not_found,false,
candidateB_disconnect,2026-09-13T19:09:18.452007+08:00,2,false,1.12,-1.00,404,model_not_found,false,
candidateB_disconnect,2026-09-13T19:09:18.451995+08:00,0,true,1.20,-1.00,404,model_not_found,false,
candidateB_disconnect,2026-09-13T19:09:18.603153+08:00,0,false,2.04,-1.00,404,model_not_found,false,
candidateB_disconnect,2026-09-13T19:09:18.603226+08:00,1,false,1.97,-1.00,404,model_not_found,false,
candidateB_disconnect,2026-09-13T19:09:18.603153+08:00,2,true,2.10,-1.00,404,model_not_found,false,
candidateB_disconnect,2026-09-13T19:09:18.754358+08:00,0,true,2.50,-1.00,404,model_not_found,false,
candidateB_disconnect,2026-09-13T19:09:18.754301+08:00,1,false,2.55,-1.00,404,model_not_found,false,
candidateB_disconnect,2026-09-13T19:09:18.754621+08:00,2,true,2.28,-1.00,404,model_not_found,false,
candidateB_disconnect,2026-09-13T19:09:18.906197+08:00,2,true,2.22,-1.00,404,model_not_found,false,
candidateB_disconnect,2026-09-13T19:09:18.905567+08:00,1,false,2.85,-1.00,404,model_not_found,false,
candidateB_disconnect,2026-09-13T19:09:18.905489+08:00,0,false,2.94,-1.00,404,model_not_found,false,
candidateB_disconnect,2026-09-13T19:09:19.056415+08:00,1,false,0.71,-1.00,404,model_not_found,false,
candidateB_disconnect,2026-09-13T19:09:19.056415+08:00,2,true,0.77,-1.00,404,model_not_found,false,
candidateB_disconnect,2026-09-13T19:09:19.05656+08:00,0,false,0.86,-1.00,404,model_not_found,false,
candidateB_disconnect,2026-09-13T19:09:19.207723+08:00,2,true,4.70,-1.00,404,model_not_found,false,
candidateB_disconnect,2026-09-13T19:09:19.20764+08:00,0,false,4.80,-1.00,404,model_not_found,false,
candidateB_disconnect,2026-09-13T19:09:19.20764+08:00,1,false,5.14,-1.00,404,model_not_found,false,
candidateB_disconnect,2026-09-13T19:09:19.358487+08:00,1,false,2.95,-1.00,404,model_not_found,false,
candidateB_disconnect,2026-09-13T19:09:19.359528+08:00,2,false,2.08,-1.00,404,model_not_found,false,
candidateB_disconnect,2026-09-13T19:09:19.360464+08:00,0,false,1.47,-1.00,404,model_not_found,false,
candidateB_disconnect,2026-09-13T19:09:19.512232+08:00,2,true,7.04,-1.00,404,model_not_found,false,
candidateB_disconnect,2026-09-13T19:09:19.512138+08:00,1,false,7.13,-1.00,404,model_not_found,false,
candidateB_disconnect,2026-09-13T19:09:19.51208+08:00,0,true,7.47,-1.00,404,model_not_found,false,
candidateB_disconnect,2026-09-13T19:09:19.663468+08:00,1,false,2.16,-1.00,404,model_not_found,false,
candidateB_disconnect,2026-09-13T19:09:19.664218+08:00,0,false,1.44,-1.00,404,model_not_found,false,
candidateB_disconnect,2026-09-13T19:09:19.66494+08:00,2,true,1.14,-1.00,404,model_not_found,false,
candidateB_disconnect,2026-09-13T19:09:19.816005+08:00,2,true,2.24,-1.00,404,model_not_found,false,
candidateB_disconnect,2026-09-13T19:09:19.816103+08:00,1,true,3.22,-1.00,404,model_not_found,false,
candidateB_disconnect,2026-09-13T19:09:19.81536+08:00,0,true,3.97,-1.00,404,model_not_found,false,
candidateB_disconnect,2026-09-13T19:09:19.967034+08:00,0,false,2.62,-1.00,404,model_not_found,false,
candidateB_disconnect,2026-09-13T19:09:19.966499+08:00,2,false,3.16,-1.00,404,model_not_found,false,
candidateB_disconnect,2026-09-13T19:09:19.967437+08:00,1,false,2.61,-1.00,404,model_not_found,false,
candidateB_disconnect,2026-09-13T19:09:20.120378+08:00,0,true,1.26,-1.00,404,model_not_found,false,
candidateB_disconnect,2026-09-13T19:09:20.118744+08:00,1,false,3.15,-1.00,404,model_not_found,false,
candidateB_disconnect,2026-09-13T19:09:20.120548+08:00,2,true,1.50,-1.00,404,model_not_found,false,
candidateB_disconnect,2026-09-13T19:09:20.269746+08:00,1,false,0.84,-1.00,404,model_not_found,false,
candidateB_disconnect,2026-09-13T19:09:20.270558+08:00,2,false,0.34,-1.00,404,model_not_found,false,
candidateB_disconnect,2026-09-13T19:09:20.270424+08:00,0,true,0.48,-1.00,404,model_not_found,false,
candidateB_disconnect,2026-09-13T19:09:20.420702+08:00,2,false,4.27,-1.00,404,model_not_found,false,
candidateB_disconnect,2026-09-13T19:09:20.420703+08:00,1,true,4.31,-1.00,404,model_not_found,false,
candidateB_disconnect,2026-09-13T19:09:20.420857+08:00,0,true,4.27,-1.00,404,model_not_found,false,
candidateB_disconnect,2026-09-13T19:09:20.571839+08:00,0,false,1.84,-1.00,404,model_not_found,false,
candidateB_disconnect,2026-09-13T19:09:20.571839+08:00,1,true,1.91,-1.00,404,model_not_found,false,
candidateB_disconnect,2026-09-13T19:09:20.572208+08:00,2,false,1.77,-1.00,404,model_not_found,false,
candidateB_disconnect,2026-09-13T19:09:20.723349+08:00,2,false,1.66,-1.00,404,model_not_found,false,
candidateB_disconnect,2026-09-13T19:09:20.722913+08:00,1,false,2.17,-1.00,404,model_not_found,false,
candidateB_disconnect,2026-09-13T19:09:20.723544+08:00,0,false,1.85,-1.00,404,model_not_found,false,
candidateB_disconnect,2026-09-13T19:09:20.874022+08:00,1,false,1.90,-1.00,404,model_not_found,false,
candidateB_disconnect,2026-09-13T19:09:20.874022+08:00,0,true,1.96,-1.00,404,model_not_found,false,
candidateB_disconnect,2026-09-13T19:09:20.874397+08:00,2,true,1.92,-1.00,404,model_not_found,false,
candidateB_disconnect,2026-09-13T19:09:21.024917+08:00,2,false,2.18,-1.00,404,model_not_found,false,
candidateB_disconnect,2026-09-13T19:09:21.025252+08:00,0,true,1.96,-1.00,404,model_not_found,false,
candidateB_disconnect,2026-09-13T19:09:21.024911+08:00,1,false,2.57,-1.00,404,model_not_found,false,
candidateB_disconnect,2026-09-13T19:09:21.179696+08:00,0,false,1.48,-1.00,404,model_not_found,false,
candidateB_disconnect,2026-09-13T19:09:21.179379+08:00,1,true,1.86,-1.00,404,model_not_found,false,
candidateB_disconnect,2026-09-13T19:09:21.179943+08:00,2,true,1.55,-1.00,404,model_not_found,false,
candidateB_disconnect,2026-09-13T19:09:21.330365+08:00,0,true,2.24,-1.00,404,model_not_found,false,
candidateB_disconnect,2026-09-13T19:09:21.330365+08:00,1,true,2.42,-1.00,404,model_not_found,false,
candidateB_disconnect,2026-09-13T19:09:21.330747+08:00,2,true,2.84,-1.00,404,model_not_found,false,
candidateB_disconnect,2026-09-13T19:09:21.481455+08:00,2,false,2.21,-1.00,404,model_not_found,false,
candidateB_disconnect,2026-09-13T19:09:21.481956+08:00,1,false,1.81,-1.00,404,model_not_found,false,
candidateB_disconnect,2026-09-13T19:09:21.482023+08:00,0,false,2.08,-1.00,404,model_not_found,false,
candidateB_disconnect,2026-09-13T19:09:21.632787+08:00,2,false,2.66,-1.00,404,model_not_found,false,
candidateB_disconnect,2026-09-13T19:09:21.632698+08:00,0,false,2.83,-1.00,404,model_not_found,false,
candidateB_disconnect,2026-09-13T19:09:21.632698+08:00,1,false,2.94,-1.00,404,model_not_found,false,
candidateB_disconnect,2026-09-13T19:09:21.783243+08:00,2,false,1.59,-1.00,404,model_not_found,false,
candidateB_disconnect,2026-09-13T19:09:21.783243+08:00,0,false,1.65,-1.00,404,model_not_found,false,
candidateB_disconnect,2026-09-13T19:09:21.783312+08:00,1,false,1.77,-1.00,404,model_not_found,false,
candidateB_disconnect,2026-09-13T19:09:21.93424+08:00,0,false,2.16,-1.00,404,model_not_found,false,
candidateB_disconnect,2026-09-13T19:09:21.934885+08:00,2,false,1.65,-1.00,404,model_not_found,false,
candidateB_disconnect,2026-09-13T19:09:21.93499+08:00,1,false,1.92,-1.00,404,model_not_found,false,
candidateB_disconnect,2026-09-13T19:09:22.085272+08:00,2,true,1.79,-1.00,404,model_not_found,false,
candidateB_disconnect,2026-09-13T19:09:22.085175+08:00,0,true,1.90,-1.00,404,model_not_found,false,
candidateB_disconnect,2026-09-13T19:09:22.085175+08:00,1,true,2.30,-1.00,404,model_not_found,false,
candidateB_disconnect,2026-09-13T19:09:22.236109+08:00,0,true,1.93,-1.00,404,model_not_found,false,
candidateB_disconnect,2026-09-13T19:09:22.236269+08:00,2,false,1.84,-1.00,404,model_not_found,false,
candidateB_disconnect,2026-09-13T19:09:22.23611+08:00,1,true,2.39,-1.00,404,model_not_found,false,
candidateB_disconnect,2026-09-13T19:09:22.387394+08:00,0,true,1.20,-1.00,404,model_not_found,false,
candidateB_disconnect,2026-09-13T19:09:22.387529+08:00,2,false,1.06,-1.00,404,model_not_found,false,
candidateB_disconnect,2026-09-13T19:09:22.38771+08:00,1,true,1.26,-1.00,404,model_not_found,false,
candidateB_disconnect,2026-09-13T19:09:22.538418+08:00,2,false,2.16,-1.00,404,model_not_found,false,
candidateB_disconnect,2026-09-13T19:09:22.538496+08:00,1,true,2.15,-1.00,404,model_not_found,false,
candidateB_disconnect,2026-09-13T19:09:22.538418+08:00,0,false,2.27,-1.00,404,model_not_found,false,
candidateB_disconnect,2026-09-13T19:09:22.690137+08:00,0,true,3.98,-1.00,404,model_not_found,false,
candidateB_disconnect,2026-09-13T19:09:22.689543+08:00,1,false,4.64,-1.00,404,model_not_found,false,
candidateB_disconnect,2026-09-13T19:09:22.691424+08:00,2,true,3.12,-1.00,404,model_not_found,false,
candidateB_disconnect,2026-09-13T19:09:22.840712+08:00,1,false,6.13,-1.00,404,model_not_found,false,
candidateB_disconnect,2026-09-13T19:09:22.845574+08:00,2,true,2.75,-1.00,404,model_not_found,false,
candidateB_disconnect,2026-09-13T19:09:22.840712+08:00,0,true,7.67,-1.00,404,model_not_found,false,
candidateB_disconnect,2026-09-13T19:09:22.992788+08:00,0,false,1.58,-1.00,404,model_not_found,false,
candidateB_disconnect,2026-09-13T19:09:22.991877+08:00,1,true,2.50,-1.00,404,model_not_found,false,
candidateB_disconnect,2026-09-13T19:09:22.995617+08:00,2,false,0.45,-1.00,404,model_not_found,false,
candidateB_disconnect,2026-09-13T19:09:23.142897+08:00,0,true,1.52,-1.00,404,model_not_found,false,
candidateB_disconnect,2026-09-13T19:09:23.143461+08:00,1,true,1.00,-1.00,404,model_not_found,false,
candidateB_disconnect,2026-09-13T19:09:23.145805+08:00,2,false,0.64,-1.00,404,model_not_found,false,
candidateB_disconnect,2026-09-13T19:09:23.294135+08:00,0,false,1.62,-1.00,404,model_not_found,false,
candidateB_disconnect,2026-09-13T19:09:23.294135+08:00,1,true,1.62,-1.00,404,model_not_found,false,
candidateB_disconnect,2026-09-13T19:09:23.295805+08:00,2,false,0.62,-1.00,404,model_not_found,false,
candidateB_disconnect,2026-09-13T19:09:23.445141+08:00,0,false,0.83,-1.00,404,model_not_found,false,
candidateB_disconnect,2026-09-13T19:09:23.445141+08:00,1,true,0.90,-1.00,404,model_not_found,false,
candidateB_disconnect,2026-09-13T19:09:23.446747+08:00,2,false,0.68,-1.00,404,model_not_found,false,
candidateB_disconnect,2026-09-13T19:09:23.596398+08:00,0,false,1.87,-1.00,404,model_not_found,false,
candidateB_disconnect,2026-09-13T19:09:23.596399+08:00,1,false,1.92,-1.00,404,model_not_found,false,
candidateB_disconnect,2026-09-13T19:09:23.596764+08:00,2,false,1.59,-1.00,404,model_not_found,false,
candidateB_disconnect,2026-09-13T19:09:23.747558+08:00,1,true,4.50,-1.00,404,model_not_found,false,
candidateB_disconnect,2026-09-13T19:09:23.748236+08:00,0,true,4.04,-1.00,404,model_not_found,false,
candidateB_disconnect,2026-09-13T19:09:23.749369+08:00,2,false,3.57,-1.00,404,model_not_found,false,
candidateB_disconnect,2026-09-13T19:09:23.900273+08:00,2,false,2.62,-1.00,404,model_not_found,false,
candidateB_disconnect,2026-09-13T19:09:23.898703+08:00,1,false,4.21,-1.00,404,model_not_found,false,
candidateB_disconnect,2026-09-13T19:09:23.898703+08:00,0,true,4.96,-1.00,404,model_not_found,false,
candidateB_disconnect,2026-09-13T19:09:24.049748+08:00,0,true,2.47,-1.00,404,model_not_found,false,
candidateB_disconnect,2026-09-13T19:09:24.049921+08:00,1,false,2.39,-1.00,404,model_not_found,false,
candidateB_disconnect,2026-09-13T19:09:24.050293+08:00,2,true,2.05,-1.00,404,model_not_found,false,
candidateB_disconnect,2026-09-13T19:09:24.200639+08:00,1,true,0.95,-1.00,404,model_not_found,false,
candidateB_disconnect,2026-09-13T19:09:24.200634+08:00,0,true,0.97,-1.00,404,model_not_found,false,
candidateB_disconnect,2026-09-13T19:09:24.200733+08:00,2,false,0.90,-1.00,404,model_not_found,false,
candidateB_disconnect,2026-09-13T19:09:24.351937+08:00,1,true,1.58,-1.00,404,model_not_found,false,
candidateB_disconnect,2026-09-13T19:09:24.351256+08:00,0,true,2.34,-1.00,404,model_not_found,false,
candidateB_disconnect,2026-09-13T19:09:24.352013+08:00,2,false,1.78,-1.00,404,model_not_found,false,
candidateB_disconnect,2026-09-13T19:09:24.501997+08:00,1,false,1.96,-1.00,404,model_not_found,false,
candidateB_disconnect,2026-09-13T19:09:24.502138+08:00,2,false,1.96,-1.00,404,model_not_found,false,
candidateB_disconnect,2026-09-13T19:09:24.501985+08:00,0,true,2.66,-1.00,404,model_not_found,false,
candidateB_disconnect,2026-09-13T19:09:24.653058+08:00,0,false,2.32,-1.00,404,model_not_found,false,
candidateB_disconnect,2026-09-13T19:09:24.653058+08:00,1,false,2.47,-1.00,404,model_not_found,false,
candidateB_disconnect,2026-09-13T19:09:24.653496+08:00,2,false,2.68,-1.00,404,model_not_found,false,
candidateB_disconnect,2026-09-13T19:09:24.80464+08:00,2,true,2.31,-1.00,404,model_not_found,false,
candidateB_disconnect,2026-09-13T19:09:24.80526+08:00,1,false,1.72,-1.00,404,model_not_found,false,
candidateB_disconnect,2026-09-13T19:09:24.805369+08:00,0,false,1.67,-1.00,404,model_not_found,false,
candidateB_disconnect,2026-09-13T19:09:24.955645+08:00,2,true,2.13,-1.00,404,model_not_found,false,
candidateB_disconnect,2026-09-13T19:09:24.95579+08:00,1,false,2.05,-1.00,404,model_not_found,false,
candidateB_disconnect,2026-09-13T19:09:24.955645+08:00,0,true,2.28,-1.00,404,model_not_found,false,
candidateB_disconnect,2026-09-13T19:09:25.106833+08:00,0,false,4.54,-1.00,404,model_not_found,false,
candidateB_disconnect,2026-09-13T19:09:25.106756+08:00,2,true,6.42,-1.00,404,model_not_found,false,
candidateB_disconnect,2026-09-13T19:09:25.106756+08:00,1,true,7.30,-1.00,404,model_not_found,false,
candidateB_disconnect,2026-09-13T19:09:25.257222+08:00,1,true,1.70,-1.00,404,model_not_found,false,
candidateB_disconnect,2026-09-13T19:09:25.257435+08:00,0,false,1.53,-1.00,404,model_not_found,false,
candidateB_disconnect,2026-09-13T19:09:25.257495+08:00,2,false,1.54,-1.00,404,model_not_found,false,
candidateB_disconnect,2026-09-13T19:09:25.409002+08:00,1,false,1.90,-1.00,404,model_not_found,false,
candidateB_disconnect,2026-09-13T19:09:25.409114+08:00,0,false,1.79,-1.00,404,model_not_found,false,
candidateB_disconnect,2026-09-13T19:09:25.408268+08:00,2,false,2.68,-1.00,404,model_not_found,false,
candidateB_disconnect,2026-09-13T19:09:25.559352+08:00,1,true,1.17,-1.00,404,model_not_found,false,
candidateB_disconnect,2026-09-13T19:09:25.559587+08:00,0,false,0.98,-1.00,404,model_not_found,false,
candidateB_disconnect,2026-09-13T19:09:25.559655+08:00,2,false,0.93,-1.00,404,model_not_found,false,
candidateB_disconnect,2026-09-13T19:09:25.711096+08:00,1,true,1.39,-1.00,404,model_not_found,false,
candidateB_disconnect,2026-09-13T19:09:25.71152+08:00,0,false,1.01,-1.00,404,model_not_found,false,
candidateB_disconnect,2026-09-13T19:09:25.711607+08:00,2,false,1.06,-1.00,404,model_not_found,false,
candidateB_disconnect,2026-09-13T19:09:25.862502+08:00,0,false,1.86,-1.00,404,model_not_found,false,
candidateB_disconnect,2026-09-13T19:09:25.862407+08:00,1,false,2.04,-1.00,404,model_not_found,false,
candidateB_disconnect,2026-09-13T19:09:25.862378+08:00,2,false,2.10,-1.00,404,model_not_found,false,
candidateB_disconnect,2026-09-13T19:09:26.013335+08:00,2,true,1.85,-1.00,404,model_not_found,false,
candidateB_disconnect,2026-09-13T19:09:26.013486+08:00,0,false,1.76,-1.00,404,model_not_found,false,
candidateB_disconnect,2026-09-13T19:09:26.013329+08:00,1,false,2.02,-1.00,404,model_not_found,false,
candidateB_disconnect,2026-09-13T19:09:26.165061+08:00,1,true,1.83,-1.00,404,model_not_found,false,
candidateB_disconnect,2026-09-13T19:09:26.164535+08:00,2,false,2.36,-1.00,404,model_not_found,false,
candidateB_disconnect,2026-09-13T19:09:26.165162+08:00,0,false,1.82,-1.00,404,model_not_found,false,
candidateB_disconnect,2026-09-13T19:09:26.31515+08:00,2,true,1.66,-1.00,404,model_not_found,false,
candidateB_disconnect,2026-09-13T19:09:26.31515+08:00,1,false,1.72,-1.00,404,model_not_found,false,
candidateB_disconnect,2026-09-13T19:09:26.315253+08:00,0,false,1.81,-1.00,404,model_not_found,false,
candidateB_disconnect,2026-09-13T19:09:26.466215+08:00,1,true,0.86,-1.00,404,model_not_found,false,
candidateB_disconnect,2026-09-13T19:09:26.466187+08:00,2,true,0.97,-1.00,404,model_not_found,false,
candidateB_disconnect,2026-09-13T19:09:26.466183+08:00,0,true,1.27,-1.00,404,model_not_found,false,
candidateB_disconnect,2026-09-13T19:09:26.617896+08:00,0,true,1.81,-1.00,404,model_not_found,false,
candidateB_disconnect,2026-09-13T19:09:26.617739+08:00,2,false,1.97,-1.00,404,model_not_found,false,
candidateB_disconnect,2026-09-13T19:09:26.61735+08:00,1,false,2.42,-1.00,404,model_not_found,false,
candidateB_disconnect,2026-09-13T19:09:26.768506+08:00,1,true,2.21,-1.00,404,model_not_found,false,
candidateB_disconnect,2026-09-13T19:09:26.769092+08:00,0,false,1.71,-1.00,404,model_not_found,false,
candidateB_disconnect,2026-09-13T19:09:26.769381+08:00,2,false,1.48,-1.00,404,model_not_found,false,
candidateB_disconnect,2026-09-13T19:09:26.918651+08:00,1,false,1.74,-1.00,404,model_not_found,false,
candidateB_disconnect,2026-09-13T19:09:26.919162+08:00,0,false,1.29,-1.00,404,model_not_found,false,
candidateB_disconnect,2026-09-13T19:09:26.919453+08:00,2,false,1.14,-1.00,404,model_not_found,false,
candidateB_disconnect,2026-09-13T19:09:27.069695+08:00,1,true,0.82,-1.00,404,model_not_found,false,
candidateB_disconnect,2026-09-13T19:09:27.069664+08:00,0,true,0.88,-1.00,404,model_not_found,false,
candidateB_disconnect,2026-09-13T19:09:27.069664+08:00,2,true,1.75,-1.00,404,model_not_found,false,
candidateB_disconnect,2026-09-13T19:09:27.220815+08:00,0,false,1.24,-1.00,404,model_not_found,false,
candidateB_disconnect,2026-09-13T19:09:27.220773+08:00,2,true,1.29,-1.00,404,model_not_found,false,
candidateB_disconnect,2026-09-13T19:09:27.220773+08:00,1,false,1.49,-1.00,404,model_not_found,false,
candidateB_disconnect,2026-09-13T19:09:27.372013+08:00,0,false,1.80,-1.00,404,model_not_found,false,
candidateB_disconnect,2026-09-13T19:09:27.372113+08:00,2,false,1.76,-1.00,404,model_not_found,false,
candidateB_disconnect,2026-09-13T19:09:27.372013+08:00,1,true,1.95,-1.00,404,model_not_found,false,
candidateB_disconnect,2026-09-13T19:09:27.523149+08:00,1,false,2.14,-1.00,404,model_not_found,false,
candidateB_disconnect,2026-09-13T19:09:27.523361+08:00,2,false,1.96,-1.00,404,model_not_found,false,
candidateB_disconnect,2026-09-13T19:09:27.523585+08:00,0,false,1.79,-1.00,404,model_not_found,false,
candidateB_disconnect,2026-09-13T19:09:27.674129+08:00,0,true,0.83,-1.00,404,model_not_found,false,
candidateB_disconnect,2026-09-13T19:09:27.674195+08:00,2,false,0.85,-1.00,404,model_not_found,false,
candidateB_disconnect,2026-09-13T19:09:27.674116+08:00,1,false,1.16,-1.00,404,model_not_found,false,
candidateB_disconnect,2026-09-13T19:09:27.825239+08:00,2,false,2.64,-1.00,404,model_not_found,false,
candidateB_disconnect,2026-09-13T19:09:27.82568+08:00,1,false,2.39,-1.00,404,model_not_found,false,
candidateB_disconnect,2026-09-13T19:09:27.82522+08:00,0,true,2.66,-1.00,404,model_not_found,false,
candidateB_disconnect,2026-09-13T19:09:27.976599+08:00,2,false,4.30,-1.00,404,model_not_found,false,
candidateB_disconnect,2026-09-13T19:09:27.977371+08:00,0,false,3.69,-1.00,404,model_not_found,false,
candidateB_disconnect,2026-09-13T19:09:27.980423+08:00,1,false,1.50,-1.00,404,model_not_found,false,
candidateB_disconnect,2026-09-13T19:09:28.126649+08:00,2,false,1.02,-1.00,404,model_not_found,false,
candidateB_disconnect,2026-09-13T19:09:28.127416+08:00,0,false,0.36,-1.00,404,model_not_found,false,
candidateB_disconnect,2026-09-13T19:09:28.130842+08:00,1,true,0.38,-1.00,404,model_not_found,false,
candidateB_disconnect,2026-09-13T19:09:28.277796+08:00,0,false,1.15,-1.00,404,model_not_found,false,
candidateB_disconnect,2026-09-13T19:09:28.277797+08:00,2,false,1.15,-1.00,404,model_not_found,false,
candidateB_disconnect,2026-09-13T19:09:28.281121+08:00,1,false,0.55,-1.00,404,model_not_found,false,
candidateB_disconnect,2026-09-13T19:09:28.42852+08:00,0,false,1.73,-1.00,404,model_not_found,false,
candidateB_disconnect,2026-09-13T19:09:28.42847+08:00,2,false,1.78,-1.00,404,model_not_found,false,
candidateB_disconnect,2026-09-13T19:09:28.43127+08:00,1,false,0.52,-1.00,404,model_not_found,false,
candidateB_disconnect,2026-09-13T19:09:28.581913+08:00,1,true,3.36,-1.00,404,model_not_found,false,
candidateB_disconnect,2026-09-13T19:09:28.579287+08:00,0,false,6.00,-1.00,404,model_not_found,false,
candidateB_disconnect,2026-09-13T19:09:28.579287+08:00,2,false,6.02,-1.00,404,model_not_found,false,
candidateB_disconnect,2026-09-13T19:09:28.730922+08:00,2,false,1.84,-1.00,404,model_not_found,false,
candidateB_disconnect,2026-09-13T19:09:28.731413+08:00,0,false,1.36,-1.00,404,model_not_found,false,
candidateB_disconnect,2026-09-13T19:09:28.732063+08:00,1,false,1.23,-1.00,404,model_not_found,false,
candidateB_disconnect,2026-09-13T19:09:28.881247+08:00,2,true,1.59,-1.00,404,model_not_found,false,
candidateB_disconnect,2026-09-13T19:09:28.881488+08:00,0,true,1.47,-1.00,404,model_not_found,false,
candidateB_disconnect,2026-09-13T19:09:28.882287+08:00,1,true,0.99,-1.00,404,model_not_found,false,
candidateB_disconnect,2026-09-13T19:09:29.032374+08:00,0,false,2.45,-1.00,404,model_not_found,false,
candidateB_disconnect,2026-09-13T19:09:29.032466+08:00,1,false,2.46,-1.00,404,model_not_found,false,
candidateB_disconnect,2026-09-13T19:09:29.032374+08:00,2,false,2.66,-1.00,404,model_not_found,false,
candidateB_disconnect,2026-09-13T19:09:29.183582+08:00,2,false,2.25,-1.00,404,model_not_found,false,
candidateB_disconnect,2026-09-13T19:09:29.183755+08:00,1,true,2.13,-1.00,404,model_not_found,false,
candidateB_disconnect,2026-09-13T19:09:29.184214+08:00,0,false,2.02,-1.00,404,model_not_found,false,
candidateB_disconnect,2026-09-13T19:09:29.33425+08:00,2,false,1.87,-1.00,404,model_not_found,false,
candidateB_disconnect,2026-09-13T19:09:29.334363+08:00,0,false,1.76,-1.00,404,model_not_found,false,
candidateB_disconnect,2026-09-13T19:09:29.33425+08:00,1,false,1.92,-1.00,404,model_not_found,false,
candidateB_disconnect,2026-09-13T19:09:29.485369+08:00,2,true,1.66,-1.00,404,model_not_found,false,
candidateB_disconnect,2026-09-13T19:09:29.485499+08:00,1,true,1.59,-1.00,404,model_not_found,false,
candidateB_disconnect,2026-09-13T19:09:29.48537+08:00,0,false,1.82,-1.00,404,model_not_found,false,
candidateB_disconnect,2026-09-13T19:09:29.636668+08:00,2,true,2.88,-1.00,404,model_not_found,false,
candidateB_disconnect,2026-09-13T19:09:29.636577+08:00,1,false,3.05,-1.00,404,model_not_found,false,
candidateB_disconnect,2026-09-13T19:09:29.636577+08:00,0,true,3.12,-1.00,404,model_not_found,false,
candidateB_disconnect,2026-09-13T19:09:29.7879+08:00,0,false,1.74,-1.00,404,model_not_found,false,
candidateB_disconnect,2026-09-13T19:09:29.787768+08:00,1,true,1.94,-1.00,404,model_not_found,false,
candidateB_disconnect,2026-09-13T19:09:29.787746+08:00,2,false,2.11,-1.00,404,model_not_found,false,
candidateB_disconnect,2026-09-13T19:09:29.938874+08:00,1,false,2.06,-1.00,404,model_not_found,false,
candidateB_disconnect,2026-09-13T19:09:29.93899+08:00,2,true,2.05,-1.00,404,model_not_found,false,
candidateB_disconnect,2026-09-13T19:09:29.938874+08:00,0,false,2.58,-1.00,404,model_not_found,false,
candidateB_disconnect,2026-09-13T19:09:30.090747+08:00,2,false,3.52,-1.00,404,model_not_found,false,
candidateB_disconnect,2026-09-13T19:09:30.09004+08:00,0,true,4.27,-1.00,404,model_not_found,false,
candidateB_disconnect,2026-09-13T19:09:30.090861+08:00,1,false,4.27,-1.00,404,model_not_found,false,
candidateB_disconnect,2026-09-13T19:09:30.241303+08:00,0,false,6.02,-1.00,404,model_not_found,false,
candidateB_disconnect,2026-09-13T19:09:30.241172+08:00,2,false,6.90,-1.00,404,model_not_found,false,
candidateB_disconnect,2026-09-13T19:09:30.241171+08:00,1,true,7.01,-1.00,404,model_not_found,false,
candidateB_disconnect,2026-09-13T19:09:30.392769+08:00,2,false,4.17,-1.00,404,model_not_found,false,
candidateB_disconnect,2026-09-13T19:09:30.392387+08:00,1,true,4.78,-1.00,404,model_not_found,false,
candidateB_disconnect,2026-09-13T19:09:30.392386+08:00,0,false,5.06,-1.00,404,model_not_found,false,
candidateB_disconnect,2026-09-13T19:09:30.545954+08:00,0,true,1.63,-1.00,404,model_not_found,false,
candidateB_disconnect,2026-09-13T19:09:30.545958+08:00,1,true,2.00,-1.00,404,model_not_found,false,
candidateB_disconnect,2026-09-13T19:09:30.546581+08:00,2,false,1.49,-1.00,404,model_not_found,false,
candidateB_disconnect,2026-09-13T19:09:30.696919+08:00,1,true,1.89,-1.00,404,model_not_found,false,
candidateB_disconnect,2026-09-13T19:09:30.697213+08:00,0,true,1.67,-1.00,404,model_not_found,false,
candidateB_disconnect,2026-09-13T19:09:30.696919+08:00,2,false,2.06,-1.00,404,model_not_found,false,
candidateB_disconnect,2026-09-13T19:09:30.84772+08:00,0,false,1.05,-1.00,404,model_not_found,false,
candidateB_disconnect,2026-09-13T19:09:30.84781+08:00,2,false,1.06,-1.00,404,model_not_found,false,
candidateB_disconnect,2026-09-13T19:09:30.847992+08:00,1,true,1.28,-1.00,404,model_not_found,false,
candidateB_disconnect,2026-09-13T19:09:30.998984+08:00,1,false,1.97,-1.00,404,model_not_found,false,
candidateB_disconnect,2026-09-13T19:09:30.998876+08:00,2,false,2.16,-1.00,404,model_not_found,false,
candidateB_disconnect,2026-09-13T19:09:30.99888+08:00,0,false,2.29,-1.00,404,model_not_found,false,
candidateB_disconnect,2026-09-13T19:09:31.150184+08:00,1,false,3.15,-1.00,404,model_not_found,false,
candidateB_disconnect,2026-09-13T19:09:31.150095+08:00,0,true,3.24,-1.00,404,model_not_found,false,
candidateB_disconnect,2026-09-13T19:09:31.150096+08:00,2,false,3.85,-1.00,404,model_not_found,false,
candidateB_disconnect,2026-09-13T19:09:31.301967+08:00,0,false,2.31,-1.00,404,model_not_found,false,
candidateB_disconnect,2026-09-13T19:09:31.302222+08:00,1,false,2.08,-1.00,404,model_not_found,false,
candidateB_disconnect,2026-09-13T19:09:31.30118+08:00,2,false,3.17,-1.00,404,model_not_found,false,
candidateB_disconnect,2026-09-13T19:09:31.45345+08:00,1,false,1.97,-1.00,404,model_not_found,false,
candidateB_disconnect,2026-09-13T19:09:31.452474+08:00,0,false,3.00,-1.00,404,model_not_found,false,
candidateB_disconnect,2026-09-13T19:09:31.453691+08:00,2,true,2.42,-1.00,404,model_not_found,false,
candidateB_disconnect,2026-09-13T19:09:31.603753+08:00,2,false,2.97,-1.00,404,model_not_found,false,
candidateB_disconnect,2026-09-13T19:09:31.603607+08:00,1,false,3.12,-1.00,404,model_not_found,false,
candidateB_disconnect,2026-09-13T19:09:31.603607+08:00,0,true,3.17,-1.00,404,model_not_found,false,
candidateB_disconnect,2026-09-13T19:09:31.755754+08:00,1,false,2.07,-1.00,404,model_not_found,false,
candidateB_disconnect,2026-09-13T19:09:31.754823+08:00,2,true,3.07,-1.00,404,model_not_found,false,
candidateB_disconnect,2026-09-13T19:09:31.755518+08:00,0,true,2.45,-1.00,404,model_not_found,false,
candidateB_disconnect,2026-09-13T19:09:31.905978+08:00,2,false,1.98,-1.00,404,model_not_found,false,
candidateB_disconnect,2026-09-13T19:09:31.906111+08:00,0,false,1.91,-1.00,404,model_not_found,false,
candidateB_disconnect,2026-09-13T19:09:31.905978+08:00,1,false,4.19,-1.00,404,model_not_found,false,
candidateB_disconnect,2026-09-13T19:09:32.057237+08:00,2,false,2.90,-1.00,404,model_not_found,false,
candidateB_disconnect,2026-09-13T19:09:32.057368+08:00,1,false,2.77,-1.00,404,model_not_found,false,
candidateB_disconnect,2026-09-13T19:09:32.057237+08:00,0,false,2.97,-1.00,404,model_not_found,false,
candidateB_disconnect,2026-09-13T19:09:32.208446+08:00,0,false,2.83,-1.00,404,model_not_found,false,
candidateB_disconnect,2026-09-13T19:09:32.208323+08:00,2,false,3.02,-1.00,404,model_not_found,false,
candidateB_disconnect,2026-09-13T19:09:32.208323+08:00,1,false,3.35,-1.00,404,model_not_found,false,
candidateB_disconnect,2026-09-13T19:09:32.359562+08:00,0,false,2.61,-1.00,404,model_not_found,false,
candidateB_disconnect,2026-09-13T19:09:32.360166+08:00,2,false,2.08,-1.00,404,model_not_found,false,
candidateB_disconnect,2026-09-13T19:09:32.36032+08:00,1,true,2.04,-1.00,404,model_not_found,false,
candidateB_disconnect,2026-09-13T19:09:32.511279+08:00,1,false,3.24,-1.00,404,model_not_found,false,
candidateB_disconnect,2026-09-13T19:09:32.511148+08:00,0,true,3.48,-1.00,404,model_not_found,false,
candidateB_disconnect,2026-09-13T19:09:32.510559+08:00,2,false,4.18,-1.00,404,model_not_found,false,
candidateB_disconnect,2026-09-13T19:09:32.66108+08:00,2,false,2.80,-1.00,404,model_not_found,false,
candidateB_disconnect,2026-09-13T19:09:32.661232+08:00,0,true,2.72,-1.00,404,model_not_found,false,
candidateB_disconnect,2026-09-13T19:09:32.661654+08:00,1,false,2.67,-1.00,404,model_not_found,false,
candidateB_disconnect,2026-09-13T19:09:32.812258+08:00,0,false,2.04,-1.00,404,model_not_found,false,
candidateB_disconnect,2026-09-13T19:09:32.812132+08:00,1,true,2.29,-1.00,404,model_not_found,false,
candidateB_disconnect,2026-09-13T19:09:32.812132+08:00,2,false,2.90,-1.00,404,model_not_found,false,
candidateB_disconnect,2026-09-13T19:09:32.962455+08:00,1,false,1.29,-1.00,404,model_not_found,false,
candidateB_disconnect,2026-09-13T19:09:32.962409+08:00,2,false,1.41,-1.00,404,model_not_found,false,
candidateB_disconnect,2026-09-13T19:09:32.962421+08:00,0,false,1.62,-1.00,404,model_not_found,false,
candidateB_disconnect,2026-09-13T19:09:33.113987+08:00,2,true,2.71,-1.00,404,model_not_found,false,
candidateB_disconnect,2026-09-13T19:09:33.11346+08:00,0,false,3.25,-1.00,404,model_not_found,false,
candidateB_disconnect,2026-09-13T19:09:33.11404+08:00,1,false,2.73,-1.00,404,model_not_found,false,
candidateB_disconnect,2026-09-13T19:09:33.264489+08:00,0,true,2.50,-1.00,404,model_not_found,false,
candidateB_disconnect,2026-09-13T19:09:33.264637+08:00,1,false,2.39,-1.00,404,model_not_found,false,
candidateB_disconnect,2026-09-13T19:09:33.264489+08:00,2,true,2.56,-1.00,404,model_not_found,false,
candidateB_disconnect,2026-09-13T19:09:33.41563+08:00,0,true,1.79,-1.00,404,model_not_found,false,
candidateB_disconnect,2026-09-13T19:09:33.41563+08:00,2,true,1.88,-1.00,404,model_not_found,false,
candidateB_disconnect,2026-09-13T19:09:33.416071+08:00,1,true,1.48,-1.00,404,model_not_found,false,
candidateB_disconnect,2026-09-13T19:09:33.566823+08:00,0,false,8.04,-1.00,404,model_not_found,false,
candidateB_disconnect,2026-09-13T19:09:33.566787+08:00,2,true,8.17,-1.00,404,model_not_found,false,
candidateB_disconnect,2026-09-13T19:09:33.566934+08:00,1,false,8.18,-1.00,404,model_not_found,false,
candidateB_disconnect,2026-09-13T19:09:33.718735+08:00,1,false,2.84,-1.00,404,model_not_found,false,
candidateB_disconnect,2026-09-13T19:09:33.719319+08:00,2,false,2.70,-1.00,404,model_not_found,false,
candidateB_disconnect,2026-09-13T19:09:33.719427+08:00,0,true,3.72,-1.00,404,model_not_found,false,
candidateB_disconnect,2026-09-13T19:09:33.869919+08:00,2,false,3.42,-1.00,404,model_not_found,false,
candidateB_disconnect,2026-09-13T19:09:33.869919+08:00,0,true,3.58,-1.00,404,model_not_found,false,
candidateB_disconnect,2026-09-13T19:09:33.870363+08:00,1,false,3.41,-1.00,404,model_not_found,false,
candidateB_disconnect,2026-09-13T19:09:34.021735+08:00,1,true,1.70,-1.00,404,model_not_found,false,
candidateB_disconnect,2026-09-13T19:09:34.02131+08:00,2,true,2.41,-1.00,404,model_not_found,false,
candidateB_disconnect,2026-09-13T19:09:34.021909+08:00,0,false,2.07,-1.00,404,model_not_found,false,
candidateB_disconnect,2026-09-13T19:09:34.172428+08:00,0,false,1.78,-1.00,404,model_not_found,false,
candidateB_disconnect,2026-09-13T19:09:34.172537+08:00,1,false,1.73,-1.00,404,model_not_found,false,
candidateB_disconnect,2026-09-13T19:09:34.172428+08:00,2,true,2.20,-1.00,404,model_not_found,false,
candidateB_disconnect,2026-09-13T19:09:34.324237+08:00,1,false,3.42,-1.00,404,model_not_found,false,
candidateB_disconnect,2026-09-13T19:09:34.323565+08:00,2,false,4.17,-1.00,404,model_not_found,false,
candidateB_disconnect,2026-09-13T19:09:34.3261+08:00,0,true,2.27,-1.00,404,model_not_found,false,
candidateB_disconnect,2026-09-13T19:09:34.474699+08:00,1,false,5.09,-1.00,404,model_not_found,false,
candidateB_disconnect,2026-09-13T19:09:34.474698+08:00,2,false,5.26,-1.00,404,model_not_found,false,
candidateB_disconnect,2026-09-13T19:09:34.478954+08:00,0,true,1.77,-1.00,404,model_not_found,false,
candidateB_disconnect,2026-09-13T19:09:34.625196+08:00,1,false,0.70,-1.00,404,model_not_found,false,
candidateB_disconnect,2026-09-13T19:09:34.625194+08:00,2,false,0.70,-1.00,404,model_not_found,false,
candidateB_disconnect,2026-09-13T19:09:34.629268+08:00,0,false,1.12,-1.00,404,model_not_found,false,
candidateB_disconnect,2026-09-13T19:09:34.779484+08:00,0,true,3.89,-1.00,404,model_not_found,false,
candidateB_disconnect,2026-09-13T19:09:34.779334+08:00,2,false,4.13,-1.00,404,model_not_found,false,
candidateB_disconnect,2026-09-13T19:09:34.780907+08:00,1,false,2.57,-1.00,404,model_not_found,false,
candidateB_disconnect,2026-09-13T19:09:34.931094+08:00,1,true,1.49,-1.00,404,model_not_found,false,
candidateB_disconnect,2026-09-13T19:09:34.930521+08:00,0,false,2.17,-1.00,404,model_not_found,false,
candidateB_disconnect,2026-09-13T19:09:34.931266+08:00,2,false,1.76,-1.00,404,model_not_found,false,
candidateB_disconnect,2026-09-13T19:09:35.081809+08:00,2,false,2.09,-1.00,404,model_not_found,false,
candidateB_disconnect,2026-09-13T19:09:35.081874+08:00,0,true,2.10,-1.00,404,model_not_found,false,
candidateB_disconnect,2026-09-13T19:09:35.081737+08:00,1,false,2.26,-1.00,404,model_not_found,false,
candidateB_disconnect,2026-09-13T19:09:35.232988+08:00,1,false,3.28,-1.00,404,model_not_found,false,
candidateB_disconnect,2026-09-13T19:09:35.232864+08:00,2,false,3.80,-1.00,404,model_not_found,false,
candidateB_disconnect,2026-09-13T19:09:35.232864+08:00,0,false,4.11,-1.00,404,model_not_found,false,
candidateB_disconnect,2026-09-13T19:09:35.384171+08:00,0,true,4.43,-1.00,404,model_not_found,false,
candidateB_disconnect,2026-09-13T19:09:35.385092+08:00,2,false,3.59,-1.00,404,model_not_found,false,
candidateB_disconnect,2026-09-13T19:09:35.384191+08:00,1,false,4.85,-1.00,404,model_not_found,false,
candidateB_disconnect,2026-09-13T19:09:35.534603+08:00,0,false,3.08,-1.00,404,model_not_found,false,
candidateB_disconnect,2026-09-13T19:09:35.535825+08:00,2,false,1.87,-1.00,404,model_not_found,false,
candidateB_disconnect,2026-09-13T19:09:35.534603+08:00,1,true,3.15,-1.00,404,model_not_found,false,
candidateB_disconnect,2026-09-13T19:09:35.685783+08:00,1,false,1.66,-1.00,404,model_not_found,false,
candidateB_disconnect,2026-09-13T19:09:35.685517+08:00,0,true,1.99,-1.00,404,model_not_found,false,
candidateB_disconnect,2026-09-13T19:09:35.685969+08:00,2,false,2.51,-1.00,404,model_not_found,false,
candidateB_disconnect,2026-09-13T19:09:35.837409+08:00,1,false,1.67,-1.00,404,model_not_found,false,
candidateB_disconnect,2026-09-13T19:09:35.836939+08:00,2,true,2.39,-1.00,404,model_not_found,false,
candidateB_disconnect,2026-09-13T19:09:35.837502+08:00,0,false,2.10,-1.00,404,model_not_found,false,
candidateB_disconnect,2026-09-13T19:09:35.988176+08:00,0,false,1.93,-1.00,404,model_not_found,false,
candidateB_disconnect,2026-09-13T19:09:35.988097+08:00,2,true,2.01,-1.00,404,model_not_found,false,
candidateB_disconnect,2026-09-13T19:09:35.988097+08:00,1,false,2.06,-1.00,404,model_not_found,false,
candidateB_disconnect,2026-09-13T19:09:36.139172+08:00,0,false,1.06,-1.00,404,model_not_found,false,
candidateB_disconnect,2026-09-13T19:09:36.139169+08:00,1,false,1.11,-1.00,404,model_not_found,false,
candidateB_disconnect,2026-09-13T19:09:36.13921+08:00,2,false,1.12,-1.00,404,model_not_found,false,
candidateB_disconnect,2026-09-13T19:09:36.292106+08:00,0,false,1.88,-1.00,404,model_not_found,false,
candidateB_disconnect,2026-09-13T19:09:36.291491+08:00,1,false,2.51,-1.00,404,model_not_found,false,
candidateB_disconnect,2026-09-13T19:09:36.293078+08:00,2,true,1.31,-1.00,404,model_not_found,false,
candidateB_disconnect,2026-09-13T19:09:36.446572+08:00,2,true,1.98,-1.00,404,model_not_found,false,
candidateB_disconnect,2026-09-13T19:09:36.442592+08:00,0,false,6.03,-1.00,404,model_not_found,false,
candidateB_disconnect,2026-09-13T19:09:36.442592+08:00,1,false,6.14,-1.00,404,model_not_found,false,
candidateB_disconnect,2026-09-13T19:09:36.593893+08:00,0,true,1.70,-1.00,404,model_not_found,false,
candidateB_disconnect,2026-09-13T19:09:36.593235+08:00,1,true,2.36,-1.00,404,model_not_found,false,
candidateB_disconnect,2026-09-13T19:09:36.596823+08:00,2,false,0.43,-1.00,404,model_not_found,false,
candidateB_disconnect,2026-09-13T19:09:36.745348+08:00,1,true,1.93,-1.00,404,model_not_found,false,
candidateB_disconnect,2026-09-13T19:09:36.745348+08:00,0,false,2.16,-1.00,404,model_not_found,false,
candidateB_disconnect,2026-09-13T19:09:36.747564+08:00,2,true,0.54,-1.00,404,model_not_found,false,
candidateB_disconnect,2026-09-13T19:09:36.896538+08:00,1,true,1.81,-1.00,404,model_not_found,false,
candidateB_disconnect,2026-09-13T19:09:36.896119+08:00,0,true,2.26,-1.00,404,model_not_found,false,
candidateB_disconnect,2026-09-13T19:09:36.897682+08:00,2,true,1.05,-1.00,404,model_not_found,false,
candidateB_disconnect,2026-09-13T19:09:37.048492+08:00,2,false,4.52,-1.00,404,model_not_found,false,
candidateB_disconnect,2026-09-13T19:09:37.048687+08:00,1,true,4.44,-1.00,404,model_not_found,false,
candidateB_disconnect,2026-09-13T19:09:37.048817+08:00,0,false,4.83,-1.00,404,model_not_found,false,
candidateB_disconnect,2026-09-13T19:09:37.199042+08:00,0,true,4.44,-1.00,404,model_not_found,false,
candidateB_disconnect,2026-09-13T19:09:37.199996+08:00,1,false,3.62,-1.00,404,model_not_found,false,
candidateB_disconnect,2026-09-13T19:09:37.20013+08:00,2,false,3.83,-1.00,404,model_not_found,false,
candidateB_disconnect,2026-09-13T19:09:37.350082+08:00,0,false,0.42,-1.00,404,model_not_found,false,
candidateB_disconnect,2026-09-13T19:09:37.350067+08:00,1,false,0.56,-1.00,404,model_not_found,false,
candidateB_disconnect,2026-09-13T19:09:37.350142+08:00,2,true,0.51,-1.00,404,model_not_found,false,
candidateB_disconnect,2026-09-13T19:09:37.502028+08:00,2,true,2.20,-1.00,404,model_not_found,false,
candidateB_disconnect,2026-09-13T19:09:37.502798+08:00,0,true,1.61,-1.00,404,model_not_found,false,
candidateB_disconnect,2026-09-13T19:09:37.502827+08:00,1,true,2.03,-1.00,404,model_not_found,false,
candidateB_disconnect,2026-09-13T19:09:37.653013+08:00,1,true,0.96,-1.00,404,model_not_found,false,
candidateB_disconnect,2026-09-13T19:09:37.652851+08:00,2,false,1.14,-1.00,404,model_not_found,false,
candidateB_disconnect,2026-09-13T19:09:37.653205+08:00,0,false,1.11,-1.00,404,model_not_found,false,
candidateB_disconnect,2026-09-13T19:09:37.804143+08:00,0,true,1.82,-1.00,404,model_not_found,false,
candidateB_disconnect,2026-09-13T19:09:37.803973+08:00,2,false,2.04,-1.00,404,model_not_found,false,
candidateB_disconnect,2026-09-13T19:09:37.803973+08:00,1,false,2.44,-1.00,404,model_not_found,false,
candidateB_disconnect,2026-09-13T19:09:37.955138+08:00,0,false,1.96,-1.00,404,model_not_found,false,
candidateB_disconnect,2026-09-13T19:09:37.955138+08:00,2,false,1.96,-1.00,404,model_not_found,false,
candidateB_disconnect,2026-09-13T19:09:37.955224+08:00,1,false,1.96,-1.00,404,model_not_found,false,
candidateB_disconnect,2026-09-13T19:09:38.106215+08:00,2,false,1.83,-1.00,404,model_not_found,false,
candidateB_disconnect,2026-09-13T19:09:38.106332+08:00,1,false,1.76,-1.00,404,model_not_found,false,
candidateB_disconnect,2026-09-13T19:09:38.106215+08:00,0,false,1.83,-1.00,404,model_not_found,false,
candidateB_disconnect,2026-09-13T19:09:38.256625+08:00,1,true,2.36,-1.00,404,model_not_found,false,
candidateB_disconnect,2026-09-13T19:09:38.256922+08:00,2,true,2.10,-1.00,404,model_not_found,false,
candidateB_disconnect,2026-09-13T19:09:38.257036+08:00,0,false,2.02,-1.00,404,model_not_found,false,
candidateB_disconnect,2026-09-13T19:09:38.40801+08:00,1,false,5.47,-1.00,404,model_not_found,false,
candidateB_disconnect,2026-09-13T19:09:38.407729+08:00,0,false,5.82,-1.00,404,model_not_found,false,
candidateB_disconnect,2026-09-13T19:09:38.408207+08:00,2,false,6.06,-1.00,404,model_not_found,false,
candidateB_disconnect,2026-09-13T19:09:38.560561+08:00,1,true,2.73,-1.00,404,model_not_found,false,
candidateB_disconnect,2026-09-13T19:09:38.558966+08:00,2,true,4.34,-1.00,404,model_not_found,false,
candidateB_disconnect,2026-09-13T19:09:38.559085+08:00,0,false,4.36,-1.00,404,model_not_found,false,
candidateB_disconnect,2026-09-13T19:09:38.71015+08:00,2,false,1.96,-1.00,404,model_not_found,false,
candidateB_disconnect,2026-09-13T19:09:38.710149+08:00,0,false,1.96,-1.00,404,model_not_found,false,
candidateB_disconnect,2026-09-13T19:09:38.710618+08:00,1,false,1.58,-1.00,404,model_not_found,false,
candidateB_disconnect,2026-09-13T19:09:38.861054+08:00,1,false,0.50,-1.00,404,model_not_found,false,
candidateB_disconnect,2026-09-13T19:09:38.86103+08:00,0,false,0.55,-1.00,404,model_not_found,false,
candidateB_disconnect,2026-09-13T19:09:38.861071+08:00,2,false,0.82,-1.00,404,model_not_found,false,
candidateB_disconnect,2026-09-13T19:09:39.012057+08:00,2,true,3.93,-1.00,404,model_not_found,false,
candidateB_disconnect,2026-09-13T19:09:39.01429+08:00,1,true,1.71,-1.00,404,model_not_found,false,
candidateB_disconnect,2026-09-13T19:09:39.013891+08:00,0,false,2.23,-1.00,404,model_not_found,false,
candidateB_disconnect,2026-09-13T19:09:39.163937+08:00,0,false,1.27,-1.00,404,model_not_found,false,
candidateB_disconnect,2026-09-13T19:09:39.163733+08:00,2,false,1.69,-1.00,404,model_not_found,false,
candidateB_disconnect,2026-09-13T19:09:39.164444+08:00,1,false,1.99,-1.00,404,model_not_found,false,
candidateB_disconnect,2026-09-13T19:09:39.316062+08:00,1,true,1.04,-1.00,404,model_not_found,false,
candidateB_disconnect,2026-09-13T19:09:39.316108+08:00,2,false,1.07,-1.00,404,model_not_found,false,
candidateB_disconnect,2026-09-13T19:09:39.316062+08:00,0,true,1.30,-1.00,404,model_not_found,false,
candidateB_disconnect,2026-09-13T19:09:39.467347+08:00,0,false,2.83,-1.00,404,model_not_found,false,
candidateB_disconnect,2026-09-13T19:09:39.467418+08:00,2,false,2.76,-1.00,404,model_not_found,false,
candidateB_disconnect,2026-09-13T19:09:39.467347+08:00,1,false,2.89,-1.00,404,model_not_found,false,
candidateB_disconnect,2026-09-13T19:09:39.617947+08:00,2,false,2.62,-1.00,404,model_not_found,false,
candidateB_disconnect,2026-09-13T19:09:39.618864+08:00,0,false,1.77,-1.00,404,model_not_found,false,
candidateB_disconnect,2026-09-13T19:09:39.619037+08:00,1,true,1.76,-1.00,404,model_not_found,false,
candidateB_disconnect,2026-09-13T19:09:39.768991+08:00,0,true,0.93,-1.00,404,model_not_found,false,
candidateB_disconnect,2026-09-13T19:09:39.768723+08:00,2,true,1.42,-1.00,404,model_not_found,false,
candidateB_disconnect,2026-09-13T19:09:39.769055+08:00,1,true,1.12,-1.00,404,model_not_found,false,
candidateB_disconnect,2026-09-13T19:09:39.918999+08:00,2,false,4.08,-1.00,404,model_not_found,false,
candidateB_disconnect,2026-09-13T19:09:39.919655+08:00,0,false,3.47,-1.00,404,model_not_found,false,
candidateB_disconnect,2026-09-13T19:09:39.921231+08:00,1,false,2.47,-1.00,404,model_not_found,false,
candidateB_disconnect,2026-09-13T19:09:40.070151+08:00,0,false,1.77,-1.00,404,model_not_found,false,
candidateB_disconnect,2026-09-13T19:09:40.070151+08:00,2,true,1.81,-1.00,404,model_not_found,false,
candidateB_disconnect,2026-09-13T19:09:40.071305+08:00,1,true,1.05,-1.00,404,model_not_found,false,
candidateB_disconnect,2026-09-13T19:09:40.220839+08:00,0,false,1.96,-1.00,404,model_not_found,false,
candidateB_disconnect,2026-09-13T19:09:40.220839+08:00,2,true,2.03,-1.00,404,model_not_found,false,
candidateB_disconnect,2026-09-13T19:09:40.22135+08:00,1,false,1.94,-1.00,404,model_not_found,false,
candidateB_disconnect,2026-09-13T19:09:40.371225+08:00,2,false,2.01,-1.00,404,model_not_found,false,
candidateB_disconnect,2026-09-13T19:09:40.371382+08:00,1,true,1.96,-1.00,404,model_not_found,false,
candidateB_disconnect,2026-09-13T19:09:40.371225+08:00,0,false,2.01,-1.00,404,model_not_found,false,
candidateB_disconnect,2026-09-13T19:09:40.522214+08:00,1,true,4.45,-1.00,404,model_not_found,false,
candidateB_disconnect,2026-09-13T19:09:40.521722+08:00,0,false,4.98,-1.00,404,model_not_found,false,
candidateB_disconnect,2026-09-13T19:09:40.522318+08:00,2,false,4.99,-1.00,404,model_not_found,false,
candidateB_disconnect,2026-09-13T19:09:40.673162+08:00,0,false,1.62,-1.00,404,model_not_found,false,
candidateB_disconnect,2026-09-13T19:09:40.672516+08:00,2,true,2.30,-1.00,404,model_not_found,false,
candidateB_disconnect,2026-09-13T19:09:40.674078+08:00,1,true,1.38,-1.00,404,model_not_found,false,
candidateB_disconnect,2026-09-13T19:09:40.824267+08:00,1,false,3.62,-1.00,404,model_not_found,false,
candidateB_disconnect,2026-09-13T19:09:40.823627+08:00,2,false,4.28,-1.00,404,model_not_found,false,
candidateB_disconnect,2026-09-13T19:09:40.824486+08:00,0,false,3.72,-1.00,404,model_not_found,false,
candidateB_disconnect,2026-09-13T19:09:40.974794+08:00,0,true,5.32,-1.00,404,model_not_found,false,
candidateB_disconnect,2026-09-13T19:09:40.974874+08:00,1,false,5.25,-1.00,404,model_not_found,false,
candidateB_disconnect,2026-09-13T19:09:40.974746+08:00,2,true,5.78,-1.00,404,model_not_found,false,
candidateB_disconnect,2026-09-13T19:09:41.126999+08:00,0,true,1.93,-1.00,404,model_not_found,false,
candidateB_disconnect,2026-09-13T19:09:41.12639+08:00,2,false,2.61,-1.00,404,model_not_found,false,
candidateB_disconnect,2026-09-13T19:09:41.127098+08:00,1,false,2.04,-1.00,404,model_not_found,false,
candidateB_disconnect,2026-09-13T19:09:41.279698+08:00,2,true,2.25,-1.00,404,model_not_found,false,
candidateB_disconnect,2026-09-13T19:09:41.278912+08:00,1,false,3.06,-1.00,404,model_not_found,false,
candidateB_disconnect,2026-09-13T19:09:41.279794+08:00,0,false,2.27,-1.00,404,model_not_found,false,
candidateB_disconnect,2026-09-13T19:09:41.430199+08:00,2,true,2.11,-1.00,404,model_not_found,false,
candidateB_disconnect,2026-09-13T19:09:41.430227+08:00,0,false,2.08,-1.00,404,model_not_found,false,
candidateB_disconnect,2026-09-13T19:09:41.430325+08:00,1,false,2.08,-1.00,404,model_not_found,false,
candidateB_disconnect,2026-09-13T19:09:41.581502+08:00,1,true,1.58,-1.00,404,model_not_found,false,
candidateB_disconnect,2026-09-13T19:09:41.581381+08:00,2,true,1.70,-1.00,404,model_not_found,false,
candidateB_disconnect,2026-09-13T19:09:41.581381+08:00,0,true,2.04,-1.00,404,model_not_found,false,
candidateB_disconnect,2026-09-13T19:09:41.732638+08:00,0,false,1.90,-1.00,404,model_not_found,false,
candidateB_disconnect,2026-09-13T19:09:41.732523+08:00,1,true,2.02,-1.00,404,model_not_found,false,
candidateB_disconnect,2026-09-13T19:09:41.732523+08:00,2,false,2.41,-1.00,404,model_not_found,false,
candidateB_disconnect,2026-09-13T19:09:41.883919+08:00,0,true,3.27,-1.00,404,model_not_found,false,
candidateB_disconnect,2026-09-13T19:09:41.883721+08:00,2,false,3.55,-1.00,404,model_not_found,false,
candidateB_disconnect,2026-09-13T19:09:41.884171+08:00,1,true,3.65,-1.00,404,model_not_found,false,
candidateB_disconnect,2026-09-13T19:09:42.035542+08:00,0,false,2.47,-1.00,404,model_not_found,false,
candidateB_disconnect,2026-09-13T19:09:42.034875+08:00,1,true,3.22,-1.00,404,model_not_found,false,
candidateB_disconnect,2026-09-13T19:09:42.035656+08:00,2,true,2.50,-1.00,404,model_not_found,false,
candidateB_disconnect,2026-09-13T19:09:42.186496+08:00,1,true,8.15,-1.00,404,model_not_found,false,
candidateB_disconnect,2026-09-13T19:09:42.185901+08:00,0,true,8.84,-1.00,404,model_not_found,false,
candidateB_disconnect,2026-09-13T19:09:42.18666+08:00,2,false,9.00,-1.00,404,model_not_found,false,
candidateB_disconnect,2026-09-13T19:09:42.337112+08:00,1,true,1.77,-1.00,404,model_not_found,false,
candidateB_disconnect,2026-09-13T19:09:42.33695+08:00,2,true,1.97,-1.00,404,model_not_found,false,
candidateB_disconnect,2026-09-13T19:09:42.33695+08:00,0,true,2.31,-1.00,404,model_not_found,false,
candidateB_disconnect,2026-09-13T19:09:42.488055+08:00,0,false,7.57,-1.00,404,model_not_found,false,
candidateB_disconnect,2026-09-13T19:09:42.487964+08:00,1,false,7.72,-1.00,404,model_not_found,false,
candidateB_disconnect,2026-09-13T19:09:42.487964+08:00,2,true,7.66,-1.00,404,model_not_found,false,
candidateB_disconnect,2026-09-13T19:09:42.639151+08:00,2,true,3.29,-1.00,404,model_not_found,false,
candidateB_disconnect,2026-09-13T19:09:42.640575+08:00,1,false,1.94,-1.00,404,model_not_found,false,
candidateB_disconnect,2026-09-13T19:09:42.640445+08:00,0,false,2.39,-1.00,404,model_not_found,false,
candidateB_disconnect,2026-09-13T19:09:42.790516+08:00,0,true,0.61,-1.00,404,model_not_found,false,
candidateB_disconnect,2026-09-13T19:09:42.7901+08:00,2,false,1.05,-1.00,404,model_not_found,false,
candidateB_disconnect,2026-09-13T19:09:42.790632+08:00,1,true,0.84,-1.00,404,model_not_found,false,
candidateB_disconnect,2026-09-13T19:09:42.941196+08:00,2,true,0.75,-1.00,404,model_not_found,false,
candidateB_disconnect,2026-09-13T19:09:42.941157+08:00,1,true,0.82,-1.00,404,model_not_found,false,
candidateB_disconnect,2026-09-13T19:09:42.941168+08:00,0,false,1.06,-1.00,404,model_not_found,false,
candidateB_disconnect,2026-09-13T19:09:43.092171+08:00,2,false,2.65,-1.00,404,model_not_found,false,
candidateB_disconnect,2026-09-13T19:09:43.092008+08:00,1,true,2.86,-1.00,404,model_not_found,false,
candidateB_disconnect,2026-09-13T19:09:43.092002+08:00,0,false,2.94,-1.00,404,model_not_found,false,
candidateB_disconnect,2026-09-13T19:09:43.243241+08:00,2,true,1.71,-1.00,404,model_not_found,false,
candidateB_disconnect,2026-09-13T19:09:43.243711+08:00,1,false,1.34,-1.00,404,model_not_found,false,
candidateB_disconnect,2026-09-13T19:09:43.243589+08:00,0,true,1.52,-1.00,404,model_not_found,false,
candidateB_disconnect,2026-09-13T19:09:43.394522+08:00,0,true,1.80,-1.00,404,model_not_found,false,
candidateB_disconnect,2026-09-13T19:09:43.394409+08:00,2,false,1.98,-1.00,404,model_not_found,false,
candidateB_disconnect,2026-09-13T19:09:43.394409+08:00,1,true,2.86,-1.00,404,model_not_found,false,
candidateB_disconnect,2026-09-13T19:09:43.546146+08:00,1,false,4.55,-1.00,404,model_not_found,false,
candidateB_disconnect,2026-09-13T19:09:43.546246+08:00,0,false,4.60,-1.00,404,model_not_found,false,
candidateB_disconnect,2026-09-13T19:09:43.546146+08:00,2,false,4.77,-1.00,404,model_not_found,false,
candidateB_disconnect,2026-09-13T19:09:43.697312+08:00,2,true,1.99,-1.00,404,model_not_found,false,
candidateB_disconnect,2026-09-13T19:09:43.69733+08:00,1,false,2.05,-1.00,404,model_not_found,false,
candidateB_disconnect,2026-09-13T19:09:43.697808+08:00,0,true,1.74,-1.00,404,model_not_found,false,
candidateB_disconnect,2026-09-13T19:09:43.848555+08:00,0,false,2.99,-1.00,404,model_not_found,false,
candidateB_disconnect,2026-09-13T19:09:43.849146+08:00,2,false,2.40,-1.00,404,model_not_found,false,
candidateB_disconnect,2026-09-13T19:09:43.849035+08:00,1,true,2.56,-1.00,404,model_not_found,false,
candidateB_disconnect,2026-09-13T19:09:43.999715+08:00,2,false,2.84,-1.00,404,model_not_found,false,
candidateB_disconnect,2026-09-13T19:09:43.999842+08:00,1,true,2.72,-1.00,404,model_not_found,false,
candidateB_disconnect,2026-09-13T19:09:43.999715+08:00,0,true,2.92,-1.00,404,model_not_found,false,
candidateB_disconnect,2026-09-13T19:09:44.150537+08:00,1,true,4.74,-1.00,404,model_not_found,false,
candidateB_disconnect,2026-09-13T19:09:44.150537+08:00,2,true,4.83,-1.00,404,model_not_found,false,
candidateB_disconnect,2026-09-13T19:09:44.151129+08:00,0,true,4.35,-1.00,404,model_not_found,false,
candidateB_disconnect,2026-09-13T19:09:44.301341+08:00,0,true,0.96,-1.00,404,model_not_found,false,
candidateB_disconnect,2026-09-13T19:09:44.301405+08:00,2,true,1.06,-1.00,404,model_not_found,false,
candidateB_disconnect,2026-09-13T19:09:44.301358+08:00,1,true,1.27,-1.00,404,model_not_found,false,
candidateB_disconnect,2026-09-13T19:09:44.454349+08:00,1,false,3.68,-1.00,404,model_not_found,false,
candidateB_disconnect,2026-09-13T19:09:44.456165+08:00,0,false,1.86,-1.00,404,model_not_found,false,
candidateB_disconnect,2026-09-13T19:09:44.454906+08:00,2,true,3.19,-1.00,404,model_not_found,false,
candidateB_disconnect,2026-09-13T19:09:44.604844+08:00,1,true,2.10,-1.00,404,model_not_found,false,
candidateB_disconnect,2026-09-13T19:09:44.605047+08:00,2,false,2.02,-1.00,404,model_not_found,false,
candidateB_disconnect,2026-09-13T19:09:44.606826+08:00,0,false,0.68,-1.00,404,model_not_found,false,
candidateB_disconnect,2026-09-13T19:09:44.755954+08:00,2,true,1.76,-1.00,404,model_not_found,false,
candidateB_disconnect,2026-09-13T19:09:44.755974+08:00,1,true,1.97,-1.00,404,model_not_found,false,
candidateB_disconnect,2026-09-13T19:09:44.75703+08:00,0,true,1.52,-1.00,404,model_not_found,false,
candidateB_disconnect,2026-09-13T19:09:44.907196+08:00,0,false,1.76,-1.00,404,model_not_found,false,
candidateB_disconnect,2026-09-13T19:09:44.907081+08:00,2,false,1.89,-1.00,404,model_not_found,false,
candidateB_disconnect,2026-09-13T19:09:44.907102+08:00,1,false,2.18,-1.00,404,model_not_found,false,
candidateB_disconnect,2026-09-13T19:09:45.058222+08:00,1,false,1.86,-1.00,404,model_not_found,false,
candidateB_disconnect,2026-09-13T19:09:45.058198+08:00,2,false,1.92,-1.00,404,model_not_found,false,
candidateB_disconnect,2026-09-13T19:09:45.058334+08:00,0,true,1.75,-1.00,404,model_not_found,false,
candidateB_disconnect,2026-09-13T19:09:45.209448+08:00,2,true,6.15,-1.00,404,model_not_found,false,
candidateB_disconnect,2026-09-13T19:09:45.209335+08:00,0,false,6.28,-1.00,404,model_not_found,false,
candidateB_disconnect,2026-09-13T19:09:45.209335+08:00,1,true,6.38,-1.00,404,model_not_found,false,
candidateB_disconnect,2026-09-13T19:09:45.35977+08:00,0,true,1.88,-1.00,404,model_not_found,false,
candidateB_disconnect,2026-09-13T19:09:45.359924+08:00,1,true,1.80,-1.00,404,model_not_found,false,
candidateB_disconnect,2026-09-13T19:09:45.35977+08:00,2,false,2.09,-1.00,404,model_not_found,false,
candidateB_disconnect,2026-09-13T19:09:45.510824+08:00,2,true,0.88,-1.00,404,model_not_found,false,
candidateB_disconnect,2026-09-13T19:09:45.510829+08:00,1,false,0.89,-1.00,404,model_not_found,false,
candidateB_disconnect,2026-09-13T19:09:45.510824+08:00,0,false,0.94,-1.00,404,model_not_found,false,
candidateB_disconnect,2026-09-13T19:09:45.662051+08:00,0,false,2.07,-1.00,404,model_not_found,false,
candidateB_disconnect,2026-09-13T19:09:45.662198+08:00,1,false,1.96,-1.00,404,model_not_found,false,
candidateB_disconnect,2026-09-13T19:09:45.662051+08:00,2,false,2.50,-1.00,404,model_not_found,false,
candidateB_disconnect,2026-09-13T19:09:45.813043+08:00,2,true,3.90,-1.00,404,model_not_found,false,
candidateB_disconnect,2026-09-13T19:09:45.813189+08:00,1,true,4.02,-1.00,404,model_not_found,false,
candidateB_disconnect,2026-09-13T19:09:45.813043+08:00,0,false,4.73,-1.00,404,model_not_found,false,
candidateB_disconnect,2026-09-13T19:09:45.964348+08:00,1,false,1.84,-1.00,404,model_not_found,false,
candidateB_disconnect,2026-09-13T19:09:45.964185+08:00,0,false,2.07,-1.00,404,model_not_found,false,
candidateB_disconnect,2026-09-13T19:09:45.964185+08:00,2,false,2.37,-1.00,404,model_not_found,false,
candidateB_disconnect,2026-09-13T19:09:46.116055+08:00,1,false,4.60,-1.00,404,model_not_found,false,
candidateB_disconnect,2026-09-13T19:09:46.11538+08:00,2,false,5.96,-1.00,404,model_not_found,false,
candidateB_disconnect,2026-09-13T19:09:46.119849+08:00,0,true,1.52,-1.00,404,model_not_found,false,
candidateB_disconnect,2026-09-13T19:09:46.265592+08:00,2,false,0.73,-1.00,404,model_not_found,false,
candidateB_disconnect,2026-09-13T19:09:46.266135+08:00,1,false,0.71,-1.00,404,model_not_found,false,
candidateB_disconnect,2026-09-13T19:09:46.270304+08:00,0,false,0.80,-1.00,404,model_not_found,false,
candidateB_disconnect,2026-09-13T19:09:46.417651+08:00,2,false,1.88,-1.00,404,model_not_found,false,
candidateB_disconnect,2026-09-13T19:09:46.417147+08:00,1,false,2.39,-1.00,404,model_not_found,false,
candidateB_disconnect,2026-09-13T19:09:46.420421+08:00,0,false,0.33,-1.00,404,model_not_found,false,
candidateB_disconnect,2026-09-13T19:09:46.568405+08:00,2,true,2.37,-1.00,404,model_not_found,false,
candidateB_disconnect,2026-09-13T19:09:46.568996+08:00,1,false,1.86,-1.00,404,model_not_found,false,
candidateB_disconnect,2026-09-13T19:09:46.570926+08:00,0,false,1.28,-1.00,404,model_not_found,false,
candidateB_disconnect,2026-09-13T19:09:46.719167+08:00,1,true,1.51,-1.00,404,model_not_found,false,
candidateB_disconnect,2026-09-13T19:09:46.719167+08:00,2,false,1.51,-1.00,404,model_not_found,false,
candidateB_disconnect,2026-09-13T19:09:46.721039+08:00,0,false,0.34,-1.00,404,model_not_found,false,
candidateB_disconnect,2026-09-13T19:09:46.870373+08:00,2,true,2.19,-1.00,404,model_not_found,false,
candidateB_disconnect,2026-09-13T19:09:46.870373+08:00,1,false,2.19,-1.00,404,model_not_found,false,
candidateB_disconnect,2026-09-13T19:09:46.871427+08:00,0,false,1.66,-1.00,404,model_not_found,false,
candidateB_disconnect,2026-09-13T19:09:47.021463+08:00,2,true,2.13,-1.00,404,model_not_found,false,
candidateB_disconnect,2026-09-13T19:09:47.021604+08:00,0,false,2.11,-1.00,404,model_not_found,false,
candidateB_disconnect,2026-09-13T19:09:47.021463+08:00,1,false,2.30,-1.00,404,model_not_found,false,
candidateB_disconnect,2026-09-13T19:09:47.172589+08:00,2,true,3.13,-1.00,404,model_not_found,false,
candidateB_disconnect,2026-09-13T19:09:47.173038+08:00,1,false,2.75,-1.00,404,model_not_found,false,
candidateB_disconnect,2026-09-13T19:09:47.173198+08:00,0,false,2.52,-1.00,404,model_not_found,false,
candidateB_disconnect,2026-09-13T19:09:47.323652+08:00,2,false,10.76,-1.00,404,model_not_found,false,
candidateB_disconnect,2026-09-13T19:09:47.323646+08:00,0,true,11.52,-1.00,404,model_not_found,false,
candidateB_disconnect,2026-09-13T19:09:47.323642+08:00,1,false,11.58,-1.00,404,model_not_found,false,
candidateB_disconnect,2026-09-13T19:09:47.474845+08:00,2,false,5.00,-1.00,404,model_not_found,false,
candidateB_disconnect,2026-09-13T19:09:47.474845+08:00,0,true,5.09,-1.00,404,model_not_found,false,
candidateB_disconnect,2026-09-13T19:09:47.474951+08:00,1,true,5.12,-1.00,404,model_not_found,false,
candidateB_disconnect,2026-09-13T19:09:47.626463+08:00,2,false,3.01,-1.00,404,model_not_found,false,
candidateB_disconnect,2026-09-13T19:09:47.626073+08:00,1,false,3.53,-1.00,404,model_not_found,false,
candidateB_disconnect,2026-09-13T19:09:47.626965+08:00,0,false,3.04,-1.00,404,model_not_found,false,
candidateB_disconnect,2026-09-13T19:09:47.779081+08:00,2,false,6.15,-1.00,404,model_not_found,false,
candidateB_disconnect,2026-09-13T19:09:47.779216+08:00,0,false,6.09,-1.00,404,model_not_found,false,
candidateB_disconnect,2026-09-13T19:09:47.779081+08:00,1,true,6.76,-1.00,404,model_not_found,false,
candidateB_disconnect,2026-09-13T19:09:47.929717+08:00,0,true,3.37,-1.00,404,model_not_found,false,
candidateB_disconnect,2026-09-13T19:09:47.929717+08:00,2,false,3.38,-1.00,404,model_not_found,false,
candidateB_disconnect,2026-09-13T19:09:47.931643+08:00,1,false,1.85,-1.00,404,model_not_found,false,
candidateB_disconnect,2026-09-13T19:09:48.080161+08:00,2,false,1.00,-1.00,404,model_not_found,false,
candidateB_disconnect,2026-09-13T19:09:48.080161+08:00,0,true,1.03,-1.00,404,model_not_found,false,
candidateB_disconnect,2026-09-13T19:09:48.08148+08:00,1,true,0.34,-1.00,404,model_not_found,false,
candidateB_disconnect,2026-09-13T19:09:48.231364+08:00,2,false,1.66,-1.00,404,model_not_found,false,
candidateB_disconnect,2026-09-13T19:09:48.231348+08:00,0,true,1.68,-1.00,404,model_not_found,false,
candidateB_disconnect,2026-09-13T19:09:48.231704+08:00,1,true,1.72,-1.00,404,model_not_found,false,
candidateB_disconnect,2026-09-13T19:09:48.382479+08:00,0,false,3.29,-1.00,404,model_not_found,false,
candidateB_disconnect,2026-09-13T19:09:48.383129+08:00,1,false,2.75,-1.00,404,model_not_found,false,
candidateB_disconnect,2026-09-13T19:09:48.383241+08:00,2,false,2.67,-1.00,404,model_not_found,false,
candidateB_disconnect,2026-09-13T19:09:48.533586+08:00,2,false,4.23,-1.00,404,model_not_found,false,
candidateB_disconnect,2026-09-13T19:09:48.53372+08:00,0,false,4.10,-1.00,404,model_not_found,false,
candidateB_disconnect,2026-09-13T19:09:48.533586+08:00,1,false,4.90,-1.00,404,model_not_found,false,
candidateB_disconnect,2026-09-13T19:09:48.684703+08:00,2,false,1.61,-1.00,404,model_not_found,false,
candidateB_disconnect,2026-09-13T19:09:48.684703+08:00,1,false,1.68,-1.00,404,model_not_found,false,
candidateB_disconnect,2026-09-13T19:09:48.685063+08:00,0,true,1.43,-1.00,404,model_not_found,false,
candidateB_disconnect,2026-09-13T19:09:48.836111+08:00,0,true,4.00,-1.00,404,model_not_found,false,
candidateB_disconnect,2026-09-13T19:09:48.83603+08:00,1,true,4.14,-1.00,404,model_not_found,false,
candidateB_disconnect,2026-09-13T19:09:48.836029+08:00,2,true,4.09,-1.00,404,model_not_found,false,
candidateB_disconnect,2026-09-13T19:09:48.987068+08:00,0,true,0.85,-1.00,404,model_not_found,false,
candidateB_disconnect,2026-09-13T19:09:48.987031+08:00,2,false,0.89,-1.00,404,model_not_found,false,
candidateB_disconnect,2026-09-13T19:09:48.987034+08:00,1,false,1.16,-1.00,404,model_not_found,false,
candidateB_disconnect,2026-09-13T19:09:49.138204+08:00,0,false,1.97,-1.00,404,model_not_found,false,
candidateB_disconnect,2026-09-13T19:09:49.138205+08:00,1,true,2.31,-1.00,404,model_not_found,false,
candidateB_disconnect,2026-09-13T19:09:49.138595+08:00,2,false,2.02,-1.00,404,model_not_found,false,
candidateB_disconnect,2026-09-13T19:09:49.289416+08:00,0,false,2.44,-1.00,404,model_not_found,false,
candidateB_disconnect,2026-09-13T19:09:49.290024+08:00,1,false,1.84,-1.00,404,model_not_found,false,
candidateB_disconnect,2026-09-13T19:09:49.290186+08:00,2,false,2.18,-1.00,404,model_not_found,false,
candidateB_disconnect,2026-09-13T19:09:49.440546+08:00,2,true,2.39,-1.00,404,model_not_found,false,
candidateB_disconnect,2026-09-13T19:09:49.440849+08:00,1,false,2.26,-1.00,404,model_not_found,false,
candidateB_disconnect,2026-09-13T19:09:49.441039+08:00,0,false,6.15,-1.00,404,model_not_found,false,
candidateB_disconnect,2026-09-13T19:09:49.592944+08:00,1,false,4.68,-1.00,404,model_not_found,false,
candidateB_disconnect,2026-09-13T19:09:49.592279+08:00,2,false,5.55,-1.00,404,model_not_found,false,
candidateB_disconnect,2026-09-13T19:09:49.59174+08:00,0,false,6.50,-1.00,404,model_not_found,false,
candidateB_disconnect,2026-09-13T19:09:49.745821+08:00,0,false,2.18,-1.00,404,model_not_found,false,
candidateB_disconnect,2026-09-13T19:09:49.746735+08:00,1,false,1.37,-1.00,404,model_not_found,false,
candidateB_disconnect,2026-09-13T19:09:49.746827+08:00,2,false,1.56,-1.00,404,model_not_found,false,
candidateB_disconnect,2026-09-13T19:09:49.895078+08:00,0,false,1.90,-1.00,404,model_not_found,false,
candidateB_disconnect,2026-09-13T19:09:49.896947+08:00,2,false,0.40,-1.00,404,model_not_found,false,
candidateB_disconnect,2026-09-13T19:09:49.896762+08:00,1,false,0.62,-1.00,404,model_not_found,false,
candidateB_disconnect,2026-09-13T19:09:50.046205+08:00,0,true,2.57,-1.00,404,model_not_found,false,
candidateB_disconnect,2026-09-13T19:09:50.047793+08:00,1,false,1.25,-1.00,404,model_not_found,false,
candidateB_disconnect,2026-09-13T19:09:50.047688+08:00,2,false,1.46,-1.00,404,model_not_found,false,
candidateB_disconnect,2026-09-13T19:09:50.197461+08:00,0,false,2.36,-1.00,404,model_not_found,false,
candidateB_disconnect,2026-09-13T19:09:50.197819+08:00,2,false,2.09,-1.00,404,model_not_found,false,
candidateB_disconnect,2026-09-13T19:09:50.198032+08:00,1,false,1.98,-1.00,404,model_not_found,false,
candidateB_disconnect,2026-09-13T19:09:50.349287+08:00,1,false,3.91,-1.00,404,model_not_found,false,
candidateB_disconnect,2026-09-13T19:09:50.349126+08:00,0,false,4.16,-1.00,404,model_not_found,false,
candidateB_disconnect,2026-09-13T19:09:50.348507+08:00,2,true,5.02,-1.00,404,model_not_found,false,
candidateB_disconnect,2026-09-13T19:09:50.499764+08:00,0,true,1.89,-1.00,404,model_not_found,false,
candidateB_disconnect,2026-09-13T19:09:50.499632+08:00,2,false,2.12,-1.00,404,model_not_found,false,
candidateB_disconnect,2026-09-13T19:09:50.499632+08:00,1,false,2.22,-1.00,404,model_not_found,false,
candidateB_disconnect,2026-09-13T19:09:50.65124+08:00,0,false,2.81,-1.00,404,model_not_found,false,
candidateB_disconnect,2026-09-13T19:09:50.651237+08:00,1,false,3.12,-1.00,404,model_not_found,false,
candidateB_disconnect,2026-09-13T19:09:50.651328+08:00,2,true,3.18,-1.00,404,model_not_found,false,
candidateB_disconnect,2026-09-13T19:09:50.80251+08:00,0,true,2.07,-1.00,404,model_not_found,false,
candidateB_disconnect,2026-09-13T19:09:50.801931+08:00,2,false,3.14,-1.00,404,model_not_found,false,
candidateB_disconnect,2026-09-13T19:09:50.802655+08:00,1,false,2.98,-1.00,404,model_not_found,false,
candidateB_disconnect,2026-09-13T19:09:50.952072+08:00,2,false,0.64,-1.00,404,model_not_found,false,
candidateB_disconnect,2026-09-13T19:09:50.952693+08:00,1,true,0.29,-1.00,404,model_not_found,false,
candidateB_disconnect,2026-09-13T19:09:50.952592+08:00,0,false,0.41,-1.00,404,model_not_found,false,
candidateB_disconnect,2026-09-13T19:09:51.103256+08:00,1,true,2.41,-1.00,404,model_not_found,false,
candidateB_disconnect,2026-09-13T19:09:51.103354+08:00,0,true,2.45,-1.00,404,model_not_found,false,
candidateB_disconnect,2026-09-13T19:09:51.103256+08:00,2,false,2.61,-1.00,404,model_not_found,false,
candidateB_disconnect,2026-09-13T19:09:51.256332+08:00,0,true,2.22,-1.00,404,model_not_found,false,
candidateB_disconnect,2026-09-13T19:09:51.255811+08:00,1,false,2.74,-1.00,404,model_not_found,false,
candidateB_disconnect,2026-09-13T19:09:51.257711+08:00,2,true,1.28,-1.00,404,model_not_found,false,
candidateB_disconnect,2026-09-13T19:09:51.406981+08:00,1,true,6.42,-1.00,404,model_not_found,false,
candidateB_disconnect,2026-09-13T19:09:51.406953+08:00,0,false,6.59,-1.00,404,model_not_found,false,
candidateB_disconnect,2026-09-13T19:09:51.407739+08:00,2,true,5.66,-1.00,404,model_not_found,false,
candidateB_disconnect,2026-09-13T19:09:51.5585+08:00,1,false,2.70,-1.00,404,model_not_found,false,
candidateB_disconnect,2026-09-13T19:09:51.559242+08:00,2,true,2.09,-1.00,404,model_not_found,false,
candidateB_disconnect,2026-09-13T19:09:51.559521+08:00,0,true,2.05,-1.00,404,model_not_found,false,
candidateB_disconnect,2026-09-13T19:09:51.709804+08:00,0,false,1.51,-1.00,404,model_not_found,false,
candidateB_disconnect,2026-09-13T19:09:51.709661+08:00,2,false,1.69,-1.00,404,model_not_found,false,
candidateB_disconnect,2026-09-13T19:09:51.709661+08:00,1,true,1.92,-1.00,404,model_not_found,false,
candidateB_disconnect,2026-09-13T19:09:51.860918+08:00,0,false,1.68,-1.00,404,model_not_found,false,
candidateB_disconnect,2026-09-13T19:09:51.860996+08:00,2,true,1.72,-1.00,404,model_not_found,false,
candidateB_disconnect,2026-09-13T19:09:51.860759+08:00,1,false,2.29,-1.00,404,model_not_found,false,
candidateB_disconnect,2026-09-13T19:09:52.011863+08:00,2,true,2.84,-1.00,404,model_not_found,false,
candidateB_disconnect,2026-09-13T19:09:52.012024+08:00,0,false,2.81,-1.00,404,model_not_found,false,
candidateB_disconnect,2026-09-13T19:09:52.011973+08:00,1,true,3.21,-1.00,404,model_not_found,false,
candidateB_disconnect,2026-09-13T19:09:52.163159+08:00,2,true,1.43,-1.00,404,model_not_found,false,
candidateB_disconnect,2026-09-13T19:09:52.162955+08:00,1,false,1.70,-1.00,404,model_not_found,false,
candidateB_disconnect,2026-09-13T19:09:52.162934+08:00,0,false,1.98,-1.00,404,model_not_found,false,
candidateB_disconnect,2026-09-13T19:09:52.313974+08:00,0,true,3.51,-1.00,404,model_not_found,false,
candidateB_disconnect,2026-09-13T19:09:52.315033+08:00,1,false,3.21,-1.00,404,model_not_found,false,
candidateB_disconnect,2026-09-13T19:09:52.316406+08:00,2,true,2.98,-1.00,404,model_not_found,false,
candidateB_disconnect,2026-09-13T19:09:52.464989+08:00,0,false,0.62,-1.00,404,model_not_found,false,
candidateB_disconnect,2026-09-13T19:09:52.465028+08:00,1,false,0.63,-1.00,404,model_not_found,false,
candidateB_disconnect,2026-09-13T19:09:52.466515+08:00,2,false,0.30,-1.00,404,model_not_found,false,
candidateB_disconnect,2026-09-13T19:09:52.616259+08:00,0,true,1.93,-1.00,404,model_not_found,false,
candidateB_disconnect,2026-09-13T19:09:52.616259+08:00,1,false,2.02,-1.00,404,model_not_found,false,
candidateB_disconnect,2026-09-13T19:09:52.616673+08:00,2,true,1.89,-1.00,404,model_not_found,false,
candidateB_disconnect,2026-09-13T19:09:52.766382+08:00,0,false,2.03,-1.00,404,model_not_found,false,
candidateB_disconnect,2026-09-13T19:09:52.766545+08:00,1,false,1.90,-1.00,404,model_not_found,false,
candidateB_disconnect,2026-09-13T19:09:52.767784+08:00,2,true,2.10,-1.00,404,model_not_found,false,
candidateB_disconnect,2026-09-13T19:09:52.917266+08:00,1,true,1.01,-1.00,404,model_not_found,false,
candidateB_disconnect,2026-09-13T19:09:52.917272+08:00,0,true,1.07,-1.00,404,model_not_found,false,
candidateB_disconnect,2026-09-13T19:09:52.91802+08:00,2,true,0.73,-1.00,404,model_not_found,false,
candidateB_disconnect,2026-09-13T19:09:53.06827+08:00,0,true,0.62,-1.00,404,model_not_found,false,
candidateB_disconnect,2026-09-13T19:09:53.068217+08:00,2,false,0.76,-1.00,404,model_not_found,false,
candidateB_disconnect,2026-09-13T19:09:53.068217+08:00,1,false,1.27,-1.00,404,model_not_found,false,
candidateB_disconnect,2026-09-13T19:09:53.219235+08:00,1,true,0.80,-1.00,404,model_not_found,false,
candidateB_disconnect,2026-09-13T19:09:53.219155+08:00,2,false,0.95,-1.00,404,model_not_found,false,
candidateB_disconnect,2026-09-13T19:09:53.219031+08:00,0,true,1.12,-1.00,404,model_not_found,false,
candidateB_disconnect,2026-09-13T19:09:53.371782+08:00,1,false,3.59,-1.00,404,model_not_found,false,
candidateB_disconnect,2026-09-13T19:09:53.371423+08:00,0,false,3.97,-1.00,404,model_not_found,false,
candidateB_disconnect,2026-09-13T19:09:53.371852+08:00,2,false,3.57,-1.00,404,model_not_found,false,
candidateB_disconnect,2026-09-13T19:09:53.524758+08:00,0,false,1.46,-1.00,404,model_not_found,false,
candidateB_disconnect,2026-09-13T19:09:53.523407+08:00,1,false,2.85,-1.00,404,model_not_found,false,
candidateB_disconnect,2026-09-13T19:09:53.524219+08:00,2,true,2.13,-1.00,404,model_not_found,false,
candidateB_disconnect,2026-09-13T19:09:53.674461+08:00,2,false,10.72,-1.00,404,model_not_found,false,
candidateB_disconnect,2026-09-13T19:09:53.674707+08:00,1,true,10.52,-1.00,404,model_not_found,false,
candidateB_disconnect,2026-09-13T19:09:53.674773+08:00,0,true,10.52,-1.00,404,model_not_found,false,
candidateB_disconnect,2026-09-13T19:09:53.825882+08:00,2,false,1.43,-1.00,404,model_not_found,false,
candidateB_disconnect,2026-09-13T19:09:53.825848+08:00,0,false,1.50,-1.00,404,model_not_found,false,
candidateB_disconnect,2026-09-13T19:09:53.825922+08:00,1,true,1.56,-1.00,404,model_not_found,false,
candidateB_disconnect,2026-09-13T19:09:53.978285+08:00,1,false,1.56,-1.00,404,model_not_found,false,
candidateB_disconnect,2026-09-13T19:09:53.978525+08:00,0,false,1.36,-1.00,404,model_not_found,false,
candidateB_disconnect,2026-09-13T19:09:53.978581+08:00,2,false,1.38,-1.00,404,model_not_found,false,
candidateB_disconnect,2026-09-13T19:09:54.129464+08:00,0,true,1.10,-1.00,404,model_not_found,false,
candidateB_disconnect,2026-09-13T19:09:54.129377+08:00,2,true,1.31,-1.00,404,model_not_found,false,
candidateB_disconnect,2026-09-13T19:09:54.129401+08:00,1,true,1.72,-1.00,404,model_not_found,false,
candidateB_disconnect,2026-09-13T19:09:54.280502+08:00,1,false,1.53,-1.00,404,model_not_found,false,
candidateB_disconnect,2026-09-13T19:09:54.280733+08:00,0,false,1.34,-1.00,404,model_not_found,false,
candidateB_disconnect,2026-09-13T19:09:54.281463+08:00,2,false,1.08,-1.00,404,model_not_found,false,
candidateB_disconnect,2026-09-13T19:09:54.43061+08:00,1,false,0.67,-1.00,404,model_not_found,false,
candidateB_disconnect,2026-09-13T19:09:54.430763+08:00,0,false,0.53,-1.00,404,model_not_found,false,
candidateB_disconnect,2026-09-13T19:09:54.431502+08:00,2,true,0.23,-1.00,404,model_not_found,false,
candidateB_disconnect,2026-09-13T19:09:54.581768+08:00,0,false,2.05,-1.00,404,model_not_found,false,
candidateB_disconnect,2026-09-13T19:09:54.582836+08:00,1,true,1.09,-1.00,404,model_not_found,false,
candidateB_disconnect,2026-09-13T19:09:54.581992+08:00,2,false,2.22,-1.00,404,model_not_found,false,
candidateB_disconnect,2026-09-13T19:09:54.732886+08:00,0,false,0.86,-1.00,404,model_not_found,false,
candidateB_disconnect,2026-09-13T19:09:54.732856+08:00,1,true,0.89,-1.00,404,model_not_found,false,
candidateB_disconnect,2026-09-13T19:09:54.732847+08:00,2,false,0.96,-1.00,404,model_not_found,false,
candidateB_disconnect,2026-09-13T19:09:54.884033+08:00,0,false,4.56,-1.00,404,model_not_found,false,
candidateB_disconnect,2026-09-13T19:09:54.884138+08:00,2,false,4.46,-1.00,404,model_not_found,false,
candidateB_disconnect,2026-09-13T19:09:54.884085+08:00,1,false,4.98,-1.00,404,model_not_found,false,
candidateB_disconnect,2026-09-13T19:09:55.036452+08:00,2,false,2.39,-1.00,404,model_not_found,false,
candidateB_disconnect,2026-09-13T19:09:55.03685+08:00,0,false,2.04,-1.00,404,model_not_found,false,
candidateB_disconnect,2026-09-13T19:09:55.037944+08:00,1,true,1.68,-1.00,404,model_not_found,false,
candidateB_disconnect,2026-09-13T19:09:55.187674+08:00,0,false,1.74,-1.00,404,model_not_found,false,
candidateB_disconnect,2026-09-13T19:09:55.187941+08:00,2,false,1.56,-1.00,404,model_not_found,false,
candidateB_disconnect,2026-09-13T19:09:55.18803+08:00,1,true,1.77,-1.00,404,model_not_found,false,
candidateB_disconnect,2026-09-13T19:09:55.338748+08:00,1,true,1.05,-1.00,404,model_not_found,false,
candidateB_disconnect,2026-09-13T19:09:55.338806+08:00,0,true,1.15,-1.00,404,model_not_found,false,
candidateB_disconnect,2026-09-13T19:09:55.338762+08:00,2,true,1.39,-1.00,404,model_not_found,false,
candidateB_disconnect,2026-09-13T19:09:55.489811+08:00,0,false,0.74,-1.00,404,model_not_found,false,
candidateB_disconnect,2026-09-13T19:09:55.489848+08:00,1,true,0.74,-1.00,404,model_not_found,false,
candidateB_disconnect,2026-09-13T19:09:55.489953+08:00,2,false,0.78,-1.00,404,model_not_found,false,
candidateB_disconnect,2026-09-13T19:09:55.64111+08:00,0,false,4.52,-1.00,404,model_not_found,false,
candidateB_disconnect,2026-09-13T19:09:55.641366+08:00,2,false,4.27,-1.00,404,model_not_found,false,
candidateB_disconnect,2026-09-13T19:09:55.641566+08:00,1,true,4.14,-1.00,404,model_not_found,false,
candidateB_disconnect,2026-09-13T19:09:55.792453+08:00,0,false,3.68,-1.00,404,model_not_found,false,
candidateB_disconnect,2026-09-13T19:09:55.792282+08:00,2,true,3.92,-1.00,404,model_not_found,false,
candidateB_disconnect,2026-09-13T19:09:55.792268+08:00,1,false,4.34,-1.00,404,model_not_found,false,
candidateB_disconnect,2026-09-13T19:09:55.942496+08:00,1,false,2.11,-1.00,404,model_not_found,false,
candidateB_disconnect,2026-09-13T19:09:55.942496+08:00,2,false,2.19,-1.00,404,model_not_found,false,
candidateB_disconnect,2026-09-13T19:09:55.942615+08:00,0,true,2.27,-1.00,404,model_not_found,false,
candidateB_disconnect,2026-09-13T19:09:56.095037+08:00,1,false,8.87,-1.00,404,model_not_found,false,
candidateB_disconnect,2026-09-13T19:09:56.093999+08:00,0,true,9.93,-1.00,404,model_not_found,false,
candidateB_disconnect,2026-09-13T19:09:56.094934+08:00,2,false,9.03,-1.00,404,model_not_found,false,
candidateB_disconnect,2026-09-13T19:09:56.245867+08:00,0,true,7.98,-1.00,404,model_not_found,false,
candidateB_disconnect,2026-09-13T19:09:56.245867+08:00,2,false,8.05,-1.00,404,model_not_found,false,
candidateB_disconnect,2026-09-13T19:09:56.246352+08:00,1,true,8.08,-1.00,404,model_not_found,false,
candidateB_disconnect,2026-09-13T19:09:56.397715+08:00,1,false,4.13,-1.00,404,model_not_found,false,
candidateB_disconnect,2026-09-13T19:09:56.397414+08:00,0,true,4.50,-1.00,404,model_not_found,false,
candidateB_disconnect,2026-09-13T19:09:56.3979+08:00,2,false,4.90,-1.00,404,model_not_found,false,
candidateB_disconnect,2026-09-13T19:09:56.550244+08:00,0,false,2.36,-1.00,404,model_not_found,false,
candidateB_disconnect,2026-09-13T19:09:56.548466+08:00,1,true,4.22,-1.00,404,model_not_found,false,
candidateB_disconnect,2026-09-13T19:09:56.550388+08:00,2,true,2.69,-1.00,404,model_not_found,false,
candidateB_disconnect,2026-09-13T19:09:56.700744+08:00,2,true,1.59,-1.00,404,model_not_found,false,
candidateB_disconnect,2026-09-13T19:09:56.700333+08:00,1,false,2.10,-1.00,404,model_not_found,false,
candidateB_disconnect,2026-09-13T19:09:56.700921+08:00,0,false,1.81,-1.00,404,model_not_found,false,
candidateB_disconnect,2026-09-13T19:09:56.853098+08:00,1,false,1.06,-1.00,404,model_not_found,false,
candidateB_disconnect,2026-09-13T19:09:56.853135+08:00,2,false,1.12,-1.00,404,model_not_found,false,
candidateB_disconnect,2026-09-13T19:09:56.853154+08:00,0,false,1.25,-1.00,404,model_not_found,false,
candidateB_disconnect,2026-09-13T19:09:57.004148+08:00,2,false,0.85,-1.00,404,model_not_found,false,
candidateB_disconnect,2026-09-13T19:09:57.004116+08:00,1,false,1.76,-1.00,404,model_not_found,false,
candidateB_disconnect,2026-09-13T19:09:57.004108+08:00,0,false,1.82,-1.00,404,model_not_found,false,
candidateB_disconnect,2026-09-13T19:09:57.154559+08:00,0,false,1.05,-1.00,404,model_not_found,false,
candidateB_disconnect,2026-09-13T19:09:57.154488+08:00,2,true,1.25,-1.00,404,model_not_found,false,
candidateB_disconnect,2026-09-13T19:09:57.154488+08:00,1,true,1.48,-1.00,404,model_not_found,false,
candidateB_disconnect,2026-09-13T19:09:57.305013+08:00,0,false,1.88,-1.00,404,model_not_found,false,
candidateB_disconnect,2026-09-13T19:09:57.305184+08:00,2,true,1.75,-1.00,404,model_not_found,false,
candidateB_disconnect,2026-09-13T19:09:57.305009+08:00,1,false,2.24,-1.00,404,model_not_found,false,
candidateB_disconnect,2026-09-13T19:09:57.456226+08:00,1,true,2.57,-1.00,404,model_not_found,false,
candidateB_disconnect,2026-09-13T19:09:57.456133+08:00,0,true,2.74,-1.00,404,model_not_found,false,
candidateB_disconnect,2026-09-13T19:09:57.456133+08:00,2,false,2.98,-1.00,404,model_not_found,false,
candidateB_disconnect,2026-09-13T19:09:57.607811+08:00,1,true,3.84,-1.00,404,model_not_found,false,
candidateB_disconnect,2026-09-13T19:09:57.607239+08:00,0,true,4.44,-1.00,404,model_not_found,false,
candidateB_disconnect,2026-09-13T19:09:57.607721+08:00,2,false,4.02,-1.00,404,model_not_found,false,
candidateB_disconnect,2026-09-13T19:09:57.75756+08:00,0,false,1.29,-1.00,404,model_not_found,false,
candidateB_disconnect,2026-09-13T19:09:57.757799+08:00,2,false,1.10,-1.00,404,model_not_found,false,
candidateB_disconnect,2026-09-13T19:09:57.757895+08:00,1,true,1.12,-1.00,404,model_not_found,false,
candidateB_disconnect,2026-09-13T19:09:57.908935+08:00,1,true,6.12,-1.00,404,model_not_found,false,
candidateB_disconnect,2026-09-13T19:09:57.908769+08:00,0,false,6.28,-1.00,404,model_not_found,false,
candidateB_disconnect,2026-09-13T19:09:57.908769+08:00,2,true,6.60,-1.00,404,model_not_found,false,
candidateB_disconnect,2026-09-13T19:09:58.059869+08:00,2,true,1.05,-1.00,404,model_not_found,false,
candidateB_disconnect,2026-09-13T19:09:58.059825+08:00,1,false,1.23,-1.00,404,model_not_found,false,
candidateB_disconnect,2026-09-13T19:09:58.059825+08:00,0,true,1.33,-1.00,404,model_not_found,false,
candidateB_disconnect,2026-09-13T19:09:58.214086+08:00,2,true,1.84,-1.00,404,model_not_found,false,
candidateB_disconnect,2026-09-13T19:09:58.2142+08:00,1,false,1.78,-1.00,404,model_not_found,false,
candidateB_disconnect,2026-09-13T19:09:58.212972+08:00,0,false,3.26,-1.00,404,model_not_found,false,
candidateB_disconnect,2026-09-13T19:09:58.363484+08:00,0,false,1.87,-1.00,404,model_not_found,false,
candidateB_disconnect,2026-09-13T19:09:58.364585+08:00,1,false,0.79,-1.00,404,model_not_found,false,
candidateB_disconnect,2026-09-13T19:09:58.364862+08:00,2,true,0.90,-1.00,404,model_not_found,false,
candidateB_disconnect,2026-09-13T19:09:58.514615+08:00,1,false,0.59,-1.00,404,model_not_found,false,
candidateB_disconnect,2026-09-13T19:09:58.514543+08:00,0,true,0.88,-1.00,404,model_not_found,false,
candidateB_disconnect,2026-09-13T19:09:58.515027+08:00,2,false,0.57,-1.00,404,model_not_found,false,
candidateB_disconnect,2026-09-13T19:09:58.665884+08:00,0,false,4.88,-1.00,404,model_not_found,false,
candidateB_disconnect,2026-09-13T19:09:58.665742+08:00,1,true,5.04,-1.00,404,model_not_found,false,
candidateB_disconnect,2026-09-13T19:09:58.66574+08:00,2,false,5.08,-1.00,404,model_not_found,false,
candidateB_disconnect,2026-09-13T19:09:58.817074+08:00,2,true,1.45,-1.00,404,model_not_found,false,
candidateB_disconnect,2026-09-13T19:09:58.816873+08:00,1,true,1.70,-1.00,404,model_not_found,false,
candidateB_disconnect,2026-09-13T19:09:58.816873+08:00,0,false,1.76,-1.00,404,model_not_found,false,
candidateB_disconnect,2026-09-13T19:09:58.967625+08:00,2,false,1.10,-1.00,404,model_not_found,false,
candidateB_disconnect,2026-09-13T19:09:58.967442+08:00,1,false,1.32,-1.00,404,model_not_found,false,
candidateB_disconnect,2026-09-13T19:09:58.967442+08:00,0,false,1.41,-1.00,404,model_not_found,false,
candidateB_disconnect,2026-09-13T19:09:59.118174+08:00,0,false,1.79,-1.00,404,model_not_found,false,
candidateB_disconnect,2026-09-13T19:09:59.118287+08:00,1,true,1.74,-1.00,404,model_not_found,false,
candidateB_disconnect,2026-09-13T19:09:59.118174+08:00,2,true,2.01,-1.00,404,model_not_found,false,
candidateB_disconnect,2026-09-13T19:09:59.269287+08:00,1,false,2.38,-1.00,404,model_not_found,false,
candidateB_disconnect,2026-09-13T19:09:59.269835+08:00,2,false,1.92,-1.00,404,model_not_found,false,
candidateB_disconnect,2026-09-13T19:09:59.270061+08:00,0,false,2.12,-1.00,404,model_not_found,false,
candidateB_disconnect,2026-09-13T19:09:59.419974+08:00,2,false,1.04,-1.00,404,model_not_found,false,
candidateB_disconnect,2026-09-13T19:09:59.41955+08:00,1,true,1.72,-1.00,404,model_not_found,false,
candidateB_disconnect,2026-09-13T19:09:59.4201+08:00,0,false,1.56,-1.00,404,model_not_found,false,
candidateB_disconnect,2026-09-13T19:09:59.570831+08:00,2,false,1.77,-1.00,404,model_not_found,false,
candidateB_disconnect,2026-09-13T19:09:59.570715+08:00,1,false,1.94,-1.00,404,model_not_found,false,
candidateB_disconnect,2026-09-13T19:09:59.570715+08:00,0,true,2.22,-1.00,404,model_not_found,false,
candidateB_disconnect,2026-09-13T19:09:59.72187+08:00,0,false,2.37,-1.00,404,model_not_found,false,
candidateB_disconnect,2026-09-13T19:09:59.722486+08:00,2,true,1.83,-1.00,404,model_not_found,false,
candidateB_disconnect,2026-09-13T19:09:59.722639+08:00,1,true,1.84,-1.00,404,model_not_found,false,
candidateB_disconnect,2026-09-13T19:09:59.873429+08:00,0,false,1.37,-1.00,404,model_not_found,false,
candidateB_disconnect,2026-09-13T19:09:59.872909+08:00,1,true,1.90,-1.00,404,model_not_found,false,
candidateB_disconnect,2026-09-13T19:09:59.873415+08:00,2,true,1.76,-1.00,404,model_not_found,false,
candidateB_disconnect,2026-09-13T19:10:00.02401+08:00,2,true,2.51,-1.00,404,model_not_found,false,
candidateB_disconnect,2026-09-13T19:10:00.02401+08:00,0,true,2.59,-1.00,404,model_not_found,false,
candidateB_disconnect,2026-09-13T19:10:00.024129+08:00,1,false,2.56,-1.00,404,model_not_found,false,
candidateB_disconnect,2026-09-13T19:10:00.175136+08:00,1,false,6.82,-1.00,404,model_not_found,false,
candidateB_disconnect,2026-09-13T19:10:00.175136+08:00,0,true,6.89,-1.00,404,model_not_found,false,
candidateB_disconnect,2026-09-13T19:10:00.175248+08:00,2,true,6.97,-1.00,404,model_not_found,false,
candidateB_disconnect,2026-09-13T19:10:00.325926+08:00,2,true,5.55,-1.00,404,model_not_found,false,
candidateB_disconnect,2026-09-13T19:10:00.326486+08:00,1,true,5.06,-1.00,404,model_not_found,false,
candidateB_disconnect,2026-09-13T19:10:00.32658+08:00,0,false,5.64,-1.00,404,model_not_found,false,
candidateB_disconnect,2026-09-13T19:10:00.480174+08:00,2,false,1.80,-1.00,404,model_not_found,false,
candidateB_disconnect,2026-09-13T19:10:00.478754+08:00,1,false,3.28,-1.00,404,model_not_found,false,
candidateB_disconnect,2026-09-13T19:10:00.479991+08:00,0,true,2.08,-1.00,404,model_not_found,false,
candidateB_disconnect,2026-09-13T19:10:00.630088+08:00,0,false,1.81,-1.00,404,model_not_found,false,
candidateB_disconnect,2026-09-13T19:10:00.629577+08:00,1,false,2.36,-1.00,404,model_not_found,false,
candidateB_disconnect,2026-09-13T19:10:00.630191+08:00,2,false,2.10,-1.00,404,model_not_found,false,
candidateB_disconnect,2026-09-13T19:10:00.781288+08:00,0,true,3.41,-1.00,404,model_not_found,false,
candidateB_disconnect,2026-09-13T19:10:00.780648+08:00,2,true,4.52,-1.00,404,model_not_found,false,
candidateB_disconnect,2026-09-13T19:10:00.781469+08:00,1,false,5.01,-1.00,404,model_not_found,false,
candidateB_disconnect,2026-09-13T19:10:00.931697+08:00,2,false,0.71,-1.00,404,model_not_found,false,
candidateB_disconnect,2026-09-13T19:10:00.931635+08:00,0,false,0.81,-1.00,404,model_not_found,false,
candidateB_disconnect,2026-09-13T19:10:00.931635+08:00,1,true,1.04,-1.00,404,model_not_found,false,
candidateB_disconnect,2026-09-13T19:10:01.08296+08:00,2,true,2.33,-1.00,404,model_not_found,false,
candidateB_disconnect,2026-09-13T19:10:01.082834+08:00,0,true,2.53,-1.00,404,model_not_found,false,
candidateB_disconnect,2026-09-13T19:10:01.082834+08:00,1,true,2.86,-1.00,404,model_not_found,false,
candidateB_disconnect,2026-09-13T19:10:01.234285+08:00,1,false,2.77,-1.00,404,model_not_found,false,
candidateB_disconnect,2026-09-13T19:10:01.234047+08:00,2,true,3.11,-1.00,404,model_not_found,false,
candidateB_disconnect,2026-09-13T19:10:01.234009+08:00,0,true,4.31,-1.00,404,model_not_found,false,
candidateB_disconnect,2026-09-13T19:10:01.385643+08:00,2,false,2.30,-1.00,404,model_not_found,false,
candidateB_disconnect,2026-09-13T19:10:01.385132+08:00,1,false,2.96,-1.00,404,model_not_found,false,
candidateB_disconnect,2026-09-13T19:10:01.385539+08:00,0,false,2.41,-1.00,404,model_not_found,false,
candidateB_disconnect,2026-09-13T19:10:01.536488+08:00,1,false,2.14,-1.00,404,model_not_found,false,
candidateB_disconnect,2026-09-13T19:10:01.536637+08:00,0,true,2.16,-1.00,404,model_not_found,false,
candidateB_disconnect,2026-09-13T19:10:01.536488+08:00,2,false,2.33,-1.00,404,model_not_found,false,
candidateB_disconnect,2026-09-13T19:10:01.687613+08:00,0,true,2.81,-1.00,404,model_not_found,false,
candidateB_disconnect,2026-09-13T19:10:01.687793+08:00,1,true,2.97,-1.00,404,model_not_found,false,
candidateB_disconnect,2026-09-13T19:10:01.688007+08:00,2,true,3.45,-1.00,404,model_not_found,false,
candidateB_disconnect,2026-09-13T19:10:01.838834+08:00,0,false,2.81,-1.00,404,model_not_found,false,
candidateB_disconnect,2026-09-13T19:10:01.838744+08:00,2,false,3.01,-1.00,404,model_not_found,false,
candidateB_disconnect,2026-09-13T19:10:01.838744+08:00,1,false,3.30,-1.00,404,model_not_found,false,
candidateB_disconnect,2026-09-13T19:10:01.989877+08:00,1,false,1.94,-1.00,404,model_not_found,false,
candidateB_disconnect,2026-09-13T19:10:01.990513+08:00,0,true,1.79,-1.00,404,model_not_found,false,
candidateB_disconnect,2026-09-13T19:10:01.990683+08:00,2,false,1.66,-1.00,404,model_not_found,false,
candidateB_disconnect,2026-09-13T19:10:02.141007+08:00,0,false,1.73,-1.00,404,model_not_found,false,
candidateB_disconnect,2026-09-13T19:10:02.141691+08:00,1,false,6.52,-1.00,404,model_not_found,false,
candidateB_disconnect,2026-09-13T19:10:02.14157+08:00,2,true,7.03,-1.00,404,model_not_found,false,
candidateB_disconnect,2026-09-13T19:10:02.292232+08:00,2,false,2.48,-1.00,404,model_not_found,false,
candidateB_disconnect,2026-09-13T19:10:02.292144+08:00,0,true,2.64,-1.00,404,model_not_found,false,
candidateB_disconnect,2026-09-13T19:10:02.292144+08:00,1,false,2.75,-1.00,404,model_not_found,false,
candidateB_disconnect,2026-09-13T19:10:02.4427+08:00,1,true,5.17,-1.00,404,model_not_found,false,
candidateB_disconnect,2026-09-13T19:10:02.444053+08:00,2,true,3.86,-1.00,404,model_not_found,false,
candidateB_disconnect,2026-09-13T19:10:02.44431+08:00,0,false,4.38,-1.00,404,model_not_found,false,
candidateB_disconnect,2026-09-13T19:10:02.594553+08:00,0,true,1.33,-1.00,404,model_not_found,false,
candidateB_disconnect,2026-09-13T19:10:02.593958+08:00,2,false,2.02,-1.00,404,model_not_found,false,
candidateB_disconnect,2026-09-13T19:10:02.594706+08:00,1,false,1.52,-1.00,404,model_not_found,false,
candidateB_disconnect,2026-09-13T19:10:02.748645+08:00,0,false,2.07,-1.00,404,model_not_found,false,
candidateB_disconnect,2026-09-13T19:10:02.747063+08:00,2,true,3.68,-1.00,404,model_not_found,false,
candidateB_disconnect,2026-09-13T19:10:02.750353+08:00,1,false,1.07,-1.00,404,model_not_found,false,
candidateB_disconnect,2026-09-13T19:10:02.898821+08:00,0,false,1.30,-1.00,404,model_not_found,false,
candidateB_disconnect,2026-09-13T19:10:02.898207+08:00,2,true,1.92,-1.00,404,model_not_found,false,
candidateB_disconnect,2026-09-13T19:10:02.900392+08:00,1,true,0.31,-1.00,404,model_not_found,false,
candidateB_disconnect,2026-09-13T19:10:03.050703+08:00,2,true,1.07,-1.00,404,model_not_found,false,
candidateB_disconnect,2026-09-13T19:10:03.05013+08:00,0,true,1.69,-1.00,404,model_not_found,false,
candidateB_disconnect,2026-09-13T19:10:03.050945+08:00,1,false,1.06,-1.00,404,model_not_found,false,
candidateB_disconnect,2026-09-13T19:10:03.201317+08:00,1,true,2.63,-1.00,404,model_not_found,false,
candidateB_disconnect,2026-09-13T19:10:03.201481+08:00,2,false,2.50,-1.00,404,model_not_found,false,
candidateB_disconnect,2026-09-13T19:10:03.201193+08:00,0,true,2.83,-1.00,404,model_not_found,false,
candidateB_disconnect,2026-09-13T19:10:03.352318+08:00,2,false,1.98,-1.00,404,model_not_found,false,
candidateB_disconnect,2026-09-13T19:10:03.352318+08:00,1,false,2.07,-1.00,404,model_not_found,false,
candidateB_disconnect,2026-09-13T19:10:03.352545+08:00,0,false,1.99,-1.00,404,model_not_found,false,
candidateB_disconnect,2026-09-13T19:10:03.503435+08:00,0,true,3.04,-1.00,404,model_not_found,false,
candidateB_disconnect,2026-09-13T19:10:03.50358+08:00,2,false,2.89,-1.00,404,model_not_found,false,
candidateB_disconnect,2026-09-13T19:10:03.503435+08:00,1,true,3.09,-1.00,404,model_not_found,false,
candidateB_disconnect,2026-09-13T19:10:03.654766+08:00,0,true,2.65,-1.00,404,model_not_found,false,
candidateB_disconnect,2026-09-13T19:10:03.654734+08:00,2,false,2.82,-1.00,404,model_not_found,false,
candidateB_disconnect,2026-09-13T19:10:03.654692+08:00,1,false,3.01,-1.00,404,model_not_found,false,
candidateB_disconnect,2026-09-13T19:10:03.805189+08:00,2,false,1.85,-1.00,404,model_not_found,false,
candidateB_disconnect,2026-09-13T19:10:03.805189+08:00,1,true,1.93,-1.00,404,model_not_found,false,
candidateB_disconnect,2026-09-13T19:10:03.805274+08:00,0,true,1.89,-1.00,404,model_not_found,false,
candidateB_disconnect,2026-09-13T19:10:03.956478+08:00,1,false,2.08,-1.00,404,model_not_found,false,
candidateB_disconnect,2026-09-13T19:10:03.956337+08:00,2,false,2.29,-1.00,404,model_not_found,false,
candidateB_disconnect,2026-09-13T19:10:03.956337+08:00,0,false,2.40,-1.00,404,model_not_found,false,
candidateB_disconnect,2026-09-13T19:10:04.107312+08:00,1,false,7.43,-1.00,404,model_not_found,false,
candidateB_disconnect,2026-09-13T19:10:04.107313+08:00,0,true,10.00,-1.00,404,model_not_found,false,
candidateB_disconnect,2026-09-13T19:10:04.107392+08:00,2,false,9.95,-1.00,404,model_not_found,false,
candidateB_disconnect,2026-09-13T19:10:04.258634+08:00,1,false,3.05,-1.00,404,model_not_found,false,
candidateB_disconnect,2026-09-13T19:10:04.258479+08:00,0,true,4.50,-1.00,404,model_not_found,false,
candidateB_disconnect,2026-09-13T19:10:04.258479+08:00,2,false,5.00,-1.00,404,model_not_found,false,
candidateB_disconnect,2026-09-13T19:10:04.41093+08:00,2,false,3.62,-1.00,404,model_not_found,false,
candidateB_disconnect,2026-09-13T19:10:04.409763+08:00,0,true,5.16,-1.00,404,model_not_found,false,
candidateB_disconnect,2026-09-13T19:10:04.411366+08:00,1,false,3.69,-1.00,404,model_not_found,false,
candidateB_disconnect,2026-09-13T19:10:04.560753+08:00,0,false,2.12,-1.00,404,model_not_found,false,
candidateB_disconnect,2026-09-13T19:10:04.560949+08:00,2,true,1.99,-1.00,404,model_not_found,false,
candidateB_disconnect,2026-09-13T19:10:04.561402+08:00,1,false,1.72,-1.00,404,model_not_found,false,
candidateB_disconnect,2026-09-13T19:10:04.713315+08:00,2,true,3.25,-1.00,404,model_not_found,false,
candidateB_disconnect,2026-09-13T19:10:04.713414+08:00,0,false,3.41,-1.00,404,model_not_found,false,
candidateB_disconnect,2026-09-13T19:10:04.713217+08:00,1,false,4.03,-1.00,404,model_not_found,false,
candidateB_disconnect,2026-09-13T19:10:04.86431+08:00,0,false,2.01,-1.00,404,model_not_found,false,
candidateB_disconnect,2026-09-13T19:10:04.864428+08:00,2,true,1.94,-1.00,404,model_not_found,false,
candidateB_disconnect,2026-09-13T19:10:04.86431+08:00,1,true,2.15,-1.00,404,model_not_found,false,
candidateB_disconnect,2026-09-13T19:10:05.016776+08:00,2,true,4.89,-1.00,404,model_not_found,false,
candidateB_disconnect,2026-09-13T19:10:05.017405+08:00,0,true,4.31,-1.00,404,model_not_found,false,
candidateB_disconnect,2026-09-13T19:10:05.017624+08:00,1,true,4.18,-1.00,404,model_not_found,false,
candidateB_disconnect,2026-09-13T19:10:05.169797+08:00,2,false,3.98,-1.00,404,model_not_found,false,
candidateB_disconnect,2026-09-13T19:10:05.168352+08:00,1,false,5.43,-1.00,404,model_not_found,false,
candidateB_disconnect,2026-09-13T19:10:05.170123+08:00,0,true,4.15,-1.00,404,model_not_found,false,
candidateB_disconnect,2026-09-13T19:10:05.31959+08:00,1,false,1.96,-1.00,404,model_not_found,false,
candidateB_disconnect,2026-09-13T19:10:05.319843+08:00,2,false,1.78,-1.00,404,model_not_found,false,
candidateB_disconnect,2026-09-13T19:10:05.320377+08:00,0,false,1.49,-1.00,404,model_not_found,false,
candidateB_disconnect,2026-09-13T19:10:05.469717+08:00,1,true,1.82,-1.00,404,model_not_found,false,
candidateB_disconnect,2026-09-13T19:10:05.470168+08:00,2,false,1.44,-1.00,404,model_not_found,false,
candidateB_disconnect,2026-09-13T19:10:05.47041+08:00,0,false,1.78,-1.00,404,model_not_found,false,
candidateB_disconnect,2026-09-13T19:10:05.621023+08:00,0,false,2.12,-1.00,404,model_not_found,false,
candidateB_disconnect,2026-09-13T19:10:05.620994+08:00,1,false,2.23,-1.00,404,model_not_found,false,
candidateB_disconnect,2026-09-13T19:10:05.621269+08:00,2,false,2.02,-1.00,404,model_not_found,false,
candidateB_disconnect,2026-09-13T19:10:05.771877+08:00,2,true,2.09,-1.00,404,model_not_found,false,
candidateB_disconnect,2026-09-13T19:10:05.771955+08:00,1,true,2.08,-1.00,404,model_not_found,false,
candidateB_disconnect,2026-09-13T19:10:05.771877+08:00,0,true,2.21,-1.00,404,model_not_found,false,
candidateB_disconnect,2026-09-13T19:10:05.92267+08:00,0,true,1.91,-1.00,404,model_not_found,false,
candidateB_disconnect,2026-09-13T19:10:05.92255+08:00,2,false,2.08,-1.00,404,model_not_found,false,
candidateB_disconnect,2026-09-13T19:10:05.922548+08:00,1,true,2.03,-1.00,404,model_not_found,false,
candidateB_disconnect,2026-09-13T19:10:06.073755+08:00,0,false,1.74,-1.00,404,model_not_found,false,
candidateB_disconnect,2026-09-13T19:10:06.073755+08:00,1,true,1.80,-1.00,404,model_not_found,false,
candidateB_disconnect,2026-09-13T19:10:06.073861+08:00,2,true,1.73,-1.00,404,model_not_found,false,
candidateB_disconnect,2026-09-13T19:10:06.224851+08:00,1,false,2.18,-1.00,404,model_not_found,false,
candidateB_disconnect,2026-09-13T19:10:06.224965+08:00,0,true,2.18,-1.00,404,model_not_found,false,
candidateB_disconnect,2026-09-13T19:10:06.224851+08:00,2,false,2.39,-1.00,404,model_not_found,false,
candidateB_disconnect,2026-09-13T19:10:06.375939+08:00,2,false,1.55,-1.00,404,model_not_found,false,
candidateB_disconnect,2026-09-13T19:10:06.376082+08:00,1,false,1.44,-1.00,404,model_not_found,false,
candidateB_disconnect,2026-09-13T19:10:06.375939+08:00,0,true,1.63,-1.00,404,model_not_found,false,
candidateB_disconnect,2026-09-13T19:10:06.527034+08:00,0,false,1.01,-1.00,404,model_not_found,false,
candidateB_disconnect,2026-09-13T19:10:06.527034+08:00,1,true,1.05,-1.00,404,model_not_found,false,
candidateB_disconnect,2026-09-13T19:10:06.527082+08:00,2,false,1.21,-1.00,404,model_not_found,false,
candidateB_disconnect,2026-09-13T19:10:06.679812+08:00,2,true,7.11,-1.00,404,model_not_found,false,
candidateB_disconnect,2026-09-13T19:10:06.679812+08:00,0,true,8.10,-1.00,404,model_not_found,false,
candidateB_disconnect,2026-09-13T19:10:06.679912+08:00,1,false,8.11,-1.00,404,model_not_found,false,
candidateB_disconnect,2026-09-13T19:10:06.830881+08:00,0,true,3.01,-1.00,404,model_not_found,false,
candidateB_disconnect,2026-09-13T19:10:06.831017+08:00,1,false,3.02,-1.00,404,model_not_found,false,
candidateB_disconnect,2026-09-13T19:10:06.830881+08:00,2,false,4.48,-1.00,404,model_not_found,false,
candidateB_disconnect,2026-09-13T19:10:06.986336+08:00,0,true,2.42,-1.00,404,model_not_found,false,
candidateB_disconnect,2026-09-13T19:10:06.9868+08:00,1,false,1.95,-1.00,404,model_not_found,false,
candidateB_disconnect,2026-09-13T19:10:06.984771+08:00,2,false,4.03,-1.00,404,model_not_found,false,
candidateB_disconnect,2026-09-13T19:10:07.135025+08:00,2,true,2.36,-1.00,404,model_not_found,false,
candidateB_disconnect,2026-09-13T19:10:07.136895+08:00,1,false,1.10,-1.00,404,model_not_found,false,
candidateB_disconnect,2026-09-13T19:10:07.137886+08:00,0,false,0.47,-1.00,404,model_not_found,false,
candidateB_disconnect,2026-09-13T19:10:07.285807+08:00,2,true,2.51,-1.00,404,model_not_found,false,
candidateB_disconnect,2026-09-13T19:10:07.288165+08:00,0,false,1.05,-1.00,404,model_not_found,false,
candidateB_disconnect,2026-09-13T19:10:07.288112+08:00,1,false,1.14,-1.00,404,model_not_found,false,
candidateB_disconnect,2026-09-13T19:10:07.436839+08:00,2,true,1.12,-1.00,404,model_not_found,false,
candidateB_disconnect,2026-09-13T19:10:07.438157+08:00,1,true,0.68,-1.00,404,model_not_found,false,
candidateB_disconnect,2026-09-13T19:10:07.438186+08:00,0,false,0.70,-1.00,404,model_not_found,false,
candidateB_disconnect,2026-09-13T19:10:07.58823+08:00,0,true,1.66,-1.00,404,model_not_found,false,
candidateB_disconnect,2026-09-13T19:10:07.588059+08:00,2,true,1.88,-1.00,404,model_not_found,false,
candidateB_disconnect,2026-09-13T19:10:07.588582+08:00,1,false,1.47,-1.00,404,model_not_found,false,
candidateB_disconnect,2026-09-13T19:10:07.73887+08:00,2,false,2.08,-1.00,404,model_not_found,false,
candidateB_disconnect,2026-09-13T19:10:07.739149+08:00,1,false,1.87,-1.00,404,model_not_found,false,
candidateB_disconnect,2026-09-13T19:10:07.739439+08:00,0,true,1.67,-1.00,404,model_not_found,false,
candidateB_disconnect,2026-09-13T19:10:07.889166+08:00,0,true,4.07,-1.00,404,model_not_found,false,
candidateB_disconnect,2026-09-13T19:10:07.889642+08:00,1,false,3.74,-1.00,404,model_not_found,false,
candidateB_disconnect,2026-09-13T19:10:07.889735+08:00,2,false,3.68,-1.00,404,model_not_found,false,
candidateB_disconnect,2026-09-13T19:10:08.040417+08:00,2,true,1.76,-1.00,404,model_not_found,false,
candidateB_disconnect,2026-09-13T19:10:08.040279+08:00,1,false,1.99,-1.00,404,model_not_found,false,
candidateB_disconnect,2026-09-13T19:10:08.040279+08:00,0,false,1.90,-1.00,404,model_not_found,false,
candidateB_disconnect,2026-09-13T19:10:08.19248+08:00,2,false,4.57,-1.00,404,model_not_found,false,
candidateB_disconnect,2026-09-13T19:10:08.19622+08:00,0,false,0.99,-1.00,404,model_not_found,false,
candidateB_disconnect,2026-09-13T19:10:08.196303+08:00,1,true,1.25,-1.00,404,model_not_found,false,
candidateB_disconnect,2026-09-13T19:10:08.343626+08:00,2,false,1.63,-1.00,404,model_not_found,false,
candidateB_disconnect,2026-09-13T19:10:08.346411+08:00,0,false,0.71,-1.00,404,model_not_found,false,
candidateB_disconnect,2026-09-13T19:10:08.346401+08:00,1,false,0.74,-1.00,404,model_not_found,false,
candidateB_disconnect,2026-09-13T19:10:08.494824+08:00,2,true,2.86,-1.00,404,model_not_found,false,
candidateB_disconnect,2026-09-13T19:10:08.497025+08:00,0,false,1.01,-1.00,404,model_not_found,false,
candidateB_disconnect,2026-09-13T19:10:08.497772+08:00,1,true,0.36,-1.00,404,model_not_found,false,
candidateB_disconnect,2026-09-13T19:10:08.647472+08:00,0,true,3.28,-1.00,404,model_not_found,false,
candidateB_disconnect,2026-09-13T19:10:08.64991+08:00,1,false,1.00,-1.00,404,model_not_found,false,
candidateB_disconnect,2026-09-13T19:10:08.650119+08:00,2,false,1.20,-1.00,404,model_not_found,false,
candidateB_disconnect,2026-09-13T19:10:08.798621+08:00,0,true,2.18,-1.00,404,model_not_found,false,
candidateB_disconnect,2026-09-13T19:10:08.799964+08:00,1,false,0.88,-1.00,404,model_not_found,false,
candidateB_disconnect,2026-09-13T19:10:08.800171+08:00,2,false,1.20,-1.00,404,model_not_found,false,
candidateB_disconnect,2026-09-13T19:10:08.950211+08:00,2,true,1.53,-1.00,404,model_not_found,false,
candidateB_disconnect,2026-09-13T19:10:08.950048+08:00,1,false,1.78,-1.00,404,model_not_found,false,
candidateB_disconnect,2026-09-13T19:10:08.949768+08:00,0,true,1.97,-1.00,404,model_not_found,false,
candidateB_disconnect,2026-09-13T19:10:09.100915+08:00,2,false,1.90,-1.00,404,model_not_found,false,
candidateB_disconnect,2026-09-13T19:10:09.101358+08:00,0,false,3.04,-1.00,404,model_not_found,false,
candidateB_disconnect,2026-09-13T19:10:09.101042+08:00,1,false,3.41,-1.00,404,model_not_found,false,
candidateB_disconnect,2026-09-13T19:10:09.251478+08:00,1,false,2.06,-1.00,404,model_not_found,false,
candidateB_disconnect,2026-09-13T19:10:09.251711+08:00,0,true,1.90,-1.00,404,model_not_found,false,
candidateB_disconnect,2026-09-13T19:10:09.251219+08:00,2,false,2.49,-1.00,404,model_not_found,false,
candidateB_disconnect,2026-09-13T19:10:09.402817+08:00,2,false,1.44,-1.00,404,model_not_found,false,
candidateB_disconnect,2026-09-13T19:10:09.402309+08:00,0,true,1.95,-1.00,404,model_not_found,false,
candidateB_disconnect,2026-09-13T19:10:09.402884+08:00,1,false,1.76,-1.00,404,model_not_found,false,
candidateB_disconnect,2026-09-13T19:10:09.553426+08:00,0,false,1.96,-1.00,404,model_not_found,false,
candidateB_disconnect,2026-09-13T19:10:09.553573+08:00,2,false,1.88,-1.00,404,model_not_found,false,
candidateB_disconnect,2026-09-13T19:10:09.553426+08:00,1,false,2.16,-1.00,404,model_not_found,false,
candidateB_disconnect,2026-09-13T19:10:09.704541+08:00,1,true,2.13,-1.00,404,model_not_found,false,
candidateB_disconnect,2026-09-13T19:10:09.70465+08:00,0,false,2.11,-1.00,404,model_not_found,false,
candidateB_disconnect,2026-09-13T19:10:09.704541+08:00,2,true,2.53,-1.00,404,model_not_found,false,
candidateB_disconnect,2026-09-13T19:10:09.855685+08:00,0,false,3.61,-1.00,404,model_not_found,false,
candidateB_disconnect,2026-09-13T19:10:09.858512+08:00,2,false,0.95,-1.00,404,model_not_found,false,
candidateB_disconnect,2026-09-13T19:10:09.858512+08:00,1,false,1.18,-1.00,404,model_not_found,false,
candidateB_disconnect,2026-09-13T19:10:10.006795+08:00,0,false,1.51,-1.00,404,model_not_found,false,
candidateB_disconnect,2026-09-13T19:10:10.008555+08:00,2,true,0.37,-1.00,404,model_not_found,false,
candidateB_disconnect,2026-09-13T19:10:10.008584+08:00,1,true,0.46,-1.00,404,model_not_found,false,
candidateB_disconnect,2026-09-13T19:10:10.158673+08:00,1,true,3.40,-1.00,404,model_not_found,false,
candidateB_disconnect,2026-09-13T19:10:10.157975+08:00,0,true,4.28,-1.00,404,model_not_found,false,
candidateB_disconnect,2026-09-13T19:10:10.158598+08:00,2,true,3.78,-1.00,404,model_not_found,false,
candidateB_disconnect,2026-09-13T19:10:10.30879+08:00,1,true,7.43,-1.00,404,model_not_found,false,
candidateB_disconnect,2026-09-13T19:10:10.308636+08:00,0,false,7.59,-1.00,404,model_not_found,false,
candidateB_disconnect,2026-09-13T19:10:10.309131+08:00,2,false,7.80,-1.00,404,model_not_found,false,
candidateB_disconnect,2026-09-13T19:10:10.461641+08:00,0,true,1.48,-1.00,404,model_not_found,false,
candidateB_disconnect,2026-09-13T19:10:10.460734+08:00,2,false,2.68,-1.00,404,model_not_found,false,
candidateB_disconnect,2026-09-13T19:10:10.462019+08:00,1,false,1.76,-1.00,404,model_not_found,false,
candidateB_disconnect,2026-09-13T19:10:10.613658+08:00,2,false,3.10,-1.00,404,model_not_found,false,
candidateB_disconnect,2026-09-13T19:10:10.613496+08:00,0,false,3.30,-1.00,404,model_not_found,false,
candidateB_disconnect,2026-09-13T19:10:10.613498+08:00,1,false,3.26,-1.00,404,model_not_found,false,
candidateB_disconnect,2026-09-13T19:10:10.764838+08:00,0,false,1.87,-1.00,404,model_not_found,false,
candidateB_disconnect,2026-09-13T19:10:10.764706+08:00,1,false,2.09,-1.00,404,model_not_found,false,
candidateB_disconnect,2026-09-13T19:10:10.765214+08:00,2,true,1.95,-1.00,404,model_not_found,false,
candidateB_disconnect,2026-09-13T19:10:10.91591+08:00,1,false,2.07,-1.00,404,model_not_found,false,
candidateB_disconnect,2026-09-13T19:10:10.915974+08:00,2,false,2.09,-1.00,404,model_not_found,false,
candidateB_disconnect,2026-09-13T19:10:10.915893+08:00,0,false,2.57,-1.00,404,model_not_found,false,
candidateB_disconnect,2026-09-13T19:10:11.067136+08:00,1,true,1.60,-1.00,404,model_not_found,false,
candidateB_disconnect,2026-09-13T19:10:11.066567+08:00,0,true,2.53,-1.00,404,model_not_found,false,
candidateB_disconnect,2026-09-13T19:10:11.067244+08:00,2,false,1.95,-1.00,404,model_not_found,false,
candidateB_disconnect,2026-09-13T19:10:11.217783+08:00,2,true,2.00,-1.00,404,model_not_found,false,
candidateB_disconnect,2026-09-13T19:10:11.218232+08:00,0,false,1.62,-1.00,404,model_not_found,false,
candidateB_disconnect,2026-09-13T19:10:11.217783+08:00,1,false,2.19,-1.00,404,model_not_found,false,
candidateB_disconnect,2026-09-13T19:10:11.36828+08:00,1,false,2.69,-1.00,404,model_not_found,false,
candidateB_disconnect,2026-09-13T19:10:11.36828+08:00,2,false,2.77,-1.00,404,model_not_found,false,
candidateB_disconnect,2026-09-13T19:10:11.368705+08:00,0,false,2.59,-1.00,404,model_not_found,false,
candidateB_disconnect,2026-09-13T19:10:11.51892+08:00,0,true,1.72,-1.00,404,model_not_found,false,
candidateB_disconnect,2026-09-13T19:10:11.518788+08:00,1,true,1.92,-1.00,404,model_not_found,false,
candidateB_disconnect,2026-09-13T19:10:11.518788+08:00,2,true,2.32,-1.00,404,model_not_found,false,
candidateB_disconnect,2026-09-13T19:10:11.669516+08:00,0,true,2.61,-1.00,404,model_not_found,false,
candidateB_disconnect,2026-09-13T19:10:11.66959+08:00,1,false,2.59,-1.00,404,model_not_found,false,
candidateB_disconnect,2026-09-13T19:10:11.669516+08:00,2,false,2.76,-1.00,404,model_not_found,false,
candidateB_disconnect,2026-09-13T19:10:11.819797+08:00,2,false,1.88,-1.00,404,model_not_found,false,
candidateB_disconnect,2026-09-13T19:10:11.819941+08:00,1,true,1.79,-1.00,404,model_not_found,false,
candidateB_disconnect,2026-09-13T19:10:11.819797+08:00,0,false,1.88,-1.00,404,model_not_found,false,
candidateB_disconnect,2026-09-13T19:10:11.971764+08:00,1,false,4.05,-1.00,404,model_not_found,false,
candidateB_disconnect,2026-09-13T19:10:11.972377+08:00,0,true,3.44,-1.00,404,model_not_found,false,
candidateB_disconnect,2026-09-13T19:10:11.972206+08:00,2,false,3.64,-1.00,404,model_not_found,false,
candidateB_disconnect,2026-09-13T19:10:12.122035+08:00,1,false,2.77,-1.00,404,model_not_found,false,
candidateB_disconnect,2026-09-13T19:10:12.122286+08:00,2,false,2.69,-1.00,404,model_not_found,false,
candidateB_disconnect,2026-09-13T19:10:12.122552+08:00,0,true,3.87,-1.00,404,model_not_found,false,
candidateB_disconnect,2026-09-13T19:10:12.273403+08:00,2,true,2.41,-1.00,404,model_not_found,false,
candidateB_disconnect,2026-09-13T19:10:12.273144+08:00,0,false,2.68,-1.00,404,model_not_found,false,
candidateB_disconnect,2026-09-13T19:10:12.27358+08:00,1,false,7.17,-1.00,404,model_not_found,false,
candidateB_disconnect,2026-09-13T19:10:12.42431+08:00,2,false,1.94,-1.00,404,model_not_found,false,
candidateB_disconnect,2026-09-13T19:10:12.42431+08:00,1,false,1.99,-1.00,404,model_not_found,false,
candidateB_disconnect,2026-09-13T19:10:12.424702+08:00,0,false,1.63,-1.00,404,model_not_found,false,
candidateB_disconnect,2026-09-13T19:10:12.575532+08:00,2,false,6.03,-1.00,404,model_not_found,false,
candidateB_disconnect,2026-09-13T19:10:12.575417+08:00,1,true,6.25,-1.00,404,model_not_found,false,
candidateB_disconnect,2026-09-13T19:10:12.575417+08:00,0,true,6.46,-1.00,404,model_not_found,false,
candidateB_disconnect,2026-09-13T19:10:12.726405+08:00,1,false,2.23,-1.00,404,model_not_found,false,
candidateB_disconnect,2026-09-13T19:10:12.725858+08:00,2,false,2.83,-1.00,404,model_not_found,false,
candidateB_disconnect,2026-09-13T19:10:12.726787+08:00,0,false,2.15,-1.00,404,model_not_found,false,
candidateB_disconnect,2026-09-13T19:10:12.876263+08:00,2,false,5.25,-1.00,404,model_not_found,false,
candidateB_disconnect,2026-09-13T19:10:12.877666+08:00,1,false,4.15,-1.00,404,model_not_found,false,
candidateB_disconnect,2026-09-13T19:10:12.878133+08:00,0,false,4.09,-1.00,404,model_not_found,false,
candidateB_disconnect,2026-09-13T19:10:13.027276+08:00,2,false,0.87,-1.00,404,model_not_found,false,
candidateB_disconnect,2026-09-13T19:10:13.027846+08:00,1,true,0.40,-1.00,404,model_not_found,false,
candidateB_disconnect,2026-09-13T19:10:13.028224+08:00,0,true,0.24,-1.00,404,model_not_found,false,
candidateB_disconnect,2026-09-13T19:10:13.183393+08:00,0,false,0.94,-1.00,404,model_not_found,false,
candidateB_disconnect,2026-09-13T19:10:13.183394+08:00,2,true,1.12,-1.00,404,model_not_found,false,
candidateB_disconnect,2026-09-13T19:10:13.183502+08:00,1,false,1.08,-1.00,404,model_not_found,false,
candidateB_disconnect,2026-09-13T19:10:13.334662+08:00,0,false,2.67,-1.00,404,model_not_found,false,
candidateB_disconnect,2026-09-13T19:10:13.33476+08:00,2,true,2.83,-1.00,404,model_not_found,false,
candidateB_disconnect,2026-09-13T19:10:13.334662+08:00,1,true,3.67,-1.00,404,model_not_found,false,
candidateB_disconnect,2026-09-13T19:10:13.485716+08:00,0,false,2.17,-1.00,404,model_not_found,false,
candidateB_disconnect,2026-09-13T19:10:13.485716+08:00,1,false,2.24,-1.00,404,model_not_found,false,
candidateB_disconnect,2026-09-13T19:10:13.485801+08:00,2,true,2.39,-1.00,404,model_not_found,false,
candidateB_disconnect,2026-09-13T19:10:13.638871+08:00,0,true,2.05,-1.00,404,model_not_found,false,
candidateB_disconnect,2026-09-13T19:10:13.636614+08:00,2,false,4.30,-1.00,404,model_not_found,false,
candidateB_disconnect,2026-09-13T19:10:13.639441+08:00,1,true,1.54,-1.00,404,model_not_found,false,
candidateB_disconnect,2026-09-13T19:10:13.787594+08:00,2,true,1.94,-1.00,404,model_not_found,false,
candidateB_disconnect,2026-09-13T19:10:13.788225+08:00,0,false,1.41,-1.00,404,model_not_found,false,
candidateB_disconnect,2026-09-13T19:10:13.789428+08:00,1,true,0.50,-1.00,404,model_not_found,false,
candidateB_disconnect,2026-09-13T19:10:13.938911+08:00,2,true,2.28,-1.00,404,model_not_found,false,
candidateB_disconnect,2026-09-13T19:10:13.93878+08:00,0,false,2.47,-1.00,404,model_not_found,false,
candidateB_disconnect,2026-09-13T19:10:13.939504+08:00,1,false,1.89,-1.00,404,model_not_found,false,
candidateB_disconnect,2026-09-13T19:10:14.090361+08:00,0,false,1.50,-1.00,404,model_not_found,false,
candidateB_disconnect,2026-09-13T19:10:14.089813+08:00,1,false,2.11,-1.00,404,model_not_found,false,
candidateB_disconnect,2026-09-13T19:10:14.090426+08:00,2,false,1.81,-1.00,404,model_not_found,false,
candidateB_disconnect,2026-09-13T19:10:14.242362+08:00,0,false,7.38,-1.00,404,model_not_found,false,
candidateB_disconnect,2026-09-13T19:10:14.242499+08:00,1,true,8.25,-1.00,404,model_not_found,false,
candidateB_disconnect,2026-09-13T19:10:14.240976+08:00,2,true,9.90,-1.00,404,model_not_found,false,
candidateB_disconnect,2026-09-13T19:10:14.392475+08:00,0,true,1.59,-1.00,404,model_not_found,false,
candidateB_disconnect,2026-09-13T19:10:14.392132+08:00,2,true,1.99,-1.00,404,model_not_found,false,
candidateB_disconnect,2026-09-13T19:10:14.392649+08:00,1,false,1.64,-1.00,404,model_not_found,false,
candidateB_disconnect,2026-09-13T19:10:14.543119+08:00,0,false,6.20,-1.00,404,model_not_found,false,
candidateB_disconnect,2026-09-13T19:10:14.54303+08:00,2,false,6.36,-1.00,404,model_not_found,false,
candidateB_disconnect,2026-09-13T19:10:14.54303+08:00,1,true,6.37,-1.00,404,model_not_found,false,
candidateB_disconnect,2026-09-13T19:10:14.695275+08:00,1,false,4.89,-1.00,404,model_not_found,false,
candidateB_disconnect,2026-09-13T19:10:14.695755+08:00,0,true,4.43,-1.00,404,model_not_found,false,
candidateB_disconnect,2026-09-13T19:10:14.695003+08:00,2,true,5.21,-1.00,404,model_not_found,false,
candidateB_disconnect,2026-09-13T19:10:14.846672+08:00,2,true,3.78,-1.00,404,model_not_found,false,
candidateB_disconnect,2026-09-13T19:10:14.847191+08:00,0,false,3.41,-1.00,404,model_not_found,false,
candidateB_disconnect,2026-09-13T19:10:14.847925+08:00,1,true,8.06,-1.00,404,model_not_found,false,
candidateB_disconnect,2026-09-13T19:10:14.99784+08:00,0,false,4.25,-1.00,404,model_not_found,false,
candidateB_disconnect,2026-09-13T19:10:14.99784+08:00,2,false,5.43,-1.00,404,model_not_found,false,
candidateB_disconnect,2026-09-13T19:10:14.998449+08:00,1,false,6.77,-1.00,404,model_not_found,false,
candidateB_disconnect,2026-09-13T19:10:15.150244+08:00,0,false,6.63,-1.00,404,model_not_found,false,
candidateB_disconnect,2026-09-13T19:10:15.150354+08:00,2,false,6.52,-1.00,404,model_not_found,false,
candidateB_disconnect,2026-09-13T19:10:15.149649+08:00,1,true,7.30,-1.00,404,model_not_found,false,
candidateB_disconnect,2026-09-13T19:10:15.300806+08:00,2,false,5.01,-1.00,404,model_not_found,false,
candidateB_disconnect,2026-09-13T19:10:15.300931+08:00,0,false,4.96,-1.00,404,model_not_found,false,
candidateB_disconnect,2026-09-13T19:10:15.300824+08:00,1,true,5.63,-1.00,404,model_not_found,false,
candidateB_disconnect,2026-09-13T19:10:15.453768+08:00,2,false,1.71,-1.00,404,model_not_found,false,
candidateB_disconnect,2026-09-13T19:10:15.453+08:00,1,false,3.10,-1.00,404,model_not_found,false,
candidateB_disconnect,2026-09-13T19:10:15.455046+08:00,0,false,1.22,-1.00,404,model_not_found,false,
candidateB_disconnect,2026-09-13T19:10:15.60409+08:00,2,false,2.40,-1.00,404,model_not_found,false,
candidateB_disconnect,2026-09-13T19:10:15.605227+08:00,0,false,2.42,-1.00,404,model_not_found,false,
candidateB_disconnect,2026-09-13T19:10:15.60409+08:00,1,true,3.67,-1.00,404,model_not_found,false,
candidateB_disconnect,2026-09-13T19:10:15.755187+08:00,1,false,1.49,-1.00,404,model_not_found,false,
candidateB_disconnect,2026-09-13T19:10:15.755276+08:00,0,true,1.48,-1.00,404,model_not_found,false,
candidateB_disconnect,2026-09-13T19:10:15.755185+08:00,2,true,1.72,-1.00,404,model_not_found,false,
candidateB_disconnect,2026-09-13T19:10:15.905512+08:00,2,true,2.02,-1.00,404,model_not_found,false,
candidateB_disconnect,2026-09-13T19:10:15.90562+08:00,1,false,1.98,-1.00,404,model_not_found,false,
candidateB_disconnect,2026-09-13T19:10:15.905512+08:00,0,false,2.29,-1.00,404,model_not_found,false,
candidateB_disconnect,2026-09-13T19:10:16.056787+08:00,0,true,1.96,-1.00,404,model_not_found,false,
candidateB_disconnect,2026-09-13T19:10:16.056675+08:00,2,false,2.11,-1.00,404,model_not_found,false,
candidateB_disconnect,2026-09-13T19:10:16.056735+08:00,1,false,2.09,-1.00,404,model_not_found,false,
candidateB_disconnect,2026-09-13T19:10:16.207798+08:00,2,false,4903.37,-1.00,200,,true,
candidateB_disconnect,2026-09-13T19:10:16.207798+08:00,0,false,5702.72,-1.00,200,,true,
candidateB_disconnect,2026-09-13T19:10:16.207825+08:00,1,false,6471.88,-1.00,200,,true,
candidateB_disconnect,2026-09-13T19:10:21.111348+08:00,2,true,2351.96,1675.34,200,,true,
candidateB_disconnect,2026-09-13T19:10:21.91075+08:00,0,true,2386.32,1661.47,200,,true,
candidateB_disconnect,2026-09-13T19:10:22.680033+08:00,1,true,2268.57,1727.64,200,,true,
candidateB_disconnect,2026-09-13T19:10:23.463546+08:00,2,false,2366.58,-1.00,200,,true,
candidateB_disconnect,2026-09-13T19:10:24.297292+08:00,0,false,2181.89,-1.00,200,,true,
candidateB_disconnect,2026-09-13T19:10:24.948809+08:00,1,false,2299.48,-1.00,200,,true,
candidateB_disconnect,2026-09-13T19:10:25.830338+08:00,2,false,2209.70,-1.00,200,,true,
candidateB_disconnect,2026-09-13T19:10:26.479382+08:00,0,true,2216.25,1669.91,200,,true,
candidateB_disconnect,2026-09-13T19:10:27.248487+08:00,1,false,2139.07,-1.00,200,,true,
candidateB_disconnect,2026-09-13T19:10:28.040226+08:00,2,true,2086.26,1457.09,200,,true,
candidateB_disconnect,2026-09-13T19:10:28.695822+08:00,0,false,2210.37,-1.00,200,,true,
candidateB_disconnect,2026-09-13T19:10:29.387731+08:00,1,false,2165.03,-1.00,200,,true,
candidateB_disconnect,2026-09-13T19:10:30.126656+08:00,2,false,2167.57,-1.00,200,,true,
candidateB_disconnect,2026-09-13T19:10:30.906366+08:00,0,false,2043.64,-1.00,200,,true,
candidateB_disconnect,2026-09-13T19:10:31.552926+08:00,1,true,2020.73,1502.71,200,,true,
candidateB_disconnect,2026-09-13T19:10:32.294381+08:00,2,false,2000.84,-1.00,200,,true,
candidateB_disconnect,2026-09-13T19:10:32.950162+08:00,0,false,2114.45,-1.00,200,,true,
candidateB_disconnect,2026-09-13T19:10:33.573804+08:00,1,false,2136.97,-1.00,200,,true,
candidateB_disconnect,2026-09-13T19:10:34.295369+08:00,2,false,2156.97,-1.00,200,,true,
candidateB_disconnect,2026-09-13T19:10:35.064795+08:00,0,true,2136.20,1499.60,200,,true,
candidateB_disconnect,2026-09-13T19:10:35.71092+08:00,1,true,2187.70,1597.77,200,,true,
candidateB_disconnect,2026-09-13T19:10:36.45249+08:00,2,false,2181.34,-1.00,200,,true,
candidateB_disconnect,2026-09-13T19:10:37.20114+08:00,0,true,2108.57,1540.30,200,,true,
candidateB_disconnect,2026-09-13T19:10:37.898767+08:00,1,true,2041.29,1517.82,200,,true,
candidateB_disconnect,2026-09-13T19:10:38.633973+08:00,2,false,2091.37,-1.00,200,,true,
candidateB_disconnect,2026-09-13T19:10:39.309846+08:00,0,false,2134.31,-1.00,200,,true,
candidateB_disconnect,2026-09-13T19:10:39.940186+08:00,1,true,2148.71,1612.51,200,,true,
candidateB_disconnect,2026-09-13T19:10:40.725481+08:00,2,false,2258.03,-1.00,200,,true,
candidateB_disconnect,2026-09-13T19:10:41.444279+08:00,0,true,2203.97,1645.62,200,,true,
candidateB_disconnect,2026-09-13T19:10:42.089025+08:00,1,false,2209.22,-1.00,200,,true,
candidateB_disconnect,2026-09-13T19:10:42.983648+08:00,2,false,2124.67,-1.00,200,,true,
candidateB_disconnect,2026-09-13T19:10:43.648382+08:00,0,false,2167.48,-1.00,200,,true,
candidateB_disconnect,2026-09-13T19:10:44.298374+08:00,1,false,2166.16,-1.00,200,,true,
candidateB_disconnect,2026-09-13T19:10:45.108429+08:00,2,true,2126.18,1465.43,200,,true,
candidateB_disconnect,2026-09-13T19:10:45.815979+08:00,0,false,2289.39,-1.00,200,,true,
candidateB_disconnect,2026-09-13T19:10:46.464659+08:00,1,true,2270.42,1745.58,200,,true,
candidateB_disconnect,2026-09-13T19:10:47.234725+08:00,2,true,2237.75,1606.53,200,,true,
candidateB_disconnect,2026-09-13T19:10:48.105481+08:00,0,false,2112.13,-1.00,200,,true,
candidateB_disconnect,2026-09-13T19:10:48.73519+08:00,1,false,2159.57,-1.00,200,,true,
candidateB_disconnect,2026-09-13T19:10:49.472598+08:00,2,true,2189.28,1528.58,200,,true,
candidateB_disconnect,2026-09-13T19:10:50.217714+08:00,0,true,2141.59,1550.14,200,,true,
candidateB_disconnect,2026-09-13T19:10:50.894873+08:00,1,true,2073.79,1572.46,200,,true,
candidateB_disconnect,2026-09-13T19:10:51.661994+08:00,2,false,2000.81,-1.00,200,,true,
candidateB_disconnect,2026-09-13T19:10:52.359397+08:00,0,false,2136.18,-1.00,200,,true,
candidateB_disconnect,2026-09-13T19:10:52.968768+08:00,1,false,2183.13,-1.00,200,,true,
candidateB_disconnect,2026-09-13T19:10:53.662906+08:00,2,false,2348.54,-1.00,200,,true,
candidateB_disconnect,2026-09-13T19:10:54.495681+08:00,0,false,2211.98,-1.00,200,,true,
candidateB_disconnect,2026-09-13T19:10:55.152013+08:00,1,false,2248.91,-1.00,200,,true,
candidateB_disconnect,2026-09-13T19:10:56.011557+08:00,2,false,2199.06,-1.00,200,,true,
candidateB_disconnect,2026-09-13T19:10:56.707763+08:00,0,false,2341.83,-1.00,200,,true,
candidateB_disconnect,2026-09-13T19:10:57.401024+08:00,1,false,2316.80,-1.00,200,,true,
candidateB_disconnect,2026-09-13T19:10:58.210719+08:00,2,false,2209.74,-1.00,200,,true,
candidateB_disconnect,2026-09-13T19:10:59.049705+08:00,0,true,1935.08,1477.22,200,,true,
candidateB_disconnect,2026-09-13T19:10:59.717935+08:00,1,false,1915.52,-1.00,200,,true,
candidateB_disconnect,2026-09-13T19:11:00.420559+08:00,2,true,1953.91,1321.41,200,,true,
candidateB_disconnect,2026-09-13T19:11:00.984876+08:00,0,false,2093.03,-1.00,200,,true,
candidateB_disconnect,2026-09-13T19:11:01.633543+08:00,1,false,2094.67,-1.00,200,,true,
candidateB_disconnect,2026-09-13T19:11:02.374556+08:00,2,false,2217.84,-1.00,200,,true,
candidateB_disconnect,2026-09-13T19:11:03.078016+08:00,0,true,2170.82,1620.59,200,,true,
candidateB_disconnect,2026-09-13T19:11:03.728314+08:00,1,true,2170.46,1630.41,200,,true,
candidateB_disconnect,2026-09-13T19:11:04.592492+08:00,2,true,2051.12,1415.49,200,,true,
candidateB_disconnect,2026-09-13T19:11:05.24892+08:00,0,false,2171.41,-1.00,200,,true,
candidateB_disconnect,2026-09-13T19:11:05.898876+08:00,1,true,2199.37,1628.56,200,,true,
candidateB_disconnect,2026-09-13T19:11:06.643698+08:00,2,false,2251.91,-1.00,200,,true,
candidateB_disconnect,2026-09-13T19:11:07.420423+08:00,0,false,2354.39,-1.00,200,,true,
candidateB_disconnect,2026-09-13T19:11:08.098345+08:00,1,true,2325.19,1784.41,200,,true,
candidateB_disconnect,2026-09-13T19:11:08.895705+08:00,2,false,2347.77,-1.00,200,,true,
candidateB_disconnect,2026-09-13T19:11:09.774914+08:00,0,false,2203.90,-1.00,200,,true,
candidateB_disconnect,2026-09-13T19:11:10.423636+08:00,1,true,2204.39,1661.41,200,,true,
candidateB_disconnect,2026-09-13T19:11:11.243568+08:00,2,false,2144.44,-1.00,200,,true,
candidateB_disconnect,2026-09-13T19:11:11.978906+08:00,0,false,2111.94,-1.00,200,,true,
candidateB_disconnect,2026-09-13T19:11:12.628125+08:00,1,false,2114.90,-1.00,200,,true,
candidateB_disconnect,2026-09-13T19:11:13.388108+08:00,2,true,2053.65,1460.22,200,,true,
candidateB_disconnect,2026-09-13T19:11:14.090932+08:00,0,true,2004.35,1457.68,200,,true,
candidateB_disconnect,2026-09-13T19:11:14.743113+08:00,1,false,1965.50,-1.00,200,,true,
candidateB_disconnect,2026-09-13T19:11:15.441848+08:00,2,true,1959.19,1373.91,200,,true,
candidateB_disconnect,2026-09-13T19:11:16.095373+08:00,0,true,2012.08,1420.35,200,,true,
candidateB_disconnect,2026-09-13T19:11:16.708701+08:00,1,true,2009.55,1505.16,200,,true,
candidateB_disconnect,2026-09-13T19:11:17.401106+08:00,2,false,2064.35,-1.00,200,,true,
candidateB_disconnect,2026-09-13T19:11:18.107541+08:00,0,true,1971.09,1470.21,200,,true,
candidateB_disconnect,2026-09-13T19:11:18.718343+08:00,1,true,2008.92,1466.94,200,,true,
candidateB_disconnect,2026-09-13T19:11:19.465567+08:00,2,true,2133.77,1368.72,200,,true,
candidateB_disconnect,2026-09-13T19:11:20.07871+08:00,0,false,2198.67,-1.00,200,,true,
candidateB_disconnect,2026-09-13T19:11:20.727355+08:00,1,false,2162.06,-1.00,200,,true,
candidateB_disconnect,2026-09-13T19:11:21.599427+08:00,2,false,2097.92,-1.00,200,,true,
candidateB_disconnect,2026-09-13T19:11:22.277469+08:00,0,false,2089.13,-1.00,200,,true,
candidateB_disconnect,2026-09-13T19:11:22.889505+08:00,1,false,2168.34,-1.00,200,,true,
candidateB_disconnect,2026-09-13T19:11:23.697444+08:00,2,true,2150.62,1466.89,200,,true,
candidateB_disconnect,2026-09-13T19:11:24.366689+08:00,0,true,2311.59,1586.95,200,,true,
candidateB_disconnect,2026-09-13T19:11:25.057944+08:00,1,false,2265.27,-1.00,200,,true,
candidateB_disconnect,2026-09-13T19:11:25.848162+08:00,2,false,2256.83,-1.00,200,,true,
candidateB_disconnect,2026-09-13T19:11:26.678399+08:00,0,false,2129.88,-1.00,200,,true,
candidateB_disconnect,2026-09-13T19:11:27.323308+08:00,1,true,2176.60,1590.87,200,,true,
candidateB_disconnect,2026-09-13T19:11:28.105086+08:00,2,false,2234.93,-1.00,200,,true,
candidateB_disconnect,2026-09-13T19:11:28.808386+08:00,0,false,2233.11,-1.00,200,,true,
candidateB_disconnect,2026-09-13T19:11:29.500019+08:00,1,true,2150.61,1647.06,200,,true,
candidateB_disconnect,2026-09-13T19:11:30.340124+08:00,2,false,2099.83,-1.00,200,,true,
candidateB_disconnect,2026-09-13T19:11:31.041592+08:00,0,false,2100.26,-1.00,200,,true,
candidateB_disconnect,2026-09-13T19:11:31.65072+08:00,1,false,2184.63,-1.00,200,,true,
candidateB_disconnect,2026-09-13T19:11:32.440046+08:00,2,true,2236.10,1507.81,200,,true,
candidateB_disconnect,2026-09-13T19:11:33.141938+08:00,0,false,2273.59,-1.00,200,,true,
candidateB_disconnect,2026-09-13T19:11:33.835444+08:00,1,false,2229.45,-1.00,200,,true,
candidateB_disconnect,2026-09-13T19:11:34.676241+08:00,2,true,2257.82,1494.76,200,,true,
candidateB_disconnect,2026-09-13T19:11:35.415617+08:00,0,false,2283.93,-1.00,200,,true,
candidateB_disconnect,2026-09-13T19:11:36.064982+08:00,1,true,2282.75,1740.51,200,,true,
candidateB_disconnect,2026-09-13T19:11:36.934156+08:00,2,true,2245.69,1520.65,200,,true,
candidateB_disconnect,2026-09-13T19:11:37.699637+08:00,0,true,2224.28,1587.13,200,,true,
candidateB_disconnect,2026-09-13T19:11:38.347818+08:00,1,false,2229.25,-1.00,200,,true,
candidateB_disconnect,2026-09-13T19:11:39.179936+08:00,2,true,2094.67,1501.48,200,,true,
candidateB_disconnect,2026-09-13T19:11:39.924009+08:00,0,false,2132.36,-1.00,200,,true,
candidateB_disconnect,2026-09-13T19:11:40.577161+08:00,1,false,2143.86,-1.00,200,,true,
candidateB_disconnect,2026-09-13T19:11:41.274683+08:00,2,true,2215.13,1553.50,200,,true,
candidateB_disconnect,2026-09-13T19:11:42.056456+08:00,0,false,2134.94,-1.00,200,,true,
candidateB_disconnect,2026-09-13T19:11:42.721109+08:00,1,true,2123.14,1580.35,200,,true,
candidateB_disconnect,2026-09-13T19:11:43.489905+08:00,2,false,2120.93,-1.00,200,,true,
candidateB_disconnect,2026-09-13T19:11:44.191477+08:00,0,true,2204.87,1525.80,200,,true,
candidateB_disconnect,2026-09-13T19:11:44.844333+08:00,1,true,2239.17,1660.44,200,,true,
candidateB_disconnect,2026-09-13T19:11:45.610921+08:00,2,false,2207.46,-1.00,200,,true,
candidateB_disconnect,2026-09-13T19:11:46.396436+08:00,0,false,2179.99,-1.00,200,,true,
candidateB_disconnect,2026-09-13T19:11:47.083594+08:00,1,true,2142.88,1601.14,200,,true,
candidateB_disconnect,2026-09-13T19:11:47.818449+08:00,2,false,2170.33,-1.00,200,,true,
candidateB_disconnect,2026-09-13T19:11:48.576516+08:00,0,false,2188.07,-1.00,200,,true,
candidateB_disconnect,2026-09-13T19:11:49.226562+08:00,1,false,2231.58,-1.00,200,,true,
candidateB_disconnect,2026-09-13T19:11:49.98887+08:00,2,false,2233.01,-1.00,200,,true,
candidateB_disconnect,2026-09-13T19:11:50.764682+08:00,0,true,2231.10,1568.28,200,,true,
candidateB_disconnect,2026-09-13T19:11:51.458222+08:00,1,false,2169.05,-1.00,200,,true,
candidateB_disconnect,2026-09-13T19:11:52.221968+08:00,2,false,2253.37,-1.00,200,,true,
candidateB_disconnect,2026-09-13T19:11:52.995871+08:00,0,true,2123.30,1585.06,200,,true,
candidateB_disconnect,2026-09-13T19:11:53.627371+08:00,1,false,2186.28,-1.00,200,,true,
candidateB_disconnect,2026-09-13T19:11:54.475429+08:00,2,false,2209.34,-1.00,200,,true,
candidateB_disconnect,2026-09-13T19:11:55.11926+08:00,0,false,2363.84,-1.00,200,,true,
candidateB_disconnect,2026-09-13T19:11:55.813735+08:00,1,true,2285.49,1780.90,200,,true,
candidateB_disconnect,2026-09-13T19:11:56.684864+08:00,2,false,2269.57,-1.00,200,,true,
candidateB_disconnect,2026-09-13T19:11:57.483199+08:00,0,true,2318.50,1578.51,200,,true,
candidateB_disconnect,2026-09-13T19:11:58.099314+08:00,1,false,2394.84,-1.00,200,,true,
candidateB_disconnect,2026-09-13T19:11:58.954528+08:00,2,false,2235.97,-1.00,200,,true,
candidateB_disconnect,2026-09-13T19:11:59.801786+08:00,0,true,2061.93,1494.55,200,,true,
candidateB_disconnect,2026-09-13T19:12:00.494245+08:00,1,true,2021.77,1476.36,200,,true,
candidateB_disconnect,2026-09-13T19:12:01.190595+08:00,2,true,2087.58,1433.97,200,,true,
candidateB_disconnect,2026-09-13T19:12:01.863802+08:00,0,false,2212.20,-1.00,200,,true,
candidateB_disconnect,2026-09-13T19:12:02.516106+08:00,1,false,2206.81,-1.00,200,,true,
candidateB_disconnect,2026-09-13T19:12:03.278259+08:00,2,false,2212.98,-1.00,200,,true,
candidateB_disconnect,2026-09-13T19:12:04.076092+08:00,0,false,2089.65,-1.00,200,,true,
candidateB_disconnect,2026-09-13T19:12:04.723+08:00,1,true,2093.07,1549.21,200,,true,
candidateB_disconnect,2026-09-13T19:12:05.491331+08:00,2,true,2075.74,1430.80,200,,true,
candidateB_disconnect,2026-09-13T19:12:06.165828+08:00,0,true,2124.17,1509.80,200,,true,
candidateB_disconnect,2026-09-13T19:12:06.816165+08:00,1,false,2127.88,-1.00,200,,true,
candidateB_disconnect,2026-09-13T19:12:07.567163+08:00,2,true,2136.89,1484.42,200,,true,
candidateB_disconnect,2026-09-13T19:12:08.29009+08:00,0,false,2166.73,-1.00,200,,true,
candidateB_disconnect,2026-09-13T19:12:08.944132+08:00,1,false,2141.74,-1.00,200,,true,
candidateB_disconnect,2026-09-13T19:12:09.704142+08:00,2,true,2146.64,1489.14,200,,true,
candidateB_disconnect,2026-09-13T19:12:10.456907+08:00,0,true,2089.04,1502.16,200,,true,
candidateB_disconnect,2026-09-13T19:12:11.085951+08:00,1,false,2114.40,-1.00,200,,true,
candidateB_disconnect,2026-09-13T19:12:11.850875+08:00,2,false,2111.77,-1.00,200,,true,
candidateB_disconnect,2026-09-13T19:12:12.546035+08:00,0,false,2087.49,-1.00,200,,true,
candidateB_disconnect,2026-09-13T19:12:13.200449+08:00,1,false,2080.86,-1.00,200,,true,
candidateB_disconnect,2026-09-13T19:12:13.962734+08:00,2,false,2134.93,-1.00,200,,true,
candidateB_disconnect,2026-09-13T19:12:14.63361+08:00,0,true,2120.82,1569.92,200,,true,
candidateB_disconnect,2026-09-13T19:12:15.281517+08:00,1,false,2137.99,-1.00,200,,true,
candidateB_disconnect,2026-09-13T19:12:16.097753+08:00,2,true,1999.24,1428.39,200,,true,
candidateB_disconnect,2026-09-13T19:12:16.754528+08:00,0,false,2197.05,-1.00,200,,true,
candidateB_disconnect,2026-09-13T19:12:17.4196+08:00,1,true,2178.86,1640.10,200,,true,
candidateB_disconnect,2026-09-13T19:12:18.097079+08:00,2,true,2193.46,1607.60,200,,true,
candidateB_disconnect,2026-09-13T19:12:18.95166+08:00,0,false,2035.77,-1.00,200,,true,
candidateB_disconnect,2026-09-13T19:12:19.598573+08:00,1,true,2002.53,1498.07,200,,true,
candidateB_disconnect,2026-09-13T19:12:20.290629+08:00,2,true,2092.95,1419.60,200,,true,
candidateB_disconnect,2026-09-13T19:12:20.987522+08:00,0,false,2129.40,-1.00,200,,true,
candidateB_disconnect,2026-09-13T19:12:21.601188+08:00,1,false,2208.86,-1.00,200,,true,
candidateB_disconnect,2026-09-13T19:12:22.383662+08:00,2,true,2259.98,1534.58,200,,true,
candidateB_disconnect,2026-09-13T19:12:23.11701+08:00,0,true,2221.90,1631.11,200,,true,
candidateB_disconnect,2026-09-13T19:12:23.810138+08:00,1,true,2252.26,1638.17,200,,true,
candidateB_disconnect,2026-09-13T19:12:24.643733+08:00,2,false,2273.36,-1.00,200,,true,
candidateB_disconnect,2026-09-13T19:12:25.339057+08:00,0,false,2302.18,-1.00,200,,true,
candidateB_disconnect,2026-09-13T19:12:26.06249+08:00,1,false,2190.66,-1.00,200,,true,
candidateB_disconnect,2026-09-13T19:12:26.917187+08:00,2,false,2077.46,-1.00,200,,true,
