label,timestamp,worker,streaming,latency_ms,ttft_ms,http_status,error_code,success,note
candidateA_disconnect,2026-09-13T18:55:47.186875+08:00,2,true,839.48,167.24,200,,true,
candidateA_disconnect,2026-09-13T18:55:47.186965+08:00,1,true,1489.83,946.67,200,,true,
candidateA_disconnect,2026-09-13T18:55:47.187228+08:00,0,false,2184.09,-1.00,200,,true,
candidateA_disconnect,2026-09-13T18:55:48.02641+08:00,2,false,2054.90,-1.00,200,,true,
candidateA_disconnect,2026-09-13T18:55:48.676854+08:00,1,false,2096.75,-1.00,200,,true,
candidateA_disconnect,2026-09-13T18:55:49.371428+08:00,0,true,2155.60,1508.81,200,,true,
candidateA_disconnect,2026-09-13T18:55:50.081398+08:00,2,false,2180.39,-1.00,200,,true,
candidateA_disconnect,2026-09-13T18:55:50.773704+08:00,1,false,2141.93,-1.00,200,,true,
candidateA_disconnect,2026-09-13T18:55:51.527232+08:00,0,false,2139.57,-1.00,200,,true,
candidateA_disconnect,2026-09-13T18:55:52.261885+08:00,2,false,2200.29,-1.00,200,,true,
candidateA_disconnect,2026-09-13T18:55:52.915722+08:00,1,false,2186.50,-1.00,200,,true,
candidateA_disconnect,2026-09-13T18:55:53.666902+08:00,0,true,2189.41,1543.58,200,,true,
candidateA_disconnect,2026-09-13T18:55:54.462277+08:00,2,false,2179.83,-1.00,200,,true,
candidateA_disconnect,2026-09-13T18:55:55.102347+08:00,1,true,2190.91,1645.71,200,,true,
candidateA_disconnect,2026-09-13T18:55:55.856413+08:00,0,false,2132.51,-1.00,200,,true,
candidateA_disconnect,2026-09-13T18:55:56.642208+08:00,2,true,2224.03,1453.47,200,,true,
candidateA_disconnect,2026-09-13T18:55:57.293359+08:00,1,true,2221.67,1681.13,200,,true,
candidateA_disconnect,2026-09-13T18:55:57.989028+08:00,0,false,2220.46,-1.00,200,,true,
candidateA_disconnect,2026-09-13T18:55:58.86634+08:00,2,true,2086.33,1449.79,200,,true,
candidateA_disconnect,2026-09-13T18:55:59.515138+08:00,1,false,2086.23,-1.00,200,,true,
candidateA_disconnect,2026-09-13T18:56:00.209583+08:00,0,false,2087.27,-1.00,200,,true,
candidateA_disconnect,2026-09-13T18:56:00.952765+08:00,2,false,2092.50,-1.00,200,,true,
candidateA_disconnect,2026-09-13T18:56:01.601469+08:00,1,false,2088.34,-1.00,200,,true,
candidateA_disconnect,2026-09-13T18:56:02.296948+08:00,0,true,2089.57,1499.60,200,,true,
candidateA_disconnect,2026-09-13T18:56:03.045357+08:00,2,false,2114.33,-1.00,200,,true,
candidateA_disconnect,2026-09-13T18:56:03.689903+08:00,1,true,2116.41,1573.19,200,,true,
candidateA_disconnect,2026-09-13T18:56:04.386613+08:00,0,false,2206.04,-1.00,200,,true,
candidateA_disconnect,2026-09-13T18:56:06.592763+08:00,0,true,625.65,-1.00,503,connection_failed,false,
candidateA_disconnect,2026-09-13T18:56:05.159783+08:00,2,false,2058.66,-1.00,503,connection_failed,false,
candidateA_disconnect,2026-09-13T18:56:05.80641+08:00,1,false,1412.06,-1.00,503,connection_failed,false,
candidateA_disconnect,2026-09-13T18:56:07.218513+08:00,2,false,1.23,-1.00,503,connection_failed,false,
candidateA_disconnect,2026-09-13T18:56:07.218455+08:00,0,false,1.31,-1.00,503,connection_failed,false,
candidateA_disconnect,2026-09-13T18:56:07.218523+08:00,1,false,1.31,-1.00,503,connection_failed,false,
candidateA_disconnect,2026-09-13T18:56:07.369616+08:00,1,false,0.74,-1.00,404,model_not_found,false,
candidateA_disconnect,2026-09-13T18:56:07.369582+08:00,0,false,0.85,-1.00,404,model_not_found,false,
candidateA_disconnect,2026-09-13T18:56:07.369577+08:00,2,true,2.91,-1.00,404,model_not_found,false,
candidateA_disconnect,2026-09-13T18:56:07.520468+08:00,2,true,1.33,-1.00,404,model_not_found,false,
candidateA_disconnect,2026-09-13T18:56:07.520422+08:00,0,false,1.45,-1.00,404,model_not_found,false,
candidateA_disconnect,2026-09-13T18:56:07.520791+08:00,1,false,1.49,-1.00,404,model_not_found,false,
candidateA_disconnect,2026-09-13T18:56:07.672175+08:00,0,true,0.67,-1.00,404,model_not_found,false,
candidateA_disconnect,2026-09-13T18:56:07.67196+08:00,2,true,0.96,-1.00,404,model_not_found,false,
candidateA_disconnect,2026-09-13T18:56:07.672258+08:00,1,false,0.93,-1.00,404,model_not_found,false,
candidateA_disconnect,2026-09-13T18:56:07.823021+08:00,0,true,0.75,-1.00,404,model_not_found,false,
candidateA_disconnect,2026-09-13T18:56:07.823079+08:00,2,false,0.76,-1.00,404,model_not_found,false,
candidateA_disconnect,2026-09-13T18:56:07.823037+08:00,1,false,1.26,-1.00,404,model_not_found,false,
candidateA_disconnect,2026-09-13T18:56:07.974262+08:00,0,true,1.37,-1.00,404,model_not_found,false,
candidateA_disconnect,2026-09-13T18:56:07.974079+08:00,2,true,1.59,-1.00,404,model_not_found,false,
candidateA_disconnect,2026-09-13T18:56:07.974238+08:00,1,true,1.51,-1.00,404,model_not_found,false,
candidateA_disconnect,2026-09-13T18:56:08.125375+08:00,0,false,2.13,-1.00,404,model_not_found,false,
candidateA_disconnect,2026-09-13T18:56:08.125901+08:00,2,true,1.68,-1.00,404,model_not_found,false,
candidateA_disconnect,2026-09-13T18:56:08.126028+08:00,1,false,1.59,-1.00,404,model_not_found,false,
candidateA_disconnect,2026-09-13T18:56:08.277328+08:00,2,true,3.78,-1.00,404,model_not_found,false,
candidateA_disconnect,2026-09-13T18:56:08.276548+08:00,1,false,4.85,-1.00,404,model_not_found,false,
candidateA_disconnect,2026-09-13T18:56:08.277443+08:00,0,false,4.23,-1.00,404,model_not_found,false,
candidateA_disconnect,2026-09-13T18:56:08.428857+08:00,1,true,1.93,-1.00,404,model_not_found,false,
candidateA_disconnect,2026-09-13T18:56:08.429118+08:00,2,false,1.70,-1.00,404,model_not_found,false,
candidateA_disconnect,2026-09-13T18:56:08.42837+08:00,0,false,2.50,-1.00,404,model_not_found,false,
candidateA_disconnect,2026-09-13T18:56:08.579544+08:00,1,false,1.69,-1.00,404,model_not_found,false,
candidateA_disconnect,2026-09-13T18:56:08.579562+08:00,0,false,1.73,-1.00,404,model_not_found,false,
candidateA_disconnect,2026-09-13T18:56:08.579768+08:00,2,false,1.65,-1.00,404,model_not_found,false,
candidateA_disconnect,2026-09-13T18:56:08.731792+08:00,1,false,4.26,-1.00,404,model_not_found,false,
candidateA_disconnect,2026-09-13T18:56:08.731095+08:00,2,true,4.95,-1.00,404,model_not_found,false,
candidateA_disconnect,2026-09-13T18:56:08.7315+08:00,0,false,4.61,-1.00,404,model_not_found,false,
candidateA_disconnect,2026-09-13T18:56:08.882453+08:00,1,true,1.74,-1.00,404,model_not_found,false,
candidateA_disconnect,2026-09-13T18:56:08.881911+08:00,0,false,2.38,-1.00,404,model_not_found,false,
candidateA_disconnect,2026-09-13T18:56:08.883044+08:00,2,true,1.52,-1.00,404,model_not_found,false,
candidateA_disconnect,2026-09-13T18:56:09.033648+08:00,1,false,3.41,-1.00,404,model_not_found,false,
candidateA_disconnect,2026-09-13T18:56:09.034356+08:00,0,true,2.96,-1.00,404,model_not_found,false,
candidateA_disconnect,2026-09-13T18:56:09.033806+08:00,2,false,3.58,-1.00,404,model_not_found,false,
candidateA_disconnect,2026-09-13T18:56:09.184702+08:00,1,false,1.01,-1.00,404,model_not_found,false,
candidateA_disconnect,2026-09-13T18:56:09.18467+08:00,0,true,1.22,-1.00,404,model_not_found,false,
candidateA_disconnect,2026-09-13T18:56:09.184715+08:00,2,true,1.23,-1.00,404,model_not_found,false,
candidateA_disconnect,2026-09-13T18:56:09.335899+08:00,1,true,1.92,-1.00,404,model_not_found,false,
candidateA_disconnect,2026-09-13T18:56:09.335941+08:00,0,true,1.95,-1.00,404,model_not_found,false,
candidateA_disconnect,2026-09-13T18:56:09.335988+08:00,2,true,2.33,-1.00,404,model_not_found,false,
candidateA_disconnect,2026-09-13T18:56:09.487943+08:00,0,false,1.91,-1.00,404,model_not_found,false,
candidateA_disconnect,2026-09-13T18:56:09.487747+08:00,1,false,2.18,-1.00,404,model_not_found,false,
candidateA_disconnect,2026-09-13T18:56:09.48825+08:00,2,false,1.77,-1.00,404,model_not_found,false,
candidateA_disconnect,2026-09-13T18:56:09.640125+08:00,2,false,2.93,-1.00,404,model_not_found,false,
candidateA_disconnect,2026-09-13T18:56:09.640957+08:00,1,true,2.26,-1.00,404,model_not_found,false,
candidateA_disconnect,2026-09-13T18:56:09.641031+08:00,0,false,3.38,-1.00,404,model_not_found,false,
candidateA_disconnect,2026-09-13T18:56:09.791259+08:00,0,true,2.20,-1.00,404,model_not_found,false,
candidateA_disconnect,2026-09-13T18:56:09.79127+08:00,1,true,2.30,-1.00,404,model_not_found,false,
candidateA_disconnect,2026-09-13T18:56:09.791821+08:00,2,false,2.09,-1.00,404,model_not_found,false,
candidateA_disconnect,2026-09-13T18:56:09.941947+08:00,2,true,1.48,-1.00,404,model_not_found,false,
candidateA_disconnect,2026-09-13T18:56:09.941891+08:00,1,true,1.62,-1.00,404,model_not_found,false,
candidateA_disconnect,2026-09-13T18:56:09.942286+08:00,0,true,1.93,-1.00,404,model_not_found,false,
candidateA_disconnect,2026-09-13T18:56:10.093141+08:00,0,false,2.00,-1.00,404,model_not_found,false,
candidateA_disconnect,2026-09-13T18:56:10.09375+08:00,2,true,1.46,-1.00,404,model_not_found,false,
candidateA_disconnect,2026-09-13T18:56:10.093833+08:00,1,false,1.50,-1.00,404,model_not_found,false,
candidateA_disconnect,2026-09-13T18:56:10.246732+08:00,1,true,0.98,-1.00,404,model_not_found,false,
candidateA_disconnect,2026-09-13T18:56:10.246796+08:00,0,false,0.99,-1.00,404,model_not_found,false,
candidateA_disconnect,2026-09-13T18:56:10.246737+08:00,2,false,1.27,-1.00,404,model_not_found,false,
candidateA_disconnect,2026-09-13T18:56:10.39775+08:00,2,false,1.95,-1.00,404,model_not_found,false,
candidateA_disconnect,2026-09-13T18:56:10.39775+08:00,1,false,1.98,-1.00,404,model_not_found,false,
candidateA_disconnect,2026-09-13T18:56:10.398096+08:00,0,true,1.70,-1.00,404,model_not_found,false,
candidateA_disconnect,2026-09-13T18:56:10.548887+08:00,2,true,2.14,-1.00,404,model_not_found,false,
candidateA_disconnect,2026-09-13T18:56:10.549154+08:00,1,true,1.94,-1.00,404,model_not_found,false,
candidateA_disconnect,2026-09-13T18:56:10.548887+08:00,0,false,2.67,-1.00,404,model_not_found,false,
candidateA_disconnect,2026-09-13T18:56:10.700797+08:00,2,false,1.48,-1.00,404,model_not_found,false,
candidateA_disconnect,2026-09-13T18:56:10.70016+08:00,1,true,2.17,-1.00,404,model_not_found,false,
candidateA_disconnect,2026-09-13T18:56:10.700882+08:00,0,true,1.61,-1.00,404,model_not_found,false,
candidateA_disconnect,2026-09-13T18:56:10.850929+08:00,0,false,2.05,-1.00,404,model_not_found,false,
candidateA_disconnect,2026-09-13T18:56:10.851023+08:00,2,false,1.95,-1.00,404,model_not_found,false,
candidateA_disconnect,2026-09-13T18:56:10.850612+08:00,1,false,2.43,-1.00,404,model_not_found,false,
candidateA_disconnect,2026-09-13T18:56:11.002246+08:00,2,true,1.63,-1.00,404,model_not_found,false,
candidateA_disconnect,2026-09-13T18:56:11.002411+08:00,0,false,5.58,-1.00,404,model_not_found,false,
candidateA_disconnect,2026-09-13T18:56:11.001882+08:00,1,false,6.38,-1.00,404,model_not_found,false,
candidateA_disconnect,2026-09-13T18:56:11.152922+08:00,0,false,2.09,-1.00,404,model_not_found,false,
candidateA_disconnect,2026-09-13T18:56:11.152922+08:00,2,false,2.20,-1.00,404,model_not_found,false,
candidateA_disconnect,2026-09-13T18:56:11.153163+08:00,1,true,2.46,-1.00,404,model_not_found,false,
candidateA_disconnect,2026-09-13T18:56:11.307196+08:00,0,false,2.10,-1.00,404,model_not_found,false,
candidateA_disconnect,2026-09-13T18:56:11.304016+08:00,1,false,5.42,-1.00,404,model_not_found,false,
candidateA_disconnect,2026-09-13T18:56:11.307054+08:00,2,true,2.43,-1.00,404,model_not_found,false,
candidateA_disconnect,2026-09-13T18:56:11.456706+08:00,2,true,1.43,-1.00,404,model_not_found,false,
candidateA_disconnect,2026-09-13T18:56:11.45609+08:00,1,false,2.13,-1.00,404,model_not_found,false,
candidateA_disconnect,2026-09-13T18:56:11.457221+08:00,0,false,1.49,-1.00,404,model_not_found,false,
candidateA_disconnect,2026-09-13T18:56:11.607609+08:00,0,false,3.32,-1.00,404,model_not_found,false,
candidateA_disconnect,2026-09-13T18:56:11.607767+08:00,1,true,3.24,-1.00,404,model_not_found,false,
candidateA_disconnect,2026-09-13T18:56:11.607666+08:00,2,false,4.06,-1.00,404,model_not_found,false,
candidateA_disconnect,2026-09-13T18:56:11.759138+08:00,1,false,3.65,-1.00,404,model_not_found,false,
candidateA_disconnect,2026-09-13T18:56:11.75809+08:00,2,true,4.71,-1.00,404,model_not_found,false,
candidateA_disconnect,2026-09-13T18:56:11.759269+08:00,0,false,3.55,-1.00,404,model_not_found,false,
candidateA_disconnect,2026-09-13T18:56:11.909184+08:00,2,false,5.42,-1.00,404,model_not_found,false,
candidateA_disconnect,2026-09-13T18:56:11.909899+08:00,0,true,4.82,-1.00,404,model_not_found,false,
candidateA_disconnect,2026-09-13T18:56:11.913835+08:00,1,false,1.68,-1.00,404,model_not_found,false,
candidateA_disconnect,2026-09-13T18:56:12.061951+08:00,2,false,1.76,-1.00,404,model_not_found,false,
candidateA_disconnect,2026-09-13T18:56:12.061005+08:00,0,false,2.77,-1.00,404,model_not_found,false,
candidateA_disconnect,2026-09-13T18:56:12.063836+08:00,1,false,0.76,-1.00,404,model_not_found,false,
candidateA_disconnect,2026-09-13T18:56:12.212137+08:00,0,false,1.53,-1.00,404,model_not_found,false,
candidateA_disconnect,2026-09-13T18:56:12.212137+08:00,2,false,1.53,-1.00,404,model_not_found,false,
candidateA_disconnect,2026-09-13T18:56:12.213889+08:00,1,false,0.34,-1.00,404,model_not_found,false,
candidateA_disconnect,2026-09-13T18:56:12.362454+08:00,2,false,2.15,-1.00,404,model_not_found,false,
candidateA_disconnect,2026-09-13T18:56:12.363045+08:00,0,true,1.75,-1.00,404,model_not_found,false,
candidateA_disconnect,2026-09-13T18:56:12.364162+08:00,1,false,1.19,-1.00,404,model_not_found,false,
candidateA_disconnect,2026-09-13T18:56:12.514435+08:00,1,false,1.58,-1.00,404,model_not_found,false,
candidateA_disconnect,2026-09-13T18:56:12.513937+08:00,0,true,2.22,-1.00,404,model_not_found,false,
candidateA_disconnect,2026-09-13T18:56:12.514544+08:00,2,false,1.93,-1.00,404,model_not_found,false,
candidateA_disconnect,2026-09-13T18:56:12.665054+08:00,2,true,2.10,-1.00,404,model_not_found,false,
candidateA_disconnect,2026-09-13T18:56:12.665135+08:00,1,true,2.21,-1.00,404,model_not_found,false,
candidateA_disconnect,2026-09-13T18:56:12.665054+08:00,0,false,2.53,-1.00,404,model_not_found,false,
candidateA_disconnect,2026-09-13T18:56:12.816371+08:00,2,true,2.04,-1.00,404,model_not_found,false,
candidateA_disconnect,2026-09-13T18:56:12.816195+08:00,0,true,2.29,-1.00,404,model_not_found,false,
candidateA_disconnect,2026-09-13T18:56:12.816195+08:00,1,true,2.43,-1.00,404,model_not_found,false,
candidateA_disconnect,2026-09-13T18:56:12.966603+08:00,2,true,2.76,-1.00,404,model_not_found,false,
candidateA_disconnect,2026-09-13T18:56:12.966767+08:00,1,false,2.74,-1.00,404,model_not_found,false,
candidateA_disconnect,2026-09-13T18:56:12.966674+08:00,0,false,2.93,-1.00,404,model_not_found,false,
candidateA_disconnect,2026-09-13T18:56:13.11791+08:00,2,true,1.93,-1.00,404,model_not_found,false,
candidateA_disconnect,2026-09-13T18:56:13.117791+08:00,0,true,2.10,-1.00,404,model_not_found,false,
candidateA_disconnect,2026-09-13T18:56:13.117792+08:00,1,false,2.42,-1.00,404,model_not_found,false,
candidateA_disconnect,2026-09-13T18:56:13.268225+08:00,1,false,2.04,-1.00,404,model_not_found,false,
candidateA_disconnect,2026-09-13T18:56:13.268343+08:00,2,false,1.97,-1.00,404,model_not_found,false,
candidateA_disconnect,2026-09-13T18:56:13.268388+08:00,0,false,2.29,-1.00,404,model_not_found,false,
candidateA_disconnect,2026-09-13T18:56:13.419903+08:00,1,false,2.10,-1.00,404,model_not_found,false,
candidateA_disconnect,2026-09-13T18:56:13.419387+08:00,0,true,2.69,-1.00,404,model_not_found,false,
candidateA_disconnect,2026-09-13T18:56:13.42002+08:00,2,false,2.28,-1.00,404,model_not_found,false,
candidateA_disconnect,2026-09-13T18:56:13.570395+08:00,1,false,1.14,-1.00,404,model_not_found,false,
candidateA_disconnect,2026-09-13T18:56:13.570422+08:00,0,false,1.15,-1.00,404,model_not_found,false,
candidateA_disconnect,2026-09-13T18:56:13.570551+08:00,2,true,1.07,-1.00,404,model_not_found,false,
candidateA_disconnect,2026-09-13T18:56:13.72099+08:00,0,false,1.93,-1.00,404,model_not_found,false,
candidateA_disconnect,2026-09-13T18:56:13.720887+08:00,2,false,2.03,-1.00,404,model_not_found,false,
candidateA_disconnect,2026-09-13T18:56:13.720887+08:00,1,true,2.08,-1.00,404,model_not_found,false,
candidateA_disconnect,2026-09-13T18:56:13.873042+08:00,1,false,4.00,-1.00,404,model_not_found,false,
candidateA_disconnect,2026-09-13T18:56:13.873042+08:00,2,true,4.08,-1.00,404,model_not_found,false,
candidateA_disconnect,2026-09-13T18:56:13.873573+08:00,0,true,3.66,-1.00,404,model_not_found,false,
candidateA_disconnect,2026-09-13T18:56:14.025006+08:00,0,false,1.88,-1.00,404,model_not_found,false,
candidateA_disconnect,2026-09-13T18:56:14.024223+08:00,1,false,2.70,-1.00,404,model_not_found,false,
candidateA_disconnect,2026-09-13T18:56:14.025099+08:00,2,false,2.22,-1.00,404,model_not_found,false,
candidateA_disconnect,2026-09-13T18:56:14.175272+08:00,0,true,4.06,-1.00,404,model_not_found,false,
candidateA_disconnect,2026-09-13T18:56:14.17544+08:00,2,false,4.06,-1.00,404,model_not_found,false,
candidateA_disconnect,2026-09-13T18:56:14.176205+08:00,1,true,4.03,-1.00,404,model_not_found,false,
candidateA_disconnect,2026-09-13T18:56:14.326338+08:00,1,false,0.79,-1.00,404,model_not_found,false,
candidateA_disconnect,2026-09-13T18:56:14.3264+08:00,2,true,0.79,-1.00,404,model_not_found,false,
candidateA_disconnect,2026-09-13T18:56:14.326347+08:00,0,true,1.08,-1.00,404,model_not_found,false,
candidateA_disconnect,2026-09-13T18:56:14.478568+08:00,0,false,2.46,-1.00,404,model_not_found,false,
candidateA_disconnect,2026-09-13T18:56:14.478132+08:00,2,false,2.92,-1.00,404,model_not_found,false,
candidateA_disconnect,2026-09-13T18:56:14.479045+08:00,1,false,2.28,-1.00,404,model_not_found,false,
candidateA_disconnect,2026-09-13T18:56:14.62914+08:00,2,false,0.69,-1.00,404,model_not_found,false,
candidateA_disconnect,2026-09-13T18:56:14.629055+08:00,0,true,0.81,-1.00,404,model_not_found,false,
candidateA_disconnect,2026-09-13T18:56:14.629055+08:00,1,false,0.95,-1.00,404,model_not_found,false,
candidateA_disconnect,2026-09-13T18:56:14.780314+08:00,1,true,1.92,-1.00,404,model_not_found,false,
candidateA_disconnect,2026-09-13T18:56:14.780252+08:00,2,true,2.05,-1.00,404,model_not_found,false,
candidateA_disconnect,2026-09-13T18:56:14.780384+08:00,0,true,2.09,-1.00,404,model_not_found,false,
candidateA_disconnect,2026-09-13T18:56:14.931349+08:00,2,false,1.72,-1.00,404,model_not_found,false,
candidateA_disconnect,2026-09-13T18:56:14.931502+08:00,1,false,1.81,-1.00,404,model_not_found,false,
candidateA_disconnect,2026-09-13T18:56:14.931349+08:00,0,true,2.43,-1.00,404,model_not_found,false,
candidateA_disconnect,2026-09-13T18:56:15.082714+08:00,0,false,2.13,-1.00,404,model_not_found,false,
candidateA_disconnect,2026-09-13T18:56:15.082544+08:00,1,false,2.45,-1.00,404,model_not_found,false,
candidateA_disconnect,2026-09-13T18:56:15.082544+08:00,2,false,3.05,-1.00,404,model_not_found,false,
candidateA_disconnect,2026-09-13T18:56:15.233354+08:00,0,false,2.10,-1.00,404,model_not_found,false,
candidateA_disconnect,2026-09-13T18:56:15.233354+08:00,2,false,2.15,-1.00,404,model_not_found,false,
candidateA_disconnect,2026-09-13T18:56:15.2339+08:00,1,false,1.89,-1.00,404,model_not_found,false,
candidateA_disconnect,2026-09-13T18:56:15.384483+08:00,1,true,2.07,-1.00,404,model_not_found,false,
candidateA_disconnect,2026-09-13T18:56:15.384483+08:00,0,true,2.07,-1.00,404,model_not_found,false,
candidateA_disconnect,2026-09-13T18:56:15.38463+08:00,2,false,1.97,-1.00,404,model_not_found,false,
candidateA_disconnect,2026-09-13T18:56:15.53561+08:00,0,false,5.42,-1.00,404,model_not_found,false,
candidateA_disconnect,2026-09-13T18:56:15.535725+08:00,1,false,5.39,-1.00,404,model_not_found,false,
candidateA_disconnect,2026-09-13T18:56:15.53561+08:00,2,false,5.72,-1.00,404,model_not_found,false,
candidateA_disconnect,2026-09-13T18:56:15.686768+08:00,1,false,2.91,-1.00,404,model_not_found,false,
candidateA_disconnect,2026-09-13T18:56:15.687404+08:00,2,true,2.27,-1.00,404,model_not_found,false,
candidateA_disconnect,2026-09-13T18:56:15.687266+08:00,0,false,2.49,-1.00,404,model_not_found,false,
candidateA_disconnect,2026-09-13T18:56:15.837936+08:00,0,false,5.75,-1.00,404,model_not_found,false,
candidateA_disconnect,2026-09-13T18:56:15.840769+08:00,2,false,3.12,-1.00,404,model_not_found,false,
candidateA_disconnect,2026-09-13T18:56:15.840949+08:00,1,false,3.58,-1.00,404,model_not_found,false,
candidateA_disconnect,2026-09-13T18:56:15.989123+08:00,0,false,1.82,-1.00,404,model_not_found,false,
candidateA_disconnect,2026-09-13T18:56:15.990962+08:00,1,true,0.32,-1.00,404,model_not_found,false,
candidateA_disconnect,2026-09-13T18:56:15.990772+08:00,2,true,2.64,-1.00,404,model_not_found,false,
candidateA_disconnect,2026-09-13T18:56:16.14015+08:00,0,true,0.72,-1.00,404,model_not_found,false,
candidateA_disconnect,2026-09-13T18:56:16.140852+08:00,2,false,0.26,-1.00,404,model_not_found,false,
candidateA_disconnect,2026-09-13T18:56:16.141022+08:00,1,true,0.27,-1.00,404,model_not_found,false,
candidateA_disconnect,2026-09-13T18:56:16.291499+08:00,1,false,1.95,-1.00,404,model_not_found,false,
candidateA_disconnect,2026-09-13T18:56:16.291358+08:00,2,false,2.09,-1.00,404,model_not_found,false,
candidateA_disconnect,2026-09-13T18:56:16.291756+08:00,0,true,2.07,-1.00,404,model_not_found,false,
candidateA_disconnect,2026-09-13T18:56:16.44213+08:00,0,false,3.35,-1.00,404,model_not_found,false,
candidateA_disconnect,2026-09-13T18:56:16.442171+08:00,1,false,3.43,-1.00,404,model_not_found,false,
candidateA_disconnect,2026-09-13T18:56:16.44213+08:00,2,true,3.64,-1.00,404,model_not_found,false,
candidateA_disconnect,2026-09-13T18:56:16.593398+08:00,2,false,1.53,-1.00,404,model_not_found,false,
candidateA_disconnect,2026-09-13T18:56:16.593259+08:00,0,false,1.75,-1.00,404,model_not_found,false,
candidateA_disconnect,2026-09-13T18:56:16.593259+08:00,1,true,2.10,-1.00,404,model_not_found,false,
candidateA_disconnect,2026-09-13T18:56:16.745265+08:00,1,true,2.88,-1.00,404,model_not_found,false,
candidateA_disconnect,2026-09-13T18:56:16.745593+08:00,0,true,2.78,-1.00,404,model_not_found,false,
candidateA_disconnect,2026-09-13T18:56:16.746009+08:00,2,true,2.75,-1.00,404,model_not_found,false,
candidateA_disconnect,2026-09-13T18:56:16.896047+08:00,2,false,1.79,-1.00,404,model_not_found,false,
candidateA_disconnect,2026-09-13T18:56:16.895886+08:00,0,false,2.03,-1.00,404,model_not_found,false,
candidateA_disconnect,2026-09-13T18:56:16.895886+08:00,1,false,2.13,-1.00,404,model_not_found,false,
candidateA_disconnect,2026-09-13T18:56:17.046061+08:00,0,false,1.14,-1.00,404,model_not_found,false,
candidateA_disconnect,2026-09-13T18:56:17.046061+08:00,1,true,1.28,-1.00,404,model_not_found,false,
candidateA_disconnect,2026-09-13T18:56:17.046353+08:00,2,false,1.15,-1.00,404,model_not_found,false,
candidateA_disconnect,2026-09-13T18:56:17.19716+08:00,2,true,0.97,-1.00,404,model_not_found,false,
candidateA_disconnect,2026-09-13T18:56:17.19712+08:00,1,true,1.20,-1.00,404,model_not_found,false,
candidateA_disconnect,2026-09-13T18:56:17.197121+08:00,0,true,1.35,-1.00,404,model_not_found,false,
candidateA_disconnect,2026-09-13T18:56:17.348366+08:00,2,true,18.08,-1.00,503,connection_failed,false,
candidateA_disconnect,2026-09-13T18:56:17.348519+08:00,0,false,17.93,-1.00,503,connection_failed,false,
candidateA_disconnect,2026-09-13T18:56:17.348365+08:00,1,false,18.20,-1.00,503,connection_failed,false,
candidateA_disconnect,2026-09-13T18:56:17.499683+08:00,2,false,3.11,-1.00,404,model_not_found,false,
candidateA_disconnect,2026-09-13T18:56:17.49959+08:00,1,false,3.20,-1.00,404,model_not_found,false,
candidateA_disconnect,2026-09-13T18:56:17.499589+08:00,0,true,3.25,-1.00,404,model_not_found,false,
candidateA_disconnect,2026-09-13T18:56:17.650626+08:00,2,false,2.20,-1.00,404,model_not_found,false,
candidateA_disconnect,2026-09-13T18:56:17.650108+08:00,0,false,2.76,-1.00,404,model_not_found,false,
candidateA_disconnect,2026-09-13T18:56:17.650857+08:00,1,false,1.96,-1.00,404,model_not_found,false,
candidateA_disconnect,2026-09-13T18:56:17.80125+08:00,0,false,2.01,-1.00,404,model_not_found,false,
candidateA_disconnect,2026-09-13T18:56:17.801404+08:00,1,false,1.93,-1.00,404,model_not_found,false,
candidateA_disconnect,2026-09-13T18:56:17.80125+08:00,2,true,2.30,-1.00,404,model_not_found,false,
candidateA_disconnect,2026-09-13T18:56:17.951384+08:00,0,true,2.05,-1.00,404,model_not_found,false,
candidateA_disconnect,2026-09-13T18:56:17.951546+08:00,1,false,1.93,-1.00,404,model_not_found,false,
candidateA_disconnect,2026-09-13T18:56:17.95187+08:00,2,false,1.90,-1.00,404,model_not_found,false,
candidateA_disconnect,2026-09-13T18:56:18.102579+08:00,2,true,1.85,-1.00,404,model_not_found,false,
candidateA_disconnect,2026-09-13T18:56:18.102579+08:00,1,true,2.05,-1.00,404,model_not_found,false,
candidateA_disconnect,2026-09-13T18:56:18.102934+08:00,0,false,5.39,-1.00,404,model_not_found,false,
candidateA_disconnect,2026-09-13T18:56:18.25275+08:00,1,false,1.11,-1.00,404,model_not_found,false,
candidateA_disconnect,2026-09-13T18:56:18.252752+08:00,2,false,1.12,-1.00,404,model_not_found,false,
candidateA_disconnect,2026-09-13T18:56:18.253091+08:00,0,false,1.14,-1.00,404,model_not_found,false,
candidateA_disconnect,2026-09-13T18:56:18.403908+08:00,0,true,1.88,-1.00,404,model_not_found,false,
candidateA_disconnect,2026-09-13T18:56:18.403908+08:00,2,true,2.03,-1.00,404,model_not_found,false,
candidateA_disconnect,2026-09-13T18:56:18.404176+08:00,1,true,2.02,-1.00,404,model_not_found,false,
candidateA_disconnect,2026-09-13T18:56:18.554309+08:00,2,false,0.70,-1.00,404,model_not_found,false,
candidateA_disconnect,2026-09-13T18:56:18.55427+08:00,1,false,0.81,-1.00,404,model_not_found,false,
candidateA_disconnect,2026-09-13T18:56:18.55427+08:00,0,false,1.13,-1.00,404,model_not_found,false,
candidateA_disconnect,2026-09-13T18:56:18.707529+08:00,2,false,1.47,-1.00,404,model_not_found,false,
candidateA_disconnect,2026-09-13T18:56:18.70821+08:00,1,false,0.80,-1.00,404,model_not_found,false,
candidateA_disconnect,2026-09-13T18:56:18.708264+08:00,0,false,1.26,-1.00,404,model_not_found,false,
candidateA_disconnect,2026-09-13T18:56:18.856307+08:00,2,true,0.57,-1.00,404,model_not_found,false,
candidateA_disconnect,2026-09-13T18:56:18.858291+08:00,0,true,0.47,-1.00,404,model_not_found,false,
candidateA_disconnect,2026-09-13T18:56:18.858309+08:00,1,true,0.51,-1.00,404,model_not_found,false,
candidateA_disconnect,2026-09-13T18:56:19.008459+08:00,1,true,2.50,-1.00,404,model_not_found,false,
candidateA_disconnect,2026-09-13T18:56:19.007952+08:00,2,false,3.15,-1.00,404,model_not_found,false,
candidateA_disconnect,2026-09-13T18:56:19.008533+08:00,0,false,2.66,-1.00,404,model_not_found,false,
candidateA_disconnect,2026-09-13T18:56:19.159112+08:00,2,true,1.53,-1.00,404,model_not_found,false,
candidateA_disconnect,2026-09-13T18:56:19.158991+08:00,0,false,1.72,-1.00,404,model_not_found,false,
candidateA_disconnect,2026-09-13T18:56:19.159008+08:00,1,true,1.77,-1.00,404,model_not_found,false,
candidateA_disconnect,2026-09-13T18:56:19.311033+08:00,2,true,4.26,-1.00,404,model_not_found,false,
candidateA_disconnect,2026-09-13T18:56:19.311591+08:00,0,true,3.80,-1.00,404,model_not_found,false,
candidateA_disconnect,2026-09-13T18:56:19.311758+08:00,1,false,3.79,-1.00,404,model_not_found,false,
candidateA_disconnect,2026-09-13T18:56:19.46226+08:00,0,false,2.63,-1.00,404,model_not_found,false,
candidateA_disconnect,2026-09-13T18:56:19.462142+08:00,2,true,2.74,-1.00,404,model_not_found,false,
candidateA_disconnect,2026-09-13T18:56:19.462142+08:00,1,false,3.30,-1.00,404,model_not_found,false,
candidateA_disconnect,2026-09-13T18:56:19.613519+08:00,0,true,2.08,-1.00,404,model_not_found,false,
candidateA_disconnect,2026-09-13T18:56:19.613944+08:00,1,true,1.65,-1.00,404,model_not_found,false,
candidateA_disconnect,2026-09-13T18:56:19.614084+08:00,2,true,1.59,-1.00,404,model_not_found,false,
candidateA_disconnect,2026-09-13T18:56:19.763222+08:00,0,true,2.21,-1.00,404,model_not_found,false,
candidateA_disconnect,2026-09-13T18:56:19.764667+08:00,1,false,1.14,-1.00,404,model_not_found,false,
candidateA_disconnect,2026-09-13T18:56:19.76563+08:00,2,false,0.27,-1.00,404,model_not_found,false,
candidateA_disconnect,2026-09-13T18:56:19.914242+08:00,1,false,0.71,-1.00,404,model_not_found,false,
candidateA_disconnect,2026-09-13T18:56:19.914242+08:00,0,true,0.71,-1.00,404,model_not_found,false,
candidateA_disconnect,2026-09-13T18:56:19.915657+08:00,2,true,0.25,-1.00,404,model_not_found,false,
candidateA_disconnect,2026-09-13T18:56:20.065349+08:00,1,true,1.10,-1.00,404,model_not_found,false,
candidateA_disconnect,2026-09-13T18:56:20.065349+08:00,0,false,1.11,-1.00,404,model_not_found,false,
candidateA_disconnect,2026-09-13T18:56:20.065812+08:00,2,false,0.96,-1.00,404,model_not_found,false,
candidateA_disconnect,2026-09-13T18:56:20.21644+08:00,0,true,1.03,-1.00,404,model_not_found,false,
candidateA_disconnect,2026-09-13T18:56:20.21644+08:00,2,true,1.07,-1.00,404,model_not_found,false,
candidateA_disconnect,2026-09-13T18:56:20.216478+08:00,1,false,1.14,-1.00,404,model_not_found,false,
candidateA_disconnect,2026-09-13T18:56:20.367657+08:00,2,false,1.82,-1.00,404,model_not_found,false,
candidateA_disconnect,2026-09-13T18:56:20.367657+08:00,0,false,1.89,-1.00,404,model_not_found,false,
candidateA_disconnect,2026-09-13T18:56:20.367739+08:00,1,false,1.95,-1.00,404,model_not_found,false,
candidateA_disconnect,2026-09-13T18:56:20.51892+08:00,1,true,2.02,-1.00,404,model_not_found,false,
candidateA_disconnect,2026-09-13T18:56:20.518832+08:00,2,false,2.15,-1.00,404,model_not_found,false,
candidateA_disconnect,2026-09-13T18:56:20.518832+08:00,0,true,2.11,-1.00,404,model_not_found,false,
candidateA_disconnect,2026-09-13T18:56:20.670089+08:00,0,true,1.80,-1.00,404,model_not_found,false,
candidateA_disconnect,2026-09-13T18:56:20.669944+08:00,1,false,1.99,-1.00,404,model_not_found,false,
candidateA_disconnect,2026-09-13T18:56:20.669944+08:00,2,true,2.28,-1.00,404,model_not_found,false,
candidateA_disconnect,2026-09-13T18:56:20.821041+08:00,0,true,2.15,-1.00,404,model_not_found,false,
candidateA_disconnect,2026-09-13T18:56:20.821041+08:00,1,true,2.15,-1.00,404,model_not_found,false,
candidateA_disconnect,2026-09-13T18:56:20.821133+08:00,2,true,2.13,-1.00,404,model_not_found,false,
candidateA_disconnect,2026-09-13T18:56:20.974236+08:00,0,false,1.71,-1.00,404,model_not_found,false,
candidateA_disconnect,2026-09-13T18:56:20.973363+08:00,2,false,2.76,-1.00,404,model_not_found,false,
candidateA_disconnect,2026-09-13T18:56:20.974417+08:00,1,false,1.97,-1.00,404,model_not_found,false,
candidateA_disconnect,2026-09-13T18:56:21.124204+08:00,0,false,0.81,-1.00,404,model_not_found,false,
candidateA_disconnect,2026-09-13T18:56:21.123219+08:00,2,true,1.92,-1.00,404,model_not_found,false,
candidateA_disconnect,2026-09-13T18:56:21.124583+08:00,1,false,1.26,-1.00,404,model_not_found,false,
candidateA_disconnect,2026-09-13T18:56:21.274925+08:00,1,false,5.76,-1.00,404,model_not_found,false,
candidateA_disconnect,2026-09-13T18:56:21.274808+08:00,2,false,6.08,-1.00,404,model_not_found,false,
candidateA_disconnect,2026-09-13T18:56:21.274795+08:00,0,false,7.70,-1.00,404,model_not_found,false,
candidateA_disconnect,2026-09-13T18:56:21.426001+08:00,0,true,1.19,-1.00,404,model_not_found,false,
candidateA_disconnect,2026-09-13T18:56:21.426067+08:00,2,true,1.16,-1.00,404,model_not_found,false,
candidateA_disconnect,2026-09-13T18:56:21.425792+08:00,1,true,1.50,-1.00,404,model_not_found,false,
candidateA_disconnect,2026-09-13T18:56:21.578507+08:00,2,true,4.03,-1.00,404,model_not_found,false,
candidateA_disconnect,2026-09-13T18:56:21.579009+08:00,0,false,3.53,-1.00,404,model_not_found,false,
candidateA_disconnect,2026-09-13T18:56:21.57972+08:00,1,true,3.30,-1.00,404,model_not_found,false,
candidateA_disconnect,2026-09-13T18:56:21.730372+08:00,2,false,4.71,-1.00,404,model_not_found,false,
candidateA_disconnect,2026-09-13T18:56:21.730251+08:00,1,false,4.84,-1.00,404,model_not_found,false,
candidateA_disconnect,2026-09-13T18:56:21.730216+08:00,0,false,4.94,-1.00,404,model_not_found,false,
candidateA_disconnect,2026-09-13T18:56:21.881733+08:00,0,true,4.46,-1.00,404,model_not_found,false,
candidateA_disconnect,2026-09-13T18:56:21.881259+08:00,2,false,4.98,-1.00,404,model_not_found,false,
candidateA_disconnect,2026-09-13T18:56:21.881259+08:00,1,true,4.94,-1.00,404,model_not_found,false,
candidateA_disconnect,2026-09-13T18:56:22.032357+08:00,1,false,1.60,-1.00,404,model_not_found,false,
candidateA_disconnect,2026-09-13T18:56:22.032357+08:00,0,true,1.61,-1.00,404,model_not_found,false,
candidateA_disconnect,2026-09-13T18:56:22.032458+08:00,2,true,1.58,-1.00,404,model_not_found,false,
candidateA_disconnect,2026-09-13T18:56:22.183506+08:00,1,false,2.20,-1.00,404,model_not_found,false,
candidateA_disconnect,2026-09-13T18:56:22.183792+08:00,2,false,1.98,-1.00,404,model_not_found,false,
candidateA_disconnect,2026-09-13T18:56:22.184032+08:00,0,true,1.91,-1.00,404,model_not_found,false,
candidateA_disconnect,2026-09-13T18:56:22.334827+08:00,2,false,1.78,-1.00,404,model_not_found,false,
candidateA_disconnect,2026-09-13T18:56:22.334663+08:00,1,false,2.00,-1.00,404,model_not_found,false,
candidateA_disconnect,2026-09-13T18:56:22.334663+08:00,0,true,2.03,-1.00,404,model_not_found,false,
candidateA_disconnect,2026-09-13T18:56:22.48529+08:00,1,false,1.89,-1.00,404,model_not_found,false,
candidateA_disconnect,2026-09-13T18:56:22.48538+08:00,2,false,1.87,-1.00,404,model_not_found,false,
candidateA_disconnect,2026-09-13T18:56:22.485346+08:00,0,true,2.07,-1.00,404,model_not_found,false,
candidateA_disconnect,2026-09-13T18:56:22.636328+08:00,1,true,4.72,-1.00,404,model_not_found,false,
candidateA_disconnect,2026-09-13T18:56:22.636328+08:00,2,false,4.81,-1.00,404,model_not_found,false,
candidateA_disconnect,2026-09-13T18:56:22.636477+08:00,0,false,4.57,-1.00,404,model_not_found,false,
candidateA_disconnect,2026-09-13T18:56:22.786956+08:00,0,false,1.12,-1.00,404,model_not_found,false,
candidateA_disconnect,2026-09-13T18:56:22.787211+08:00,1,false,0.90,-1.00,404,model_not_found,false,
candidateA_disconnect,2026-09-13T18:56:22.787287+08:00,2,true,1.15,-1.00,404,model_not_found,false,
candidateA_disconnect,2026-09-13T18:56:22.937854+08:00,2,false,5.44,-1.00,404,model_not_found,false,
candidateA_disconnect,2026-09-13T18:56:22.940319+08:00,0,false,2.97,-1.00,404,model_not_found,false,
candidateA_disconnect,2026-09-13T18:56:22.940411+08:00,1,false,3.53,-1.00,404,model_not_found,false,
candidateA_disconnect,2026-09-13T18:56:23.090762+08:00,1,true,2.40,-1.00,404,model_not_found,false,
candidateA_disconnect,2026-09-13T18:56:23.089039+08:00,2,true,4.12,-1.00,404,model_not_found,false,
candidateA_disconnect,2026-09-13T18:56:23.090586+08:00,0,true,2.67,-1.00,404,model_not_found,false,
candidateA_disconnect,2026-09-13T18:56:23.243826+08:00,0,true,2.71,-1.00,404,model_not_found,false,
candidateA_disconnect,2026-09-13T18:56:23.242146+08:00,1,true,4.41,-1.00,404,model_not_found,false,
candidateA_disconnect,2026-09-13T18:56:23.243971+08:00,2,true,2.81,-1.00,404,model_not_found,false,
candidateA_disconnect,2026-09-13T18:56:23.39388+08:00,0,true,0.98,-1.00,404,model_not_found,false,
candidateA_disconnect,2026-09-13T18:56:23.393261+08:00,1,false,1.72,-1.00,404,model_not_found,false,
candidateA_disconnect,2026-09-13T18:56:23.393997+08:00,2,true,1.29,-1.00,404,model_not_found,false,
candidateA_disconnect,2026-09-13T18:56:23.544417+08:00,2,true,1.11,-1.00,404,model_not_found,false,
candidateA_disconnect,2026-09-13T18:56:23.544489+08:00,1,true,1.08,-1.00,404,model_not_found,false,
candidateA_disconnect,2026-09-13T18:56:23.544609+08:00,0,false,1.31,-1.00,404,model_not_found,false,
candidateA_disconnect,2026-09-13T18:56:23.69558+08:00,0,false,2.15,-1.00,404,model_not_found,false,
candidateA_disconnect,2026-09-13T18:56:23.695716+08:00,1,false,2.07,-1.00,404,model_not_found,false,
candidateA_disconnect,2026-09-13T18:56:23.69558+08:00,2,false,2.37,-1.00,404,model_not_found,false,
candidateA_disconnect,2026-09-13T18:56:23.848801+08:00,1,true,1.20,-1.00,404,model_not_found,false,
candidateA_disconnect,2026-09-13T18:56:23.848103+08:00,2,false,1.93,-1.00,404,model_not_found,false,
candidateA_disconnect,2026-09-13T18:56:23.84892+08:00,0,false,1.55,-1.00,404,model_not_found,false,
candidateA_disconnect,2026-09-13T18:56:23.999195+08:00,0,true,1.92,-1.00,404,model_not_found,false,
candidateA_disconnect,2026-09-13T18:56:23.999195+08:00,2,false,1.98,-1.00,404,model_not_found,false,
candidateA_disconnect,2026-09-13T18:56:23.999561+08:00,1,false,2.00,-1.00,404,model_not_found,false,
candidateA_disconnect,2026-09-13T18:56:24.150338+08:00,1,false,2.25,-1.00,404,model_not_found,false,
candidateA_disconnect,2026-09-13T18:56:24.150338+08:00,0,false,2.33,-1.00,404,model_not_found,false,
candidateA_disconnect,2026-09-13T18:56:24.150617+08:00,2,true,2.12,-1.00,404,model_not_found,false,
candidateA_disconnect,2026-09-13T18:56:24.301361+08:00,2,false,0.83,-1.00,404,model_not_found,false,
candidateA_disconnect,2026-09-13T18:56:24.301326+08:00,1,false,0.99,-1.00,404,model_not_found,false,
candidateA_disconnect,2026-09-13T18:56:24.301315+08:00,0,true,1.28,-1.00,404,model_not_found,false,
candidateA_disconnect,2026-09-13T18:56:24.452433+08:00,0,false,1.11,-1.00,404,model_not_found,false,
candidateA_disconnect,2026-09-13T18:56:24.452433+08:00,2,false,1.22,-1.00,404,model_not_found,false,
candidateA_disconnect,2026-09-13T18:56:24.452449+08:00,1,false,1.22,-1.00,404,model_not_found,false,
candidateA_disconnect,2026-09-13T18:56:24.603795+08:00,0,false,7.88,-1.00,404,model_not_found,false,
candidateA_disconnect,2026-09-13T18:56:24.603672+08:00,2,false,8.03,-1.00,404,model_not_found,false,
candidateA_disconnect,2026-09-13T18:56:24.603672+08:00,1,false,9.07,-1.00,404,model_not_found,false,
candidateA_disconnect,2026-09-13T18:56:24.755127+08:00,0,true,1.45,-1.00,404,model_not_found,false,
candidateA_disconnect,2026-09-13T18:56:24.755428+08:00,1,false,1.18,-1.00,404,model_not_found,false,
candidateA_disconnect,2026-09-13T18:56:24.756133+08:00,2,false,0.95,-1.00,404,model_not_found,false,
candidateA_disconnect,2026-09-13T18:56:24.906625+08:00,2,false,0.65,-1.00,404,model_not_found,false,
candidateA_disconnect,2026-09-13T18:56:24.90534+08:00,0,false,1.94,-1.00,404,model_not_found,false,
candidateA_disconnect,2026-09-13T18:56:24.90681+08:00,1,false,0.77,-1.00,404,model_not_found,false,
candidateA_disconnect,2026-09-13T18:56:25.0564+08:00,0,false,0.81,-1.00,404,model_not_found,false,
candidateA_disconnect,2026-09-13T18:56:25.056647+08:00,2,true,0.63,-1.00,404,model_not_found,false,
candidateA_disconnect,2026-09-13T18:56:25.05694+08:00,1,false,0.56,-1.00,404,model_not_found,false,
candidateA_disconnect,2026-09-13T18:56:25.207543+08:00,0,false,0.88,-1.00,404,model_not_found,false,
candidateA_disconnect,2026-09-13T18:56:25.207578+08:00,2,true,0.89,-1.00,404,model_not_found,false,
candidateA_disconnect,2026-09-13T18:56:25.207552+08:00,1,true,0.94,-1.00,404,model_not_found,false,
candidateA_disconnect,2026-09-13T18:56:25.357837+08:00,2,true,0.82,-1.00,404,model_not_found,false,
candidateA_disconnect,2026-09-13T18:56:25.357916+08:00,0,true,1.12,-1.00,404,model_not_found,false,
candidateA_disconnect,2026-09-13T18:56:25.357847+08:00,1,true,1.54,-1.00,404,model_not_found,false,
candidateA_disconnect,2026-09-13T18:56:25.508382+08:00,2,true,1.01,-1.00,404,model_not_found,false,
candidateA_disconnect,2026-09-13T18:56:25.508382+08:00,0,false,1.10,-1.00,404,model_not_found,false,
candidateA_disconnect,2026-09-13T18:56:25.508567+08:00,1,true,2.00,-1.00,404,model_not_found,false,
candidateA_disconnect,2026-09-13T18:56:25.658629+08:00,0,true,1.92,-1.00,404,model_not_found,false,
candidateA_disconnect,2026-09-13T18:56:25.65876+08:00,1,false,1.86,-1.00,404,model_not_found,false,
candidateA_disconnect,2026-09-13T18:56:25.65863+08:00,2,false,2.14,-1.00,404,model_not_found,false,
candidateA_disconnect,2026-09-13T18:56:25.810318+08:00,2,false,2.51,-1.00,404,model_not_found,false,
candidateA_disconnect,2026-09-13T18:56:25.810208+08:00,0,true,2.67,-1.00,404,model_not_found,false,
candidateA_disconnect,2026-09-13T18:56:25.809322+08:00,1,true,3.59,-1.00,404,model_not_found,false,
candidateA_disconnect,2026-09-13T18:56:25.960322+08:00,0,true,0.75,-1.00,404,model_not_found,false,
candidateA_disconnect,2026-09-13T18:56:25.960354+08:00,2,true,0.75,-1.00,404,model_not_found,false,
candidateA_disconnect,2026-09-13T18:56:25.960308+08:00,1,true,0.94,-1.00,404,model_not_found,false,
candidateA_disconnect,2026-09-13T18:56:26.111833+08:00,2,true,2.49,-1.00,404,model_not_found,false,
candidateA_disconnect,2026-09-13T18:56:26.11252+08:00,0,false,1.94,-1.00,404,model_not_found,false,
candidateA_disconnect,2026-09-13T18:56:26.112409+08:00,1,true,2.36,-1.00,404,model_not_found,false,
candidateA_disconnect,2026-09-13T18:56:26.262752+08:00,2,false,0.78,-1.00,404,model_not_found,false,
candidateA_disconnect,2026-09-13T18:56:26.26271+08:00,0,true,0.86,-1.00,404,model_not_found,false,
candidateA_disconnect,2026-09-13T18:56:26.26271+08:00,1,true,1.19,-1.00,404,model_not_found,false,
candidateA_disconnect,2026-09-13T18:56:26.412906+08:00,0,true,0.85,-1.00,404,model_not_found,false,
candidateA_disconnect,2026-09-13T18:56:26.413088+08:00,1,true,0.71,-1.00,404,model_not_found,false,
candidateA_disconnect,2026-09-13T18:56:26.412891+08:00,2,true,1.20,-1.00,404,model_not_found,false,
candidateA_disconnect,2026-09-13T18:56:26.564103+08:00,2,true,2.04,-1.00,404,model_not_found,false,
candidateA_disconnect,2026-09-13T18:56:26.564236+08:00,0,false,1.91,-1.00,404,model_not_found,false,
candidateA_disconnect,2026-09-13T18:56:26.564103+08:00,1,true,2.11,-1.00,404,model_not_found,false,
candidateA_disconnect,2026-09-13T18:56:26.715088+08:00,2,false,0.80,-1.00,404,model_not_found,false,
candidateA_disconnect,2026-09-13T18:56:26.715152+08:00,0,true,0.73,-1.00,404,model_not_found,false,
candidateA_disconnect,2026-09-13T18:56:26.715088+08:00,1,true,1.23,-1.00,404,model_not_found,false,
candidateA_disconnect,2026-09-13T18:56:26.866163+08:00,0,false,4.24,-1.00,404,model_not_found,false,
candidateA_disconnect,2026-09-13T18:56:26.865871+08:00,1,true,4.56,-1.00,404,model_not_found,false,
candidateA_disconnect,2026-09-13T18:56:26.869634+08:00,2,true,1.58,-1.00,404,model_not_found,false,
candidateA_disconnect,2026-09-13T18:56:27.016771+08:00,0,true,2.38,-1.00,404,model_not_found,false,
candidateA_disconnect,2026-09-13T18:56:27.017474+08:00,1,false,1.72,-1.00,404,model_not_found,false,
candidateA_disconnect,2026-09-13T18:56:27.019671+08:00,2,false,0.83,-1.00,404,model_not_found,false,
candidateA_disconnect,2026-09-13T18:56:27.168506+08:00,0,true,1.10,-1.00,404,model_not_found,false,
candidateA_disconnect,2026-09-13T18:56:27.168078+08:00,1,true,1.67,-1.00,404,model_not_found,false,
candidateA_disconnect,2026-09-13T18:56:27.169706+08:00,2,false,0.45,-1.00,404,model_not_found,false,
candidateA_disconnect,2026-09-13T18:56:27.319144+08:00,0,true,1.23,-1.00,404,model_not_found,false,
candidateA_disconnect,2026-09-13T18:56:27.319144+08:00,1,false,1.29,-1.00,404,model_not_found,false,
candidateA_disconnect,2026-09-13T18:56:27.31976+08:00,2,false,1.98,-1.00,404,model_not_found,false,
candidateA_disconnect,2026-09-13T18:56:27.470205+08:00,1,true,1.03,-1.00,404,model_not_found,false,
candidateA_disconnect,2026-09-13T18:56:27.470218+08:00,2,true,1.06,-1.00,404,model_not_found,false,
candidateA_disconnect,2026-09-13T18:56:27.470237+08:00,0,false,1.06,-1.00,404,model_not_found,false,
candidateA_disconnect,2026-09-13T18:56:27.621567+08:00,1,true,1.16,-1.00,404,model_not_found,false,
candidateA_disconnect,2026-09-13T18:56:27.621534+08:00,0,false,1.32,-1.00,404,model_not_found,false,
candidateA_disconnect,2026-09-13T18:56:27.621737+08:00,2,false,1.64,-1.00,404,model_not_found,false,
candidateA_disconnect,2026-09-13T18:56:27.772272+08:00,0,false,1.38,-1.00,404,model_not_found,false,
candidateA_disconnect,2026-09-13T18:56:27.772211+08:00,2,false,1.48,-1.00,404,model_not_found,false,
candidateA_disconnect,2026-09-13T18:56:27.772235+08:00,1,true,1.72,-1.00,404,model_not_found,false,
candidateA_disconnect,2026-09-13T18:56:27.923315+08:00,0,false,1.16,-1.00,404,model_not_found,false,
candidateA_disconnect,2026-09-13T18:56:27.923398+08:00,2,false,1.16,-1.00,404,model_not_found,false,
candidateA_disconnect,2026-09-13T18:56:27.923309+08:00,1,false,1.49,-1.00,404,model_not_found,false,
candidateA_disconnect,2026-09-13T18:56:28.074321+08:00,2,false,0.74,-1.00,404,model_not_found,false,
candidateA_disconnect,2026-09-13T18:56:28.074385+08:00,0,true,0.85,-1.00,404,model_not_found,false,
candidateA_disconnect,2026-09-13T18:56:28.074321+08:00,1,false,0.97,-1.00,404,model_not_found,false,
candidateA_disconnect,2026-09-13T18:56:28.225271+08:00,2,false,2.20,-1.00,404,model_not_found,false,
candidateA_disconnect,2026-09-13T18:56:28.226206+08:00,0,true,1.37,-1.00,404,model_not_found,false,
candidateA_disconnect,2026-09-13T18:56:28.226324+08:00,1,false,2.01,-1.00,404,model_not_found,false,
candidateA_disconnect,2026-09-13T18:56:28.376899+08:00,2,false,3.27,-1.00,404,model_not_found,false,
candidateA_disconnect,2026-09-13T18:56:28.376445+08:00,0,true,3.85,-1.00,404,model_not_found,false,
candidateA_disconnect,2026-09-13T18:56:28.377131+08:00,1,true,3.72,-1.00,404,model_not_found,false,
candidateA_disconnect,2026-09-13T18:56:28.527323+08:00,1,true,1.40,-1.00,404,model_not_found,false,
candidateA_disconnect,2026-09-13T18:56:28.527384+08:00,0,true,1.38,-1.00,404,model_not_found,false,
candidateA_disconnect,2026-09-13T18:56:28.526999+08:00,2,false,1.84,-1.00,404,model_not_found,false,
candidateA_disconnect,2026-09-13T18:56:28.677587+08:00,0,false,0.71,-1.00,404,model_not_found,false,
candidateA_disconnect,2026-09-13T18:56:28.677619+08:00,2,true,0.76,-1.00,404,model_not_found,false,
candidateA_disconnect,2026-09-13T18:56:28.677717+08:00,1,false,0.85,-1.00,404,model_not_found,false,
candidateA_disconnect,2026-09-13T18:56:28.829935+08:00,0,false,1.59,-1.00,404,model_not_found,false,
candidateA_disconnect,2026-09-13T18:56:28.830311+08:00,1,true,1.25,-1.00,404,model_not_found,false,
candidateA_disconnect,2026-09-13T18:56:28.830445+08:00,2,false,1.17,-1.00,404,model_not_found,false,
candidateA_disconnect,2026-09-13T18:56:28.981074+08:00,0,false,1.03,-1.00,404,model_not_found,false,
candidateA_disconnect,2026-09-13T18:56:28.980981+08:00,1,false,1.24,-1.00,404,model_not_found,false,
candidateA_disconnect,2026-09-13T18:56:28.981227+08:00,2,false,1.45,-1.00,404,model_not_found,false,
candidateA_disconnect,2026-09-13T18:56:29.131499+08:00,2,false,0.81,-1.00,404,model_not_found,false,
candidateA_disconnect,2026-09-13T18:56:29.131549+08:00,0,false,0.89,-1.00,404,model_not_found,false,
candidateA_disconnect,2026-09-13T18:56:29.131652+08:00,1,true,1.00,-1.00,404,model_not_found,false,
candidateA_disconnect,2026-09-13T18:56:29.281718+08:00,1,false,1.50,-1.00,404,model_not_found,false,
candidateA_disconnect,2026-09-13T18:56:29.281804+08:00,2,true,1.45,-1.00,404,model_not_found,false,
candidateA_disconnect,2026-09-13T18:56:29.28165+08:00,0,true,1.83,-1.00,404,model_not_found,false,
candidateA_disconnect,2026-09-13T18:56:29.43271+08:00,2,false,0.75,-1.00,404,model_not_found,false,
candidateA_disconnect,2026-09-13T18:56:29.432733+08:00,0,true,0.73,-1.00,404,model_not_found,false,
candidateA_disconnect,2026-09-13T18:56:29.432822+08:00,1,false,1.11,-1.00,404,model_not_found,false,
candidateA_disconnect,2026-09-13T18:56:29.58374+08:00,2,false,1.95,-1.00,404,model_not_found,false,
candidateA_disconnect,2026-09-13T18:56:29.583974+08:00,0,false,1.71,-1.00,404,model_not_found,false,
candidateA_disconnect,2026-09-13T18:56:29.5837+08:00,1,false,2.07,-1.00,404,model_not_found,false,
candidateA_disconnect,2026-09-13T18:56:29.735529+08:00,2,true,3.50,-1.00,404,model_not_found,false,
candidateA_disconnect,2026-09-13T18:56:29.736302+08:00,0,false,2.97,-1.00,404,model_not_found,false,
candidateA_disconnect,2026-09-13T18:56:29.737939+08:00,1,true,1.63,-1.00,404,model_not_found,false,
candidateA_disconnect,2026-09-13T18:56:29.88756+08:00,0,false,1.37,-1.00,404,model_not_found,false,
candidateA_disconnect,2026-09-13T18:56:29.885008+08:00,2,false,4.17,-1.00,404,model_not_found,false,
candidateA_disconnect,2026-09-13T18:56:29.88878+08:00,1,true,1.01,-1.00,404,model_not_found,false,
candidateA_disconnect,2026-09-13T18:56:30.036534+08:00,2,true,1.33,-1.00,404,model_not_found,false,
candidateA_disconnect,2026-09-13T18:56:30.037605+08:00,0,false,0.30,-1.00,404,model_not_found,false,
candidateA_disconnect,2026-09-13T18:56:30.038919+08:00,1,false,0.39,-1.00,404,model_not_found,false,
candidateA_disconnect,2026-09-13T18:56:30.18754+08:00,2,false,1.19,-1.00,404,model_not_found,false,
candidateA_disconnect,2026-09-13T18:56:30.187617+08:00,0,true,1.12,-1.00,404,model_not_found,false,
candidateA_disconnect,2026-09-13T18:56:30.189026+08:00,1,false,0.46,-1.00,404,model_not_found,false,
candidateA_disconnect,2026-09-13T18:56:30.33847+08:00,0,false,0.71,-1.00,404,model_not_found,false,
candidateA_disconnect,2026-09-13T18:56:30.33847+08:00,2,true,0.73,-1.00,404,model_not_found,false,
candidateA_disconnect,2026-09-13T18:56:30.339172+08:00,1,true,0.23,-1.00,404,model_not_found,false,
candidateA_disconnect,2026-09-13T18:56:30.489642+08:00,0,false,0.87,-1.00,404,model_not_found,false,
candidateA_disconnect,2026-09-13T18:56:30.489739+08:00,2,true,1.67,-1.00,404,model_not_found,false,
candidateA_disconnect,2026-09-13T18:56:30.489511+08:00,1,false,2.00,-1.00,404,model_not_found,false,
candidateA_disconnect,2026-09-13T18:56:30.640566+08:00,2,true,0.81,-1.00,404,model_not_found,false,
candidateA_disconnect,2026-09-13T18:56:30.640598+08:00,0,true,0.81,-1.00,404,model_not_found,false,
candidateA_disconnect,2026-09-13T18:56:30.640703+08:00,1,false,0.89,-1.00,404,model_not_found,false,
candidateA_disconnect,2026-09-13T18:56:30.791651+08:00,1,false,1.65,-1.00,404,model_not_found,false,
candidateA_disconnect,2026-09-13T18:56:30.791992+08:00,0,true,1.39,-1.00,404,model_not_found,false,
candidateA_disconnect,2026-09-13T18:56:30.792809+08:00,2,true,0.87,-1.00,404,model_not_found,false,
candidateA_disconnect,2026-09-13T18:56:30.942803+08:00,1,false,3.17,-1.00,404,model_not_found,false,
candidateA_disconnect,2026-09-13T18:56:30.942934+08:00,2,true,3.87,-1.00,404,model_not_found,false,
candidateA_disconnect,2026-09-13T18:56:30.943471+08:00,0,false,3.53,-1.00,404,model_not_found,false,
candidateA_disconnect,2026-09-13T18:56:31.093992+08:00,0,false,1.66,-1.00,404,model_not_found,false,
candidateA_disconnect,2026-09-13T18:56:31.094163+08:00,1,true,1.48,-1.00,404,model_not_found,false,
candidateA_disconnect,2026-09-13T18:56:31.094268+08:00,2,true,1.43,-1.00,404,model_not_found,false,
candidateA_disconnect,2026-09-13T18:56:31.245482+08:00,2,true,1.53,-1.00,404,model_not_found,false,
candidateA_disconnect,2026-09-13T18:56:31.245823+08:00,1,true,1.40,-1.00,404,model_not_found,false,
candidateA_disconnect,2026-09-13T18:56:31.245958+08:00,0,false,1.43,-1.00,404,model_not_found,false,
candidateA_disconnect,2026-09-13T18:56:31.396762+08:00,2,false,1.64,-1.00,404,model_not_found,false,
candidateA_disconnect,2026-09-13T18:56:31.396663+08:00,0,true,1.80,-1.00,404,model_not_found,false,
candidateA_disconnect,2026-09-13T18:56:31.396663+08:00,1,false,1.99,-1.00,404,model_not_found,false,
candidateA_disconnect,2026-09-13T18:56:31.546862+08:00,0,true,0.67,-1.00,404,model_not_found,false,
candidateA_disconnect,2026-09-13T18:56:31.546797+08:00,2,false,0.77,-1.00,404,model_not_found,false,
candidateA_disconnect,2026-09-13T18:56:31.546773+08:00,1,false,1.06,-1.00,404,model_not_found,false,
candidateA_disconnect,2026-09-13T18:56:31.697987+08:00,2,false,1.57,-1.00,404,model_not_found,false,
candidateA_disconnect,2026-09-13T18:56:31.697987+08:00,1,false,1.64,-1.00,404,model_not_found,false,
candidateA_disconnect,2026-09-13T18:56:31.698047+08:00,0,true,1.64,-1.00,404,model_not_found,false,
candidateA_disconnect,2026-09-13T18:56:31.84912+08:00,2,false,1.98,-1.00,404,model_not_found,false,
candidateA_disconnect,2026-09-13T18:56:31.84912+08:00,1,false,2.02,-1.00,404,model_not_found,false,
candidateA_disconnect,2026-09-13T18:56:31.849277+08:00,0,false,1.82,-1.00,404,model_not_found,false,
candidateA_disconnect,2026-09-13T18:56:31.999364+08:00,2,true,2.03,-1.00,404,model_not_found,false,
candidateA_disconnect,2026-09-13T18:56:31.999847+08:00,1,false,1.62,-1.00,404,model_not_found,false,
candidateA_disconnect,2026-09-13T18:56:31.99989+08:00,0,true,1.73,-1.00,404,model_not_found,false,
candidateA_disconnect,2026-09-13T18:56:32.15055+08:00,2,false,1.97,-1.00,404,model_not_found,false,
candidateA_disconnect,2026-09-13T18:56:32.150664+08:00,0,false,1.92,-1.00,404,model_not_found,false,
candidateA_disconnect,2026-09-13T18:56:32.150549+08:00,1,false,2.16,-1.00,404,model_not_found,false,
candidateA_disconnect,2026-09-13T18:56:32.301559+08:00,1,false,2.12,-1.00,404,model_not_found,false,
candidateA_disconnect,2026-09-13T18:56:32.301445+08:00,2,true,2.32,-1.00,404,model_not_found,false,
candidateA_disconnect,2026-09-13T18:56:32.30108+08:00,0,false,2.87,-1.00,404,model_not_found,false,
candidateA_disconnect,2026-09-13T18:56:32.456237+08:00,0,false,0.43,-1.00,404,model_not_found,false,
candidateA_disconnect,2026-09-13T18:56:32.456252+08:00,2,false,0.51,-1.00,404,model_not_found,false,
candidateA_disconnect,2026-09-13T18:56:32.456193+08:00,1,true,0.59,-1.00,404,model_not_found,false,
candidateA_disconnect,2026-09-13T18:56:32.606536+08:00,1,false,3.17,-1.00,404,model_not_found,false,
candidateA_disconnect,2026-09-13T18:56:32.606532+08:00,2,true,3.45,-1.00,404,model_not_found,false,
candidateA_disconnect,2026-09-13T18:56:32.606592+08:00,0,false,3.66,-1.00,404,model_not_found,false,
candidateA_disconnect,2026-09-13T18:56:32.757619+08:00,0,false,1.09,-1.00,404,model_not_found,false,
candidateA_disconnect,2026-09-13T18:56:32.757864+08:00,2,false,0.90,-1.00,404,model_not_found,false,
candidateA_disconnect,2026-09-13T18:56:32.757874+08:00,1,true,1.21,-1.00,404,model_not_found,false,
candidateA_disconnect,2026-09-13T18:56:32.908707+08:00,0,false,1.28,-1.00,404,model_not_found,false,
candidateA_disconnect,2026-09-13T18:56:32.908746+08:00,2,true,1.30,-1.00,404,model_not_found,false,
candidateA_disconnect,2026-09-13T18:56:32.908707+08:00,1,true,1.74,-1.00,404,model_not_found,false,
candidateA_disconnect,2026-09-13T18:56:33.059064+08:00,1,false,2.90,-1.00,404,model_not_found,false,
candidateA_disconnect,2026-09-13T18:56:33.059513+08:00,2,true,2.55,-1.00,404,model_not_found,false,
candidateA_disconnect,2026-09-13T18:56:33.059794+08:00,0,false,3.26,-1.00,404,model_not_found,false,
candidateA_disconnect,2026-09-13T18:56:33.210165+08:00,0,false,1.27,-1.00,404,model_not_found,false,
candidateA_disconnect,2026-09-13T18:56:33.210162+08:00,2,true,1.43,-1.00,404,model_not_found,false,
candidateA_disconnect,2026-09-13T18:56:33.210375+08:00,1,false,1.58,-1.00,404,model_not_found,false,
candidateA_disconnect,2026-09-13T18:56:33.361425+08:00,0,true,2.11,-1.00,404,model_not_found,false,
candidateA_disconnect,2026-09-13T18:56:33.361665+08:00,2,true,1.91,-1.00,404,model_not_found,false,
candidateA_disconnect,2026-09-13T18:56:33.361362+08:00,1,false,2.40,-1.00,404,model_not_found,false,
candidateA_disconnect,2026-09-13T18:56:33.511735+08:00,2,true,1.43,-1.00,404,model_not_found,false,
candidateA_disconnect,2026-09-13T18:56:33.511726+08:00,0,false,1.49,-1.00,404,model_not_found,false,
candidateA_disconnect,2026-09-13T18:56:33.511333+08:00,1,true,1.95,-1.00,404,model_not_found,false,
candidateA_disconnect,2026-09-13T18:56:33.662351+08:00,2,false,0.84,-1.00,404,model_not_found,false,
candidateA_disconnect,2026-09-13T18:56:33.662315+08:00,1,false,1.07,-1.00,404,model_not_found,false,
candidateA_disconnect,2026-09-13T18:56:33.6623+08:00,0,true,1.38,-1.00,404,model_not_found,false,
candidateA_disconnect,2026-09-13T18:56:33.812993+08:00,0,true,0.75,-1.00,404,model_not_found,false,
candidateA_disconnect,2026-09-13T18:56:33.812993+08:00,1,true,0.84,-1.00,404,model_not_found,false,
candidateA_disconnect,2026-09-13T18:56:33.813122+08:00,2,false,0.94,-1.00,404,model_not_found,false,
candidateA_disconnect,2026-09-13T18:56:33.96369+08:00,0,true,0.99,-1.00,404,model_not_found,false,
candidateA_disconnect,2026-09-13T18:56:33.963776+08:00,2,false,0.96,-1.00,404,model_not_found,false,
candidateA_disconnect,2026-09-13T18:56:33.96369+08:00,1,true,1.26,-1.00,404,model_not_found,false,
candidateA_disconnect,2026-09-13T18:56:34.114728+08:00,1,true,0.94,-1.00,404,model_not_found,false,
candidateA_disconnect,2026-09-13T18:56:34.114728+08:00,2,false,1.04,-1.00,404,model_not_found,false,
candidateA_disconnect,2026-09-13T18:56:34.114894+08:00,0,false,1.09,-1.00,404,model_not_found,false,
candidateA_disconnect,2026-09-13T18:56:34.265914+08:00,1,true,1.07,-1.00,404,model_not_found,false,
candidateA_disconnect,2026-09-13T18:56:34.26587+08:00,0,false,1.34,-1.00,404,model_not_found,false,
candidateA_disconnect,2026-09-13T18:56:34.266036+08:00,2,true,1.68,-1.00,404,model_not_found,false,
candidateA_disconnect,2026-09-13T18:56:34.416104+08:00,2,true,0.90,-1.00,404,model_not_found,false,
candidateA_disconnect,2026-09-13T18:56:34.416053+08:00,1,true,0.98,-1.00,404,model_not_found,false,
candidateA_disconnect,2026-09-13T18:56:34.416053+08:00,0,true,1.01,-1.00,404,model_not_found,false,
candidateA_disconnect,2026-09-13T18:56:34.567138+08:00,0,true,2.69,-1.00,404,model_not_found,false,
candidateA_disconnect,2026-09-13T18:56:34.567513+08:00,1,false,2.51,-1.00,404,model_not_found,false,
candidateA_disconnect,2026-09-13T18:56:34.569577+08:00,2,false,0.94,-1.00,404,model_not_found,false,
candidateA_disconnect,2026-09-13T18:56:34.718102+08:00,0,true,2.13,-1.00,404,model_not_found,false,
candidateA_disconnect,2026-09-13T18:56:34.718313+08:00,1,true,1.99,-1.00,404,model_not_found,false,
candidateA_disconnect,2026-09-13T18:56:34.719966+08:00,2,false,1.49,-1.00,404,model_not_found,false,
candidateA_disconnect,2026-09-13T18:56:34.869513+08:00,0,true,1.32,-1.00,404,model_not_found,false,
candidateA_disconnect,2026-09-13T18:56:34.869092+08:00,1,false,2.84,-1.00,404,model_not_found,false,
candidateA_disconnect,2026-09-13T18:56:34.870981+08:00,2,true,1.38,-1.00,404,model_not_found,false,
candidateA_disconnect,2026-09-13T18:56:35.020822+08:00,0,true,0.61,-1.00,404,model_not_found,false,
candidateA_disconnect,2026-09-13T18:56:35.020284+08:00,1,false,1.20,-1.00,404,model_not_found,false,
candidateA_disconnect,2026-09-13T18:56:35.020987+08:00,2,false,0.75,-1.00,404,model_not_found,false,
candidateA_disconnect,2026-09-13T18:56:35.171286+08:00,1,true,0.70,-1.00,404,model_not_found,false,
candidateA_disconnect,2026-09-13T18:56:35.171247+08:00,2,true,0.77,-1.00,404,model_not_found,false,
candidateA_disconnect,2026-09-13T18:56:35.171238+08:00,0,false,1.04,-1.00,404,model_not_found,false,
candidateA_disconnect,2026-09-13T18:56:35.322354+08:00,1,false,0.74,-1.00,404,model_not_found,false,
candidateA_disconnect,2026-09-13T18:56:35.322405+08:00,2,false,0.69,-1.00,404,model_not_found,false,
candidateA_disconnect,2026-09-13T18:56:35.322351+08:00,0,true,1.06,-1.00,404,model_not_found,false,
candidateA_disconnect,2026-09-13T18:56:35.472545+08:00,0,false,0.72,-1.00,404,model_not_found,false,
candidateA_disconnect,2026-09-13T18:56:35.472545+08:00,1,false,0.81,-1.00,404,model_not_found,false,
candidateA_disconnect,2026-09-13T18:56:35.47269+08:00,2,false,0.90,-1.00,404,model_not_found,false,
candidateA_disconnect,2026-09-13T18:56:35.623667+08:00,0,true,1.08,-1.00,404,model_not_found,false,
candidateA_disconnect,2026-09-13T18:56:35.623729+08:00,1,true,1.17,-1.00,404,model_not_found,false,
candidateA_disconnect,2026-09-13T18:56:35.623667+08:00,2,false,1.62,-1.00,404,model_not_found,false,
candidateA_disconnect,2026-09-13T18:56:35.774938+08:00,0,false,0.85,-1.00,404,model_not_found,false,
candidateA_disconnect,2026-09-13T18:56:35.77468+08:00,2,false,1.15,-1.00,404,model_not_found,false,
candidateA_disconnect,2026-09-13T18:56:35.774978+08:00,1,true,1.01,-1.00,404,model_not_found,false,
candidateA_disconnect,2026-09-13T18:56:35.925935+08:00,2,false,1.01,-1.00,404,model_not_found,false,
candidateA_disconnect,2026-09-13T18:56:35.925823+08:00,1,true,1.17,-1.00,404,model_not_found,false,
candidateA_disconnect,2026-09-13T18:56:35.926054+08:00,0,false,1.34,-1.00,404,model_not_found,false,
candidateA_disconnect,2026-09-13T18:56:36.076358+08:00,0,true,3.22,-1.00,404,model_not_found,false,
candidateA_disconnect,2026-09-13T18:56:36.076713+08:00,2,true,3.29,-1.00,404,model_not_found,false,
candidateA_disconnect,2026-09-13T18:56:36.076874+08:00,1,true,3.80,-1.00,404,model_not_found,false,
candidateA_disconnect,2026-09-13T18:56:36.228305+08:00,1,false,6.50,-1.00,404,model_not_found,false,
candidateA_disconnect,2026-09-13T18:56:36.227539+08:00,2,false,7.45,-1.00,404,model_not_found,false,
candidateA_disconnect,2026-09-13T18:56:36.23376+08:00,0,false,2.05,-1.00,404,model_not_found,false,
candidateA_disconnect,2026-09-13T18:56:36.3786+08:00,1,false,0.71,-1.00,404,model_not_found,false,
candidateA_disconnect,2026-09-13T18:56:36.378709+08:00,2,false,0.63,-1.00,404,model_not_found,false,
candidateA_disconnect,2026-09-13T18:56:36.384384+08:00,0,true,0.73,-1.00,404,model_not_found,false,
candidateA_disconnect,2026-09-13T18:56:36.530008+08:00,1,false,1.06,-1.00,404,model_not_found,false,
candidateA_disconnect,2026-09-13T18:56:36.529708+08:00,2,true,1.40,-1.00,404,model_not_found,false,
candidateA_disconnect,2026-09-13T18:56:36.534816+08:00,0,false,0.60,-1.00,404,model_not_found,false,
candidateA_disconnect,2026-09-13T18:56:36.680802+08:00,1,false,1.64,-1.00,404,model_not_found,false,
candidateA_disconnect,2026-09-13T18:56:36.68105+08:00,2,false,1.46,-1.00,404,model_not_found,false,
candidateA_disconnect,2026-09-13T18:56:36.68547+08:00,0,true,1.26,-1.00,404,model_not_found,false,
candidateA_disconnect,2026-09-13T18:56:36.833542+08:00,2,false,2.69,-1.00,404,model_not_found,false,
candidateA_disconnect,2026-09-13T18:56:36.833887+08:00,1,false,2.41,-1.00,404,model_not_found,false,
candidateA_disconnect,2026-09-13T18:56:36.83625+08:00,0,true,0.66,-1.00,404,model_not_found,false,
candidateA_disconnect,2026-09-13T18:56:36.984323+08:00,1,false,0.90,-1.00,404,model_not_found,false,
candidateA_disconnect,2026-09-13T18:56:36.984317+08:00,2,false,0.91,-1.00,404,model_not_found,false,
candidateA_disconnect,2026-09-13T18:56:36.986404+08:00,0,true,0.36,-1.00,404,model_not_found,false,
candidateA_disconnect,2026-09-13T18:56:37.135404+08:00,1,false,1.84,-1.00,404,model_not_found,false,
candidateA_disconnect,2026-09-13T18:56:37.13473+08:00,2,false,2.90,-1.00,404,model_not_found,false,
candidateA_disconnect,2026-09-13T18:56:37.136897+08:00,0,true,1.08,-1.00,404,model_not_found,false,
candidateA_disconnect,2026-09-13T18:56:37.284857+08:00,2,false,1.81,-1.00,404,model_not_found,false,
candidateA_disconnect,2026-09-13T18:56:37.286557+08:00,1,false,0.57,-1.00,404,model_not_found,false,
candidateA_disconnect,2026-09-13T18:56:37.287022+08:00,0,false,0.76,-1.00,404,model_not_found,false,
candidateA_disconnect,2026-09-13T18:56:37.438856+08:00,2,true,0.93,-1.00,404,model_not_found,false,
candidateA_disconnect,2026-09-13T18:56:37.437547+08:00,1,true,2.30,-1.00,404,model_not_found,false,
candidateA_disconnect,2026-09-13T18:56:37.439005+08:00,0,false,1.08,-1.00,404,model_not_found,false,
candidateA_disconnect,2026-09-13T18:56:37.588758+08:00,1,true,3.18,-1.00,404,model_not_found,false,
candidateA_disconnect,2026-09-13T18:56:37.589257+08:00,0,true,2.81,-1.00,404,model_not_found,false,
candidateA_disconnect,2026-09-13T18:56:37.589413+08:00,2,true,3.88,-1.00,404,model_not_found,false,
candidateA_disconnect,2026-09-13T18:56:37.739106+08:00,1,true,0.93,-1.00,404,model_not_found,false,
candidateA_disconnect,2026-09-13T18:56:37.739329+08:00,0,false,0.99,-1.00,404,model_not_found,false,
candidateA_disconnect,2026-09-13T18:56:37.739447+08:00,2,false,0.90,-1.00,404,model_not_found,false,
candidateA_disconnect,2026-09-13T18:56:37.890203+08:00,1,false,0.65,-1.00,404,model_not_found,false,
candidateA_disconnect,2026-09-13T18:56:37.890155+08:00,2,false,0.72,-1.00,404,model_not_found,false,
candidateA_disconnect,2026-09-13T18:56:37.89018+08:00,0,false,0.97,-1.00,404,model_not_found,false,
candidateA_disconnect,2026-09-13T18:56:38.040849+08:00,1,true,2.11,-1.00,404,model_not_found,false,
candidateA_disconnect,2026-09-13T18:56:38.040974+08:00,2,true,2.08,-1.00,404,model_not_found,false,
candidateA_disconnect,2026-09-13T18:56:38.040849+08:00,0,false,2.31,-1.00,404,model_not_found,false,
candidateA_disconnect,2026-09-13T18:56:38.191996+08:00,2,false,2.10,-1.00,404,model_not_found,false,
candidateA_disconnect,2026-09-13T18:56:38.191996+08:00,0,false,2.80,-1.00,404,model_not_found,false,
candidateA_disconnect,2026-09-13T18:56:38.19239+08:00,1,false,2.51,-1.00,404,model_not_found,false,
candidateA_disconnect,2026-09-13T18:56:38.343139+08:00,2,true,3.77,-1.00,404,model_not_found,false,
candidateA_disconnect,2026-09-13T18:56:38.343139+08:00,1,false,3.77,-1.00,404,model_not_found,false,
candidateA_disconnect,2026-09-13T18:56:38.34323+08:00,0,false,3.77,-1.00,404,model_not_found,false,
candidateA_disconnect,2026-09-13T18:56:38.494899+08:00,1,false,7.65,-1.00,404,model_not_found,false,
candidateA_disconnect,2026-09-13T18:56:38.494373+08:00,0,false,8.23,-1.00,404,model_not_found,false,
candidateA_disconnect,2026-09-13T18:56:38.49428+08:00,2,false,8.89,-1.00,404,model_not_found,false,
candidateA_disconnect,2026-09-13T18:56:38.645399+08:00,2,false,1.91,-1.00,404,model_not_found,false,
candidateA_disconnect,2026-09-13T18:56:38.645512+08:00,0,true,1.81,-1.00,404,model_not_found,false,
candidateA_disconnect,2026-09-13T18:56:38.645399+08:00,1,true,2.12,-1.00,404,model_not_found,false,
candidateA_disconnect,2026-09-13T18:56:38.796087+08:00,0,false,4.71,-1.00,404,model_not_found,false,
candidateA_disconnect,2026-09-13T18:56:38.79571+08:00,2,false,5.09,-1.00,404,model_not_found,false,
candidateA_disconnect,2026-09-13T18:56:38.796258+08:00,1,false,5.15,-1.00,404,model_not_found,false,
candidateA_disconnect,2026-09-13T18:56:38.946844+08:00,1,false,2.03,-1.00,404,model_not_found,false,
candidateA_disconnect,2026-09-13T18:56:38.946844+08:00,2,true,2.10,-1.00,404,model_not_found,false,
candidateA_disconnect,2026-09-13T18:56:38.947259+08:00,0,false,1.89,-1.00,404,model_not_found,false,
candidateA_disconnect,2026-09-13T18:56:39.098167+08:00,2,false,5.56,-1.00,404,model_not_found,false,
candidateA_disconnect,2026-09-13T18:56:39.101487+08:00,1,true,2.27,-1.00,404,model_not_found,false,
candidateA_disconnect,2026-09-13T18:56:39.101944+08:00,0,false,1.84,-1.00,404,model_not_found,false,
candidateA_disconnect,2026-09-13T18:56:39.249198+08:00,2,true,0.53,-1.00,404,model_not_found,false,
candidateA_disconnect,2026-09-13T18:56:39.251238+08:00,1,false,0.26,-1.00,404,model_not_found,false,
candidateA_disconnect,2026-09-13T18:56:39.252044+08:00,0,true,0.24,-1.00,404,model_not_found,false,
candidateA_disconnect,2026-09-13T18:56:39.400532+08:00,2,false,1.85,-1.00,404,model_not_found,false,
candidateA_disconnect,2026-09-13T18:56:39.402192+08:00,0,false,1.67,-1.00,404,model_not_found,false,
candidateA_disconnect,2026-09-13T18:56:39.402555+08:00,1,true,1.35,-1.00,404,model_not_found,false,
candidateA_disconnect,2026-09-13T18:56:39.551664+08:00,2,false,1.81,-1.00,404,model_not_found,false,
candidateA_disconnect,2026-09-13T18:56:39.552226+08:00,0,false,1.28,-1.00,404,model_not_found,false,
candidateA_disconnect,2026-09-13T18:56:39.552788+08:00,1,false,1.14,-1.00,404,model_not_found,false,
candidateA_disconnect,2026-09-13T18:56:39.701959+08:00,2,true,2.06,-1.00,404,model_not_found,false,
candidateA_disconnect,2026-09-13T18:56:39.702328+08:00,0,false,1.74,-1.00,404,model_not_found,false,
candidateA_disconnect,2026-09-13T18:56:39.703104+08:00,1,true,1.01,-1.00,404,model_not_found,false,
candidateA_disconnect,2026-09-13T18:56:39.853331+08:00,1,true,2.09,-1.00,404,model_not_found,false,
candidateA_disconnect,2026-09-13T18:56:39.853135+08:00,0,false,2.35,-1.00,404,model_not_found,false,
candidateA_disconnect,2026-09-13T18:56:39.853135+08:00,2,false,2.86,-1.00,404,model_not_found,false,
candidateA_disconnect,2026-09-13T18:56:40.004313+08:00,1,true,3.08,-1.00,404,model_not_found,false,
candidateA_disconnect,2026-09-13T18:56:40.004891+08:00,2,true,2.50,-1.00,404,model_not_found,false,
candidateA_disconnect,2026-09-13T18:56:40.004313+08:00,0,true,3.12,-1.00,404,model_not_found,false,
candidateA_disconnect,2026-09-13T18:56:40.155441+08:00,1,true,2.82,-1.00,404,model_not_found,false,
candidateA_disconnect,2026-09-13T18:56:40.155229+08:00,0,true,3.19,-1.00,404,model_not_found,false,
candidateA_disconnect,2026-09-13T18:56:40.155159+08:00,2,false,3.91,-1.00,404,model_not_found,false,
candidateA_disconnect,2026-09-13T18:56:40.305297+08:00,2,false,4.08,-1.00,404,model_not_found,false,
candidateA_disconnect,2026-09-13T18:56:40.306808+08:00,1,true,2.57,-1.00,404,model_not_found,false,
candidateA_disconnect,2026-09-13T18:56:40.305297+08:00,0,true,4.08,-1.00,404,model_not_found,false,
candidateA_disconnect,2026-09-13T18:56:40.456979+08:00,1,false,2.04,-1.00,404,model_not_found,false,
candidateA_disconnect,2026-09-13T18:56:40.456452+08:00,0,true,2.59,-1.00,404,model_not_found,false,
candidateA_disconnect,2026-09-13T18:56:40.458078+08:00,2,true,1.52,-1.00,404,model_not_found,false,
candidateA_disconnect,2026-09-13T18:56:40.607604+08:00,1,false,2.53,-1.00,404,model_not_found,false,
candidateA_disconnect,2026-09-13T18:56:40.607671+08:00,0,true,2.57,-1.00,404,model_not_found,false,
candidateA_disconnect,2026-09-13T18:56:40.608108+08:00,2,true,2.19,-1.00,404,model_not_found,false,
candidateA_disconnect,2026-09-13T18:56:40.758774+08:00,1,true,3.99,-1.00,404,model_not_found,false,
candidateA_disconnect,2026-09-13T18:56:40.758922+08:00,2,false,3.87,-1.00,404,model_not_found,false,
candidateA_disconnect,2026-09-13T18:56:40.758747+08:00,0,true,4.09,-1.00,404,model_not_found,false,
candidateA_disconnect,2026-09-13T18:56:40.909293+08:00,0,true,1.80,-1.00,404,model_not_found,false,
candidateA_disconnect,2026-09-13T18:56:40.909153+08:00,2,false,2.02,-1.00,404,model_not_found,false,
candidateA_disconnect,2026-09-13T18:56:40.909153+08:00,1,true,2.04,-1.00,404,model_not_found,false,
candidateA_disconnect,2026-09-13T18:56:41.060288+08:00,0,false,6.18,-1.00,404,model_not_found,false,
candidateA_disconnect,2026-09-13T18:56:41.06043+08:00,1,true,6.13,-1.00,404,model_not_found,false,
candidateA_disconnect,2026-09-13T18:56:41.060288+08:00,2,false,7.16,-1.00,404,model_not_found,false,
candidateA_disconnect,2026-09-13T18:56:41.211705+08:00,1,false,1.88,-1.00,404,model_not_found,false,
candidateA_disconnect,2026-09-13T18:56:41.211437+08:00,0,true,2.22,-1.00,404,model_not_found,false,
candidateA_disconnect,2026-09-13T18:56:41.211437+08:00,2,true,2.15,-1.00,404,model_not_found,false,
candidateA_disconnect,2026-09-13T18:56:41.363357+08:00,0,false,4.52,-1.00,404,model_not_found,false,
candidateA_disconnect,2026-09-13T18:56:41.362627+08:00,2,false,5.33,-1.00,404,model_not_found,false,
candidateA_disconnect,2026-09-13T18:56:41.363443+08:00,1,false,5.55,-1.00,404,model_not_found,false,
candidateA_disconnect,2026-09-13T18:56:41.513834+08:00,1,false,2.23,-1.00,404,model_not_found,false,
candidateA_disconnect,2026-09-13T18:56:41.513732+08:00,0,false,2.34,-1.00,404,model_not_found,false,
candidateA_disconnect,2026-09-13T18:56:41.513124+08:00,2,true,3.01,-1.00,404,model_not_found,false,
candidateA_disconnect,2026-09-13T18:56:41.668479+08:00,1,false,2.98,-1.00,404,model_not_found,false,
candidateA_disconnect,2026-09-13T18:56:41.667727+08:00,0,false,3.76,-1.00,404,model_not_found,false,
candidateA_disconnect,2026-09-13T18:56:41.668615+08:00,2,false,3.02,-1.00,404,model_not_found,false,
candidateA_disconnect,2026-09-13T18:56:41.818829+08:00,0,false,1.73,-1.00,404,model_not_found,false,
candidateA_disconnect,2026-09-13T18:56:41.818951+08:00,1,false,1.66,-1.00,404,model_not_found,false,
candidateA_disconnect,2026-09-13T18:56:41.818829+08:00,2,true,2.16,-1.00,404,model_not_found,false,
candidateA_disconnect,2026-09-13T18:56:41.969912+08:00,1,false,1.03,-1.00,404,model_not_found,false,
candidateA_disconnect,2026-09-13T18:56:41.969887+08:00,2,false,1.05,-1.00,404,model_not_found,false,
candidateA_disconnect,2026-09-13T18:56:41.969888+08:00,0,false,1.48,-1.00,404,model_not_found,false,
candidateA_disconnect,2026-09-13T18:56:42.121912+08:00,2,false,1.79,-1.00,404,model_not_found,false,
candidateA_disconnect,2026-09-13T18:56:42.122169+08:00,0,false,1.55,-1.00,404,model_not_found,false,
candidateA_disconnect,2026-09-13T18:56:42.121912+08:00,1,false,2.13,-1.00,404,model_not_found,false,
candidateA_disconnect,2026-09-13T18:56:42.273031+08:00,0,false,1.96,-1.00,404,model_not_found,false,
candidateA_disconnect,2026-09-13T18:56:42.273278+08:00,2,false,1.75,-1.00,404,model_not_found,false,
candidateA_disconnect,2026-09-13T18:56:42.273146+08:00,1,true,1.96,-1.00,404,model_not_found,false,
candidateA_disconnect,2026-09-13T18:56:42.424166+08:00,2,false,2.23,-1.00,404,model_not_found,false,
candidateA_disconnect,2026-09-13T18:56:42.424368+08:00,0,false,2.10,-1.00,404,model_not_found,false,
candidateA_disconnect,2026-09-13T18:56:42.424166+08:00,1,false,2.40,-1.00,404,model_not_found,false,
candidateA_disconnect,2026-09-13T18:56:42.575011+08:00,1,true,2.03,-1.00,404,model_not_found,false,
candidateA_disconnect,2026-09-13T18:56:42.57493+08:00,0,false,2.11,-1.00,404,model_not_found,false,
candidateA_disconnect,2026-09-13T18:56:42.57493+08:00,2,false,2.18,-1.00,404,model_not_found,false,
candidateA_disconnect,2026-09-13T18:56:42.72597+08:00,2,false,1.94,-1.00,404,model_not_found,false,
candidateA_disconnect,2026-09-13T18:56:42.726199+08:00,0,false,1.75,-1.00,404,model_not_found,false,
candidateA_disconnect,2026-09-13T18:56:42.726087+08:00,1,true,2.28,-1.00,404,model_not_found,false,
candidateA_disconnect,2026-09-13T18:56:42.877149+08:00,1,true,1.41,-1.00,404,model_not_found,false,
candidateA_disconnect,2026-09-13T18:56:42.877033+08:00,2,true,1.56,-1.00,404,model_not_found,false,
candidateA_disconnect,2026-09-13T18:56:42.877033+08:00,0,false,1.52,-1.00,404,model_not_found,false,
candidateA_disconnect,2026-09-13T18:56:43.028205+08:00,2,false,4.78,-1.00,404,model_not_found,false,
candidateA_disconnect,2026-09-13T18:56:43.028307+08:00,0,false,4.77,-1.00,404,model_not_found,false,
candidateA_disconnect,2026-09-13T18:56:43.028205+08:00,1,false,5.06,-1.00,404,model_not_found,false,
candidateA_disconnect,2026-09-13T18:56:43.179367+08:00,1,true,1.63,-1.00,404,model_not_found,false,
candidateA_disconnect,2026-09-13T18:56:43.179458+08:00,0,true,1.60,-1.00,404,model_not_found,false,
candidateA_disconnect,2026-09-13T18:56:43.179367+08:00,2,true,1.96,-1.00,404,model_not_found,false,
candidateA_disconnect,2026-09-13T18:56:43.33536+08:00,1,false,4.14,-1.00,404,model_not_found,false,
candidateA_disconnect,2026-09-13T18:56:43.333759+08:00,0,false,5.76,-1.00,404,model_not_found,false,
candidateA_disconnect,2026-09-13T18:56:43.338666+08:00,2,true,1.08,-1.00,404,model_not_found,false,
candidateA_disconnect,2026-09-13T18:56:43.487323+08:00,1,false,1.84,-1.00,404,model_not_found,false,
candidateA_disconnect,2026-09-13T18:56:43.48665+08:00,0,true,2.54,-1.00,404,model_not_found,false,
candidateA_disconnect,2026-09-13T18:56:43.488793+08:00,2,false,0.93,-1.00,404,model_not_found,false,
candidateA_disconnect,2026-09-13T18:56:43.639382+08:00,2,false,1.69,-1.00,404,model_not_found,false,
candidateA_disconnect,2026-09-13T18:56:43.638272+08:00,1,false,2.80,-1.00,404,model_not_found,false,
candidateA_disconnect,2026-09-13T18:56:43.639514+08:00,0,true,1.63,-1.00,404,model_not_found,false,
candidateA_disconnect,2026-09-13T18:56:43.790132+08:00,0,true,1.68,-1.00,404,model_not_found,false,
candidateA_disconnect,2026-09-13T18:56:43.789518+08:00,2,false,2.56,-1.00,404,model_not_found,false,
candidateA_disconnect,2026-09-13T18:56:43.790274+08:00,1,true,1.85,-1.00,404,model_not_found,false,
candidateA_disconnect,2026-09-13T18:56:43.940548+08:00,2,false,0.64,-1.00,404,model_not_found,false,
candidateA_disconnect,2026-09-13T18:56:43.940507+08:00,0,false,0.73,-1.00,404,model_not_found,false,
candidateA_disconnect,2026-09-13T18:56:43.940619+08:00,1,true,0.90,-1.00,404,model_not_found,false,
candidateA_disconnect,2026-09-13T18:56:44.091749+08:00,2,true,1.93,-1.00,404,model_not_found,false,
candidateA_disconnect,2026-09-13T18:56:44.091678+08:00,0,false,2.06,-1.00,404,model_not_found,false,
candidateA_disconnect,2026-09-13T18:56:44.091678+08:00,1,false,2.52,-1.00,404,model_not_found,false,
candidateA_disconnect,2026-09-13T18:56:44.242537+08:00,1,true,2.29,-1.00,404,model_not_found,false,
candidateA_disconnect,2026-09-13T18:56:44.242537+08:00,2,false,2.41,-1.00,404,model_not_found,false,
candidateA_disconnect,2026-09-13T18:56:44.242789+08:00,0,true,3.91,-1.00,404,model_not_found,false,
candidateA_disconnect,2026-09-13T18:56:44.393758+08:00,2,false,2.07,-1.00,404,model_not_found,false,
candidateA_disconnect,2026-09-13T18:56:44.393903+08:00,1,false,1.93,-1.00,404,model_not_found,false,
candidateA_disconnect,2026-09-13T18:56:44.393759+08:00,0,false,2.13,-1.00,404,model_not_found,false,
candidateA_disconnect,2026-09-13T18:56:44.545032+08:00,1,false,1.94,-1.00,404,model_not_found,false,
candidateA_disconnect,2026-09-13T18:56:44.544888+08:00,0,false,2.17,-1.00,404,model_not_found,false,
candidateA_disconnect,2026-09-13T18:56:44.544888+08:00,2,true,2.24,-1.00,404,model_not_found,false,
candidateA_disconnect,2026-09-13T18:56:44.696179+08:00,2,false,4.03,-1.00,404,model_not_found,false,
candidateA_disconnect,2026-09-13T18:56:44.696037+08:00,0,false,4.27,-1.00,404,model_not_found,false,
candidateA_disconnect,2026-09-13T18:56:44.696037+08:00,1,true,4.61,-1.00,404,model_not_found,false,
candidateA_disconnect,2026-09-13T18:56:44.847047+08:00,0,false,0.63,-1.00,404,model_not_found,false,
candidateA_disconnect,2026-09-13T18:56:44.847012+08:00,1,true,0.68,-1.00,404,model_not_found,false,
candidateA_disconnect,2026-09-13T18:56:44.847012+08:00,2,false,1.01,-1.00,404,model_not_found,false,
candidateA_disconnect,2026-09-13T18:56:45.00109+08:00,2,false,4.92,-1.00,404,model_not_found,false,
candidateA_disconnect,2026-09-13T18:56:45.0025+08:00,1,false,3.72,-1.00,404,model_not_found,false,
candidateA_disconnect,2026-09-13T18:56:44.997749+08:00,0,true,8.52,-1.00,404,model_not_found,false,
candidateA_disconnect,2026-09-13T18:56:45.148239+08:00,0,true,2.63,-1.00,404,model_not_found,false,
candidateA_disconnect,2026-09-13T18:56:45.151064+08:00,2,false,1.44,-1.00,404,model_not_found,false,
candidateA_disconnect,2026-09-13T18:56:45.152566+08:00,1,true,1.22,-1.00,404,model_not_found,false,
candidateA_disconnect,2026-09-13T18:56:45.301137+08:00,0,false,5.82,-1.00,404,model_not_found,false,
candidateA_disconnect,2026-09-13T18:56:45.303044+08:00,1,false,3.91,-1.00,404,model_not_found,false,
candidateA_disconnect,2026-09-13T18:56:45.304591+08:00,2,false,2.61,-1.00,404,model_not_found,false,
candidateA_disconnect,2026-09-13T18:56:45.452154+08:00,0,false,0.57,-1.00,404,model_not_found,false,
candidateA_disconnect,2026-09-13T18:56:45.453127+08:00,1,false,0.24,-1.00,404,model_not_found,false,
candidateA_disconnect,2026-09-13T18:56:45.454754+08:00,2,false,0.24,-1.00,404,model_not_found,false,
candidateA_disconnect,2026-09-13T18:56:45.60338+08:00,0,true,3.16,-1.00,404,model_not_found,false,
candidateA_disconnect,2026-09-13T18:56:45.604006+08:00,1,true,2.67,-1.00,404,model_not_found,false,
candidateA_disconnect,2026-09-13T18:56:45.605373+08:00,2,true,1.61,-1.00,404,model_not_found,false,
candidateA_disconnect,2026-09-13T18:56:45.754508+08:00,1,true,2.48,-1.00,404,model_not_found,false,
candidateA_disconnect,2026-09-13T18:56:45.754508+08:00,0,false,2.51,-1.00,404,model_not_found,false,
candidateA_disconnect,2026-09-13T18:56:45.754939+08:00,2,true,2.56,-1.00,404,model_not_found,false,
candidateA_disconnect,2026-09-13T18:56:45.905324+08:00,0,true,2.10,-1.00,404,model_not_found,false,
candidateA_disconnect,2026-09-13T18:56:45.905329+08:00,1,false,2.16,-1.00,404,model_not_found,false,
candidateA_disconnect,2026-09-13T18:56:45.905429+08:00,2,false,2.17,-1.00,404,model_not_found,false,
candidateA_disconnect,2026-09-13T18:56:46.056217+08:00,2,true,1.60,-1.00,404,model_not_found,false,
candidateA_disconnect,2026-09-13T18:56:46.056129+08:00,1,false,1.75,-1.00,404,model_not_found,false,
candidateA_disconnect,2026-09-13T18:56:46.056107+08:00,0,true,2.12,-1.00,404,model_not_found,false,
candidateA_disconnect,2026-09-13T18:56:46.207342+08:00,2,false,1.99,-1.00,404,model_not_found,false,
candidateA_disconnect,2026-09-13T18:56:46.207263+08:00,0,true,2.06,-1.00,404,model_not_found,false,
candidateA_disconnect,2026-09-13T18:56:46.207293+08:00,1,true,2.08,-1.00,404,model_not_found,false,
candidateA_disconnect,2026-09-13T18:56:46.358385+08:00,1,false,4.34,-1.00,404,model_not_found,false,
candidateA_disconnect,2026-09-13T18:56:46.358796+08:00,2,true,4.01,-1.00,404,model_not_found,false,
candidateA_disconnect,2026-09-13T18:56:46.358915+08:00,0,true,4.05,-1.00,404,model_not_found,false,
candidateA_disconnect,2026-09-13T18:56:46.509229+08:00,0,false,2.53,-1.00,404,model_not_found,false,
candidateA_disconnect,2026-09-13T18:56:46.50977+08:00,1,true,2.06,-1.00,404,model_not_found,false,
candidateA_disconnect,2026-09-13T18:56:46.510066+08:00,2,true,2.02,-1.00,404,model_not_found,false,
candidateA_disconnect,2026-09-13T18:56:46.660356+08:00,1,true,1.87,-1.00,404,model_not_found,false,
candidateA_disconnect,2026-09-13T18:56:46.660356+08:00,0,true,1.92,-1.00,404,model_not_found,false,
candidateA_disconnect,2026-09-13T18:56:46.660439+08:00,2,false,1.78,-1.00,404,model_not_found,false,
candidateA_disconnect,2026-09-13T18:56:46.811705+08:00,1,true,3.64,-1.00,404,model_not_found,false,
candidateA_disconnect,2026-09-13T18:56:46.811532+08:00,0,false,3.88,-1.00,404,model_not_found,false,
candidateA_disconnect,2026-09-13T18:56:46.811532+08:00,2,false,4.12,-1.00,404,model_not_found,false,
candidateA_disconnect,2026-09-13T18:56:46.963622+08:00,0,false,4.30,-1.00,404,model_not_found,false,
candidateA_disconnect,2026-09-13T18:56:46.962874+08:00,1,false,5.05,-1.00,404,model_not_found,false,
candidateA_disconnect,2026-09-13T18:56:46.963502+08:00,2,false,4.60,-1.00,404,model_not_found,false,
candidateA_disconnect,2026-09-13T18:56:47.113676+08:00,0,true,1.91,-1.00,404,model_not_found,false,
candidateA_disconnect,2026-09-13T18:56:47.113557+08:00,1,false,2.10,-1.00,404,model_not_found,false,
candidateA_disconnect,2026-09-13T18:56:47.113543+08:00,2,true,2.16,-1.00,404,model_not_found,false,
candidateA_disconnect,2026-09-13T18:56:47.26401+08:00,0,false,1.10,-1.00,404,model_not_found,false,
candidateA_disconnect,2026-09-13T18:56:47.264045+08:00,2,false,1.09,-1.00,404,model_not_found,false,
candidateA_disconnect,2026-09-13T18:56:47.26401+08:00,1,false,1.43,-1.00,404,model_not_found,false,
candidateA_disconnect,2026-09-13T18:56:47.41499+08:00,1,false,12.19,-1.00,404,model_not_found,false,
candidateA_disconnect,2026-09-13T18:56:47.414756+08:00,2,true,13.43,-1.00,404,model_not_found,false,
candidateA_disconnect,2026-09-13T18:56:47.415147+08:00,0,true,13.17,-1.00,404,model_not_found,false,
candidateA_disconnect,2026-09-13T18:56:47.567174+08:00,1,false,5.71,-1.00,404,model_not_found,false,
candidateA_disconnect,2026-09-13T18:56:47.569637+08:00,0,true,3.32,-1.00,404,model_not_found,false,
candidateA_disconnect,2026-09-13T18:56:47.569829+08:00,2,true,3.77,-1.00,404,model_not_found,false,
candidateA_disconnect,2026-09-13T18:56:47.71967+08:00,0,false,0.48,-1.00,404,model_not_found,false,
candidateA_disconnect,2026-09-13T18:56:47.718389+08:00,1,false,1.85,-1.00,404,model_not_found,false,
candidateA_disconnect,2026-09-13T18:56:47.719919+08:00,2,true,0.62,-1.00,404,model_not_found,false,
candidateA_disconnect,2026-09-13T18:56:47.869515+08:00,1,false,1.92,-1.00,404,model_not_found,false,
candidateA_disconnect,2026-09-13T18:56:47.870052+08:00,2,false,1.72,-1.00,404,model_not_found,false,
candidateA_disconnect,2026-09-13T18:56:47.871022+08:00,0,true,1.23,-1.00,404,model_not_found,false,
candidateA_disconnect,2026-09-13T18:56:48.021057+08:00,0,true,1.64,-1.00,404,model_not_found,false,
candidateA_disconnect,2026-09-13T18:56:48.020648+08:00,2,false,2.12,-1.00,404,model_not_found,false,
candidateA_disconnect,2026-09-13T18:56:48.020647+08:00,1,true,2.21,-1.00,404,model_not_found,false,
candidateA_disconnect,2026-09-13T18:56:48.172085+08:00,2,false,2.89,-1.00,404,model_not_found,false,
candidateA_disconnect,2026-09-13T18:56:48.172137+08:00,1,false,2.90,-1.00,404,model_not_found,false,
candidateA_disconnect,2026-09-13T18:56:48.171897+08:00,0,true,3.18,-1.00,404,model_not_found,false,
candidateA_disconnect,2026-09-13T18:56:48.322846+08:00,0,false,1.29,-1.00,404,model_not_found,false,
candidateA_disconnect,2026-09-13T18:56:48.32277+08:00,2,false,1.43,-1.00,404,model_not_found,false,
candidateA_disconnect,2026-09-13T18:56:48.322712+08:00,1,false,1.50,-1.00,404,model_not_found,false,
candidateA_disconnect,2026-09-13T18:56:48.473789+08:00,1,false,0.49,-1.00,404,model_not_found,false,
candidateA_disconnect,2026-09-13T18:56:48.473763+08:00,0,false,0.56,-1.00,404,model_not_found,false,
candidateA_disconnect,2026-09-13T18:56:48.473768+08:00,2,true,0.64,-1.00,404,model_not_found,false,
candidateA_disconnect,2026-09-13T18:56:48.624932+08:00,1,true,2.29,-1.00,404,model_not_found,false,
candidateA_disconnect,2026-09-13T18:56:48.625494+08:00,2,true,1.74,-1.00,404,model_not_found,false,
candidateA_disconnect,2026-09-13T18:56:48.625622+08:00,0,false,1.65,-1.00,404,model_not_found,false,
candidateA_disconnect,2026-09-13T18:56:48.776048+08:00,0,false,3.06,-1.00,404,model_not_found,false,
candidateA_disconnect,2026-09-13T18:56:48.776701+08:00,2,false,2.43,-1.00,404,model_not_found,false,
candidateA_disconnect,2026-09-13T18:56:48.776551+08:00,1,true,2.64,-1.00,404,model_not_found,false,
candidateA_disconnect,2026-09-13T18:56:48.927636+08:00,0,false,2.49,-1.00,404,model_not_found,false,
candidateA_disconnect,2026-09-13T18:56:48.927358+08:00,1,false,2.84,-1.00,404,model_not_found,false,
candidateA_disconnect,2026-09-13T18:56:48.928052+08:00,2,false,6.76,-1.00,404,model_not_found,false,
candidateA_disconnect,2026-09-13T18:56:49.078011+08:00,2,false,2.31,-1.00,404,model_not_found,false,
candidateA_disconnect,2026-09-13T18:56:49.077882+08:00,0,true,2.49,-1.00,404,model_not_found,false,
candidateA_disconnect,2026-09-13T18:56:49.077882+08:00,1,false,2.44,-1.00,404,model_not_found,false,
candidateA_disconnect,2026-09-13T18:56:49.229041+08:00,1,false,7.31,-1.00,404,model_not_found,false,
candidateA_disconnect,2026-09-13T18:56:49.229041+08:00,2,true,7.46,-1.00,404,model_not_found,false,
candidateA_disconnect,2026-09-13T18:56:49.229235+08:00,0,true,7.32,-1.00,404,model_not_found,false,
candidateA_disconnect,2026-09-13T18:56:49.380306+08:00,2,false,2.89,-1.00,404,model_not_found,false,
candidateA_disconnect,2026-09-13T18:56:49.380324+08:00,0,false,2.97,-1.00,404,model_not_found,false,
candidateA_disconnect,2026-09-13T18:56:49.380815+08:00,1,false,2.73,-1.00,404,model_not_found,false,
candidateA_disconnect,2026-09-13T18:56:49.534031+08:00,2,false,1.99,-1.00,404,model_not_found,false,
candidateA_disconnect,2026-09-13T18:56:49.531875+08:00,0,false,4.22,-1.00,404,model_not_found,false,
candidateA_disconnect,2026-09-13T18:56:49.534409+08:00,1,false,2.16,-1.00,404,model_not_found,false,
candidateA_disconnect,2026-09-13T18:56:49.682337+08:00,0,false,1.90,-1.00,404,model_not_found,false,
candidateA_disconnect,2026-09-13T18:56:49.683971+08:00,2,false,0.92,-1.00,404,model_not_found,false,
candidateA_disconnect,2026-09-13T18:56:49.684507+08:00,1,true,0.44,-1.00,404,model_not_found,false,
candidateA_disconnect,2026-09-13T18:56:49.833428+08:00,0,true,0.65,-1.00,404,model_not_found,false,
candidateA_disconnect,2026-09-13T18:56:49.833993+08:00,2,true,0.34,-1.00,404,model_not_found,false,
candidateA_disconnect,2026-09-13T18:56:49.834814+08:00,1,true,1.36,-1.00,404,model_not_found,false,
candidateA_disconnect,2026-09-13T18:56:49.984711+08:00,0,true,1.90,-1.00,404,model_not_found,false,
candidateA_disconnect,2026-09-13T18:56:49.984634+08:00,2,false,2.19,-1.00,404,model_not_found,false,
candidateA_disconnect,2026-09-13T18:56:49.984991+08:00,1,false,2.46,-1.00,404,model_not_found,false,
candidateA_disconnect,2026-09-13T18:56:50.135652+08:00,1,false,2.20,-1.00,404,model_not_found,false,
candidateA_disconnect,2026-09-13T18:56:50.136043+08:00,0,true,2.03,-1.00,404,model_not_found,false,
candidateA_disconnect,2026-09-13T18:56:50.136112+08:00,2,false,2.01,-1.00,404,model_not_found,false,
candidateA_disconnect,2026-09-13T18:56:50.286833+08:00,0,false,1.99,-1.00,404,model_not_found,false,
candidateA_disconnect,2026-09-13T18:56:50.286833+08:00,1,true,2.06,-1.00,404,model_not_found,false,
candidateA_disconnect,2026-09-13T18:56:50.287074+08:00,2,true,1.87,-1.00,404,model_not_found,false,
candidateA_disconnect,2026-09-13T18:56:50.440809+08:00,1,true,0.86,-1.00,404,model_not_found,false,
candidateA_disconnect,2026-09-13T18:56:50.438557+08:00,2,false,3.12,-1.00,404,model_not_found,false,
candidateA_disconnect,2026-09-13T18:56:50.440809+08:00,0,false,1.15,-1.00,404,model_not_found,false,
candidateA_disconnect,2026-09-13T18:56:50.589562+08:00,2,false,2.58,-1.00,404,model_not_found,false,
candidateA_disconnect,2026-09-13T18:56:50.591864+08:00,0,false,2.75,-1.00,404,model_not_found,false,
candidateA_disconnect,2026-09-13T18:56:50.592265+08:00,1,false,2.39,-1.00,404,model_not_found,false,
candidateA_disconnect,2026-09-13T18:56:50.741919+08:00,0,true,0.71,-1.00,404,model_not_found,false,
candidateA_disconnect,2026-09-13T18:56:50.740606+08:00,2,false,2.12,-1.00,404,model_not_found,false,
candidateA_disconnect,2026-09-13T18:56:50.742485+08:00,1,false,0.46,-1.00,404,model_not_found,false,
candidateA_disconnect,2026-09-13T18:56:50.891752+08:00,2,true,2.02,-1.00,404,model_not_found,false,
candidateA_disconnect,2026-09-13T18:56:50.891949+08:00,0,false,1.86,-1.00,404,model_not_found,false,
candidateA_disconnect,2026-09-13T18:56:50.893041+08:00,1,false,1.19,-1.00,404,model_not_found,false,
candidateA_disconnect,2026-09-13T18:56:51.043381+08:00,0,false,3.17,-1.00,404,model_not_found,false,
candidateA_disconnect,2026-09-13T18:56:51.04278+08:00,1,false,3.77,-1.00,404,model_not_found,false,
candidateA_disconnect,2026-09-13T18:56:51.043279+08:00,2,false,3.34,-1.00,404,model_not_found,false,
candidateA_disconnect,2026-09-13T18:56:51.193935+08:00,2,false,2.00,-1.00,404,model_not_found,false,
candidateA_disconnect,2026-09-13T18:56:51.194491+08:00,1,true,1.51,-1.00,404,model_not_found,false,
candidateA_disconnect,2026-09-13T18:56:51.193936+08:00,0,false,2.17,-1.00,404,model_not_found,false,
candidateA_disconnect,2026-09-13T18:56:51.345268+08:00,1,false,1.90,-1.00,404,model_not_found,false,
candidateA_disconnect,2026-09-13T18:56:51.345107+08:00,0,true,2.16,-1.00,404,model_not_found,false,
candidateA_disconnect,2026-09-13T18:56:51.345107+08:00,2,true,2.23,-1.00,404,model_not_found,false,
candidateA_disconnect,2026-09-13T18:56:51.496193+08:00,1,true,1.20,-1.00,404,model_not_found,false,
candidateA_disconnect,2026-09-13T18:56:51.496193+08:00,2,true,1.22,-1.00,404,model_not_found,false,
candidateA_disconnect,2026-09-13T18:56:51.496243+08:00,0,false,1.39,-1.00,404,model_not_found,false,
candidateA_disconnect,2026-09-13T18:56:51.647502+08:00,1,true,1.12,-1.00,404,model_not_found,false,
candidateA_disconnect,2026-09-13T18:56:51.64737+08:00,0,false,1.33,-1.00,404,model_not_found,false,
candidateA_disconnect,2026-09-13T18:56:51.64737+08:00,2,true,1.58,-1.00,404,model_not_found,false,
candidateA_disconnect,2026-09-13T18:56:51.800543+08:00,2,false,2.07,-1.00,404,model_not_found,false,
candidateA_disconnect,2026-09-13T18:56:51.798013+08:00,1,true,4.69,-1.00,404,model_not_found,false,
candidateA_disconnect,2026-09-13T18:56:51.800602+08:00,0,true,2.10,-1.00,404,model_not_found,false,
candidateA_disconnect,2026-09-13T18:56:51.94847+08:00,1,false,1.62,-1.00,404,model_not_found,false,
candidateA_disconnect,2026-09-13T18:56:51.95057+08:00,2,false,0.50,-1.00,404,model_not_found,false,
candidateA_disconnect,2026-09-13T18:56:51.950628+08:00,0,false,0.48,-1.00,404,model_not_found,false,
candidateA_disconnect,2026-09-13T18:56:52.10012+08:00,1,false,2.53,-1.00,404,model_not_found,false,
candidateA_disconnect,2026-09-13T18:56:52.100665+08:00,0,false,2.13,-1.00,404,model_not_found,false,
candidateA_disconnect,2026-09-13T18:56:52.100768+08:00,2,false,2.98,-1.00,404,model_not_found,false,
candidateA_disconnect,2026-09-13T18:56:52.250961+08:00,1,true,1.84,-1.00,404,model_not_found,false,
candidateA_disconnect,2026-09-13T18:56:52.25109+08:00,2,false,1.77,-1.00,404,model_not_found,false,
candidateA_disconnect,2026-09-13T18:56:52.250962+08:00,0,true,2.30,-1.00,404,model_not_found,false,
candidateA_disconnect,2026-09-13T18:56:52.401996+08:00,1,false,4.98,-1.00,404,model_not_found,false,
candidateA_disconnect,2026-09-13T18:56:52.401432+08:00,2,true,5.63,-1.00,404,model_not_found,false,
candidateA_disconnect,2026-09-13T18:56:52.401432+08:00,0,false,5.99,-1.00,404,model_not_found,false,
candidateA_disconnect,2026-09-13T18:56:52.553218+08:00,2,false,1.91,-1.00,404,model_not_found,false,
candidateA_disconnect,2026-09-13T18:56:52.553941+08:00,1,false,1.27,-1.00,404,model_not_found,false,
candidateA_disconnect,2026-09-13T18:56:52.552448+08:00,0,false,2.86,-1.00,404,model_not_found,false,
candidateA_disconnect,2026-09-13T18:56:52.703616+08:00,2,false,3.91,-1.00,404,model_not_found,false,
candidateA_disconnect,2026-09-13T18:56:52.704194+08:00,1,true,3.40,-1.00,404,model_not_found,false,
candidateA_disconnect,2026-09-13T18:56:52.70431+08:00,0,false,3.40,-1.00,404,model_not_found,false,
candidateA_disconnect,2026-09-13T18:56:52.854738+08:00,1,false,1.62,-1.00,404,model_not_found,false,
candidateA_disconnect,2026-09-13T18:56:52.85461+08:00,2,true,1.82,-1.00,404,model_not_found,false,
candidateA_disconnect,2026-09-13T18:56:52.854608+08:00,0,true,1.95,-1.00,404,model_not_found,false,
candidateA_disconnect,2026-09-13T18:56:53.005681+08:00,1,true,2.27,-1.00,404,model_not_found,false,
candidateA_disconnect,2026-09-13T18:56:53.005681+08:00,0,false,2.29,-1.00,404,model_not_found,false,
candidateA_disconnect,2026-09-13T18:56:53.005822+08:00,2,true,2.23,-1.00,404,model_not_found,false,
candidateA_disconnect,2026-09-13T18:56:53.156602+08:00,2,false,2.30,-1.00,404,model_not_found,false,
candidateA_disconnect,2026-09-13T18:56:53.156753+08:00,0,true,2.23,-1.00,404,model_not_found,false,
candidateA_disconnect,2026-09-13T18:56:53.156557+08:00,1,true,3.16,-1.00,404,model_not_found,false,
candidateA_disconnect,2026-09-13T18:56:53.306841+08:00,0,false,1.85,-1.00,404,model_not_found,false,
candidateA_disconnect,2026-09-13T18:56:53.307201+08:00,1,true,1.55,-1.00,404,model_not_found,false,
candidateA_disconnect,2026-09-13T18:56:53.306615+08:00,2,true,2.22,-1.00,404,model_not_found,false,
candidateA_disconnect,2026-09-13T18:56:53.457936+08:00,0,false,1.57,-1.00,404,model_not_found,false,
candidateA_disconnect,2026-09-13T18:56:53.4578+08:00,1,true,1.77,-1.00,404,model_not_found,false,
candidateA_disconnect,2026-09-13T18:56:53.4578+08:00,2,false,1.98,-1.00,404,model_not_found,false,
candidateA_disconnect,2026-09-13T18:56:53.609563+08:00,0,false,1.65,-1.00,404,model_not_found,false,
candidateA_disconnect,2026-09-13T18:56:53.609661+08:00,1,true,1.55,-1.00,404,model_not_found,false,
candidateA_disconnect,2026-09-13T18:56:53.608936+08:00,2,true,2.32,-1.00,404,model_not_found,false,
candidateA_disconnect,2026-09-13T18:56:53.760119+08:00,0,false,2.60,-1.00,404,model_not_found,false,
candidateA_disconnect,2026-09-13T18:56:53.760136+08:00,2,true,2.58,-1.00,404,model_not_found,false,
candidateA_disconnect,2026-09-13T18:56:53.760834+08:00,1,false,2.33,-1.00,404,model_not_found,false,
candidateA_disconnect,2026-09-13T18:56:53.911246+08:00,2,false,1.82,-1.00,404,model_not_found,false,
candidateA_disconnect,2026-09-13T18:56:53.911431+08:00,0,true,1.69,-1.00,404,model_not_found,false,
candidateA_disconnect,2026-09-13T18:56:53.911246+08:00,1,false,2.29,-1.00,404,model_not_found,false,
candidateA_disconnect,2026-09-13T18:56:54.061868+08:00,1,true,4.02,-1.00,404,model_not_found,false,
candidateA_disconnect,2026-09-13T18:56:54.061787+08:00,0,true,4.44,-1.00,404,model_not_found,false,
candidateA_disconnect,2026-09-13T18:56:54.061787+08:00,2,true,4.51,-1.00,404,model_not_found,false,
candidateA_disconnect,2026-09-13T18:56:54.212831+08:00,2,false,0.63,-1.00,404,model_not_found,false,
candidateA_disconnect,2026-09-13T18:56:54.212768+08:00,0,true,0.80,-1.00,404,model_not_found,false,
candidateA_disconnect,2026-09-13T18:56:54.212768+08:00,1,false,0.97,-1.00,404,model_not_found,false,
candidateA_disconnect,2026-09-13T18:56:54.363751+08:00,2,true,6.15,-1.00,404,model_not_found,false,
candidateA_disconnect,2026-09-13T18:56:54.363751+08:00,1,false,6.15,-1.00,404,model_not_found,false,
candidateA_disconnect,2026-09-13T18:56:54.363904+08:00,0,false,6.66,-1.00,404,model_not_found,false,
candidateA_disconnect,2026-09-13T18:56:54.516118+08:00,2,false,1.97,-1.00,404,model_not_found,false,
candidateA_disconnect,2026-09-13T18:56:54.516002+08:00,0,true,2.27,-1.00,404,model_not_found,false,
candidateA_disconnect,2026-09-13T18:56:54.515314+08:00,1,false,3.13,-1.00,404,model_not_found,false,
candidateA_disconnect,2026-09-13T18:56:54.667411+08:00,2,false,3.38,-1.00,404,model_not_found,false,
candidateA_disconnect,2026-09-13T18:56:54.667258+08:00,1,false,3.64,-1.00,404,model_not_found,false,
candidateA_disconnect,2026-09-13T18:56:54.667301+08:00,0,true,4.21,-1.00,404,model_not_found,false,
candidateA_disconnect,2026-09-13T18:56:54.818464+08:00,2,false,1.89,-1.00,404,model_not_found,false,
candidateA_disconnect,2026-09-13T18:56:54.818464+08:00,1,false,1.94,-1.00,404,model_not_found,false,
candidateA_disconnect,2026-09-13T18:56:54.818575+08:00,0,false,1.91,-1.00,404,model_not_found,false,
candidateA_disconnect,2026-09-13T18:56:54.972347+08:00,0,true,2.09,-1.00,404,model_not_found,false,
candidateA_disconnect,2026-09-13T18:56:54.972038+08:00,1,false,2.40,-1.00,404,model_not_found,false,
candidateA_disconnect,2026-09-13T18:56:54.971738+08:00,2,false,2.76,-1.00,404,model_not_found,false,
candidateA_disconnect,2026-09-13T18:56:55.122752+08:00,0,false,1.98,-1.00,404,model_not_found,false,
candidateA_disconnect,2026-09-13T18:56:55.1227+08:00,1,true,2.05,-1.00,404,model_not_found,false,
candidateA_disconnect,2026-09-13T18:56:55.123242+08:00,2,true,1.56,-1.00,404,model_not_found,false,
candidateA_disconnect,2026-09-13T18:56:55.273335+08:00,1,true,3.62,-1.00,404,model_not_found,false,
candidateA_disconnect,2026-09-13T18:56:55.273854+08:00,0,false,3.29,-1.00,404,model_not_found,false,
candidateA_disconnect,2026-09-13T18:56:55.273987+08:00,2,true,3.94,-1.00,404,model_not_found,false,
candidateA_disconnect,2026-09-13T18:56:55.424455+08:00,2,false,1.79,-1.00,404,model_not_found,false,
candidateA_disconnect,2026-09-13T18:56:55.424564+08:00,1,true,1.73,-1.00,404,model_not_found,false,
candidateA_disconnect,2026-09-13T18:56:55.424455+08:00,0,false,2.23,-1.00,404,model_not_found,false,
candidateA_disconnect,2026-09-13T18:56:55.575471+08:00,2,false,0.53,-1.00,404,model_not_found,false,
candidateA_disconnect,2026-09-13T18:56:55.57544+08:00,1,false,0.64,-1.00,404,model_not_found,false,
candidateA_disconnect,2026-09-13T18:56:55.575441+08:00,0,false,0.69,-1.00,404,model_not_found,false,
candidateA_disconnect,2026-09-13T18:56:55.726697+08:00,1,false,1.87,-1.00,404,model_not_found,false,
candidateA_disconnect,2026-09-13T18:56:55.726696+08:00,2,false,1.97,-1.00,404,model_not_found,false,
candidateA_disconnect,2026-09-13T18:56:55.727109+08:00,0,true,1.62,-1.00,404,model_not_found,false,
candidateA_disconnect,2026-09-13T18:56:55.877938+08:00,1,true,2.02,-1.00,404,model_not_found,false,
candidateA_disconnect,2026-09-13T18:56:55.877824+08:00,2,true,2.26,-1.00,404,model_not_found,false,
candidateA_disconnect,2026-09-13T18:56:55.877824+08:00,0,false,2.82,-1.00,404,model_not_found,false,
candidateA_disconnect,2026-09-13T18:56:56.028939+08:00,0,true,7.86,-1.00,404,model_not_found,false,
candidateA_disconnect,2026-09-13T18:56:56.028939+08:00,1,false,7.96,-1.00,404,model_not_found,false,
candidateA_disconnect,2026-09-13T18:56:56.029084+08:00,2,false,7.84,-1.00,404,model_not_found,false,
candidateA_disconnect,2026-09-13T18:56:56.180106+08:00,2,false,2.08,-1.00,404,model_not_found,false,
candidateA_disconnect,2026-09-13T18:56:56.18036+08:00,0,false,1.87,-1.00,404,model_not_found,false,
candidateA_disconnect,2026-09-13T18:56:56.180554+08:00,1,false,2.07,-1.00,404,model_not_found,false,
candidateA_disconnect,2026-09-13T18:56:56.330374+08:00,2,true,0.69,-1.00,404,model_not_found,false,
candidateA_disconnect,2026-09-13T18:56:56.330425+08:00,0,false,0.66,-1.00,404,model_not_found,false,
candidateA_disconnect,2026-09-13T18:56:56.330782+08:00,1,false,0.54,-1.00,404,model_not_found,false,
candidateA_disconnect,2026-09-13T18:56:56.482294+08:00,0,true,2.09,-1.00,404,model_not_found,false,
candidateA_disconnect,2026-09-13T18:56:56.482486+08:00,1,false,2.23,-1.00,404,model_not_found,false,
candidateA_disconnect,2026-09-13T18:56:56.482851+08:00,2,false,3.77,-1.00,404,model_not_found,false,
candidateA_disconnect,2026-09-13T18:56:56.633265+08:00,2,true,2.46,-1.00,404,model_not_found,false,
candidateA_disconnect,2026-09-13T18:56:56.633265+08:00,0,true,3.18,-1.00,404,model_not_found,false,
candidateA_disconnect,2026-09-13T18:56:56.633413+08:00,1,true,3.53,-1.00,404,model_not_found,false,
candidateA_disconnect,2026-09-13T18:56:56.784467+08:00,2,false,2.07,-1.00,404,model_not_found,false,
candidateA_disconnect,2026-09-13T18:56:56.784467+08:00,1,false,2.13,-1.00,404,model_not_found,false,
candidateA_disconnect,2026-09-13T18:56:56.784559+08:00,0,true,2.18,-1.00,404,model_not_found,false,
candidateA_disconnect,2026-09-13T18:56:56.93557+08:00,0,true,4.75,-1.00,404,model_not_found,false,
candidateA_disconnect,2026-09-13T18:56:56.936723+08:00,2,false,3.65,-1.00,404,model_not_found,false,
candidateA_disconnect,2026-09-13T18:56:56.936267+08:00,1,true,4.05,-1.00,404,model_not_found,false,
candidateA_disconnect,2026-09-13T18:56:57.086595+08:00,0,true,0.77,-1.00,404,model_not_found,false,
candidateA_disconnect,2026-09-13T18:56:57.086585+08:00,1,false,0.79,-1.00,404,model_not_found,false,
candidateA_disconnect,2026-09-13T18:56:57.086731+08:00,2,true,0.89,-1.00,404,model_not_found,false,
candidateA_disconnect,2026-09-13T18:56:57.237786+08:00,1,true,3.07,-1.00,404,model_not_found,false,
candidateA_disconnect,2026-09-13T18:56:57.238485+08:00,2,false,2.46,-1.00,404,model_not_found,false,
candidateA_disconnect,2026-09-13T18:56:57.239068+08:00,0,true,2.16,-1.00,404,model_not_found,false,
candidateA_disconnect,2026-09-13T18:56:57.388832+08:00,1,false,11.78,-1.00,404,model_not_found,false,
candidateA_disconnect,2026-09-13T18:56:57.388832+08:00,2,false,11.78,-1.00,404,model_not_found,false,
candidateA_disconnect,2026-09-13T18:56:57.389531+08:00,0,false,11.37,-1.00,404,model_not_found,false,
candidateA_disconnect,2026-09-13T18:56:57.53999+08:00,0,false,1.90,-1.00,404,model_not_found,false,
candidateA_disconnect,2026-09-13T18:56:57.53999+08:00,2,true,1.92,-1.00,404,model_not_found,false,
candidateA_disconnect,2026-09-13T18:56:57.540391+08:00,1,true,1.89,-1.00,404,model_not_found,false,
candidateA_disconnect,2026-09-13T18:56:57.691174+08:00,0,false,1.75,-1.00,404,model_not_found,false,
candidateA_disconnect,2026-09-13T18:56:57.691085+08:00,1,false,1.84,-1.00,404,model_not_found,false,
candidateA_disconnect,2026-09-13T18:56:57.691269+08:00,2,false,2.02,-1.00,404,model_not_found,false,
candidateA_disconnect,2026-09-13T18:56:57.842358+08:00,0,false,3.43,-1.00,404,model_not_found,false,
candidateA_disconnect,2026-09-13T18:56:57.842275+08:00,1,false,3.72,-1.00,404,model_not_found,false,
candidateA_disconnect,2026-09-13T18:56:57.842275+08:00,2,false,4.36,-1.00,404,model_not_found,false,
candidateA_disconnect,2026-09-13T18:56:57.993798+08:00,0,false,1.62,-1.00,404,model_not_found,false,
candidateA_disconnect,2026-09-13T18:56:57.993026+08:00,2,true,2.40,-1.00,404,model_not_found,false,
candidateA_disconnect,2026-09-13T18:56:57.993689+08:00,1,true,1.82,-1.00,404,model_not_found,false,
candidateA_disconnect,2026-09-13T18:56:58.144448+08:00,2,false,1.73,-1.00,404,model_not_found,false,
candidateA_disconnect,2026-09-13T18:56:58.144259+08:00,1,false,1.96,-1.00,404,model_not_found,false,
candidateA_disconnect,2026-09-13T18:56:58.144185+08:00,0,false,1.99,-1.00,404,model_not_found,false,
candidateA_disconnect,2026-09-13T18:56:58.295332+08:00,0,true,1.97,-1.00,404,model_not_found,false,
candidateA_disconnect,2026-09-13T18:56:58.295467+08:00,1,true,1.91,-1.00,404,model_not_found,false,
candidateA_disconnect,2026-09-13T18:56:58.295332+08:00,2,false,2.25,-1.00,404,model_not_found,false,
candidateA_disconnect,2026-09-13T18:56:58.446032+08:00,0,true,1.63,-1.00,404,model_not_found,false,
candidateA_disconnect,2026-09-13T18:56:58.446024+08:00,1,true,1.63,-1.00,404,model_not_found,false,
candidateA_disconnect,2026-09-13T18:56:58.446107+08:00,2,true,1.85,-1.00,404,model_not_found,false,
candidateA_disconnect,2026-09-13T18:56:58.596918+08:00,2,false,1.07,-1.00,404,model_not_found,false,
candidateA_disconnect,2026-09-13T18:56:58.596985+08:00,0,false,1.04,-1.00,404,model_not_found,false,
candidateA_disconnect,2026-09-13T18:56:58.596918+08:00,1,false,1.16,-1.00,404,model_not_found,false,
candidateA_disconnect,2026-09-13T18:56:58.748107+08:00,0,true,1.98,-1.00,404,model_not_found,false,
candidateA_disconnect,2026-09-13T18:56:58.748107+08:00,2,false,2.05,-1.00,404,model_not_found,false,
candidateA_disconnect,2026-09-13T18:56:58.748521+08:00,1,false,1.79,-1.00,404,model_not_found,false,
candidateA_disconnect,2026-09-13T18:56:58.900054+08:00,2,false,3.00,-1.00,404,model_not_found,false,
candidateA_disconnect,2026-09-13T18:56:58.90069+08:00,1,false,2.52,-1.00,404,model_not_found,false,
candidateA_disconnect,2026-09-13T18:56:58.900945+08:00,0,false,2.98,-1.00,404,model_not_found,false,
candidateA_disconnect,2026-09-13T18:56:59.051061+08:00,0,false,2.31,-1.00,404,model_not_found,false,
candidateA_disconnect,2026-09-13T18:56:59.050817+08:00,2,false,2.55,-1.00,404,model_not_found,false,
candidateA_disconnect,2026-09-13T18:56:59.050818+08:00,1,true,2.62,-1.00,404,model_not_found,false,
candidateA_disconnect,2026-09-13T18:56:59.201944+08:00,1,false,3.39,-1.00,404,model_not_found,false,
candidateA_disconnect,2026-09-13T18:56:59.202612+08:00,0,false,3.17,-1.00,404,model_not_found,false,
candidateA_disconnect,2026-09-13T18:56:59.204388+08:00,2,false,2.72,-1.00,404,model_not_found,false,
candidateA_disconnect,2026-09-13T18:56:59.353068+08:00,1,true,1.73,-1.00,404,model_not_found,false,
candidateA_disconnect,2026-09-13T18:56:59.353069+08:00,0,false,1.85,-1.00,404,model_not_found,false,
candidateA_disconnect,2026-09-13T18:56:59.354495+08:00,2,true,0.90,-1.00,404,model_not_found,false,
candidateA_disconnect,2026-09-13T18:56:59.504149+08:00,0,false,1.18,-1.00,404,model_not_found,false,
candidateA_disconnect,2026-09-13T18:56:59.50412+08:00,1,true,1.29,-1.00,404,model_not_found,false,
candidateA_disconnect,2026-09-13T18:56:59.504527+08:00,2,false,0.80,-1.00,404,model_not_found,false,
candidateA_disconnect,2026-09-13T18:56:59.654939+08:00,0,true,3.03,-1.00,404,model_not_found,false,
candidateA_disconnect,2026-09-13T18:56:59.655077+08:00,2,false,3.04,-1.00,404,model_not_found,false,
candidateA_disconnect,2026-09-13T18:56:59.654939+08:00,1,true,4.22,-1.00,404,model_not_found,false,
candidateA_disconnect,2026-09-13T18:56:59.807174+08:00,1,true,1.42,-1.00,404,model_not_found,false,
candidateA_disconnect,2026-09-13T18:56:59.805952+08:00,2,true,2.73,-1.00,404,model_not_found,false,
candidateA_disconnect,2026-09-13T18:56:59.807211+08:00,0,false,1.54,-1.00,404,model_not_found,false,
candidateA_disconnect,2026-09-13T18:56:59.956619+08:00,2,false,0.75,-1.00,404,model_not_found,false,
candidateA_disconnect,2026-09-13T18:56:59.957333+08:00,1,false,0.30,-1.00,404,model_not_found,false,
candidateA_disconnect,2026-09-13T18:56:59.957283+08:00,0,false,0.36,-1.00,404,model_not_found,false,
candidateA_disconnect,2026-09-13T18:57:00.107712+08:00,0,false,1.47,-1.00,404,model_not_found,false,
candidateA_disconnect,2026-09-13T18:57:00.107799+08:00,2,false,1.43,-1.00,404,model_not_found,false,
candidateA_disconnect,2026-09-13T18:57:00.107712+08:00,1,true,1.96,-1.00,404,model_not_found,false,
candidateA_disconnect,2026-09-13T18:57:00.257987+08:00,1,false,3.03,-1.00,404,model_not_found,false,
candidateA_disconnect,2026-09-13T18:57:00.258158+08:00,2,true,3.52,-1.00,404,model_not_found,false,
candidateA_disconnect,2026-09-13T18:57:00.257987+08:00,0,true,3.79,-1.00,404,model_not_found,false,
candidateA_disconnect,2026-09-13T18:57:00.409027+08:00,1,true,1.24,-1.00,404,model_not_found,false,
candidateA_disconnect,2026-09-13T18:57:00.408997+08:00,2,false,1.30,-1.00,404,model_not_found,false,
candidateA_disconnect,2026-09-13T18:57:00.409212+08:00,0,true,1.55,-1.00,404,model_not_found,false,
candidateA_disconnect,2026-09-13T18:57:00.560148+08:00,1,false,1.62,-1.00,404,model_not_found,false,
candidateA_disconnect,2026-09-13T18:57:00.560254+08:00,2,false,1.56,-1.00,404,model_not_found,false,
candidateA_disconnect,2026-09-13T18:57:00.560148+08:00,0,true,2.02,-1.00,404,model_not_found,false,
candidateA_disconnect,2026-09-13T18:57:00.711364+08:00,1,false,2.54,-1.00,404,model_not_found,false,
candidateA_disconnect,2026-09-13T18:57:00.71128+08:00,0,true,2.85,-1.00,404,model_not_found,false,
candidateA_disconnect,2026-09-13T18:57:00.71128+08:00,2,false,2.93,-1.00,404,model_not_found,false,
candidateA_disconnect,2026-09-13T18:57:00.862506+08:00,1,false,5.12,-1.00,404,model_not_found,false,
candidateA_disconnect,2026-09-13T18:57:00.862678+08:00,2,true,5.60,-1.00,404,model_not_found,false,
candidateA_disconnect,2026-09-13T18:57:00.86258+08:00,0,true,5.94,-1.00,404,model_not_found,false,
candidateA_disconnect,2026-09-13T18:57:01.015166+08:00,1,false,2.22,-1.00,404,model_not_found,false,
candidateA_disconnect,2026-09-13T18:57:01.015+08:00,0,false,2.39,-1.00,404,model_not_found,false,
candidateA_disconnect,2026-09-13T18:57:01.014172+08:00,2,false,3.28,-1.00,404,model_not_found,false,
candidateA_disconnect,2026-09-13T18:57:01.164966+08:00,2,true,1.19,-1.00,404,model_not_found,false,
candidateA_disconnect,2026-09-13T18:57:01.165072+08:00,0,false,1.12,-1.00,404,model_not_found,false,
candidateA_disconnect,2026-09-13T18:57:01.16517+08:00,1,true,1.58,-1.00,404,model_not_found,false,
candidateA_disconnect,2026-09-13T18:57:01.316632+08:00,1,false,1.55,-1.00,404,model_not_found,false,
candidateA_disconnect,2026-09-13T18:57:01.31627+08:00,2,true,1.98,-1.00,404,model_not_found,false,
candidateA_disconnect,2026-09-13T18:57:01.316731+08:00,0,false,1.83,-1.00,404,model_not_found,false,
candidateA_disconnect,2026-09-13T18:57:01.467469+08:00,2,false,6.32,-1.00,404,model_not_found,false,
candidateA_disconnect,2026-09-13T18:57:01.467698+08:00,1,true,6.24,-1.00,404,model_not_found,false,
candidateA_disconnect,2026-09-13T18:57:01.467979+08:00,0,false,6.40,-1.00,404,model_not_found,false,
candidateA_disconnect,2026-09-13T18:57:01.618501+08:00,2,true,1.20,-1.00,404,model_not_found,false,
candidateA_disconnect,2026-09-13T18:57:01.618501+08:00,0,false,1.27,-1.00,404,model_not_found,false,
candidateA_disconnect,2026-09-13T18:57:01.618546+08:00,1,true,1.25,-1.00,404,model_not_found,false,
candidateA_disconnect,2026-09-13T18:57:01.771386+08:00,1,true,3.21,-1.00,404,model_not_found,false,
candidateA_disconnect,2026-09-13T18:57:01.770751+08:00,0,true,4.10,-1.00,404,model_not_found,false,
candidateA_disconnect,2026-09-13T18:57:01.771495+08:00,2,true,3.67,-1.00,404,model_not_found,false,
candidateA_disconnect,2026-09-13T18:57:01.921881+08:00,0,true,1.85,-1.00,404,model_not_found,false,
candidateA_disconnect,2026-09-13T18:57:01.921986+08:00,1,true,1.79,-1.00,404,model_not_found,false,
candidateA_disconnect,2026-09-13T18:57:01.921881+08:00,2,true,2.26,-1.00,404,model_not_found,false,
candidateA_disconnect,2026-09-13T18:57:02.073309+08:00,1,true,1.86,-1.00,404,model_not_found,false,
candidateA_disconnect,2026-09-13T18:57:02.073092+08:00,0,true,2.07,-1.00,404,model_not_found,false,
candidateA_disconnect,2026-09-13T18:57:02.073092+08:00,2,false,2.14,-1.00,404,model_not_found,false,
candidateA_disconnect,2026-09-13T18:57:02.224153+08:00,2,true,0.81,-1.00,404,model_not_found,false,
candidateA_disconnect,2026-09-13T18:57:02.224076+08:00,0,true,0.92,-1.00,404,model_not_found,false,
candidateA_disconnect,2026-09-13T18:57:02.224076+08:00,1,false,1.07,-1.00,404,model_not_found,false,
candidateA_disconnect,2026-09-13T18:57:02.375414+08:00,2,false,0.80,-1.00,404,model_not_found,false,
candidateA_disconnect,2026-09-13T18:57:02.37517+08:00,1,true,1.24,-1.00,404,model_not_found,false,
candidateA_disconnect,2026-09-13T18:57:02.375472+08:00,0,true,1.20,-1.00,404,model_not_found,false,
candidateA_disconnect,2026-09-13T18:57:02.526362+08:00,2,false,1.80,-1.00,404,model_not_found,false,
candidateA_disconnect,2026-09-13T18:57:02.526322+08:00,1,false,1.91,-1.00,404,model_not_found,false,
candidateA_disconnect,2026-09-13T18:57:02.526319+08:00,0,true,1.98,-1.00,404,model_not_found,false,
candidateA_disconnect,2026-09-13T18:57:02.678321+08:00,1,true,1.72,-1.00,404,model_not_found,false,
candidateA_disconnect,2026-09-13T18:57:02.67822+08:00,2,true,1.90,-1.00,404,model_not_found,false,
candidateA_disconnect,2026-09-13T18:57:02.677502+08:00,0,true,2.54,-1.00,404,model_not_found,false,
candidateA_disconnect,2026-09-13T18:57:02.828872+08:00,2,false,2.40,-1.00,404,model_not_found,false,
candidateA_disconnect,2026-09-13T18:57:02.828622+08:00,0,false,2.73,-1.00,404,model_not_found,false,
candidateA_disconnect,2026-09-13T18:57:02.828622+08:00,1,true,4.46,-1.00,404,model_not_found,false,
candidateA_disconnect,2026-09-13T18:57:02.979926+08:00,1,true,2.00,-1.00,404,model_not_found,false,
candidateA_disconnect,2026-09-13T18:57:02.979782+08:00,0,true,2.19,-1.00,404,model_not_found,false,
candidateA_disconnect,2026-09-13T18:57:02.979783+08:00,2,false,2.14,-1.00,404,model_not_found,false,
candidateA_disconnect,2026-09-13T18:57:03.130922+08:00,2,true,1.58,-1.00,404,model_not_found,false,
candidateA_disconnect,2026-09-13T18:57:03.130922+08:00,0,true,1.58,-1.00,404,model_not_found,false,
candidateA_disconnect,2026-09-13T18:57:03.130992+08:00,1,false,1.61,-1.00,404,model_not_found,false,
candidateA_disconnect,2026-09-13T18:57:03.282122+08:00,0,false,4.04,-1.00,404,model_not_found,false,
candidateA_disconnect,2026-09-13T18:57:03.282585+08:00,1,false,3.96,-1.00,404,model_not_found,false,
candidateA_disconnect,2026-09-13T18:57:03.282699+08:00,2,false,4.46,-1.00,404,model_not_found,false,
candidateA_disconnect,2026-09-13T18:57:03.434959+08:00,1,false,3.77,-1.00,404,model_not_found,false,
candidateA_disconnect,2026-09-13T18:57:03.436629+08:00,0,false,2.11,-1.00,404,model_not_found,false,
candidateA_disconnect,2026-09-13T18:57:03.43496+08:00,2,true,3.81,-1.00,404,model_not_found,false,
candidateA_disconnect,2026-09-13T18:57:03.586121+08:00,1,false,1.92,-1.00,404,model_not_found,false,
candidateA_disconnect,2026-09-13T18:57:03.586649+08:00,0,true,1.48,-1.00,404,model_not_found,false,
candidateA_disconnect,2026-09-13T18:57:03.586121+08:00,2,false,1.92,-1.00,404,model_not_found,false,
candidateA_disconnect,2026-09-13T18:57:03.738055+08:00,2,false,3.02,-1.00,404,model_not_found,false,
candidateA_disconnect,2026-09-13T18:57:03.737326+08:00,0,false,3.83,-1.00,404,model_not_found,false,
candidateA_disconnect,2026-09-13T18:57:03.738886+08:00,1,false,2.56,-1.00,404,model_not_found,false,
candidateA_disconnect,2026-09-13T18:57:03.888324+08:00,0,true,0.98,-1.00,404,model_not_found,false,
candidateA_disconnect,2026-09-13T18:57:03.888324+08:00,2,true,0.94,-1.00,404,model_not_found,false,
candidateA_disconnect,2026-09-13T18:57:03.88906+08:00,1,false,0.51,-1.00,404,model_not_found,false,
candidateA_disconnect,2026-09-13T18:57:04.041426+08:00,0,false,1.96,-1.00,404,model_not_found,false,
candidateA_disconnect,2026-09-13T18:57:04.041032+08:00,1,false,2.49,-1.00,404,model_not_found,false,
candidateA_disconnect,2026-09-13T18:57:04.041499+08:00,2,false,3.47,-1.00,404,model_not_found,false,
candidateA_disconnect,2026-09-13T18:57:04.192624+08:00,0,false,3.55,-1.00,404,model_not_found,false,
candidateA_disconnect,2026-09-13T18:57:04.192188+08:00,2,true,4.07,-1.00,404,model_not_found,false,
candidateA_disconnect,2026-09-13T18:57:04.192188+08:00,1,true,4.33,-1.00,404,model_not_found,false,
candidateA_disconnect,2026-09-13T18:57:04.343218+08:00,0,true,2.46,-1.00,404,model_not_found,false,
candidateA_disconnect,2026-09-13T18:57:04.343785+08:00,1,true,1.91,-1.00,404,model_not_found,false,
candidateA_disconnect,2026-09-13T18:57:04.343898+08:00,2,false,1.86,-1.00,404,model_not_found,false,
candidateA_disconnect,2026-09-13T18:57:04.494204+08:00,2,false,0.82,-1.00,404,model_not_found,false,
candidateA_disconnect,2026-09-13T18:57:04.494261+08:00,1,false,0.80,-1.00,404,model_not_found,false,
candidateA_disconnect,2026-09-13T18:57:04.494204+08:00,0,true,1.27,-1.00,404,model_not_found,false,
candidateA_disconnect,2026-09-13T18:57:04.645553+08:00,1,false,1.68,-1.00,404,model_not_found,false,
candidateA_disconnect,2026-09-13T18:57:04.645663+08:00,2,true,1.65,-1.00,404,model_not_found,false,
candidateA_disconnect,2026-09-13T18:57:04.645064+08:00,0,true,2.31,-1.00,404,model_not_found,false,
candidateA_disconnect,2026-09-13T18:57:04.796177+08:00,2,true,5.58,-1.00,404,model_not_found,false,
candidateA_disconnect,2026-09-13T18:57:04.796497+08:00,0,true,5.34,-1.00,404,model_not_found,false,
candidateA_disconnect,2026-09-13T18:57:04.796649+08:00,1,true,5.49,-1.00,404,model_not_found,false,
candidateA_disconnect,2026-09-13T18:57:04.947503+08:00,2,true,1.44,-1.00,404,model_not_found,false,
candidateA_disconnect,2026-09-13T18:57:04.947064+08:00,0,false,2.01,-1.00,404,model_not_found,false,
candidateA_disconnect,2026-09-13T18:57:04.947733+08:00,1,false,1.48,-1.00,404,model_not_found,false,
candidateA_disconnect,2026-09-13T18:57:05.097779+08:00,2,true,5.36,-1.00,404,model_not_found,false,
candidateA_disconnect,2026-09-13T18:57:05.097478+08:00,0,false,5.86,-1.00,404,model_not_found,false,
candidateA_disconnect,2026-09-13T18:57:05.100192+08:00,1,false,3.95,-1.00,404,model_not_found,false,
candidateA_disconnect,2026-09-13T18:57:05.248651+08:00,0,true,1.75,-1.00,404,model_not_found,false,
candidateA_disconnect,2026-09-13T18:57:05.248651+08:00,2,true,1.88,-1.00,404,model_not_found,false,
candidateA_disconnect,2026-09-13T18:57:05.250315+08:00,1,false,0.53,-1.00,404,model_not_found,false,
candidateA_disconnect,2026-09-13T18:57:05.400935+08:00,2,true,2.04,-1.00,404,model_not_found,false,
candidateA_disconnect,2026-09-13T18:57:05.400225+08:00,0,true,2.90,-1.00,404,model_not_found,false,
candidateA_disconnect,2026-09-13T18:57:05.401058+08:00,1,true,2.72,-1.00,404,model_not_found,false,
candidateA_disconnect,2026-09-13T18:57:05.551186+08:00,2,false,0.88,-1.00,404,model_not_found,false,
candidateA_disconnect,2026-09-13T18:57:05.551235+08:00,0,false,0.86,-1.00,404,model_not_found,false,
candidateA_disconnect,2026-09-13T18:57:05.551174+08:00,1,false,1.17,-1.00,404,model_not_found,false,
candidateA_disconnect,2026-09-13T18:57:05.702378+08:00,1,false,1.97,-1.00,404,model_not_found,false,
candidateA_disconnect,2026-09-13T18:57:05.702859+08:00,0,true,1.52,-1.00,404,model_not_found,false,
candidateA_disconnect,2026-09-13T18:57:05.703708+08:00,2,true,1.20,-1.00,404,model_not_found,false,
candidateA_disconnect,2026-09-13T18:57:05.85351+08:00,1,true,1.65,-1.00,404,model_not_found,false,
candidateA_disconnect,2026-09-13T18:57:05.85351+08:00,0,true,1.70,-1.00,404,model_not_found,false,
candidateA_disconnect,2026-09-13T18:57:05.853811+08:00,2,false,1.70,-1.00,404,model_not_found,false,
candidateA_disconnect,2026-09-13T18:57:06.0058+08:00,1,false,2.27,-1.00,404,model_not_found,false,
candidateA_disconnect,2026-09-13T18:57:06.005508+08:00,0,false,2.61,-1.00,404,model_not_found,false,
candidateA_disconnect,2026-09-13T18:57:06.004689+08:00,2,true,3.38,-1.00,404,model_not_found,false,
candidateA_disconnect,2026-09-13T18:57:06.156272+08:00,2,true,1.65,-1.00,404,model_not_found,false,
candidateA_disconnect,2026-09-13T18:57:06.156138+08:00,0,false,1.86,-1.00,404,model_not_found,false,
candidateA_disconnect,2026-09-13T18:57:06.156127+08:00,1,true,1.93,-1.00,404,model_not_found,false,
candidateA_disconnect,2026-09-13T18:57:06.30671+08:00,1,true,1.96,-1.00,404,model_not_found,false,
candidateA_disconnect,2026-09-13T18:57:06.306829+08:00,0,true,1.94,-1.00,404,model_not_found,false,
candidateA_disconnect,2026-09-13T18:57:06.30671+08:00,2,false,2.11,-1.00,404,model_not_found,false,
candidateA_disconnect,2026-09-13T18:57:06.457741+08:00,2,false,0.79,-1.00,404,model_not_found,false,
candidateA_disconnect,2026-09-13T18:57:06.457726+08:00,0,false,0.91,-1.00,404,model_not_found,false,
candidateA_disconnect,2026-09-13T18:57:06.457788+08:00,1,false,1.12,-1.00,404,model_not_found,false,
candidateA_disconnect,2026-09-13T18:57:06.609062+08:00,2,false,2.03,-1.00,404,model_not_found,false,
candidateA_disconnect,2026-09-13T18:57:06.608949+08:00,0,false,2.21,-1.00,404,model_not_found,false,
candidateA_disconnect,2026-09-13T18:57:06.608949+08:00,1,false,2.60,-1.00,404,model_not_found,false,
candidateA_disconnect,2026-09-13T18:57:06.759944+08:00,2,true,3.36,-1.00,404,model_not_found,false,
candidateA_disconnect,2026-09-13T18:57:06.759944+08:00,0,true,3.59,-1.00,404,model_not_found,false,
candidateA_disconnect,2026-09-13T18:57:06.760093+08:00,1,false,3.59,-1.00,404,model_not_found,false,
candidateA_disconnect,2026-09-13T18:57:06.911021+08:00,2,true,0.71,-1.00,404,model_not_found,false,
candidateA_disconnect,2026-09-13T18:57:06.91094+08:00,0,false,0.82,-1.00,404,model_not_found,false,
candidateA_disconnect,2026-09-13T18:57:06.910972+08:00,1,true,0.92,-1.00,404,model_not_found,false,
candidateA_disconnect,2026-09-13T18:57:07.061878+08:00,1,true,0.81,-1.00,404,model_not_found,false,
candidateA_disconnect,2026-09-13T18:57:07.061835+08:00,0,true,1.06,-1.00,404,model_not_found,false,
candidateA_disconnect,2026-09-13T18:57:07.061833+08:00,2,true,1.12,-1.00,404,model_not_found,false,
candidateA_disconnect,2026-09-13T18:57:07.213066+08:00,2,true,2.12,-1.00,404,model_not_found,false,
candidateA_disconnect,2026-09-13T18:57:07.213169+08:00,1,false,2.64,-1.00,404,model_not_found,false,
candidateA_disconnect,2026-09-13T18:57:07.213066+08:00,0,false,2.80,-1.00,404,model_not_found,false,
candidateA_disconnect,2026-09-13T18:57:07.364042+08:00,0,true,0.45,-1.00,404,model_not_found,false,
candidateA_disconnect,2026-09-13T18:57:07.364004+08:00,2,false,0.50,-1.00,404,model_not_found,false,
candidateA_disconnect,2026-09-13T18:57:07.364136+08:00,1,true,0.51,-1.00,404,model_not_found,false,
candidateA_disconnect,2026-09-13T18:57:07.517274+08:00,1,false,3.18,-1.00,404,model_not_found,false,
candidateA_disconnect,2026-09-13T18:57:07.519769+08:00,2,true,0.82,-1.00,404,model_not_found,false,
candidateA_disconnect,2026-09-13T18:57:07.519824+08:00,0,true,1.23,-1.00,404,model_not_found,false,
candidateA_disconnect,2026-09-13T18:57:07.668215+08:00,1,true,0.70,-1.00,404,model_not_found,false,
candidateA_disconnect,2026-09-13T18:57:07.66998+08:00,2,false,1.01,-1.00,404,model_not_found,false,
candidateA_disconnect,2026-09-13T18:57:07.669833+08:00,0,true,1.29,-1.00,404,model_not_found,false,
candidateA_disconnect,2026-09-13T18:57:07.819296+08:00,1,true,0.53,-1.00,404,model_not_found,false,
candidateA_disconnect,2026-09-13T18:57:07.81984+08:00,0,false,0.26,-1.00,404,model_not_found,false,
candidateA_disconnect,2026-09-13T18:57:07.820036+08:00,2,false,0.22,-1.00,404,model_not_found,false,
candidateA_disconnect,2026-09-13T18:57:07.970409+08:00,0,true,1.19,-1.00,404,model_not_found,false,
candidateA_disconnect,2026-09-13T18:57:07.970568+08:00,1,false,1.11,-1.00,404,model_not_found,false,
candidateA_disconnect,2026-09-13T18:57:07.97065+08:00,2,false,1.67,-1.00,404,model_not_found,false,
candidateA_disconnect,2026-09-13T18:57:08.12211+08:00,1,true,1.92,-1.00,404,model_not_found,false,
candidateA_disconnect,2026-09-13T18:57:08.122088+08:00,2,false,2.26,-1.00,404,model_not_found,false,
candidateA_disconnect,2026-09-13T18:57:08.122134+08:00,0,false,2.31,-1.00,404,model_not_found,false,
candidateA_disconnect,2026-09-13T18:57:08.274839+08:00,2,true,0.35,-1.00,404,model_not_found,false,
candidateA_disconnect,2026-09-13T18:57:08.27443+08:00,0,false,0.86,-1.00,404,model_not_found,false,
candidateA_disconnect,2026-09-13T18:57:08.274839+08:00,1,true,0.64,-1.00,404,model_not_found,false,
candidateA_disconnect,2026-09-13T18:57:08.425744+08:00,2,false,1.50,-1.00,404,model_not_found,false,
candidateA_disconnect,2026-09-13T18:57:08.426024+08:00,1,false,1.31,-1.00,404,model_not_found,false,
candidateA_disconnect,2026-09-13T18:57:08.42609+08:00,0,false,1.66,-1.00,404,model_not_found,false,
candidateA_disconnect,2026-09-13T18:57:08.576521+08:00,0,true,1.31,-1.00,404,model_not_found,false,
candidateA_disconnect,2026-09-13T18:57:08.576762+08:00,1,true,1.17,-1.00,404,model_not_found,false,
candidateA_disconnect,2026-09-13T18:57:08.576824+08:00,2,true,1.97,-1.00,404,model_not_found,false,
candidateA_disconnect,2026-09-13T18:57:08.727775+08:00,1,false,0.92,-1.00,404,model_not_found,false,
candidateA_disconnect,2026-09-13T18:57:08.727576+08:00,2,true,1.12,-1.00,404,model_not_found,false,
candidateA_disconnect,2026-09-13T18:57:08.727829+08:00,0,false,0.92,-1.00,404,model_not_found,false,
candidateA_disconnect,2026-09-13T18:57:08.878802+08:00,2,false,0.94,-1.00,404,model_not_found,false,
candidateA_disconnect,2026-09-13T18:57:08.878699+08:00,0,false,1.18,-1.00,404,model_not_found,false,
candidateA_disconnect,2026-09-13T18:57:08.878712+08:00,1,false,1.64,-1.00,404,model_not_found,false,
candidateA_disconnect,2026-09-13T18:57:09.029712+08:00,0,true,0.72,-1.00,404,model_not_found,false,
candidateA_disconnect,2026-09-13T18:57:09.029929+08:00,2,false,0.68,-1.00,404,model_not_found,false,
candidateA_disconnect,2026-09-13T18:57:09.029996+08:00,1,true,2.23,-1.00,404,model_not_found,false,
candidateA_disconnect,2026-09-13T18:57:09.180783+08:00,2,false,0.77,-1.00,404,model_not_found,false,
candidateA_disconnect,2026-09-13T18:57:09.180756+08:00,0,false,0.83,-1.00,404,model_not_found,false,
candidateA_disconnect,2026-09-13T18:57:09.180901+08:00,1,false,0.84,-1.00,404,model_not_found,false,
candidateA_disconnect,2026-09-13T18:57:09.332133+08:00,1,true,1.05,-1.00,404,model_not_found,false,
candidateA_disconnect,2026-09-13T18:57:09.33211+08:00,2,false,1.08,-1.00,404,model_not_found,false,
candidateA_disconnect,2026-09-13T18:57:09.332348+08:00,0,false,1.12,-1.00,404,model_not_found,false,
candidateA_disconnect,2026-09-13T18:57:09.482716+08:00,2,false,0.72,-1.00,404,model_not_found,false,
candidateA_disconnect,2026-09-13T18:57:09.482662+08:00,0,false,0.85,-1.00,404,model_not_found,false,
candidateA_disconnect,2026-09-13T18:57:09.482813+08:00,1,false,0.95,-1.00,404,model_not_found,false,
candidateA_disconnect,2026-09-13T18:57:09.63372+08:00,1,true,1.36,-1.00,404,model_not_found,false,
candidateA_disconnect,2026-09-13T18:57:09.633942+08:00,2,true,1.30,-1.00,404,model_not_found,false,
candidateA_disconnect,2026-09-13T18:57:09.634007+08:00,0,true,2.72,-1.00,404,model_not_found,false,
candidateA_disconnect,2026-09-13T18:57:09.784888+08:00,0,false,1.85,-1.00,404,model_not_found,false,
candidateA_disconnect,2026-09-13T18:57:09.784969+08:00,1,false,1.81,-1.00,404,model_not_found,false,
candidateA_disconnect,2026-09-13T18:57:09.784889+08:00,2,false,2.17,-1.00,404,model_not_found,false,
candidateA_disconnect,2026-09-13T18:57:09.936046+08:00,0,false,3.02,-1.00,404,model_not_found,false,
candidateA_disconnect,2026-09-13T18:57:09.93555+08:00,2,false,3.78,-1.00,404,model_not_found,false,
candidateA_disconnect,2026-09-13T18:57:09.936518+08:00,1,true,3.03,-1.00,404,model_not_found,false,
candidateA_disconnect,2026-09-13T18:57:10.086835+08:00,2,true,1.65,-1.00,404,model_not_found,false,
candidateA_disconnect,2026-09-13T18:57:10.086698+08:00,1,false,1.87,-1.00,404,model_not_found,false,
candidateA_disconnect,2026-09-13T18:57:10.086697+08:00,0,false,2.88,-1.00,404,model_not_found,false,
candidateA_disconnect,2026-09-13T18:57:10.237789+08:00,1,false,2.86,-1.00,404,model_not_found,false,
candidateA_disconnect,2026-09-13T18:57:10.237989+08:00,2,false,2.66,-1.00,404,model_not_found,false,
candidateA_disconnect,2026-09-13T18:57:10.238194+08:00,0,false,2.72,-1.00,404,model_not_found,false,
candidateA_disconnect,2026-09-13T18:57:10.388968+08:00,0,false,1.72,-1.00,404,model_not_found,false,
candidateA_disconnect,2026-09-13T18:57:10.388968+08:00,1,false,1.78,-1.00,404,model_not_found,false,
candidateA_disconnect,2026-09-13T18:57:10.389167+08:00,2,false,1.61,-1.00,404,model_not_found,false,
candidateA_disconnect,2026-09-13T18:57:10.53988+08:00,2,true,0.76,-1.00,404,model_not_found,false,
candidateA_disconnect,2026-09-13T18:57:10.539786+08:00,1,false,0.92,-1.00,404,model_not_found,false,
candidateA_disconnect,2026-09-13T18:57:10.539793+08:00,0,true,0.85,-1.00,404,model_not_found,false,
candidateA_disconnect,2026-09-13T18:57:10.690891+08:00,2,true,1.31,-1.00,404,model_not_found,false,
candidateA_disconnect,2026-09-13T18:57:10.690993+08:00,1,true,1.36,-1.00,404,model_not_found,false,
candidateA_disconnect,2026-09-13T18:57:10.691121+08:00,0,false,1.88,-1.00,404,model_not_found,false,
candidateA_disconnect,2026-09-13T18:57:10.842142+08:00,2,false,2.85,-1.00,404,model_not_found,false,
candidateA_disconnect,2026-09-13T18:57:10.842278+08:00,0,false,2.82,-1.00,404,model_not_found,false,
candidateA_disconnect,2026-09-13T18:57:10.842142+08:00,1,true,3.11,-1.00,404,model_not_found,false,
candidateA_disconnect,2026-09-13T18:57:10.993309+08:00,0,false,3.54,-1.00,404,model_not_found,false,
candidateA_disconnect,2026-09-13T18:57:10.993247+08:00,1,false,3.60,-1.00,404,model_not_found,false,
candidateA_disconnect,2026-09-13T18:57:10.993247+08:00,2,true,3.67,-1.00,404,model_not_found,false,
candidateA_disconnect,2026-09-13T18:57:11.144241+08:00,2,true,1.01,-1.00,404,model_not_found,false,
candidateA_disconnect,2026-09-13T18:57:11.143992+08:00,0,false,1.33,-1.00,404,model_not_found,false,
candidateA_disconnect,2026-09-13T18:57:11.144337+08:00,1,false,1.33,-1.00,404,model_not_found,false,
candidateA_disconnect,2026-09-13T18:57:11.295025+08:00,1,true,1.01,-1.00,404,model_not_found,false,
candidateA_disconnect,2026-09-13T18:57:11.295026+08:00,0,false,1.04,-1.00,404,model_not_found,false,
candidateA_disconnect,2026-09-13T18:57:11.295081+08:00,2,true,1.01,-1.00,404,model_not_found,false,
candidateA_disconnect,2026-09-13T18:57:11.446062+08:00,0,false,1.41,-1.00,404,model_not_found,false,
candidateA_disconnect,2026-09-13T18:57:11.446225+08:00,2,false,1.46,-1.00,404,model_not_found,false,
candidateA_disconnect,2026-09-13T18:57:11.44632+08:00,1,false,1.53,-1.00,404,model_not_found,false,
candidateA_disconnect,2026-09-13T18:57:11.601284+08:00,2,false,7.31,-1.00,404,model_not_found,false,
candidateA_disconnect,2026-09-13T18:57:11.59726+08:00,1,true,11.34,-1.00,404,model_not_found,false,
candidateA_disconnect,2026-09-13T18:57:11.601336+08:00,0,false,7.67,-1.00,404,model_not_found,false,
candidateA_disconnect,2026-09-13T18:57:11.748267+08:00,1,true,0.69,-1.00,404,model_not_found,false,
candidateA_disconnect,2026-09-13T18:57:11.751623+08:00,0,true,0.58,-1.00,404,model_not_found,false,
candidateA_disconnect,2026-09-13T18:57:11.75164+08:00,2,false,0.66,-1.00,404,model_not_found,false,
candidateA_disconnect,2026-09-13T18:57:11.898967+08:00,1,false,1.04,-1.00,404,model_not_found,false,
candidateA_disconnect,2026-09-13T18:57:11.902042+08:00,0,false,0.63,-1.00,404,model_not_found,false,
candidateA_disconnect,2026-09-13T18:57:11.902141+08:00,2,false,0.56,-1.00,404,model_not_found,false,
candidateA_disconnect,2026-09-13T18:57:12.050171+08:00,1,true,2.64,-1.00,404,model_not_found,false,
candidateA_disconnect,2026-09-13T18:57:12.052935+08:00,2,true,0.72,-1.00,404,model_not_found,false,
candidateA_disconnect,2026-09-13T18:57:12.053136+08:00,0,false,0.58,-1.00,404,model_not_found,false,
candidateA_disconnect,2026-09-13T18:57:12.203684+08:00,0,false,0.84,-1.00,404,model_not_found,false,
candidateA_disconnect,2026-09-13T18:57:12.201798+08:00,1,false,2.85,-1.00,404,model_not_found,false,
candidateA_disconnect,2026-09-13T18:57:12.20408+08:00,2,false,1.00,-1.00,404,model_not_found,false,
candidateA_disconnect,2026-09-13T18:57:12.352815+08:00,1,true,2.66,-1.00,404,model_not_found,false,
candidateA_disconnect,2026-09-13T18:57:12.353753+08:00,0,true,2.06,-1.00,404,model_not_found,false,
candidateA_disconnect,2026-09-13T18:57:12.354279+08:00,2,true,2.03,-1.00,404,model_not_found,false,
candidateA_disconnect,2026-09-13T18:57:12.503994+08:00,0,false,1.93,-1.00,404,model_not_found,false,
candidateA_disconnect,2026-09-13T18:57:12.503994+08:00,1,false,2.03,-1.00,404,model_not_found,false,
candidateA_disconnect,2026-09-13T18:57:12.50438+08:00,2,false,1.81,-1.00,404,model_not_found,false,
candidateA_disconnect,2026-09-13T18:57:12.655373+08:00,0,true,1.66,-1.00,404,model_not_found,false,
candidateA_disconnect,2026-09-13T18:57:12.65498+08:00,1,false,2.11,-1.00,404,model_not_found,false,
candidateA_disconnect,2026-09-13T18:57:12.655502+08:00,2,false,2.05,-1.00,404,model_not_found,false,
candidateA_disconnect,2026-09-13T18:57:12.806+08:00,2,false,1.05,-1.00,404,model_not_found,false,
candidateA_disconnect,2026-09-13T18:57:12.806148+08:00,1,true,0.94,-1.00,404,model_not_found,false,
candidateA_disconnect,2026-09-13T18:57:12.806188+08:00,0,true,1.26,-1.00,404,model_not_found,false,
candidateA_disconnect,2026-09-13T18:57:12.957213+08:00,2,true,2.15,-1.00,404,model_not_found,false,
candidateA_disconnect,2026-09-13T18:57:12.95734+08:00,1,false,2.12,-1.00,404,model_not_found,false,
candidateA_disconnect,2026-09-13T18:57:12.957213+08:00,0,false,2.59,-1.00,404,model_not_found,false,
candidateA_disconnect,2026-09-13T18:57:13.108066+08:00,2,false,1.82,-1.00,404,model_not_found,false,
candidateA_disconnect,2026-09-13T18:57:13.107949+08:00,0,true,2.05,-1.00,404,model_not_found,false,
candidateA_disconnect,2026-09-13T18:57:13.107949+08:00,1,false,2.19,-1.00,404,model_not_found,false,
candidateA_disconnect,2026-09-13T18:57:13.259232+08:00,0,false,5.08,-1.00,404,model_not_found,false,
candidateA_disconnect,2026-09-13T18:57:13.259083+08:00,2,true,5.26,-1.00,404,model_not_found,false,
candidateA_disconnect,2026-09-13T18:57:13.259083+08:00,1,false,6.07,-1.00,404,model_not_found,false,
candidateA_disconnect,2026-09-13T18:57:13.41025+08:00,0,false,2.04,-1.00,404,model_not_found,false,
candidateA_disconnect,2026-09-13T18:57:13.41025+08:00,1,false,2.04,-1.00,404,model_not_found,false,
candidateA_disconnect,2026-09-13T18:57:13.410524+08:00,2,false,1.81,-1.00,404,model_not_found,false,
candidateA_disconnect,2026-09-13T18:57:13.563346+08:00,1,false,2.77,-1.00,404,model_not_found,false,
candidateA_disconnect,2026-09-13T18:57:13.563479+08:00,2,false,2.64,-1.00,404,model_not_found,false,
candidateA_disconnect,2026-09-13T18:57:13.563346+08:00,0,true,3.41,-1.00,404,model_not_found,false,
candidateA_disconnect,2026-09-13T18:57:13.714702+08:00,1,false,2.71,-1.00,404,model_not_found,false,
candidateA_disconnect,2026-09-13T18:57:13.714844+08:00,2,false,2.57,-1.00,404,model_not_found,false,
candidateA_disconnect,2026-09-13T18:57:13.714472+08:00,0,false,3.40,-1.00,404,model_not_found,false,
candidateA_disconnect,2026-09-13T18:57:13.866712+08:00,0,false,1.81,-1.00,404,model_not_found,false,
candidateA_disconnect,2026-09-13T18:57:13.866874+08:00,2,false,1.65,-1.00,404,model_not_found,false,
candidateA_disconnect,2026-09-13T18:57:13.865549+08:00,1,false,3.21,-1.00,404,model_not_found,false,
candidateA_disconnect,2026-09-13T18:57:14.017119+08:00,1,false,2.64,-1.00,404,model_not_found,false,
candidateA_disconnect,2026-09-13T18:57:14.017274+08:00,2,true,2.62,-1.00,404,model_not_found,false,
candidateA_disconnect,2026-09-13T18:57:14.017097+08:00,0,false,3.14,-1.00,404,model_not_found,false,
candidateA_disconnect,2026-09-13T18:57:14.16872+08:00,0,false,2.16,-1.00,404,model_not_found,false,
candidateA_disconnect,2026-09-13T18:57:14.168495+08:00,1,false,2.38,-1.00,404,model_not_found,false,
candidateA_disconnect,2026-09-13T18:57:14.168635+08:00,2,false,2.32,-1.00,404,model_not_found,false,
candidateA_disconnect,2026-09-13T18:57:14.319595+08:00,1,false,2.09,-1.00,404,model_not_found,false,
candidateA_disconnect,2026-09-13T18:57:14.320161+08:00,2,false,1.62,-1.00,404,model_not_found,false,
candidateA_disconnect,2026-09-13T18:57:14.320291+08:00,0,false,1.54,-1.00,404,model_not_found,false,
candidateA_disconnect,2026-09-13T18:57:14.470202+08:00,2,false,1.03,-1.00,404,model_not_found,false,
candidateA_disconnect,2026-09-13T18:57:14.470091+08:00,1,false,1.28,-1.00,404,model_not_found,false,
candidateA_disconnect,2026-09-13T18:57:14.47033+08:00,0,false,1.05,-1.00,404,model_not_found,false,
candidateA_disconnect,2026-09-13T18:57:14.621108+08:00,0,false,0.63,-1.00,404,model_not_found,false,
candidateA_disconnect,2026-09-13T18:57:14.621132+08:00,1,false,0.72,-1.00,404,model_not_found,false,
candidateA_disconnect,2026-09-13T18:57:14.621155+08:00,2,true,0.91,-1.00,404,model_not_found,false,
candidateA_disconnect,2026-09-13T18:57:14.772535+08:00,1,false,1.93,-1.00,404,model_not_found,false,
candidateA_disconnect,2026-09-13T18:57:14.772382+08:00,2,false,2.16,-1.00,404,model_not_found,false,
candidateA_disconnect,2026-09-13T18:57:14.772382+08:00,0,false,2.19,-1.00,404,model_not_found,false,
candidateA_disconnect,2026-09-13T18:57:14.923679+08:00,0,false,2.03,-1.00,404,model_not_found,false,
candidateA_disconnect,2026-09-13T18:57:14.923944+08:00,1,false,1.83,-1.00,404,model_not_found,false,
candidateA_disconnect,2026-09-13T18:57:14.924166+08:00,2,false,2.01,-1.00,404,model_not_found,false,
candidateA_disconnect,2026-09-13T18:57:15.074723+08:00,2,false,1.50,-1.00,404,model_not_found,false,
candidateA_disconnect,2026-09-13T18:57:15.074734+08:00,1,false,1.56,-1.00,404,model_not_found,false,
candidateA_disconnect,2026-09-13T18:57:15.075019+08:00,0,false,1.56,-1.00,404,model_not_found,false,
candidateA_disconnect,2026-09-13T18:57:15.225916+08:00,2,false,4.93,-1.00,404,model_not_found,false,
candidateA_disconnect,2026-09-13T18:57:15.226035+08:00,1,false,4.82,-1.00,404,model_not_found,false,
candidateA_disconnect,2026-09-13T18:57:15.225916+08:00,0,false,4.99,-1.00,404,model_not_found,false,
candidateA_disconnect,2026-09-13T18:57:15.377013+08:00,2,true,1.59,-1.00,404,model_not_found,false,
candidateA_disconnect,2026-09-13T18:57:15.377013+08:00,0,true,1.67,-1.00,404,model_not_found,false,
candidateA_disconnect,2026-09-13T18:57:15.377335+08:00,1,false,1.49,-1.00,404,model_not_found,false,
candidateA_disconnect,2026-09-13T18:57:15.527185+08:00,2,false,1.07,-1.00,404,model_not_found,false,
candidateA_disconnect,2026-09-13T18:57:15.527293+08:00,0,false,1.01,-1.00,404,model_not_found,false,
candidateA_disconnect,2026-09-13T18:57:15.527379+08:00,1,true,1.35,-1.00,404,model_not_found,false,
candidateA_disconnect,2026-09-13T18:57:15.677871+08:00,1,false,4.37,-1.00,404,model_not_found,false,
candidateA_disconnect,2026-09-13T18:57:15.677957+08:00,0,true,4.28,-1.00,404,model_not_found,false,
candidateA_disconnect,2026-09-13T18:57:15.677871+08:00,2,true,4.42,-1.00,404,model_not_found,false,
candidateA_disconnect,2026-09-13T18:57:15.830872+08:00,1,false,2.77,-1.00,404,model_not_found,false,
candidateA_disconnect,2026-09-13T18:57:15.83074+08:00,2,false,3.32,-1.00,404,model_not_found,false,
candidateA_disconnect,2026-09-13T18:57:15.83074+08:00,0,false,3.45,-1.00,404,model_not_found,false,
candidateA_disconnect,2026-09-13T18:57:15.981842+08:00,1,false,1.85,-1.00,404,model_not_found,false,
candidateA_disconnect,2026-09-13T18:57:15.981842+08:00,0,false,1.89,-1.00,404,model_not_found,false,
candidateA_disconnect,2026-09-13T18:57:15.981918+08:00,2,false,1.85,-1.00,404,model_not_found,false,
candidateA_disconnect,2026-09-13T18:57:16.133588+08:00,1,true,2.33,-1.00,404,model_not_found,false,
candidateA_disconnect,2026-09-13T18:57:16.132992+08:00,0,false,3.26,-1.00,404,model_not_found,false,
candidateA_disconnect,2026-09-13T18:57:16.135209+08:00,2,false,1.99,-1.00,404,model_not_found,false,
candidateA_disconnect,2026-09-13T18:57:16.284076+08:00,1,true,1.12,-1.00,404,model_not_found,false,
candidateA_disconnect,2026-09-13T18:57:16.284076+08:00,0,false,1.27,-1.00,404,model_not_found,false,
candidateA_disconnect,2026-09-13T18:57:16.28526+08:00,2,true,0.39,-1.00,404,model_not_found,false,
candidateA_disconnect,2026-09-13T18:57:16.436573+08:00,1,true,2.02,-1.00,404,model_not_found,false,
candidateA_disconnect,2026-09-13T18:57:16.435875+08:00,0,false,2.72,-1.00,404,model_not_found,false,
candidateA_disconnect,2026-09-13T18:57:16.435911+08:00,2,false,2.75,-1.00,404,model_not_found,false,
candidateA_disconnect,2026-09-13T18:57:16.586365+08:00,2,true,1.82,-1.00,404,model_not_found,false,
candidateA_disconnect,2026-09-13T18:57:16.586365+08:00,0,false,1.89,-1.00,404,model_not_found,false,
candidateA_disconnect,2026-09-13T18:57:16.586772+08:00,1,false,1.65,-1.00,404,model_not_found,false,
candidateA_disconnect,2026-09-13T18:57:16.737533+08:00,0,true,2.46,-1.00,404,model_not_found,false,
candidateA_disconnect,2026-09-13T18:57:16.737414+08:00,2,true,2.64,-1.00,404,model_not_found,false,
candidateA_disconnect,2026-09-13T18:57:16.737419+08:00,1,false,2.67,-1.00,404,model_not_found,false,
candidateA_disconnect,2026-09-13T18:57:16.888531+08:00,0,false,1.98,-1.00,404,model_not_found,false,
candidateA_disconnect,2026-09-13T18:57:16.888531+08:00,2,true,2.03,-1.00,404,model_not_found,false,
candidateA_disconnect,2026-09-13T18:57:16.888665+08:00,1,false,1.84,-1.00,404,model_not_found,false,
candidateA_disconnect,2026-09-13T18:57:17.0397+08:00,0,false,2.00,-1.00,404,model_not_found,false,
candidateA_disconnect,2026-09-13T18:57:17.039781+08:00,1,true,1.98,-1.00,404,model_not_found,false,
candidateA_disconnect,2026-09-13T18:57:17.0397+08:00,2,true,2.00,-1.00,404,model_not_found,false,
candidateA_disconnect,2026-09-13T18:57:17.1907+08:00,2,true,1.01,-1.00,404,model_not_found,false,
candidateA_disconnect,2026-09-13T18:57:17.1907+08:00,0,true,1.13,-1.00,404,model_not_found,false,
candidateA_disconnect,2026-09-13T18:57:17.190754+08:00,1,false,1.26,-1.00,404,model_not_found,false,
candidateA_disconnect,2026-09-13T18:57:17.341835+08:00,1,false,2.94,-1.00,404,model_not_found,false,
candidateA_disconnect,2026-09-13T18:57:17.341973+08:00,0,true,2.87,-1.00,404,model_not_found,false,
candidateA_disconnect,2026-09-13T18:57:17.341835+08:00,2,false,3.08,-1.00,404,model_not_found,false,
candidateA_disconnect,2026-09-13T18:57:17.497208+08:00,0,false,15.02,-1.00,404,model_not_found,false,
candidateA_disconnect,2026-09-13T18:57:17.497302+08:00,1,true,16.25,-1.00,404,model_not_found,false,
candidateA_disconnect,2026-09-13T18:57:17.496043+08:00,2,false,17.69,-1.00,404,model_not_found,false,
candidateA_disconnect,2026-09-13T18:57:17.645565+08:00,2,false,1.41,-1.00,404,model_not_found,false,
candidateA_disconnect,2026-09-13T18:57:17.647285+08:00,0,false,0.54,-1.00,404,model_not_found,false,
candidateA_disconnect,2026-09-13T18:57:17.647339+08:00,1,true,0.51,-1.00,404,model_not_found,false,
candidateA_disconnect,2026-09-13T18:57:17.797151+08:00,2,true,2.84,-1.00,404,model_not_found,false,
candidateA_disconnect,2026-09-13T18:57:17.797317+08:00,0,true,2.83,-1.00,404,model_not_found,false,
candidateA_disconnect,2026-09-13T18:57:17.797654+08:00,1,true,3.15,-1.00,404,model_not_found,false,
candidateA_disconnect,2026-09-13T18:57:17.948562+08:00,2,false,1.76,-1.00,404,model_not_found,false,
candidateA_disconnect,2026-09-13T18:57:17.948456+08:00,1,false,1.93,-1.00,404,model_not_found,false,
candidateA_disconnect,2026-09-13T18:57:17.948456+08:00,0,false,2.35,-1.00,404,model_not_found,false,
candidateA_disconnect,2026-09-13T18:57:18.100162+08:00,1,false,3.78,-1.00,404,model_not_found,false,
candidateA_disconnect,2026-09-13T18:57:18.099541+08:00,2,true,4.56,-1.00,404,model_not_found,false,
candidateA_disconnect,2026-09-13T18:57:18.100306+08:00,0,false,3.85,-1.00,404,model_not_found,false,
candidateA_disconnect,2026-09-13T18:57:18.250688+08:00,1,false,1.66,-1.00,404,model_not_found,false,
candidateA_disconnect,2026-09-13T18:57:18.250831+08:00,2,true,1.63,-1.00,404,model_not_found,false,
candidateA_disconnect,2026-09-13T18:57:18.250688+08:00,0,false,1.88,-1.00,404,model_not_found,false,
candidateA_disconnect,2026-09-13T18:57:18.402151+08:00,0,false,2.11,-1.00,404,model_not_found,false,
candidateA_disconnect,2026-09-13T18:57:18.40215+08:00,1,true,2.18,-1.00,404,model_not_found,false,
candidateA_disconnect,2026-09-13T18:57:18.402895+08:00,2,false,1.74,-1.00,404,model_not_found,false,
candidateA_disconnect,2026-09-13T18:57:18.553012+08:00,1,true,1.84,-1.00,404,model_not_found,false,
candidateA_disconnect,2026-09-13T18:57:18.553089+08:00,2,true,1.83,-1.00,404,model_not_found,false,
candidateA_disconnect,2026-09-13T18:57:18.55342+08:00,0,true,1.62,-1.00,404,model_not_found,false,
candidateA_disconnect,2026-09-13T18:57:18.704322+08:00,2,false,2.45,-1.00,404,model_not_found,false,
candidateA_disconnect,2026-09-13T18:57:18.704768+08:00,1,true,2.10,-1.00,404,model_not_found,false,
candidateA_disconnect,2026-09-13T18:57:18.704483+08:00,0,false,2.42,-1.00,404,model_not_found,false,
candidateA_disconnect,2026-09-13T18:57:18.855466+08:00,0,true,2.41,-1.00,404,model_not_found,false,
candidateA_disconnect,2026-09-13T18:57:18.855593+08:00,1,true,2.36,-1.00,404,model_not_found,false,
candidateA_disconnect,2026-09-13T18:57:18.855466+08:00,2,false,2.99,-1.00,404,model_not_found,false,
candidateA_disconnect,2026-09-13T18:57:19.0062+08:00,1,false,2.64,-1.00,404,model_not_found,false,
candidateA_disconnect,2026-09-13T18:57:19.006721+08:00,0,true,3.35,-1.00,404,model_not_found,false,
candidateA_disconnect,2026-09-13T18:57:19.009171+08:00,2,false,0.90,-1.00,404,model_not_found,false,
candidateA_disconnect,2026-09-13T18:57:19.157357+08:00,1,false,1.77,-1.00,404,model_not_found,false,
candidateA_disconnect,2026-09-13T18:57:19.157355+08:00,0,false,1.77,-1.00,404,model_not_found,false,
candidateA_disconnect,2026-09-13T18:57:19.15919+08:00,2,false,0.39,-1.00,404,model_not_found,false,
candidateA_disconnect,2026-09-13T18:57:19.3085+08:00,0,true,1.99,-1.00,404,model_not_found,false,
candidateA_disconnect,2026-09-13T18:57:19.308531+08:00,1,true,2.09,-1.00,404,model_not_found,false,
candidateA_disconnect,2026-09-13T18:57:19.309627+08:00,2,false,1.30,-1.00,404,model_not_found,false,
candidateA_disconnect,2026-09-13T18:57:19.459775+08:00,2,false,5.19,-1.00,404,model_not_found,false,
candidateA_disconnect,2026-09-13T18:57:19.459683+08:00,1,true,5.37,-1.00,404,model_not_found,false,
candidateA_disconnect,2026-09-13T18:57:19.459659+08:00,0,true,7.51,-1.00,404,model_not_found,false,
candidateA_disconnect,2026-09-13T18:57:19.610859+08:00,0,false,1.95,-1.00,404,model_not_found,false,
candidateA_disconnect,2026-09-13T18:57:19.610959+08:00,1,false,1.89,-1.00,404,model_not_found,false,
candidateA_disconnect,2026-09-13T18:57:19.61084+08:00,2,false,2.23,-1.00,404,model_not_found,false,
candidateA_disconnect,2026-09-13T18:57:19.767564+08:00,1,false,1.75,-1.00,404,model_not_found,false,
candidateA_disconnect,2026-09-13T18:57:19.767673+08:00,0,false,1.67,-1.00,404,model_not_found,false,
candidateA_disconnect,2026-09-13T18:57:19.766914+08:00,2,false,2.46,-1.00,404,model_not_found,false,
candidateA_disconnect,2026-09-13T18:57:19.918065+08:00,1,false,1.68,-1.00,404,model_not_found,false,
candidateA_disconnect,2026-09-13T18:57:19.918217+08:00,0,true,1.58,-1.00,404,model_not_found,false,
candidateA_disconnect,2026-09-13T18:57:19.918065+08:00,2,false,2.04,-1.00,404,model_not_found,false,
candidateA_disconnect,2026-09-13T18:57:20.069729+08:00,2,false,1.98,-1.00,404,model_not_found,false,
candidateA_disconnect,2026-09-13T18:57:20.070004+08:00,0,true,1.80,-1.00,404,model_not_found,false,
candidateA_disconnect,2026-09-13T18:57:20.070184+08:00,1,true,1.65,-1.00,404,model_not_found,false,
candidateA_disconnect,2026-09-13T18:57:20.220706+08:00,0,false,0.81,-1.00,404,model_not_found,false,
candidateA_disconnect,2026-09-13T18:57:20.220718+08:00,2,true,0.84,-1.00,404,model_not_found,false,
candidateA_disconnect,2026-09-13T18:57:20.220865+08:00,1,false,0.92,-1.00,404,model_not_found,false,
candidateA_disconnect,2026-09-13T18:57:20.373341+08:00,0,false,1.37,-1.00,404,model_not_found,false,
candidateA_disconnect,2026-09-13T18:57:20.372914+08:00,1,true,1.80,-1.00,404,model_not_found,false,
candidateA_disconnect,2026-09-13T18:57:20.373448+08:00,2,false,1.92,-1.00,404,model_not_found,false,
candidateA_disconnect,2026-09-13T18:57:20.523812+08:00,1,true,0.77,-1.00,404,model_not_found,false,
candidateA_disconnect,2026-09-13T18:57:20.52354+08:00,2,true,1.11,-1.00,404,model_not_found,false,
candidateA_disconnect,2026-09-13T18:57:20.523899+08:00,0,false,1.01,-1.00,404,model_not_found,false,
candidateA_disconnect,2026-09-13T18:57:20.67493+08:00,0,true,1.70,-1.00,404,model_not_found,false,
candidateA_disconnect,2026-09-13T18:57:20.674779+08:00,2,false,1.92,-1.00,404,model_not_found,false,
candidateA_disconnect,2026-09-13T18:57:20.674798+08:00,1,true,2.01,-1.00,404,model_not_found,false,
candidateA_disconnect,2026-09-13T18:57:20.825959+08:00,0,false,4.73,-1.00,404,model_not_found,false,
candidateA_disconnect,2026-09-13T18:57:20.826096+08:00,1,false,5.15,-1.00,404,model_not_found,false,
candidateA_disconnect,2026-09-13T18:57:20.825959+08:00,2,false,5.44,-1.00,404,model_not_found,false,
candidateA_disconnect,2026-09-13T18:57:20.977088+08:00,1,true,2.35,-1.00,404,model_not_found,false,
candidateA_disconnect,2026-09-13T18:57:20.977338+08:00,0,true,2.17,-1.00,404,model_not_found,false,
candidateA_disconnect,2026-09-13T18:57:20.977555+08:00,2,false,2.07,-1.00,404,model_not_found,false,
candidateA_disconnect,2026-09-13T18:57:21.130474+08:00,0,false,2.47,-1.00,404,model_not_found,false,
candidateA_disconnect,2026-09-13T18:57:21.130348+08:00,1,true,2.87,-1.00,404,model_not_found,false,
candidateA_disconnect,2026-09-13T18:57:21.13032+08:00,2,false,3.44,-1.00,404,model_not_found,false,
candidateA_disconnect,2026-09-13T18:57:21.281612+08:00,1,false,2.17,-1.00,404,model_not_found,false,
candidateA_disconnect,2026-09-13T18:57:21.28234+08:00,0,false,1.52,-1.00,404,model_not_found,false,
candidateA_disconnect,2026-09-13T18:57:21.282367+08:00,2,true,1.80,-1.00,404,model_not_found,false,
candidateA_disconnect,2026-09-13T18:57:21.43248+08:00,1,false,2.12,-1.00,404,model_not_found,false,
candidateA_disconnect,2026-09-13T18:57:21.432795+08:00,0,true,2.24,-1.00,404,model_not_found,false,
candidateA_disconnect,2026-09-13T18:57:21.432965+08:00,2,false,3.17,-1.00,404,model_not_found,false,
candidateA_disconnect,2026-09-13T18:57:21.583552+08:00,0,false,1.24,-1.00,404,model_not_found,false,
candidateA_disconnect,2026-09-13T18:57:21.583584+08:00,1,false,1.20,-1.00,404,model_not_found,false,
candidateA_disconnect,2026-09-13T18:57:21.583542+08:00,2,false,1.29,-1.00,404,model_not_found,false,
candidateA_disconnect,2026-09-13T18:57:21.735642+08:00,2,true,2.58,-1.00,404,model_not_found,false,
candidateA_disconnect,2026-09-13T18:57:21.734652+08:00,1,false,3.63,-1.00,404,model_not_found,false,
candidateA_disconnect,2026-09-13T18:57:21.736386+08:00,0,false,2.24,-1.00,404,model_not_found,false,
candidateA_disconnect,2026-09-13T18:57:21.885099+08:00,1,true,0.90,-1.00,404,model_not_found,false,
candidateA_disconnect,2026-09-13T18:57:21.885773+08:00,2,false,0.79,-1.00,404,model_not_found,false,
candidateA_disconnect,2026-09-13T18:57:21.88643+08:00,0,true,1.14,-1.00,404,model_not_found,false,
candidateA_disconnect,2026-09-13T18:57:22.035328+08:00,1,true,1.35,-1.00,404,model_not_found,false,
candidateA_disconnect,2026-09-13T18:57:22.036728+08:00,2,true,0.65,-1.00,404,model_not_found,false,
candidateA_disconnect,2026-09-13T18:57:22.036572+08:00,0,false,1.17,-1.00,404,model_not_found,false,
candidateA_disconnect,2026-09-13T18:57:22.185484+08:00,1,true,0.71,-1.00,404,model_not_found,false,
candidateA_disconnect,2026-09-13T18:57:22.186663+08:00,0,false,0.39,-1.00,404,model_not_found,false,
candidateA_disconnect,2026-09-13T18:57:22.186736+08:00,2,false,0.38,-1.00,404,model_not_found,false,
candidateA_disconnect,2026-09-13T18:57:22.33625+08:00,1,false,0.64,-1.00,404,model_not_found,false,
candidateA_disconnect,2026-09-13T18:57:22.336745+08:00,2,true,0.49,-1.00,404,model_not_found,false,
candidateA_disconnect,2026-09-13T18:57:22.336716+08:00,0,true,0.62,-1.00,404,model_not_found,false,
candidateA_disconnect,2026-09-13T18:57:22.487105+08:00,1,true,0.86,-1.00,404,model_not_found,false,
candidateA_disconnect,2026-09-13T18:57:22.487105+08:00,2,true,1.02,-1.00,404,model_not_found,false,
candidateA_disconnect,2026-09-13T18:57:22.487162+08:00,0,false,1.02,-1.00,404,model_not_found,false,
candidateA_disconnect,2026-09-13T18:57:22.638179+08:00,2,false,1.05,-1.00,404,model_not_found,false,
candidateA_disconnect,2026-09-13T18:57:22.638192+08:00,1,true,1.04,-1.00,404,model_not_found,false,
candidateA_disconnect,2026-09-13T18:57:22.638355+08:00,0,true,1.33,-1.00,404,model_not_found,false,
candidateA_disconnect,2026-09-13T18:57:22.788707+08:00,0,false,1.07,-1.00,404,model_not_found,false,
candidateA_disconnect,2026-09-13T18:57:22.788814+08:00,1,false,1.02,-1.00,404,model_not_found,false,
candidateA_disconnect,2026-09-13T18:57:22.788888+08:00,2,true,1.45,-1.00,404,model_not_found,false,
candidateA_disconnect,2026-09-13T18:57:22.939017+08:00,2,true,1.61,-1.00,404,model_not_found,false,
candidateA_disconnect,2026-09-13T18:57:22.939017+08:00,0,false,1.64,-1.00,404,model_not_found,false,
candidateA_disconnect,2026-09-13T18:57:22.939174+08:00,1,true,2.08,-1.00,404,model_not_found,false,
candidateA_disconnect,2026-09-13T18:57:23.090097+08:00,1,false,2.58,-1.00,404,model_not_found,false,
candidateA_disconnect,2026-09-13T18:57:23.090417+08:00,2,true,2.32,-1.00,404,model_not_found,false,
candidateA_disconnect,2026-09-13T18:57:23.090534+08:00,0,true,2.65,-1.00,404,model_not_found,false,
candidateA_disconnect,2026-09-13T18:57:23.241166+08:00,0,false,2.51,-1.00,404,model_not_found,false,
candidateA_disconnect,2026-09-13T18:57:23.241375+08:00,1,true,2.31,-1.00,404,model_not_found,false,
candidateA_disconnect,2026-09-13T18:57:23.241435+08:00,2,true,2.28,-1.00,404,model_not_found,false,
candidateA_disconnect,2026-09-13T18:57:23.392665+08:00,2,true,1.57,-1.00,404,model_not_found,false,
candidateA_disconnect,2026-09-13T18:57:23.392251+08:00,0,true,2.07,-1.00,404,model_not_found,false,
candidateA_disconnect,2026-09-13T18:57:23.393072+08:00,1,true,1.59,-1.00,404,model_not_found,false,
candidateA_disconnect,2026-09-13T18:57:23.542694+08:00,2,false,0.59,-1.00,404,model_not_found,false,
candidateA_disconnect,2026-09-13T18:57:23.542623+08:00,0,true,0.68,-1.00,404,model_not_found,false,
candidateA_disconnect,2026-09-13T18:57:23.543273+08:00,1,true,0.36,-1.00,404,model_not_found,false,
candidateA_disconnect,2026-09-13T18:57:23.693761+08:00,2,true,0.68,-1.00,404,model_not_found,false,
candidateA_disconnect,2026-09-13T18:57:23.693726+08:00,1,false,0.74,-1.00,404,model_not_found,false,
candidateA_disconnect,2026-09-13T18:57:23.693836+08:00,0,false,0.74,-1.00,404,model_not_found,false,
candidateA_disconnect,2026-09-13T18:57:23.845728+08:00,2,true,1.13,-1.00,404,model_not_found,false,
candidateA_disconnect,2026-09-13T18:57:23.845631+08:00,0,false,1.39,-1.00,404,model_not_found,false,
candidateA_disconnect,2026-09-13T18:57:23.845652+08:00,1,false,1.67,-1.00,404,model_not_found,false,
candidateA_disconnect,2026-09-13T18:57:23.996677+08:00,0,true,1.59,-1.00,404,model_not_found,false,
candidateA_disconnect,2026-09-13T18:57:23.996705+08:00,1,true,3.37,-1.00,404,model_not_found,false,
candidateA_disconnect,2026-09-13T18:57:23.996667+08:00,2,true,4.96,-1.00,404,model_not_found,false,
candidateA_disconnect,2026-09-13T18:57:24.148905+08:00,0,true,0.51,-1.00,404,model_not_found,false,
candidateA_disconnect,2026-09-13T18:57:24.148609+08:00,1,true,0.93,-1.00,404,model_not_found,false,
candidateA_disconnect,2026-09-13T18:57:24.148994+08:00,2,false,0.80,-1.00,404,model_not_found,false,
candidateA_disconnect,2026-09-13T18:57:24.299687+08:00,1,false,0.49,-1.00,404,model_not_found,false,
candidateA_disconnect,2026-09-13T18:57:24.29965+08:00,2,false,0.61,-1.00,404,model_not_found,false,
candidateA_disconnect,2026-09-13T18:57:24.299713+08:00,0,false,0.63,-1.00,404,model_not_found,false,
candidateA_disconnect,2026-09-13T18:57:24.451049+08:00,0,false,2.19,-1.00,404,model_not_found,false,
candidateA_disconnect,2026-09-13T18:57:24.451549+08:00,2,true,1.69,-1.00,404,model_not_found,false,
candidateA_disconnect,2026-09-13T18:57:24.451327+08:00,1,false,1.96,-1.00,404,model_not_found,false,
candidateA_disconnect,2026-09-13T18:57:24.602148+08:00,2,false,1.17,-1.00,404,model_not_found,false,
candidateA_disconnect,2026-09-13T18:57:24.602332+08:00,1,false,1.04,-1.00,404,model_not_found,false,
candidateA_disconnect,2026-09-13T18:57:24.602411+08:00,0,false,1.23,-1.00,404,model_not_found,false,
candidateA_disconnect,2026-09-13T18:57:24.753279+08:00,1,true,0.93,-1.00,404,model_not_found,false,
candidateA_disconnect,2026-09-13T18:57:24.753211+08:00,0,true,1.00,-1.00,404,model_not_found,false,
candidateA_disconnect,2026-09-13T18:57:24.753222+08:00,2,false,1.43,-1.00,404,model_not_found,false,
candidateA_disconnect,2026-09-13T18:57:24.907465+08:00,2,false,2.89,-1.00,404,model_not_found,false,
candidateA_disconnect,2026-09-13T18:57:24.906757+08:00,1,false,3.69,-1.00,404,model_not_found,false,
candidateA_disconnect,2026-09-13T18:57:24.90765+08:00,0,false,2.92,-1.00,404,model_not_found,false,
candidateA_disconnect,2026-09-13T18:57:25.058098+08:00,1,false,1.59,-1.00,404,model_not_found,false,
candidateA_disconnect,2026-09-13T18:57:25.058016+08:00,0,false,1.75,-1.00,404,model_not_found,false,
candidateA_disconnect,2026-09-13T18:57:25.057747+08:00,2,false,2.08,-1.00,404,model_not_found,false,
candidateA_disconnect,2026-09-13T18:57:25.209704+08:00,1,false,4.09,-1.00,404,model_not_found,false,
candidateA_disconnect,2026-09-13T18:57:25.209437+08:00,2,true,4.42,-1.00,404,model_not_found,false,
candidateA_disconnect,2026-09-13T18:57:25.208911+08:00,0,true,5.06,-1.00,404,model_not_found,false,
candidateA_disconnect,2026-09-13T18:57:25.360025+08:00,1,false,1.98,-1.00,404,model_not_found,false,
candidateA_disconnect,2026-09-13T18:57:25.360156+08:00,2,false,1.85,-1.00,404,model_not_found,false,
candidateA_disconnect,2026-09-13T18:57:25.360061+08:00,0,false,2.02,-1.00,404,model_not_found,false,
candidateA_disconnect,2026-09-13T18:57:25.510455+08:00,2,false,0.74,-1.00,404,model_not_found,false,
candidateA_disconnect,2026-09-13T18:57:25.510446+08:00,1,false,0.78,-1.00,404,model_not_found,false,
candidateA_disconnect,2026-09-13T18:57:25.510491+08:00,0,false,0.80,-1.00,404,model_not_found,false,
candidateA_disconnect,2026-09-13T18:57:25.661357+08:00,0,false,2.79,-1.00,404,model_not_found,false,
candidateA_disconnect,2026-09-13T18:57:25.661339+08:00,1,false,2.86,-1.00,404,model_not_found,false,
candidateA_disconnect,2026-09-13T18:57:25.661657+08:00,2,true,2.95,-1.00,404,model_not_found,false,
candidateA_disconnect,2026-09-13T18:57:25.812116+08:00,2,false,1.32,-1.00,404,model_not_found,false,
candidateA_disconnect,2026-09-13T18:57:25.812417+08:00,1,false,1.02,-1.00,404,model_not_found,false,
candidateA_disconnect,2026-09-13T18:57:25.812339+08:00,0,true,1.16,-1.00,404,model_not_found,false,
candidateA_disconnect,2026-09-13T18:57:25.963404+08:00,0,true,1.66,-1.00,404,model_not_found,false,
candidateA_disconnect,2026-09-13T18:57:25.963313+08:00,2,true,1.82,-1.00,404,model_not_found,false,
candidateA_disconnect,2026-09-13T18:57:25.963313+08:00,1,true,2.03,-1.00,404,model_not_found,false,
candidateA_disconnect,2026-09-13T18:57:26.114046+08:00,1,true,1.99,-1.00,404,model_not_found,false,
candidateA_disconnect,2026-09-13T18:57:26.113784+08:00,0,false,2.30,-1.00,404,model_not_found,false,
candidateA_disconnect,2026-09-13T18:57:26.113924+08:00,2,false,2.26,-1.00,404,model_not_found,false,
candidateA_disconnect,2026-09-13T18:57:26.26696+08:00,2,false,0.49,-1.00,404,model_not_found,false,
candidateA_disconnect,2026-09-13T18:57:26.266958+08:00,0,false,0.60,-1.00,404,model_not_found,false,
candidateA_disconnect,2026-09-13T18:57:26.266931+08:00,1,true,0.89,-1.00,404,model_not_found,false,
candidateA_disconnect,2026-09-13T18:57:26.418061+08:00,0,false,1.69,-1.00,404,model_not_found,false,
candidateA_disconnect,2026-09-13T18:57:26.418135+08:00,2,false,1.71,-1.00,404,model_not_found,false,
candidateA_disconnect,2026-09-13T18:57:26.418436+08:00,1,false,1.50,-1.00,404,model_not_found,false,
candidateA_disconnect,2026-09-13T18:57:26.569643+08:00,2,true,1.63,-1.00,404,model_not_found,false,
candidateA_disconnect,2026-09-13T18:57:26.569277+08:00,1,false,2.06,-1.00,404,model_not_found,false,
candidateA_disconnect,2026-09-13T18:57:26.569743+08:00,0,false,2.17,-1.00,404,model_not_found,false,
candidateA_disconnect,2026-09-13T18:57:26.719968+08:00,2,false,1.52,-1.00,404,model_not_found,false,
candidateA_disconnect,2026-09-13T18:57:26.719968+08:00,0,true,1.52,-1.00,404,model_not_found,false,
candidateA_disconnect,2026-09-13T18:57:26.720072+08:00,1,false,1.46,-1.00,404,model_not_found,false,
candidateA_disconnect,2026-09-13T18:57:26.870519+08:00,0,false,1.10,-1.00,404,model_not_found,false,
candidateA_disconnect,2026-09-13T18:57:26.870612+08:00,1,false,1.05,-1.00,404,model_not_found,false,
candidateA_disconnect,2026-09-13T18:57:26.870513+08:00,2,true,1.19,-1.00,404,model_not_found,false,
candidateA_disconnect,2026-09-13T18:57:27.021745+08:00,0,false,0.75,-1.00,404,model_not_found,false,
candidateA_disconnect,2026-09-13T18:57:27.021586+08:00,1,false,0.94,-1.00,404,model_not_found,false,
candidateA_disconnect,2026-09-13T18:57:27.021694+08:00,2,false,0.88,-1.00,404,model_not_found,false,
candidateA_disconnect,2026-09-13T18:57:27.171749+08:00,2,false,1.12,-1.00,404,model_not_found,false,
candidateA_disconnect,2026-09-13T18:57:27.171826+08:00,0,false,1.08,-1.00,404,model_not_found,false,
candidateA_disconnect,2026-09-13T18:57:27.171747+08:00,1,true,1.22,-1.00,404,model_not_found,false,
candidateA_disconnect,2026-09-13T18:57:27.322888+08:00,1,true,0.95,-1.00,404,model_not_found,false,
candidateA_disconnect,2026-09-13T18:57:27.322894+08:00,0,false,1.07,-1.00,404,model_not_found,false,
candidateA_disconnect,2026-09-13T18:57:27.323056+08:00,2,false,1.16,-1.00,404,model_not_found,false,
candidateA_disconnect,2026-09-13T18:57:27.474071+08:00,1,true,1.05,-1.00,404,model_not_found,false,
candidateA_disconnect,2026-09-13T18:57:27.474033+08:00,0,false,1.12,-1.00,404,model_not_found,false,
candidateA_disconnect,2026-09-13T18:57:27.474033+08:00,2,false,1.13,-1.00,404,model_not_found,false,
candidateA_disconnect,2026-09-13T18:57:27.626073+08:00,2,false,2.39,-1.00,404,model_not_found,false,
candidateA_disconnect,2026-09-13T18:57:27.625444+08:00,1,false,3.10,-1.00,404,model_not_found,false,
candidateA_disconnect,2026-09-13T18:57:27.625934+08:00,0,false,4.49,-1.00,404,model_not_found,false,
candidateA_disconnect,2026-09-13T18:57:27.776229+08:00,1,false,0.74,-1.00,404,model_not_found,false,
candidateA_disconnect,2026-09-13T18:57:27.776204+08:00,2,false,0.80,-1.00,404,model_not_found,false,
candidateA_disconnect,2026-09-13T18:57:27.776342+08:00,0,false,0.80,-1.00,404,model_not_found,false,
candidateA_disconnect,2026-09-13T18:57:27.926758+08:00,1,false,2.54,-1.00,404,model_not_found,false,
candidateA_disconnect,2026-09-13T18:57:27.926667+08:00,0,false,2.79,-1.00,404,model_not_found,false,
candidateA_disconnect,2026-09-13T18:57:27.926692+08:00,2,false,2.98,-1.00,404,model_not_found,false,
candidateA_disconnect,2026-09-13T18:57:28.077395+08:00,1,false,2.70,-1.00,404,model_not_found,false,
candidateA_disconnect,2026-09-13T18:57:28.077443+08:00,2,true,2.79,-1.00,404,model_not_found,false,
candidateA_disconnect,2026-09-13T18:57:28.077597+08:00,0,false,2.69,-1.00,404,model_not_found,false,
candidateA_disconnect,2026-09-13T18:57:28.228482+08:00,2,true,1.12,-1.00,404,model_not_found,false,
candidateA_disconnect,2026-09-13T18:57:28.22848+08:00,1,false,1.18,-1.00,404,model_not_found,false,
candidateA_disconnect,2026-09-13T18:57:28.228554+08:00,0,true,1.21,-1.00,404,model_not_found,false,
candidateA_disconnect,2026-09-13T18:57:28.379652+08:00,1,false,0.66,-1.00,404,model_not_found,false,
candidateA_disconnect,2026-09-13T18:57:28.379648+08:00,0,true,0.75,-1.00,404,model_not_found,false,
candidateA_disconnect,2026-09-13T18:57:28.379703+08:00,2,false,0.76,-1.00,404,model_not_found,false,
candidateA_disconnect,2026-09-13T18:57:28.530826+08:00,2,true,2.04,-1.00,404,model_not_found,false,
candidateA_disconnect,2026-09-13T18:57:28.531364+08:00,0,false,1.50,-1.00,404,model_not_found,false,
candidateA_disconnect,2026-09-13T18:57:28.530826+08:00,1,false,2.43,-1.00,404,model_not_found,false,
candidateA_disconnect,2026-09-13T18:57:28.68169+08:00,0,true,3.24,-1.00,404,model_not_found,false,
candidateA_disconnect,2026-09-13T18:57:28.683104+08:00,1,false,1.84,-1.00,404,model_not_found,false,
candidateA_disconnect,2026-09-13T18:57:28.683282+08:00,2,false,1.73,-1.00,404,model_not_found,false,
candidateA_disconnect,2026-09-13T18:57:28.833769+08:00,2,true,4.80,-1.00,404,model_not_found,false,
candidateA_disconnect,2026-09-13T18:57:28.835486+08:00,1,false,3.60,-1.00,404,model_not_found,false,
candidateA_disconnect,2026-09-13T18:57:28.833513+08:00,0,false,5.63,-1.00,404,model_not_found,false,
candidateA_disconnect,2026-09-13T18:57:28.984617+08:00,0,false,1.59,-1.00,404,model_not_found,false,
candidateA_disconnect,2026-09-13T18:57:28.984617+08:00,2,false,1.62,-1.00,404,model_not_found,false,
candidateA_disconnect,2026-09-13T18:57:28.985697+08:00,1,true,0.87,-1.00,404,model_not_found,false,
candidateA_disconnect,2026-09-13T18:57:29.13553+08:00,0,true,1.84,-1.00,404,model_not_found,false,
candidateA_disconnect,2026-09-13T18:57:29.135938+08:00,1,false,1.52,-1.00,404,model_not_found,false,
candidateA_disconnect,2026-09-13T18:57:29.136145+08:00,2,true,2.01,-1.00,404,model_not_found,false,
candidateA_disconnect,2026-09-13T18:57:29.288088+08:00,1,true,3.45,-1.00,404,model_not_found,false,
candidateA_disconnect,2026-09-13T18:57:29.28873+08:00,0,false,2.81,-1.00,404,model_not_found,false,
candidateA_disconnect,2026-09-13T18:57:29.288838+08:00,2,false,3.26,-1.00,404,model_not_found,false,
candidateA_disconnect,2026-09-13T18:57:29.437673+08:00,1,false,2.89,-1.00,404,model_not_found,false,
candidateA_disconnect,2026-09-13T18:57:29.439801+08:00,2,true,1.20,-1.00,404,model_not_found,false,
candidateA_disconnect,2026-09-13T18:57:29.440646+08:00,0,true,0.40,-1.00,404,model_not_found,false,
candidateA_disconnect,2026-09-13T18:57:29.591129+08:00,2,true,2.03,-1.00,404,model_not_found,false,
candidateA_disconnect,2026-09-13T18:57:29.590443+08:00,1,true,2.72,-1.00,404,model_not_found,false,
candidateA_disconnect,2026-09-13T18:57:29.592744+08:00,0,true,1.31,-1.00,404,model_not_found,false,
candidateA_disconnect,2026-09-13T18:57:29.74152+08:00,2,false,0.83,-1.00,404,model_not_found,false,
candidateA_disconnect,2026-09-13T18:57:29.74152+08:00,1,true,0.83,-1.00,404,model_not_found,false,
candidateA_disconnect,2026-09-13T18:57:29.742811+08:00,0,false,0.24,-1.00,404,model_not_found,false,
candidateA_disconnect,2026-09-13T18:57:29.894276+08:00,0,false,2.58,-1.00,404,model_not_found,false,
candidateA_disconnect,2026-09-13T18:57:29.894804+08:00,2,true,2.27,-1.00,404,model_not_found,false,
candidateA_disconnect,2026-09-13T18:57:29.894373+08:00,1,true,2.75,-1.00,404,model_not_found,false,
candidateA_disconnect,2026-09-13T18:57:30.045099+08:00,0,true,0.82,-1.00,404,model_not_found,false,
candidateA_disconnect,2026-09-13T18:57:30.045094+08:00,1,false,0.98,-1.00,404,model_not_found,false,
candidateA_disconnect,2026-09-13T18:57:30.045251+08:00,2,false,1.07,-1.00,404,model_not_found,false,
candidateA_disconnect,2026-09-13T18:57:30.196376+08:00,0,true,0.89,-1.00,404,model_not_found,false,
candidateA_disconnect,2026-09-13T18:57:30.196146+08:00,2,true,1.51,-1.00,404,model_not_found,false,
candidateA_disconnect,2026-09-13T18:57:30.196495+08:00,1,true,1.68,-1.00,404,model_not_found,false,
candidateA_disconnect,2026-09-13T18:57:30.347197+08:00,1,false,1.61,-1.00,404,model_not_found,false,
candidateA_disconnect,2026-09-13T18:57:30.347213+08:00,0,false,1.60,-1.00,404,model_not_found,false,
candidateA_disconnect,2026-09-13T18:57:30.347458+08:00,2,true,1.43,-1.00,404,model_not_found,false,
candidateA_disconnect,2026-09-13T18:57:30.502092+08:00,0,false,1.79,-1.00,404,model_not_found,false,
candidateA_disconnect,2026-09-13T18:57:30.502188+08:00,1,false,1.81,-1.00,404,model_not_found,false,
candidateA_disconnect,2026-09-13T18:57:30.502328+08:00,2,true,2.05,-1.00,404,model_not_found,false,
candidateA_disconnect,2026-09-13T18:57:30.653282+08:00,2,false,0.94,-1.00,404,model_not_found,false,
candidateA_disconnect,2026-09-13T18:57:30.653336+08:00,1,false,0.95,-1.00,404,model_not_found,false,
candidateA_disconnect,2026-09-13T18:57:30.653284+08:00,0,false,1.04,-1.00,404,model_not_found,false,
candidateA_disconnect,2026-09-13T18:57:30.804647+08:00,2,false,1.50,-1.00,404,model_not_found,false,
candidateA_disconnect,2026-09-13T18:57:30.804484+08:00,1,false,1.70,-1.00,404,model_not_found,false,
candidateA_disconnect,2026-09-13T18:57:30.803978+08:00,0,true,2.26,-1.00,404,model_not_found,false,
candidateA_disconnect,2026-09-13T18:57:30.955042+08:00,0,false,0.71,-1.00,404,model_not_found,false,
candidateA_disconnect,2026-09-13T18:57:30.955078+08:00,1,false,0.69,-1.00,404,model_not_found,false,
candidateA_disconnect,2026-09-13T18:57:30.955042+08:00,2,false,1.00,-1.00,404,model_not_found,false,
candidateA_disconnect,2026-09-13T18:57:31.106151+08:00,2,true,1.51,-1.00,404,model_not_found,false,
candidateA_disconnect,2026-09-13T18:57:31.106156+08:00,1,true,1.57,-1.00,404,model_not_found,false,
candidateA_disconnect,2026-09-13T18:57:31.106412+08:00,0,true,1.49,-1.00,404,model_not_found,false,
candidateA_disconnect,2026-09-13T18:57:31.256702+08:00,0,true,1.18,-1.00,404,model_not_found,false,
candidateA_disconnect,2026-09-13T18:57:31.256908+08:00,1,false,0.98,-1.00,404,model_not_found,false,
candidateA_disconnect,2026-09-13T18:57:31.256973+08:00,2,false,1.36,-1.00,404,model_not_found,false,
candidateA_disconnect,2026-09-13T18:57:31.408191+08:00,0,true,2.48,-1.00,404,model_not_found,false,
candidateA_disconnect,2026-09-13T18:57:31.407902+08:00,2,false,2.87,-1.00,404,model_not_found,false,
candidateA_disconnect,2026-09-13T18:57:31.408017+08:00,1,true,2.87,-1.00,404,model_not_found,false,
candidateA_disconnect,2026-09-13T18:57:31.559039+08:00,0,true,2.17,-1.00,404,model_not_found,false,
candidateA_disconnect,2026-09-13T18:57:31.559243+08:00,1,false,2.06,-1.00,404,model_not_found,false,
candidateA_disconnect,2026-09-13T18:57:31.559039+08:00,2,false,2.17,-1.00,404,model_not_found,false,
candidateA_disconnect,2026-09-13T18:57:31.710261+08:00,0,false,5.18,-1.00,404,model_not_found,false,
candidateA_disconnect,2026-09-13T18:57:31.71014+08:00,1,false,5.45,-1.00,404,model_not_found,false,
candidateA_disconnect,2026-09-13T18:57:31.71014+08:00,2,false,6.03,-1.00,404,model_not_found,false,
candidateA_disconnect,2026-09-13T18:57:31.860651+08:00,1,true,0.77,-1.00,404,model_not_found,false,
candidateA_disconnect,2026-09-13T18:57:31.860606+08:00,2,false,0.94,-1.00,404,model_not_found,false,
candidateA_disconnect,2026-09-13T18:57:31.860625+08:00,0,false,1.24,-1.00,404,model_not_found,false,
candidateA_disconnect,2026-09-13T18:57:32.01168+08:00,1,false,1.12,-1.00,404,model_not_found,false,
candidateA_disconnect,2026-09-13T18:57:32.011824+08:00,2,true,1.02,-1.00,404,model_not_found,false,
candidateA_disconnect,2026-09-13T18:57:32.011886+08:00,0,false,1.04,-1.00,404,model_not_found,false,
candidateA_disconnect,2026-09-13T18:57:32.163059+08:00,0,false,1.98,-1.00,404,model_not_found,false,
candidateA_disconnect,2026-09-13T18:57:32.162912+08:00,1,true,2.53,-1.00,404,model_not_found,false,
candidateA_disconnect,2026-09-13T18:57:32.162911+08:00,2,false,2.13,-1.00,404,model_not_found,false,
candidateA_disconnect,2026-09-13T18:57:32.314014+08:00,1,false,1.08,-1.00,404,model_not_found,false,
candidateA_disconnect,2026-09-13T18:57:32.314036+08:00,0,true,1.21,-1.00,404,model_not_found,false,
candidateA_disconnect,2026-09-13T18:57:32.314017+08:00,2,false,1.34,-1.00,404,model_not_found,false,
candidateA_disconnect,2026-09-13T18:57:32.465278+08:00,0,true,1.78,-1.00,404,model_not_found,false,
candidateA_disconnect,2026-09-13T18:57:32.465333+08:00,2,false,1.77,-1.00,404,model_not_found,false,
candidateA_disconnect,2026-09-13T18:57:32.465176+08:00,1,false,2.00,-1.00,404,model_not_found,false,
candidateA_disconnect,2026-09-13T18:57:32.616911+08:00,1,false,4.69,-1.00,404,model_not_found,false,
candidateA_disconnect,2026-09-13T18:57:32.616273+08:00,2,false,5.44,-1.00,404,model_not_found,false,
candidateA_disconnect,2026-09-13T18:57:32.617029+08:00,0,false,4.75,-1.00,404,model_not_found,false,
candidateA_disconnect,2026-09-13T18:57:32.767395+08:00,0,false,0.84,-1.00,404,model_not_found,false,
candidateA_disconnect,2026-09-13T18:57:32.767633+08:00,1,true,0.68,-1.00,404,model_not_found,false,
candidateA_disconnect,2026-09-13T18:57:32.767695+08:00,2,false,0.82,-1.00,404,model_not_found,false,
candidateA_disconnect,2026-09-13T18:57:32.91927+08:00,0,false,2.18,-1.00,404,model_not_found,false,
candidateA_disconnect,2026-09-13T18:57:32.918826+08:00,2,false,2.62,-1.00,404,model_not_found,false,
candidateA_disconnect,2026-09-13T18:57:32.918834+08:00,1,false,2.66,-1.00,404,model_not_found,false,
candidateA_disconnect,2026-09-13T18:57:33.070071+08:00,0,false,2.36,-1.00,404,model_not_found,false,
candidateA_disconnect,2026-09-13T18:57:33.070206+08:00,1,true,2.28,-1.00,404,model_not_found,false,
candidateA_disconnect,2026-09-13T18:57:33.070071+08:00,2,false,2.45,-1.00,404,model_not_found,false,
candidateA_disconnect,2026-09-13T18:57:33.221065+08:00,1,false,1.53,-1.00,404,model_not_found,false,
candidateA_disconnect,2026-09-13T18:57:33.221083+08:00,0,false,1.57,-1.00,404,model_not_found,false,
candidateA_disconnect,2026-09-13T18:57:33.221387+08:00,2,false,1.45,-1.00,404,model_not_found,false,
candidateA_disconnect,2026-09-13T18:57:33.372247+08:00,0,false,2.60,-1.00,404,model_not_found,false,
candidateA_disconnect,2026-09-13T18:57:33.372389+08:00,1,false,2.64,-1.00,404,model_not_found,false,
candidateA_disconnect,2026-09-13T18:57:33.372247+08:00,2,true,3.26,-1.00,404,model_not_found,false,
candidateA_disconnect,2026-09-13T18:57:33.524915+08:00,1,true,2.63,-1.00,404,model_not_found,false,
candidateA_disconnect,2026-09-13T18:57:33.523445+08:00,2,false,4.10,-1.00,404,model_not_found,false,
candidateA_disconnect,2026-09-13T18:57:33.524033+08:00,0,true,3.61,-1.00,404,model_not_found,false,
candidateA_disconnect,2026-09-13T18:57:33.67451+08:00,0,true,1.76,-1.00,404,model_not_found,false,
candidateA_disconnect,2026-09-13T18:57:33.67451+08:00,2,false,1.77,-1.00,404,model_not_found,false,
candidateA_disconnect,2026-09-13T18:57:33.674969+08:00,1,true,1.36,-1.00,404,model_not_found,false,
candidateA_disconnect,2026-09-13T18:57:33.825123+08:00,2,false,1.27,-1.00,404,model_not_found,false,
candidateA_disconnect,2026-09-13T18:57:33.825054+08:00,1,false,1.34,-1.00,404,model_not_found,false,
candidateA_disconnect,2026-09-13T18:57:33.825054+08:00,0,false,1.39,-1.00,404,model_not_found,false,
candidateA_disconnect,2026-09-13T18:57:33.976223+08:00,1,false,4.33,-1.00,404,model_not_found,false,
candidateA_disconnect,2026-09-13T18:57:33.976353+08:00,0,false,5.03,-1.00,404,model_not_found,false,
candidateA_disconnect,2026-09-13T18:57:33.976223+08:00,2,false,6.05,-1.00,404,model_not_found,false,
candidateA_disconnect,2026-09-13T18:57:34.127284+08:00,0,false,0.66,-1.00,404,model_not_found,false,
candidateA_disconnect,2026-09-13T18:57:34.127229+08:00,1,false,0.80,-1.00,404,model_not_found,false,
candidateA_disconnect,2026-09-13T18:57:34.127223+08:00,2,false,1.03,-1.00,404,model_not_found,false,
candidateA_disconnect,2026-09-13T18:57:34.279902+08:00,2,false,2.46,-1.00,404,model_not_found,false,
candidateA_disconnect,2026-09-13T18:57:34.277596+08:00,0,false,4.83,-1.00,404,model_not_found,false,
candidateA_disconnect,2026-09-13T18:57:34.280076+08:00,1,true,2.59,-1.00,404,model_not_found,false,
candidateA_disconnect,2026-09-13T18:57:34.429935+08:00,2,false,0.75,-1.00,404,model_not_found,false,
candidateA_disconnect,2026-09-13T18:57:34.428786+08:00,0,false,2.02,-1.00,404,model_not_found,false,
candidateA_disconnect,2026-09-13T18:57:34.430238+08:00,1,true,2.80,-1.00,404,model_not_found,false,
candidateA_disconnect,2026-09-13T18:57:34.582654+08:00,1,false,1.73,-1.00,404,model_not_found,false,
candidateA_disconnect,2026-09-13T18:57:34.582654+08:00,0,false,1.80,-1.00,404,model_not_found,false,
candidateA_disconnect,2026-09-13T18:57:34.583107+08:00,2,true,1.42,-1.00,404,model_not_found,false,
candidateA_disconnect,2026-09-13T18:57:34.733567+08:00,1,false,0.77,-1.00,404,model_not_found,false,
candidateA_disconnect,2026-09-13T18:57:34.733619+08:00,0,false,0.75,-1.00,404,model_not_found,false,
candidateA_disconnect,2026-09-13T18:57:34.733567+08:00,2,false,0.93,-1.00,404,model_not_found,false,
candidateA_disconnect,2026-09-13T18:57:34.885425+08:00,1,false,2.47,-1.00,404,model_not_found,false,
candidateA_disconnect,2026-09-13T18:57:34.88481+08:00,0,false,3.09,-1.00,404,model_not_found,false,
candidateA_disconnect,2026-09-13T18:57:34.88554+08:00,2,false,2.79,-1.00,404,model_not_found,false,
candidateA_disconnect,2026-09-13T18:57:35.035936+08:00,1,true,1.89,-1.00,404,model_not_found,false,
candidateA_disconnect,2026-09-13T18:57:35.035936+08:00,0,true,1.95,-1.00,404,model_not_found,false,
candidateA_disconnect,2026-09-13T18:57:35.036014+08:00,2,true,1.97,-1.00,404,model_not_found,false,
candidateA_disconnect,2026-09-13T18:57:35.187257+08:00,0,true,1.96,-1.00,404,model_not_found,false,
candidateA_disconnect,2026-09-13T18:57:35.187131+08:00,1,false,2.17,-1.00,404,model_not_found,false,
candidateA_disconnect,2026-09-13T18:57:35.187724+08:00,2,true,1.78,-1.00,404,model_not_found,false,
candidateA_disconnect,2026-09-13T18:57:35.338136+08:00,2,false,1.29,-1.00,404,model_not_found,false,
candidateA_disconnect,2026-09-13T18:57:35.338136+08:00,0,false,1.32,-1.00,404,model_not_found,false,
candidateA_disconnect,2026-09-13T18:57:35.338184+08:00,1,false,1.35,-1.00,404,model_not_found,false,
candidateA_disconnect,2026-09-13T18:57:35.489911+08:00,0,true,3.21,-1.00,404,model_not_found,false,
candidateA_disconnect,2026-09-13T18:57:35.48934+08:00,1,true,3.79,-1.00,404,model_not_found,false,
candidateA_disconnect,2026-09-13T18:57:35.489918+08:00,2,false,3.91,-1.00,404,model_not_found,false,
candidateA_disconnect,2026-09-13T18:57:35.640592+08:00,1,false,1.26,-1.00,404,model_not_found,false,
candidateA_disconnect,2026-09-13T18:57:35.640438+08:00,0,false,1.47,-1.00,404,model_not_found,false,
candidateA_disconnect,2026-09-13T18:57:35.640438+08:00,2,true,1.78,-1.00,404,model_not_found,false,
candidateA_disconnect,2026-09-13T18:57:35.791013+08:00,0,false,0.74,-1.00,404,model_not_found,false,
candidateA_disconnect,2026-09-13T18:57:35.790961+08:00,2,false,0.82,-1.00,404,model_not_found,false,
candidateA_disconnect,2026-09-13T18:57:35.790954+08:00,1,false,1.06,-1.00,404,model_not_found,false,
candidateA_disconnect,2026-09-13T18:57:35.942107+08:00,1,true,1.08,-1.00,404,model_not_found,false,
candidateA_disconnect,2026-09-13T18:57:35.94206+08:00,2,false,1.17,-1.00,404,model_not_found,false,
candidateA_disconnect,2026-09-13T18:57:35.942061+08:00,0,false,1.25,-1.00,404,model_not_found,false,
candidateA_disconnect,2026-09-13T18:57:36.093262+08:00,2,false,3.50,-1.00,404,model_not_found,false,
candidateA_disconnect,2026-09-13T18:57:36.093262+08:00,1,false,3.58,-1.00,404,model_not_found,false,
candidateA_disconnect,2026-09-13T18:57:36.09342+08:00,0,false,3.35,-1.00,404,model_not_found,false,
candidateA_disconnect,2026-09-13T18:57:36.247723+08:00,1,false,5.80,-1.00,404,model_not_found,false,
candidateA_disconnect,2026-09-13T18:57:36.24838+08:00,2,true,5.16,-1.00,404,model_not_found,false,
candidateA_disconnect,2026-09-13T18:57:36.248279+08:00,0,false,5.26,-1.00,404,model_not_found,false,
candidateA_disconnect,2026-09-13T18:57:36.399035+08:00,0,false,1.79,-1.00,404,model_not_found,false,
candidateA_disconnect,2026-09-13T18:57:36.399735+08:00,2,false,1.31,-1.00,404,model_not_found,false,
candidateA_disconnect,2026-09-13T18:57:36.399609+08:00,1,true,1.60,-1.00,404,model_not_found,false,
candidateA_disconnect,2026-09-13T18:57:36.550983+08:00,1,false,4.18,-1.00,404,model_not_found,false,
candidateA_disconnect,2026-09-13T18:57:36.550235+08:00,2,false,4.93,-1.00,404,model_not_found,false,
candidateA_disconnect,2026-09-13T18:57:36.550877+08:00,0,false,4.36,-1.00,404,model_not_found,false,
candidateA_disconnect,2026-09-13T18:57:36.701251+08:00,0,false,1.72,-1.00,404,model_not_found,false,
candidateA_disconnect,2026-09-13T18:57:36.701405+08:00,1,true,1.63,-1.00,404,model_not_found,false,
candidateA_disconnect,2026-09-13T18:57:36.701524+08:00,2,true,1.67,-1.00,404,model_not_found,false,
candidateA_disconnect,2026-09-13T18:57:36.853006+08:00,1,true,2.54,-1.00,404,model_not_found,false,
candidateA_disconnect,2026-09-13T18:57:36.852896+08:00,0,false,2.72,-1.00,404,model_not_found,false,
candidateA_disconnect,2026-09-13T18:57:36.852896+08:00,2,true,2.84,-1.00,404,model_not_found,false,
candidateA_disconnect,2026-09-13T18:57:37.003526+08:00,1,false,1.40,-1.00,404,model_not_found,false,
candidateA_disconnect,2026-09-13T18:57:37.003661+08:00,0,true,1.35,-1.00,404,model_not_found,false,
candidateA_disconnect,2026-09-13T18:57:37.003746+08:00,2,false,1.70,-1.00,404,model_not_found,false,
candidateA_disconnect,2026-09-13T18:57:37.154736+08:00,0,true,3.05,-1.00,404,model_not_found,false,
candidateA_disconnect,2026-09-13T18:57:37.154827+08:00,1,false,3.04,-1.00,404,model_not_found,false,
candidateA_disconnect,2026-09-13T18:57:37.154735+08:00,2,false,3.54,-1.00,404,model_not_found,false,
candidateA_disconnect,2026-09-13T18:57:37.305755+08:00,1,false,0.73,-1.00,404,model_not_found,false,
candidateA_disconnect,2026-09-13T18:57:37.305826+08:00,2,true,0.74,-1.00,404,model_not_found,false,
candidateA_disconnect,2026-09-13T18:57:37.305785+08:00,0,false,1.22,-1.00,404,model_not_found,false,
candidateA_disconnect,2026-09-13T18:57:37.456645+08:00,1,false,4775.58,-1.00,200,,true,
candidateA_disconnect,2026-09-13T18:57:37.456645+08:00,2,false,5626.01,-1.00,200,,true,
candidateA_disconnect,2026-09-13T18:57:37.456691+08:00,0,false,6464.72,-1.00,200,,true,
candidateA_disconnect,2026-09-13T18:57:42.232438+08:00,1,true,2405.60,1797.40,200,,true,
candidateA_disconnect,2026-09-13T18:57:43.082857+08:00,2,false,2301.18,-1.00,200,,true,
candidateA_disconnect,2026-09-13T18:57:43.921647+08:00,0,true,2188.80,1571.34,200,,true,
candidateA_disconnect,2026-09-13T18:57:44.638156+08:00,1,true,2086.30,1580.85,200,,true,
candidateA_disconnect,2026-09-13T18:57:45.384135+08:00,2,true,2030.81,1447.08,200,,true,
candidateA_disconnect,2026-09-13T18:57:46.110545+08:00,0,false,2018.36,-1.00,200,,true,
candidateA_disconnect,2026-09-13T18:57:46.724555+08:00,1,false,2013.20,-1.00,200,,true,
candidateA_disconnect,2026-09-13T18:57:47.415042+08:00,2,false,2022.77,-1.00,200,,true,
candidateA_disconnect,2026-09-13T18:57:48.128997+08:00,0,false,2105.03,-1.00,200,,true,
candidateA_disconnect,2026-09-13T18:57:48.737909+08:00,1,false,2245.28,-1.00,200,,true,
candidateA_disconnect,2026-09-13T18:57:49.437912+08:00,2,false,2297.70,-1.00,200,,true,
candidateA_disconnect,2026-09-13T18:57:50.234129+08:00,0,false,2251.25,-1.00,200,,true,
candidateA_disconnect,2026-09-13T18:57:50.983286+08:00,1,true,2111.39,1607.64,200,,true,
candidateA_disconnect,2026-09-13T18:57:51.73571+08:00,2,true,2052.91,1465.97,200,,true,
candidateA_disconnect,2026-09-13T18:57:52.485476+08:00,0,false,2041.53,-1.00,200,,true,
candidateA_disconnect,2026-09-13T18:57:53.094776+08:00,1,true,2086.06,1543.87,200,,true,
candidateA_disconnect,2026-09-13T18:57:53.788713+08:00,2,true,2187.26,1502.69,200,,true,
candidateA_disconnect,2026-09-13T18:57:54.527102+08:00,0,false,2062.78,-1.00,200,,true,
candidateA_disconnect,2026-09-13T18:57:55.180929+08:00,1,true,2060.95,1517.75,200,,true,
candidateA_disconnect,2026-09-13T18:57:55.976072+08:00,2,true,2062.78,1377.21,200,,true,
candidateA_disconnect,2026-09-13T18:57:56.589988+08:00,0,false,2147.71,-1.00,200,,true,
candidateA_disconnect,2026-09-13T18:57:57.241984+08:00,1,true,2109.71,1601.58,200,,true,
candidateA_disconnect,2026-09-13T18:57:58.038943+08:00,2,false,2119.31,-1.00,200,,true,
candidateA_disconnect,2026-09-13T18:57:58.737803+08:00,0,true,2176.29,1527.59,200,,true,
candidateA_disconnect,2026-09-13T18:57:59.351807+08:00,1,false,2215.27,-1.00,200,,true,
candidateA_disconnect,2026-09-13T18:58:00.15835+08:00,2,false,2220.43,-1.00,200,,true,
candidateA_disconnect,2026-09-13T18:58:00.914198+08:00,0,false,2197.41,-1.00,200,,true,
candidateA_disconnect,2026-09-13T18:58:01.567177+08:00,1,false,2207.10,-1.00,200,,true,
candidateA_disconnect,2026-09-13T18:58:02.378873+08:00,2,false,2199.27,-1.00,200,,true,
candidateA_disconnect,2026-09-13T18:58:03.111714+08:00,0,true,2207.52,1569.69,200,,true,
candidateA_disconnect,2026-09-13T18:58:03.774378+08:00,1,false,2216.08,-1.00,200,,true,
candidateA_disconnect,2026-09-13T18:58:04.578256+08:00,2,false,2295.60,-1.00,200,,true,
candidateA_disconnect,2026-09-13T18:58:05.319345+08:00,0,false,2325.15,-1.00,200,,true,
candidateA_disconnect,2026-09-13T18:58:05.99056+08:00,1,true,2286.89,1760.51,200,,true,
candidateA_disconnect,2026-09-13T18:58:06.873965+08:00,2,true,2195.04,1511.76,200,,true,
candidateA_disconnect,2026-09-13T18:58:07.644604+08:00,0,true,2077.13,1533.92,200,,true,
candidateA_disconnect,2026-09-13T18:58:08.277562+08:00,1,false,2140.88,-1.00,200,,true,
candidateA_disconnect,2026-09-13T18:58:09.069113+08:00,2,false,2115.97,-1.00,200,,true,
candidateA_disconnect,2026-09-13T18:58:09.721832+08:00,0,true,2113.49,1569.10,200,,true,
candidateA_disconnect,2026-09-13T18:58:10.418539+08:00,1,true,2046.48,1522.23,200,,true,
candidateA_disconnect,2026-09-13T18:58:11.185185+08:00,2,true,1992.79,1387.04,200,,true,
candidateA_disconnect,2026-09-13T18:58:11.83543+08:00,0,false,2024.72,-1.00,200,,true,
candidateA_disconnect,2026-09-13T18:58:12.465117+08:00,1,true,2137.40,1503.21,200,,true,
candidateA_disconnect,2026-09-13T18:58:13.17807+08:00,2,false,2114.95,-1.00,200,,true,
candidateA_disconnect,2026-09-13T18:58:13.860241+08:00,0,false,2127.13,-1.00,200,,true,
candidateA_disconnect,2026-09-13T18:58:14.602613+08:00,1,true,2086.85,1489.78,200,,true,
candidateA_disconnect,2026-09-13T18:58:15.293124+08:00,2,false,2158.95,-1.00,200,,true,
candidateA_disconnect,2026-09-13T18:58:15.987474+08:00,0,true,2186.91,1569.12,200,,true,
candidateA_disconnect,2026-09-13T18:58:16.689554+08:00,1,false,2118.48,-1.00,200,,true,
candidateA_disconnect,2026-09-13T18:58:17.45221+08:00,2,false,2117.21,-1.00,200,,true,
candidateA_disconnect,2026-09-13T18:58:18.174633+08:00,0,true,2116.86,1501.12,200,,true,
candidateA_disconnect,2026-09-13T18:58:18.808134+08:00,1,false,2140.32,-1.00,200,,true,
candidateA_disconnect,2026-09-13T18:58:19.56952+08:00,2,true,2172.14,1488.39,200,,true,
candidateA_disconnect,2026-09-13T18:58:20.291586+08:00,0,false,2150.08,-1.00,200,,true,
candidateA_disconnect,2026-09-13T18:58:20.948552+08:00,1,false,2150.10,-1.00,200,,true,
candidateA_disconnect,2026-09-13T18:58:21.74176+08:00,2,true,2173.48,1464.37,200,,true,
candidateA_disconnect,2026-09-13T18:58:22.441765+08:00,0,false,2217.84,-1.00,200,,true,
candidateA_disconnect,2026-09-13T18:58:23.098752+08:00,1,false,2254.83,-1.00,200,,true,
candidateA_disconnect,2026-09-13T18:58:23.915347+08:00,2,true,2228.66,1543.90,200,,true,
candidateA_disconnect,2026-09-13T18:58:24.6597+08:00,0,true,2258.54,1595.09,200,,true,
candidateA_disconnect,2026-09-13T18:58:25.35369+08:00,1,false,2210.16,-1.00,200,,true,
candidateA_disconnect,2026-09-13T18:58:26.144107+08:00,2,false,2144.74,-1.00,200,,true,
candidateA_disconnect,2026-09-13T18:58:26.918343+08:00,0,false,2129.98,-1.00,200,,true,
candidateA_disconnect,2026-09-13T18:58:27.563934+08:00,1,false,2152.34,-1.00,200,,true,
candidateA_disconnect,2026-09-13T18:58:28.288923+08:00,2,false,2193.11,-1.00,200,,true,
candidateA_disconnect,2026-09-13T18:58:29.048422+08:00,0,true,2167.70,1537.82,200,,true,
candidateA_disconnect,2026-09-13T18:58:29.716367+08:00,1,false,2150.83,-1.00,200,,true,
candidateA_disconnect,2026-09-13T18:58:30.482125+08:00,2,true,2171.38,1491.32,200,,true,
candidateA_disconnect,2026-09-13T18:58:31.216201+08:00,0,false,2088.49,-1.00,200,,true,
candidateA_disconnect,2026-09-13T18:58:31.86731+08:00,1,false,2087.29,-1.00,200,,true,
candidateA_disconnect,2026-09-13T18:58:32.653585+08:00,2,false,2074.06,-1.00,200,,true,
candidateA_disconnect,2026-09-13T18:58:33.304786+08:00,0,false,1823.83,-1.00,200,,true,
candidateA_disconnect,2026-09-13T18:58:33.954691+08:00,1,false,1867.87,-1.00,200,,true,
candidateA_disconnect,2026-09-13T18:58:34.72775+08:00,2,true,1793.86,1201.48,200,,true,
candidateA_disconnect,2026-09-13T18:58:35.128705+08:00,0,true,2217.86,1499.15,200,,true,
candidateA_disconnect,2026-09-13T18:58:35.822649+08:00,1,true,2171.30,1632.29,200,,true,
candidateA_disconnect,2026-09-13T18:58:36.521695+08:00,2,false,2240.27,-1.00,200,,true,
candidateA_disconnect,2026-09-13T18:58:37.346664+08:00,0,false,2108.56,-1.00,200,,true,
candidateA_disconnect,2026-09-13T18:58:37.994053+08:00,1,true,2104.75,1566.56,200,,true,
candidateA_disconnect,2026-09-13T18:58:38.762066+08:00,2,true,2118.81,1443.55,200,,true,
candidateA_disconnect,2026-09-13T18:58:39.455325+08:00,0,true,2139.23,1534.65,200,,true,
candidateA_disconnect,2026-09-13T18:58:40.098895+08:00,1,true,2142.84,1602.58,200,,true,
candidateA_disconnect,2026-09-13T18:58:40.88097+08:00,2,true,2202.15,1468.02,200,,true,
candidateA_disconnect,2026-09-13T18:58:41.59466+08:00,0,false,2233.08,-1.00,200,,true,
candidateA_disconnect,2026-09-13T18:58:42.24188+08:00,1,false,2234.17,-1.00,200,,true,
candidateA_disconnect,2026-09-13T18:58:43.083216+08:00,2,true,2185.28,1500.67,200,,true,
candidateA_disconnect,2026-09-13T18:58:43.827847+08:00,0,true,2188.51,1546.93,200,,true,
candidateA_disconnect,2026-09-13T18:58:44.476155+08:00,1,false,2214.82,-1.00,200,,true,
candidateA_disconnect,2026-09-13T18:58:45.268593+08:00,2,true,2205.93,1529.13,200,,true,
candidateA_disconnect,2026-09-13T18:58:46.016453+08:00,0,false,2306.69,-1.00,200,,true,
candidateA_disconnect,2026-09-13T18:58:46.691075+08:00,1,false,2278.21,-1.00,200,,true,
candidateA_disconnect,2026-09-13T18:58:47.47463+08:00,2,false,2402.55,-1.00,200,,true,
candidateA_disconnect,2026-09-13T18:58:48.323254+08:00,0,false,2364.07,-1.00,200,,true,
candidateA_disconnect,2026-09-13T18:58:48.969383+08:00,1,false,2373.98,-1.00,200,,true,
candidateA_disconnect,2026-09-13T18:58:49.877283+08:00,2,false,2207.08,-1.00,200,,true,
candidateA_disconnect,2026-09-13T18:58:50.68743+08:00,0,false,2102.63,-1.00,200,,true,
candidateA_disconnect,2026-09-13T18:58:51.343478+08:00,1,true,2099.89,1553.37,200,,true,
candidateA_disconnect,2026-09-13T18:58:52.084462+08:00,2,true,2172.52,1465.69,200,,true,
candidateA_disconnect,2026-09-13T18:58:52.790161+08:00,0,false,2200.64,-1.00,200,,true,
candidateA_disconnect,2026-09-13T18:58:53.443467+08:00,1,true,2225.86,1654.34,200,,true,
candidateA_disconnect,2026-09-13T18:58:54.257086+08:00,2,false,2173.96,-1.00,200,,true,
candidateA_disconnect,2026-09-13T18:58:54.990907+08:00,0,false,2209.83,-1.00,200,,true,
candidateA_disconnect,2026-09-13T18:58:55.669435+08:00,1,false,2165.49,-1.00,200,,true,
candidateA_disconnect,2026-09-13T18:58:56.431138+08:00,2,true,2144.12,1510.38,200,,true,
candidateA_disconnect,2026-09-13T18:58:57.200835+08:00,0,true,2049.88,1482.72,200,,true,
candidateA_disconnect,2026-09-13T18:58:57.83502+08:00,1,false,2063.40,-1.00,200,,true,
candidateA_disconnect,2026-09-13T18:58:58.575359+08:00,2,true,2025.60,1430.54,200,,true,
candidateA_disconnect,2026-09-13T18:58:59.250832+08:00,0,true,2091.92,1456.52,200,,true,
candidateA_disconnect,2026-09-13T18:58:59.898519+08:00,1,false,2162.94,-1.00,200,,true,
candidateA_disconnect,2026-09-13T18:59:00.601051+08:00,2,false,2154.19,-1.00,200,,true,
candidateA_disconnect,2026-09-13T18:59:01.34285+08:00,0,false,2203.83,-1.00,200,,true,
candidateA_disconnect,2026-09-13T18:59:02.06156+08:00,1,false,2121.03,-1.00,200,,true,
candidateA_disconnect,2026-09-13T18:59:02.75534+08:00,2,false,2149.22,-1.00,200,,true,
candidateA_disconnect,2026-09-13T18:59:03.546906+08:00,0,true,1989.69,1465.69,200,,true,
candidateA_disconnect,2026-09-13T18:59:04.182681+08:00,1,false,1971.86,-1.00,200,,true,
candidateA_disconnect,2026-09-13T18:59:04.904662+08:00,2,false,1986.42,-1.00,200,,true,
candidateA_disconnect,2026-09-13T18:59:05.536696+08:00,0,false,2148.59,-1.00,200,,true,
candidateA_disconnect,2026-09-13T18:59:06.154631+08:00,1,false,2175.15,-1.00,200,,true,
candidateA_disconnect,2026-09-13T18:59:06.891167+08:00,2,false,2248.82,-1.00,200,,true,
candidateA_disconnect,2026-09-13T18:59:07.68538+08:00,0,false,2192.91,-1.00,200,,true,
candidateA_disconnect,2026-09-13T18:59:08.329877+08:00,1,true,2247.35,1655.55,200,,true,
candidateA_disconnect,2026-09-13T18:59:09.140092+08:00,2,false,2128.31,-1.00,200,,true,
candidateA_disconnect,2026-09-13T18:59:09.878395+08:00,0,false,2090.29,-1.00,200,,true,
candidateA_disconnect,2026-09-13T18:59:10.577325+08:00,1,true,2067.23,1498.13,200,,true,
candidateA_disconnect,2026-09-13T18:59:11.268497+08:00,2,true,2081.58,1486.82,200,,true,
candidateA_disconnect,2026-09-13T18:59:11.968791+08:00,0,true,2036.54,1487.20,200,,true,
candidateA_disconnect,2026-09-13T18:59:12.644648+08:00,1,true,2026.05,1466.26,200,,true,
candidateA_disconnect,2026-09-13T18:59:13.350175+08:00,2,false,2013.17,-1.00,200,,true,
candidateA_disconnect,2026-09-13T18:59:14.005439+08:00,0,false,2054.97,-1.00,200,,true,
candidateA_disconnect,2026-09-13T18:59:14.6708+08:00,1,false,2047.00,-1.00,200,,true,
candidateA_disconnect,2026-09-13T18:59:15.36344+08:00,2,true,2096.06,1460.52,200,,true,
candidateA_disconnect,2026-09-13T18:59:16.060502+08:00,0,false,2078.13,-1.00,200,,true,
candidateA_disconnect,2026-09-13T18:59:16.717888+08:00,1,false,2068.27,-1.00,200,,true,
candidateA_disconnect,2026-09-13T18:59:17.459597+08:00,2,false,2093.57,-1.00,200,,true,
candidateA_disconnect,2026-09-13T18:59:18.138737+08:00,0,false,2072.81,-1.00,200,,true,
candidateA_disconnect,2026-09-13T18:59:18.786249+08:00,1,false,2121.44,-1.00,200,,true,
candidateA_disconnect,2026-09-13T18:59:19.553264+08:00,2,true,2193.89,1464.90,200,,true,
candidateA_disconnect,2026-09-13T18:59:20.211647+08:00,0,false,2194.45,-1.00,200,,true,
candidateA_disconnect,2026-09-13T18:59:20.907794+08:00,1,false,2196.62,-1.00,200,,true,
candidateA_disconnect,2026-09-13T18:59:21.747255+08:00,2,false,2098.31,-1.00,200,,true,
candidateA_disconnect,2026-09-13T18:59:22.406201+08:00,0,true,2094.79,1549.33,200,,true,
candidateA_disconnect,2026-09-13T18:59:23.104516+08:00,1,false,2054.35,-1.00,200,,true,
candidateA_disconnect,2026-09-13T18:59:23.845684+08:00,2,true,2051.08,1419.58,200,,true,
candidateA_disconnect,2026-09-13T18:59:24.501094+08:00,0,false,2183.50,-1.00,200,,true,
candidateA_disconnect,2026-09-13T18:59:25.158976+08:00,1,false,2158.35,-1.00,200,,true,
candidateA_disconnect,2026-09-13T18:59:25.896855+08:00,2,false,2221.33,-1.00,200,,true,
candidateA_disconnect,2026-09-13T18:59:26.68469+08:00,0,false,2264.23,-1.00,200,,true,
